po_id,supplier_id,product_id,order_date,promised_date,quantity_ordered,unit_purchase_price,status
PO0000001,SUP-11,6351542,2022-03-09,2022-04-13,32,14.46,received
PO0000002,SUP-11,7814384,2022-03-09,2022-04-13,102,30.14,received
PO0000003,SUP-11,7826018,2022-03-09,2022-04-13,29,5.5,received
PO0000004,SUP-11,1383693,2022-03-10,2022-04-14,73,17.55,received
PO0000005,SUP-11,2317989,2022-03-10,2022-04-14,28,24.27,received
PO0000006,SUP-11,4720552,2022-03-10,2022-04-14,90,7.69,received
PO0000007,SUP-11,8758486,2022-03-10,2022-04-14,52,35.15,received
PO0000008,SUP-11,9075437,2022-03-10,2022-04-14,69,11.96,received
PO0000009,SUP-11,1029072,2022-03-11,2022-04-15,65,23.1,received
PO0000010,SUP-11,6693651,2022-03-11,2022-04-15,82,13.5,received
PO0000011,SUP-11,9800243,2022-03-12,2022-04-16,219,36.05,received
PO0000012,SUP-11,2377662,2022-03-13,2022-04-17,53,46.56,received
PO0000013,SUP-11,4958034,2022-03-13,2022-04-17,28,17.09,received
PO0000014,SUP-11,7310073,2022-03-13,2022-04-17,29,38.63,received
PO0000015,SUP-11,8218381,2022-03-13,2022-04-17,34,13.83,received
PO0000016,SUP-11,8795573,2022-03-13,2022-04-17,169,12.6,received
PO0000017,SUP-11,9739117,2022-03-13,2022-04-17,57,19.43,received
PO0000018,SUP-11,6960004,2022-03-14,2022-04-18,71,16.93,received
PO0000019,SUP-11,7047405,2022-03-14,2022-04-18,39,12.14,received
PO0000020,SUP-08,1038403,2022-03-15,2022-04-09,23,25.27,received
PO0000021,SUP-09,1204442,2022-03-15,2022-04-12,32,50.7,received
PO0000022,SUP-06,1522015,2022-03-15,2022-04-05,81,57.66,short_received
PO0000023,SUP-08,1640473,2022-03-15,2022-04-09,39,12.03,received
PO0000024,SUP-07,1854723,2022-03-15,2022-04-05,48,22.71,received
PO0000025,SUP-06,3166872,2022-03-15,2022-04-05,39,16.74,received
PO0000026,SUP-10,4123600,2022-03-15,2022-04-14,97,69.31,received
PO0000027,SUP-10,5781989,2022-03-15,2022-04-14,36,36.68,received
PO0000028,SUP-10,6380274,2022-03-15,2022-04-14,103,89.68,received
PO0000029,SUP-07,6529231,2022-03-15,2022-04-05,48,12.48,received
PO0000030,SUP-10,7106580,2022-03-15,2022-04-14,23,14.56,received
PO0000031,SUP-09,7279985,2022-03-15,2022-04-12,36,53.54,received
PO0000032,SUP-09,7954298,2022-03-15,2022-04-12,26,32.44,received
PO0000033,SUP-07,8832573,2022-03-15,2022-04-05,36,39.43,received
PO0000034,SUP-10,9040237,2022-03-15,2022-04-14,65,55.03,short_received
PO0000035,SUP-10,6543834,2022-03-16,2022-04-15,30,5.52,received
PO0000036,SUP-06,9110019,2022-03-16,2022-04-06,45,16.86,received
PO0000037,SUP-11,9111330,2022-03-16,2022-04-20,24,77.01,received
PO0000038,SUP-09,9315482,2022-03-16,2022-04-13,48,27.76,received
PO0000039,SUP-09,6520765,2022-03-17,2022-04-14,26,30.13,received
PO0000040,SUP-08,7567958,2022-03-17,2022-04-11,102,43.77,received
PO0000041,SUP-09,9319849,2022-03-18,2022-04-15,385,80.85,short_received
PO0000042,SUP-06,3006131,2022-03-19,2022-04-09,23,61.45,received
PO0000043,SUP-10,4708009,2022-03-19,2022-04-18,33,45.54,received
PO0000044,SUP-09,5599030,2022-03-19,2022-04-16,36,8.93,received
PO0000045,SUP-09,5847380,2022-03-19,2022-04-16,56,19.7,received
PO0000046,SUP-11,8004216,2022-03-19,2022-04-23,28,15.71,received
PO0000047,SUP-10,9198161,2022-03-19,2022-04-18,26,62.71,received
PO0000048,SUP-10,9841830,2022-03-19,2022-04-18,286,5.34,received
PO0000049,SUP-09,1385609,2022-03-20,2022-04-17,34,54.0,received
PO0000050,SUP-08,2292183,2022-03-20,2022-04-14,53,5.49,received
PO0000051,SUP-06,3330012,2022-03-20,2022-04-10,34,9.17,received
PO0000052,SUP-05,3676700,2022-03-20,2022-04-07,141,26.0,received
PO0000053,SUP-09,4076320,2022-03-20,2022-04-17,27,5.17,received
PO0000054,SUP-08,6245368,2022-03-20,2022-04-14,108,10.96,received
PO0000055,SUP-08,7429245,2022-03-20,2022-04-14,65,7.24,received
PO0000056,SUP-05,8800984,2022-03-20,2022-04-07,84,7.74,received
PO0000057,SUP-06,1367097,2022-03-21,2022-04-11,35,23.42,received
PO0000058,SUP-09,4143393,2022-03-21,2022-04-18,60,99.32,short_received
PO0000059,SUP-11,4200826,2022-03-21,2022-04-25,24,10.27,received
PO0000060,SUP-07,4663963,2022-03-21,2022-04-11,66,14.49,received
PO0000061,SUP-05,6280890,2022-03-21,2022-04-08,44,11.81,received
PO0000062,SUP-07,7275086,2022-03-21,2022-04-11,105,27.34,received
PO0000063,SUP-07,7390450,2022-03-21,2022-04-11,98,17.48,received
PO0000064,SUP-09,7941277,2022-03-21,2022-04-18,28,18.72,received
PO0000065,SUP-09,2704704,2022-03-22,2022-04-19,70,52.14,received
PO0000066,SUP-08,4705110,2022-03-22,2022-04-16,108,9.87,received
PO0000067,SUP-07,5599767,2022-03-22,2022-04-12,66,6.01,received
PO0000068,SUP-09,5852256,2022-03-22,2022-04-19,38,18.84,received
PO0000069,SUP-07,6362414,2022-03-22,2022-04-12,149,9.81,received
PO0000070,SUP-06,1111123,2022-03-23,2022-04-13,38,19.33,received
PO0000071,SUP-08,1959257,2022-03-23,2022-04-17,28,7.21,received
PO0000072,SUP-11,2804964,2022-03-23,2022-04-27,32,15.86,received
PO0000073,SUP-06,4356662,2022-03-23,2022-04-13,26,106.48,received
PO0000074,SUP-06,7729308,2022-03-23,2022-04-13,214,17.93,received
PO0000075,SUP-10,8488816,2022-03-23,2022-04-22,36,27.03,short_received
PO0000076,SUP-07,1072276,2022-03-24,2022-04-14,29,20.41,received
PO0000077,SUP-07,3289377,2022-03-24,2022-04-14,45,31.06,received
PO0000078,SUP-08,5068008,2022-03-24,2022-04-18,97,7.94,received
PO0000079,SUP-06,5466720,2022-03-24,2022-04-14,62,46.78,received
PO0000080,SUP-07,5509792,2022-03-24,2022-04-14,31,35.98,received
PO0000081,SUP-07,8721483,2022-03-24,2022-04-14,62,14.45,received
PO0000082,SUP-07,1099410,2022-03-25,2022-04-15,236,6.5,received
PO0000083,SUP-07,3817121,2022-03-25,2022-04-15,26,33.24,received
PO0000084,SUP-05,4870730,2022-03-25,2022-04-12,39,11.09,short_received
PO0000085,SUP-06,5114384,2022-03-25,2022-04-15,227,10.33,received
PO0000086,SUP-07,5530296,2022-03-25,2022-04-15,77,12.55,received
PO0000087,SUP-06,6079235,2022-03-25,2022-04-15,193,3.78,received
PO0000088,SUP-09,6637675,2022-03-25,2022-04-22,33,16.07,received
PO0000089,SUP-08,6938043,2022-03-25,2022-04-19,35,19.68,received
PO0000090,SUP-06,6944057,2022-03-25,2022-04-15,41,20.58,received
PO0000091,SUP-10,7303637,2022-03-25,2022-04-24,35,35.11,received
PO0000092,SUP-06,1430298,2022-03-26,2022-04-16,43,60.2,received
PO0000093,SUP-09,1601049,2022-03-26,2022-04-23,25,11.8,received
PO0000094,SUP-07,3554832,2022-03-26,2022-04-16,88,26.41,received
PO0000095,SUP-07,3648094,2022-03-26,2022-04-16,32,16.93,received
PO0000096,SUP-07,3689249,2022-03-26,2022-04-16,72,16.99,received
PO0000097,SUP-06,3852546,2022-03-26,2022-04-16,97,32.47,received
PO0000098,SUP-07,4098324,2022-03-26,2022-04-16,196,8.87,received
PO0000099,SUP-05,6517467,2022-03-26,2022-04-13,113,40.65,received
PO0000100,SUP-07,7171122,2022-03-26,2022-04-16,32,28.0,received
PO0000101,SUP-7,7255659,2022-03-26,2022-04-16,41,40.54,received
PO0000102,SUP-07,7433330,2022-03-26,2022-04-16,34,6.57,received
PO0000103,SUP-07,7448961,2022-03-26,2022-04-16,88,5.2,received
PO0000104,SUP-10,7871485,2022-03-26,2022-04-25,32,8.47,received
PO0000105,SUP-06,8754194,2022-03-26,2022-04-16,162,22.97,received
PO0000106,SUP-06,9172205,2022-03-26,2022-04-16,25,7.97,received
PO0000107,SUP-05,1083413,2022-03-27,2022-04-14,71,34.24,received
PO0000108,SUP-07,1428173,2022-03-27,2022-04-17,138,50.58,received
PO0000109,SUP-08,2565553,2022-03-27,2022-04-21,40,7.12,received
PO0000110,SUP-06,3157737,2022-03-27,2022-04-17,47,39.23,received
PO0000111,SUP-05,3243048,2022-03-27,2022-04-14,569,18.78,received
PO0000112,SUP-06,6026055,2022-03-27,2022-04-17,29,23.14,received
PO0000113,SUP-06,6953807,2022-03-27,2022-04-17,61,5.77,received
PO0000114,SUP-06,7201529,2022-03-27,2022-04-17,74,34.79,received
PO0000115,SUP-08,7622260,2022-03-27,2022-04-21,24,38.44,received
PO0000116,SUP-08,8261390,2022-03-27,2022-04-21,23,75.26,received
PO0000117,SUP-06,8511889,2022-03-27,2022-04-17,42,30.29,received
PO0000118,SUP-08,8536600,2022-03-27,2022-04-21,17,8.88,short_received
PO0000119,SUP-05,8746636,2022-03-27,2022-04-14,73,27.59,received
PO0000120,SUP-06,9118832,2022-03-27,2022-04-17,161,77.4,received
PO0000121,SUP-07,9554682,2022-03-27,2022-04-17,36,46.27,received
PO0000122,SUP-07,1079923,2022-03-28,2022-04-18,63,46.64,received
PO0000123,SUP-07,2287051,2022-03-28,2022-04-18,30,9.78,received
PO0000124,SUP-06,2404737,2022-03-28,2022-04-18,35,31.09,received
PO0000125,SUP-05,4236332,2022-03-28,2022-04-15,82,$15.36,received
PO0000126,SUP-07,4365384,2022-03-28,2022-04-18,35,90.4,received
PO0000127,SUP-05,5234930,2022-03-28,2022-04-15,88,86.55,received
PO0000128,SUP-07,6695684,2022-03-28,2022-04-18,28,23.8,received
PO0000129,SUP-07,7630387,2022-03-28,2022-04-18,30,13.46,received
PO0000130,SUP-06,7949185,2022-03-28,2022-04-18,28,11.87,received
PO0000131,SUP-07,8089253,2022-03-28,2022-04-18,35,44.08,received
PO0000132,SUP-05,9036326,2022-03-28,2022-04-15,323,3.01,short_received
PO0000133,SUP-07,9248008,2022-03-28,2022-04-18,35,33.28,received
PO0000134,SUP-07,9746038,2022-03-28,2022-04-18,32,16.57,received
PO0000135,SUP-05,2337045,2022-03-29,2022-04-16,65,8.89,short_received
PO0000136,SUP-07,2738486,2022-03-29,2022-04-19,23,10.03,received
PO0000137,SUP-05,2931280,2022-03-29,2022-04-16,53,13.24,received
PO0000138,SUP-05,4648994,2022-03-29,2022-04-16,52,9.84,received
PO0000139,SUP-06,5425967,2022-03-29,2022-04-19,36,43.97,received
PO0000140,SUP-05,7427053,2022-03-29,2022-04-16,37,27.54,received
PO0000141,SUP-06,9355705,2022-03-29,2022-04-19,29,39.38,received
PO0000142,SUP-05,1080071,2022-03-30,2022-04-17,36,17.54,received
PO0000143,SUP-05,1189654,2022-03-30,2022-04-17,24,12.79,received
PO0000144,SUP-05,1910407,2022-03-30,2022-04-17,28,30.15,received
PO0000145,SUP-07,2645378,2022-03-30,2022-04-20,27,3.42,received
PO0000146,SUP-05,1092786,2022-03-31,2022-04-18,29,4.25,received
PO0000147,SUP-04,4646091,2022-03-31,2022-04-14,48,29.86,received
PO0000148,SUP-03,5822751,2022-03-31,2022-04-14,83,29.37,received
PO0000149,SUP-06,6000495,2022-03-31,2022-04-21,26,22.95,received
PO0000150,SUP-03,9829417,2022-03-31,2022-04-14,464,66.6,received
PO0000151,SUP-05,1778504,2022-04-01,2022-04-19,22,29.61,received
PO0000152,SUP-03,3533080,2022-04-01,2022-04-15,31,47.04,received
PO0000153,SUP-03,4411802,2022-04-01,2022-04-15,50,23.46,received
PO0000154,SUP-03,6024870,2022-04-01,2022-04-15,50,16.41,received
PO0000155,SUP-03,6460385,2022-04-01,2022-04-15,34,53.05,received
PO0000156,SUP-02,7062170,2022-04-01,2022-04-11,25,15.42,received
PO0000157,SUP-03,3240903,2022-04-02,2022-04-16,40,28.05,received
PO0000158,SUP-04,3428363,2022-04-02,2022-04-16,196,27.01,received
PO0000159,SUP-03,3487534,2022-04-02,2022-04-16,44,10.41,received
PO0000160,SUP-12,4194454,2022-04-02,2022-04-14,286,26.33,received
PO0000161,SUP-12,4489659,2022-04-02,2022-04-14,161,27.03,received
PO0000162,SUP-12,6474782,2022-04-02,2022-04-14,47,36.97,received
PO0000163,SUP-03,6854023,2022-04-02,2022-04-16,110,59.0,received
PO0000164,SUP-03,8926382,2022-04-02,2022-04-16,25,14.26,received
PO0000165,SUP-12,9388289,2022-04-02,2022-04-14,79,33.43,received
PO0000166,SUP-02,9938113,2022-04-02,2022-04-12,32,26.92,received
PO0000167,SUP-12,3004815,2022-04-03,2022-04-15,62,29.87,received
PO0000168,SUP-03,3781033,2022-04-03,2022-04-17,44,19.58,received
PO0000169,SUP-04,5315329,2022-04-03,2022-04-17,25,17.83,received
PO0000170,SUP-12,5862621,2022-04-03,2022-04-15,125,17.67,received
PO0000171,SUP-03,6155600,2022-04-03,2022-04-17,31,18.41,received
PO0000172,SUP-03,6497266,2022-04-03,2022-04-17,106,4.14,short_received
PO0000173,SUP-12,6810241,2022-04-03,2022-04-15,93,7.42,received
PO0000174,SUP-02,7182700,2022-04-03,2022-04-13,999,44.61,received
PO0000175,SUP-12,7346335,2022-04-03,2022-04-15,48,28.93,received
PO0000176,SUP-12,7373415,2022-04-03,2022-04-15,40,13.26,received
PO0000177,SUP-12,7474821,2022-04-03,2022-04-15,25,21.1,received
PO0000178,SUP-12,7620070,2022-04-03,2022-04-15,43,29.77,received
PO0000179,SUP-02,8110966,2022-04-03,2022-04-13,35,8.42,received
PO0000180,SUP-02,8903471,2022-04-03,2022-04-13,118,9.75,received
PO0000181,SUP-03,1517547,2022-04-04,2022-04-18,47,11.04,received
PO0000182,SUP-03,1850756,2022-04-04,2022-04-18,22,20.12,received
PO0000183,SUP-12,5495706,2022-04-04,2022-04-16,21,61.68,received
PO0000184,SUP-01,5678537,2022-04-04,2022-04-11,99,61.42,received
PO0000185,SUP-12,7496477,2022-04-04,2022-04-16,25,45.73,received
PO0000186,SUP-02,8966163,2022-04-04,2022-04-14,2545,31.52,received
PO0000187,SUP-01,2154101,2022-04-05,2022-04-12,84,5.91,received
PO0000188,SUP-01,4059984,2022-04-05,2022-04-12,32,16.36,received
PO0000189,SUP-02,4123413,2022-04-05,2022-04-15,46,22.13,received
PO0000190,SUP-12,5520674,2022-04-05,2022-04-17,52,13.26,received
PO0000191,SUP-01,5908484,2022-04-05,2022-04-12,154,97.69,received
PO0000192,SUP-03,7212311,2022-04-05,2022-04-19,56,14.23,received
PO0000193,SUP-02,9351656,2022-04-05,2022-04-15,30,9.9,received
PO0000194,SUP-12,3206674,2022-04-06,2022-04-18,38,12.18,received
PO0000195,SUP-12,5027667,2022-04-06,2022-04-18,37,50.38,received
PO0000196,SUP-02,2993399,2022-04-07,2022-04-17,29,44.05,received
PO0000197,SUP-04,3124731,2022-04-07,2022-04-21,50,13.04,received
PO0000198,SUP-12,3211935,2022-04-07,2022-04-19,29,23.43,received
PO0000199,SUP-12,3301602,2022-04-07,2022-04-19,42,16.32,received
PO0000200,SUP-02,5409305,2022-04-07,2022-04-17,34,47.89,received
PO0000201,SUP-01,2527689,2022-04-08,2022-04-15,32,15.67,received
PO0000202,SUP-02,4994348,2022-04-08,2022-04-18,108,21.56,received
PO0000203,SUP-03,5186154,2022-04-08,2022-04-22,38,43.61,received
PO0000204,SUP-12,1196740,2022-04-09,2022-04-21,44,30.42,received
PO0000205,SUP-01,3583619,2022-04-09,2022-04-16,38,9.01,short_received
PO0000206,SUP-12,8016491,2022-04-09,2022-04-21,28,73.21,received
PO0000207,SUP-01,2380478,2022-04-10,2022-04-17,61,23.57,received
PO0000208,SUP-12,5092850,2022-04-10,2022-04-22,59,7.74,received
PO0000209,SUP-04,5131367,2022-04-10,2022-04-24,32,10.21,received
PO0000210,SUP-03,5212958,2022-04-10,2022-04-24,30,41.76,received
PO0000211,SUP-03,5250988,2022-04-10,2022-04-24,21,11.13,received
PO0000212,SUP-11,7047405,2022-04-10,2022-05-15,48,12.11,received
PO0000213,SUP-01,7801595,2022-04-10,2022-04-17,27,42.29,received
PO0000214,SUP-11,8004216,2022-04-10,2022-05-15,37,15.94,short_received
PO0000215,SUP-01,9065490,2022-04-10,2022-04-17,92,45.19,received
PO0000216,SUP-02,9118281,2022-04-10,2022-04-20,42,8.01,received
PO0000217,SUP-01,2299273,2022-04-11,2022-04-18,32,9.79,received
PO0000218,SUP-03,4895822,2022-04-11,2022-04-25,28,23.58,short_received
PO0000219,SUP-10,7106580,2022-04-12,2022-05-12,32,14.3,received
PO0000220,SUP-01,2731345,2022-04-13,2022-04-20,83,25.43,received
PO0000221,SUP-01,3503816,2022-04-13,2022-04-20,25,9.53,received
PO0000222,SUP-01,7180258,2022-04-13,2022-04-20,22,31.3,received
PO0000223,SUP-11,9111330,2022-04-13,2022-05-18,30,75.67,received
PO0000224,SUP-01,3318117,2022-04-15,2022-04-22,34,21.9,received
PO0000225,SUP-01,5553390,2022-04-15,2022-04-22,31,26.62,received
PO0000226,SUP-02,7946407,2022-04-16,2022-04-26,27,29.14,received
PO0000227,SUP-08,1038403,2022-04-17,2022-05-12,28,25.36,short_received
PO0000228,SUP-02,3383881,2022-04-17,2022-04-27,30,60.46,received
PO0000229,SUP-11,4200826,2022-04-17,2022-05-22,29,10.3,received
PO0000230,SUP-11,8758486,2022-04-17,2022-05-22,60,35.16,received
PO0000231,SUP-03,8838340,2022-04-17,2022-05-01,31,15.57,received
PO0000232,SUP-12,9721204,2022-04-17,2022-04-29,22,22.9,received
PO0000233,SUP-11,2804964,2022-04-19,2022-05-24,40,16.18,received
PO0000234,SUP-09,4143393,2022-04-20,2022-05-18,69,98.77,received
PO0000235,SUP-11,1383693,2022-04-21,2022-05-26,78,17.68,received
PO0000236,SUP-11,4720552,2022-04-21,2022-05-26,95,7.8,received
PO0000237,SUP-10,9040237,2022-04-21,2022-05-21,65,55.02,received
PO0000238,SUP-11,4958034,2022-04-22,2022-05-27,31,16.84,received
PO0000239,SUP-07,3648094,2022-04-23,2022-05-14,46,16.97,received
PO0000240,SUP-05,4870730,2022-04-23,2022-05-11,44,11.38,received
PO0000241,SUP-11,6351542,2022-04-23,2022-05-28,34,14.39,received
PO0000242,SUP-11,6693651,2022-04-24,2022-05-29,86,13.44,received
PO0000243,SUP-07,7171122,2022-04-24,2022-05-15,42,28.21,received
PO0000244,SUP-10,7303637,2022-04-24,2022-05-24,47,34.73,short_received
PO0000245,SUP-09,7941277,2022-04-24,2022-05-22,33,18.7,received
PO0000246,SUP-10,8488816,2022-04-24,2022-05-24,43,26.67,received
PO0000247,SUP-09,9319849,2022-04-24,2022-05-22,406,80.4,received
PO0000248,SUP-09,9939190,2022-04-24,2022-05-22,239,21.77,received
PO0000249,SUP-06,1522015,2022-04-25,2022-05-16,75,58.2,received
PO0000250,SUP-08,1959257,2022-04-25,2022-05-20,35,7.02,received
PO0000251,SUP-07,3289377,2022-04-25,2022-05-16,54,31.85,received
PO0000252,SUP-06,4356662,2022-04-25,2022-05-16,32,107.91,received
PO0000253,SUP-09,5852256,2022-04-25,2022-05-23,50,18.52,received
PO0000254,SUP-11,2377662,2022-04-26,2022-05-31,55,45.56,received
PO0000255,SUP-08,4705110,2022-04-26,2022-05-21,121,9.74,received
PO0000256,SUP-07,8089253,2022-04-26,2022-05-17,51,43.89,received
PO0000257,SUP-10,9198161,2022-04-26,2022-05-26,28,64.18,received
PO0000258,SUP-11,9800243,2022-04-26,2022-05-31,240,35.38,received
PO0000259,SUP-09,5599030,2022-04-27,2022-05-25,41,8.85,received
PO0000260,SUP-07,9248008,2022-04-27,2022-05-18,46,33.6,received
PO0000261,SUP-08,8536600,2022-04-28,2022-05-23,21,8.83,received
PO0000262,SUP-07,1356979,2022-04-29,2022-05-20,456,13.15,received
PO0000263,SUP-07,3817121,2022-04-29,2022-05-20,31,33.23,received
PO0000264,SUP-11,9739117,2022-04-29,2022-06-03,55,19.29,received
PO0000265,SUP-11,2317989,2022-04-30,2022-06-04,30,23.85,received
PO0000266,SUP-06,3157737,2022-04-30,2022-05-21,66,39.09,received
PO0000267,SUP-07,3554832,2022-04-30,2022-05-21,102,26.49,received
PO0000268,SUP-06,3852546,2022-04-30,2022-05-21,116,32.59,received
PO0000269,SUP-05,6801451,2022-04-30,2022-05-18,143,14.9,received
PO0000270,SUP-11,6960004,2022-04-30,2022-06-04,71,16.83,received
PO0000271,SUP-05,7427053,2022-04-30,2022-05-18,47,27.19,received
PO0000272,SUP-06,7729308,2022-04-30,2022-05-21,243,18.0,received
PO0000273,SUP-05,1092786,2022-05-01,2022-05-19,41,4.17,received
PO0000274,SUP-07,2287051,2022-05-01,2022-05-22,36,9.63,received
PO0000275,SUP-05,2337045,2022-05-01,2022-05-19,69,8.9,received
PO0000276,SUP-06,3006131,2022-05-01,2022-05-22,27,59.8,received
PO0000277,SUP-07,4663963,2022-05-01,2022-05-22,73,14.28,received
PO0000278,SUP-07,6362414,2022-05-01,2022-05-22,163,9.73,received
PO0000279,SUP-03,6497266,2022-05-01,2022-05-15,119,4.21,short_received
PO0000280,SUP-05,1189654,2022-05-02,2022-05-20,31,12.89,received
PO0000281,SUP-09,1385609,2022-05-02,2022-05-30,40,53.85,received
PO0000282,SUP-09,1601049,2022-05-02,2022-05-30,29,12.07,received
PO0000283,SUP-07,2645378,2022-05-02,2022-05-23,33,3.43,received
PO0000284,SUP-07,3002277,2022-05-02,2022-05-23,410,16.4,received
PO0000285,SUP-06,3166872,2022-05-02,2022-05-23,40,16.79,short_received
PO0000286,SUP-01,3583619,2022-05-02,2022-05-09,45,9.26,received
PO0000287,SUP-07,4098324,2022-05-02,2022-05-23,220,8.96,received
PO0000288,SUP-06,7201529,2022-05-02,2022-05-23,90,35.16,received
PO0000289,SUP-05,9036326,2022-05-02,2022-05-20,355,3.07,received
PO0000290,SUP-07,1099410,2022-05-03,2022-05-24,261,6.56,received
PO0000291,SUP-07,1428173,2022-05-03,2022-05-24,158,49.77,received
PO0000292,SUP-07,5599767,2022-05-03,2022-05-24,73,6.08,received
PO0000293,SUP-05,6280890,2022-05-03,2022-05-21,44,11.73,received
PO0000294,SUP-09,6520765,2022-05-03,2022-05-31,26,30.25,received
PO0000295,SUP-10,6543834,2022-05-03,2022-06-02,30,5.43,received
PO0000296,SUP-12,6810241,2022-05-03,2022-05-15,120,7.34,received
PO0000297,SUP-06,8754194,2022-05-03,2022-05-24,186,22.9,received
PO0000298,SUP-09,9315482,2022-05-03,2022-05-31,51,28.02,received
PO0000299,SUP-11,1029072,2022-05-04,2022-06-08,60,23.27,received
PO0000300,SUP-07,1072276,2022-05-04,2022-05-25,32,20.74,received
PO0000301,SUP-12,3211935,2022-05-04,2022-05-16,40,23.6,received
PO0000302,SUP-07,4365384,2022-05-04,2022-05-25,42,89.96,received
PO0000303,SUP-08,5068008,2022-05-04,2022-05-29,110,8.1,short_received
PO0000304,SUP-09,6637675,2022-05-04,2022-06-01,36,15.93,received
PO0000305,SUP-07,7448961,2022-05-04,2022-05-25,94,5.13,received
PO0000306,SUP-10,7871485,2022-05-04,2022-06-03,41,8.39,received
PO0000307,SUP-11,8795573,2022-05-04,2022-06-08,155,12.53,received
PO0000308,SUP-06,9118832,2022-05-04,2022-05-25,184,76.36,received
PO0000309,SUP-03,1850756,2022-05-05,2022-05-19,27,20.24,received
PO0000310,SUP-10,6380274,2022-05-05,2022-06-04,103,88.71,received
PO0000311,SUP-11,7814384,2022-05-05,2022-06-09,89,29.8,received
PO0000312,SUP-02,9351656,2022-05-05,2022-05-15,37,10.17,received
PO0000313,SUP-12,3206674,2022-05-06,2022-05-18,52,11.92,received
PO0000314,SUP-12,6474782,2022-05-06,2022-05-18,60,36.38,received
PO0000315,SUP-07,1079923,2022-05-07,2022-05-28,73,47.7,received
PO0000316,SUP-05,1910407,2022-05-07,2022-05-25,33,30.04,received
PO0000317,SUP-08,2565553,2022-05-07,2022-06-01,44,7.32,received
PO0000318,SUP-03,3240903,2022-05-07,2022-05-21,49,28.21,received
PO0000319,SUP-06,3330012,2022-05-07,2022-05-28,37,9.07,received
PO0000320,SUP-10,4123600,2022-05-07,2022-06-06,101,69.06,received
PO0000321,SUP-04,5315329,2022-05-07,2022-05-21,32,18.13,received
PO0000322,SUP-08,6245368,2022-05-07,2022-06-01,108,10.96,received
PO0000323,SUP-07,6695684,2022-05-07,2022-05-28,34,23.52,received
PO0000324,SUP-08,7622260,2022-05-07,2022-06-01,28,38.56,received
PO0000325,SUP-01,2154101,2022-05-08,2022-05-15,101,6.06,received
PO0000326,SUP-08,2292183,2022-05-08,2022-06-02,52,5.57,received
PO0000327,SUP-05,3243048,2022-05-08,2022-05-26,593,19.02,received
PO0000328,SUP-03,3781033,2022-05-08,2022-05-22,53,19.72,received
PO0000329,SUP-12,4194454,2022-05-08,2022-05-20,325,26.13,received
PO0000330,SUP-08,7429245,2022-05-08,2022-06-02,61,7.29,received
PO0000331,SUP-05,2931280,2022-05-09,2022-05-27,59,13.02,received
PO0000332,SUP-06,5114384,2022-05-09,2022-05-30,226,10.17,received
PO0000333,SUP-06,5466720,2022-05-09,2022-05-30,63,46.79,received
PO0000334,SUP-12,5495706,2022-05-09,2022-05-21,24,61.57,received
PO0000335,SUP-06,6026055,2022-05-09,2022-05-30,32,23.33,received
PO0000336,SUP-09,7279985,2022-05-09,2022-06-06,33,53.56,received
PO0000337,SUP-11,7864641,2022-05-09,2022-06-13,345,6.63,received
PO0000338,SUP-06,9110019,2022-05-09,2022-05-30,43,16.88,received
PO0000339,SUP-05,1778504,2022-05-10,2022-05-28,32,29.13,received
PO0000340,SUP-10,5781989,2022-05-10,2022-06-09,31,36.4,received
PO0000341,SUP-07,7255659,2022-05-10,2022-05-31,43,40.97,received
PO0000342,SUP-05,8746636,2022-05-10,2022-05-28,77,28.05,received
PO0000343,SUP-05,8800984,2022-05-10,2022-05-28,79,7.66,short_received
PO0000344,SUP-10,9841830,2022-05-10,2022-06-09,297,5.36,short_received
PO0000345,SUP-03,3487534,2022-05-11,2022-05-25,49,10.39,received
PO0000346,SUP-12,5027667,2022-05-11,2022-05-23,45,50.2,received
PO0000347,SUP-12,5862621,2022-05-11,2022-05-23,143,18.12,received
PO0000348,SUP-12,7496477,2022-05-11,2022-05-23,29,45.94,received
PO0000349,SUP-11,9075437,2022-05-11,2022-06-15,60,11.83,received
PO0000350,SUP-12,9721204,2022-05-11,2022-05-23,29,22.61,received
PO0000351,SUP-06,1430298,2022-05-12,2022-06-02,47,60.6,received
PO0000352,SUP-09,2704704,2022-05-12,2022-06-09,67,52.2,received
PO0000353,SUP-04,4646091,2022-05-12,2022-05-26,53,29.46,received
PO0000354,SUP-01,5678537,2022-05-12,2022-05-19,118,61.39,received
PO0000355,SUP-09,7954298,2022-05-12,2022-06-09,24,32.54,received
PO0000356,SUP-12,8016491,2022-05-12,2022-05-24,38,$73.4,received
PO0000357,SUP-08,1038403,2022-05-13,2022-06-07,32,25.22,received
PO0000358,SUP-01,2731345,2022-05-13,2022-05-20,112,25.15,received
PO0000359,SUP-09,4076320,2022-05-13,2022-06-10,28,5.16,received
PO0000360,SUP-03,4895822,2022-05-13,2022-05-27,31,23.59,received
PO0000361,SUP-04,5131367,2022-05-13,2022-05-27,39,10.28,received
PO0000362,SUP-06,6000495,2022-05-13,2022-06-03,29,23.09,received
PO0000363,SUP-04,6338037,2022-05-13,2022-05-27,350,17.4,received
PO0000364,SUP-02,7182700,2022-05-13,2022-05-23,1088,44.86,received
PO0000365,SUP-11,7826018,2022-05-13,2022-06-17,25,5.49,received
PO0000366,SUP-07,8832573,2022-05-13,2022-06-03,32,39.25,received
PO0000367,SUP-02,8903471,2022-05-13,2022-05-23,130,9.79,received
PO0000368,SUP-04,3428363,2022-05-14,2022-05-28,204,26.86,received
PO0000369,SUP-07,3689249,2022-05-14,2022-06-04,67,16.87,received
PO0000370,SUP-05,4236332,2022-05-14,2022-06-01,82,15.19,received
PO0000371,SUP-07,5530296,2022-05-14,2022-06-04,71,12.6,received
PO0000372,SUP-03,7212311,2022-05-14,2022-05-28,62,14.21,received
PO0000373,SUP-07,7390450,2022-05-14,2022-06-04,92,17.55,received
PO0000374,SUP-12,7620070,2022-05-14,2022-05-26,46,30.55,received
PO0000375,SUP-01,7801595,2022-05-14,2022-05-21,31,42.01,received
PO0000376,SUP-03,9829417,2022-05-14,2022-05-28,512,65.53,received
PO0000377,SUP-05,1083413,2022-05-15,2022-06-02,69,33.78,short_received
PO0000378,SUP-01,2299273,2022-05-15,2022-05-22,38,9.78,received
PO0000379,SUP-07,2738486,2022-05-15,2022-06-05,24,9.86,received
PO0000380,SUP-03,6024870,2022-05-15,2022-05-29,62,16.03,received
PO0000381,SUP-06,6079235,2022-05-15,2022-06-05,217,3.71,received
PO0000382,SUP-03,6854023,2022-05-15,2022-05-29,119,59.23,received
PO0000383,SUP-08,7567958,2022-05-15,2022-06-09,87,42.74,received
PO0000384,SUP-06,9172205,2022-05-15,2022-06-05,26,7.91,short_received
PO0000385,SUP-12,3004815,2022-05-16,2022-05-28,65,30.61,received
PO0000386,SUP-04,3124731,2022-05-16,2022-05-30,56,13.17,received
PO0000387,SUP-12,3301602,2022-05-16,2022-05-28,44,16.14,received
PO0000388,SUP-12,4489659,2022-05-16,2022-05-28,163,26.9,received
PO0000389,SUP-05,5234930,2022-05-16,2022-06-03,84,87.1,received
PO0000390,SUP-01,5908484,2022-05-16,2022-05-23,167,97.7,received
PO0000391,SUP-12,7346335,2022-05-16,2022-05-28,54,28.98,received
PO0000392,SUP-02,8966163,2022-05-16,2022-05-26,2693,31.08,received
PO0000393,SUP-11,9111330,2022-05-16,2022-06-20,40,76.36,received
PO0000394,SUP-06,5425967,2022-05-17,2022-06-07,36,43.94,received
PO0000395,SUP-07,6529231,2022-05-17,2022-06-07,40,12.39,received
PO0000396,SUP-11,7310073,2022-05-17,2022-06-21,24,38.35,received
PO0000397,SUP-03,3533080,2022-05-18,2022-06-01,33,47.05,short_received
PO0000398,SUP-09,1204442,2022-05-19,2022-06-16,28,51.01,received
PO0000399,SUP-05,4648994,2022-05-19,2022-06-06,49,9.76,received
PO0000400,SUP-03,5186154,2022-05-19,2022-06-02,40,43.86,received
PO0000401,SUP-12,7474821,2022-05-19,2022-05-31,28,21.11,received
PO0000402,SUP-08,8261390,2022-05-19,2022-06-13,23,75.39,received
PO0000403,SUP-06,8511889,2022-05-19,2022-06-09,41,30.38,received
PO0000404,SUP-03,5822751,2022-05-20,2022-06-03,81,29.89,received
PO0000405,SUP-07,7630387,2022-05-20,2022-06-10,30,13.39,received
PO0000406,SUP-01,9065490,2022-05-20,2022-05-27,103,44.74,received
PO0000407,SUP-03,5250988,2022-05-21,2022-06-04,24,10.94,received
PO0000408,SUP-07,5509792,2022-05-21,2022-06-11,28,35.69,received
PO0000409,SUP-01,7180258,2022-05-21,2022-05-28,28,31.99,received
PO0000410,SUP-11,7692382,2022-05-21,2022-06-25,439,20.44,received
PO0000411,SUP-10,9198161,2022-05-21,2022-06-20,40,63.54,received
PO0000412,SUP-03,6460385,2022-05-22,2022-06-05,35,52.43,received
PO0000413,SUP-07,8721483,2022-05-22,2022-06-12,55,14.3,received
PO0000414,SUP-02,9118281,2022-05-22,2022-06-01,44,8.07,received
PO0000415,SUP-06,9355705,2022-05-22,2022-06-12,31,39.66,received
PO0000416,SUP-10,7106580,2022-05-23,2022-06-22,42,14.34,received
PO0000417,SUP-11,8004216,2022-05-23,2022-06-27,39,15.8,received
PO0000418,SUP-01,3503816,2022-05-24,2022-05-31,31,9.49,received
PO0000419,SUP-10,4708009,2022-05-24,2022-06-23,28,45.71,received
PO0000420,SUP-12,5092850,2022-05-24,2022-06-05,57,7.78,received
PO0000421,SUP-07,7433330,2022-05-24,2022-06-14,31,6.69,received
PO0000422,SUP-02,4123413,2022-05-25,2022-06-04,46,21.81,received
PO0000423,SUP-03,6155600,2022-05-25,2022-06-08,30,18.28,received
PO0000424,SUP-03,5212958,2022-05-26,2022-06-09,31,41.63,received
PO0000425,SUP-02,7062170,2022-05-26,2022-06-05,27,15.24,received
PO0000426,SUP-10,7303637,2022-05-26,2022-06-25,54,35.58,received
PO0000427,SUP-06,7949185,2022-05-26,2022-06-16,25,11.68,received
PO0000428,SUP-12,9388289,2022-05-26,2022-06-07,77,33.37,received
PO0000429,SUP-07,9554682,2022-05-26,2022-06-16,32,45.74,received
PO0000430,SUP-06,1111123,2022-05-27,2022-06-17,34,19.36,received
PO0000431,SUP-01,2527689,2022-05-27,2022-06-03,35,15.58,received
PO0000432,SUP-11,2804964,2022-05-28,2022-07-02,48,16.18,received
PO0000433,SUP-06,3166872,2022-05-29,2022-06-19,44,16.55,received
PO0000434,SUP-02,3383881,2022-05-29,2022-06-08,32,59.66,received
PO0000435,SUP-09,4143393,2022-05-29,2022-06-26,87,98.5,received
PO0000436,SUP-03,4411802,2022-05-29,2022-06-12,44,23.47,received
PO0000437,SUP-08,4705110,2022-05-29,2022-06-23,153,9.97,received
PO0000438,SUP-06,8634461,2022-05-29,2022-06-19,2536,10.45,short_received
PO0000439,SUP-05,9261290,2022-05-29,2022-06-16,181,31.75,received
PO0000440,SUP-05,1080071,2022-05-30,2022-06-17,32,17.42,received
PO0000441,SUP-12,1196740,2022-05-30,2022-06-11,41,30.94,received
PO0000442,SUP-06,1367097,2022-05-30,2022-06-20,30,23.79,received
PO0000443,SUP-07,3817121,2022-05-30,2022-06-20,41,33.46,received
PO0000444,SUP-02,4994348,2022-05-30,2022-06-09,106,21.68,received
PO0000445,SUP-05,5711182,2022-05-30,2022-06-17,392,38.81,received
PO0000446,SUP-09,5847380,2022-05-30,2022-06-27,40,20.15,received
PO0000447,SUP-07,7275086,2022-05-30,2022-06-20,79,27.17,received
PO0000448,SUP-09,7941277,2022-05-30,2022-06-27,43,18.43,received
PO0000449,SUP-02,8110966,2022-05-30,2022-06-09,32,8.57,received
PO0000450,SUP-06,1260475,2022-05-31,2022-06-21,847,84.44,received
PO0000451,SUP-01,2380478,2022-05-31,2022-06-07,59,23.54,received
PO0000452,SUP-06,3006131,2022-05-31,2022-06-21,35,60.73,received
PO0000453,SUP-11,7826018,2022-05-31,2022-07-05,34,5.5,received
PO0000454,SUP-11,8218381,2022-05-31,2022-07-05,26,13.88,received
PO0000455,SUP-03,8926382,2022-05-31,2022-06-14,22,14.41,received
PO0000456,SUP-01,4476707,2022-06-01,2022-06-08,386,$39.82,received
PO0000457,SUP-11,7047405,2022-06-01,2022-07-06,48,12.01,received
PO0000458,SUP-07,8089253,2022-06-01,2022-06-22,61,44.25,short_received
PO0000459,SUP-03,9940011,2022-06-01,2022-06-15,204,19.48,received
PO0000460,SUP-03,1850756,2022-06-02,2022-06-16,37,20.65,received
PO0000461,SUP-02,2993399,2022-06-02,2022-06-12,28,43.91,received
PO0000462,SUP-12,5520674,2022-06-02,2022-06-14,44,13.51,received
PO0000463,SUP-05,6517467,2022-06-02,2022-06-20,89,40.78,received
PO0000464,SUP-08,6938043,2022-06-02,2022-06-27,28,19.6,received
PO0000465,SUP-10,8488816,2022-06-02,2022-07-02,52,26.81,received
PO0000466,SUP-08,8536600,2022-06-02,2022-06-27,26,8.99,received
PO0000467,SUP-05,1189654,2022-06-03,2022-06-21,40,12.98,received
PO0000468,SUP-08,1959257,2022-06-03,2022-06-28,41,7.04,received
PO0000469,SUP-07,9746038,2022-06-03,2022-06-24,28,16.24,received
PO0000470,SUP-07,3289377,2022-06-04,2022-06-25,67,31.2,received
PO0000471,SUP-06,4170752,2022-06-04,2022-06-25,792,93.52,received
PO0000472,SUP-09,6520765,2022-06-04,2022-07-02,34,29.84,received
PO0000473,SUP-11,6693651,2022-06-04,2022-07-09,91,13.66,received
PO0000474,SUP-09,9319849,2022-06-04,2022-07-02,433,79.29,received
PO0000475,SUP-06,2404737,2022-06-05,2022-06-26,29,31.16,received
PO0000476,SUP-11,6351542,2022-06-05,2022-07-10,38,14.39,received
PO0000477,SUP-06,6944057,2022-06-05,2022-06-26,32,20.66,received
PO0000478,SUP-02,9938113,2022-06-05,2022-06-15,28,27.07,received
PO0000479,SUP-05,3676700,2022-06-06,2022-06-24,96,26.24,received
PO0000480,SUP-06,4356662,2022-06-06,2022-06-27,38,108.2,received
PO0000481,SUP-10,6543834,2022-06-06,2022-07-06,36,5.48,received
PO0000482,SUP-11,9800243,2022-06-06,2022-07-11,257,35.96,received
PO0000483,SUP-08,1640473,2022-06-07,2022-07-02,24,11.96,received
PO0000484,SUP-07,5599767,2022-06-07,2022-06-28,86,6.12,received
PO0000485,SUP-07,4098324,2022-06-08,2022-06-29,250,8.83,received
PO0000486,SUP-03,6497266,2022-06-08,2022-06-22,131,4.14,received
PO0000487,SUP-11,8758486,2022-06-08,2022-07-13,57,35.32,received
PO0000488,SUP-01,3583619,2022-06-09,2022-06-16,54,9.25,received
PO0000489,SUP-11,4720552,2022-06-09,2022-07-14,93,7.79,received
PO0000490,SUP-09,6637675,2022-06-09,2022-07-07,43,15.99,received
PO0000491,SUP-12,7373415,2022-06-09,2022-06-21,32,13.18,received
PO0000492,SUP-05,1092786,2022-06-10,2022-06-28,47,4.18,received
PO0000493,SUP-08,2292183,2022-06-10,2022-07-05,65,5.59,received
PO0000494,SUP-08,7622260,2022-06-10,2022-07-05,33,38.01,received
PO0000495,SUP-09,9679390,2022-06-10,2022-07-08,333,8.36,received
PO0000496,SUP-09,1601049,2022-06-11,2022-07-09,32,12.04,received
PO0000497,SUP-07,2118773,2022-06-11,2022-07-02,236,14.88,received
PO0000498,SUP-06,3330012,2022-06-11,2022-07-02,44,9.15,received
PO0000499,SUP-10,9040237,2022-06-11,2022-07-11,66,54.35,short_received
PO0000500,SUP-06,9172205,2022-06-11,2022-07-02,29,7.93,received
PO0000501,SUP-11,1029072,2022-06-12,2022-07-17,68,23.38,received
PO0000502,SUP-01,3318117,2022-06-12,2022-06-19,30,22.07,received
PO0000503,SUP-07,4663963,2022-06-12,2022-07-03,83,14.4,received
PO0000504,SUP-05,4870730,2022-06-12,2022-06-30,44,11.24,received
PO0000505,SUP-08,5068008,2022-06-12,2022-07-07,114,7.93,received
PO0000506,SUP-06,6953807,2022-06-12,2022-07-03,47,5.76,short_received
PO0000507,SUP-06,7729308,2022-06-12,2022-07-03,253,18.04,received
PO0000508,SUP-01,5553390,2022-06-13,2022-06-20,27,26.74,received
PO0000509,SUP-03,6976349,2022-06-13,2022-06-27,186,20.43,short_received
PO0000510,SUP-05,7427053,2022-06-13,2022-07-01,58,27.4,received
PO0000511,SUP-02,5409305,2022-06-14,2022-06-24,26,48.52,received
PO0000512,SUP-12,5495706,2022-06-14,2022-06-26,36,63.04,received
PO0000513,SUP-03,1517547,2022-06-15,2022-06-29,34,11.26,short_received
PO0000514,SUP-06,1522015,2022-06-15,2022-07-06,70,59.08,received
PO0000515,SUP-07,3554832,2022-06-15,2022-07-06,109,26.54,received
PO0000516,SUP-04,5315329,2022-06-15,2022-06-29,36,18.01,short_received
PO0000517,SUP-06,7201529,2022-06-15,2022-07-06,111,35.27,received
PO0000518,SUP-8,1038403,2022-06-16,2022-07-11,39,25.47,short_received
PO0000519,SUP-07,1099410,2022-06-16,2022-07-07,263,6.5,received
PO0000520,SUP-07,1428173,2022-06-16,2022-07-07,163,49.59,received
PO0000521,SUP-9,4076320,2022-06-16,2022-07-14,36,5.09,received
PO0000522,SUP-03,4895822,2022-06-16,2022-06-30,41,23.54,received
PO0000523,SUP-01,5678537,2022-06-16,2022-06-23,131,61.56,received
PO0000524,SUP-09,5852256,2022-06-16,2022-07-14,48,18.86,received
PO0000525,SUP-07,6362414,2022-06-16,2022-07-07,167,9.67,received
PO0000526,SUP-12,6810241,2022-06-16,2022-06-28,127,7.45,received
PO0000527,SUP-06,8754194,2022-06-16,2022-07-07,196,22.67,received
PO0000528,SUP-05,1083413,2022-06-17,2022-07-05,69,34.53,short_received
PO0000529,SUP-11,4200826,2022-06-17,2022-07-22,28,10.23,received
PO0000530,SUP-01,2154101,2022-06-18,2022-06-25,119,5.9,received
PO0000531,SUP-06,3157737,2022-06-18,2022-07-09,61,39.65,short_received
PO0000532,SUP-03,3781033,2022-06-18,2022-07-02,59,19.54,received
PO0000533,SUP-11,4958034,2022-06-18,2022-07-23,29,17.26,received
PO0000534,SUP-08,6245368,2022-06-18,2022-07-13,117,10.97,received
PO0000535,SUP-11,6960004,2022-06-18,2022-07-23,69,16.69,received
PO0000536,SUP-12,7496477,2022-06-18,2022-06-30,36,45.66,received
PO0000537,SUP-11,8795573,2022-06-18,2022-07-23,155,12.53,received
PO0000538,SUP-05,9036326,2022-06-18,2022-07-06,351,3.02,received
PO0000539,SUP-01,2299273,2022-06-19,2022-06-26,49,9.67,received
PO0000540,SUP-11,7310073,2022-06-19,2022-07-24,31,38.75,received
PO0000541,SUP-11,7814384,2022-06-19,2022-07-24,93,30.19,received
PO0000542,SUP-11,1383693,2022-06-20,2022-07-25,69,17.78,received
PO0000543,SUP-08,2565553,2022-06-20,2022-07-15,44,7.32,received
PO0000544,SUP-03,3240903,2022-06-20,2022-07-04,50,27.56,received
PO0000545,SUP-03,5250988,2022-06-20,2022-07-04,29,11.11,received
PO0000546,SUP-05,6280890,2022-06-20,2022-07-08,44,11.74,received
PO0000547,SUP-10,6380274,2022-06-20,2022-07-20,111,88.3,received
PO0000548,SUP-10,9841830,2022-06-20,2022-07-20,310,5.29,received
PO0000549,SUP-07,2287051,2022-06-22,2022-07-13,36,9.62,received
PO0000550,SUP-05,3243048,2022-06-22,2022-07-10,621,18.7,received
PO0000551,SUP-03,5186154,2022-06-22,2022-07-06,51,43.92,short_received
PO0000552,SUP-09,7279985,2022-06-22,2022-07-20,37,53.2,received
PO0000553,SUP-07,1072276,2022-06-23,2022-07-14,32,20.45,received
PO0000554,SUP-07,1854723,2022-06-23,2022-07-14,30,22.69,received
PO0000555,SUP-07,7171122,2022-06-23,2022-07-14,36,27.69,received
PO0000556,SUP-05,8800984,2022-06-23,2022-07-11,84,7.72,received
PO0000557,SUP-11,9111330,2022-06-23,2022-07-28,46,75.83,received
PO0000558,SUP-06,9118832,2022-06-23,2022-07-14,178,76.88,received
PO0000559,SUP-11,2377662,2022-06-24,2022-07-29,50,46.54,received
PO0000560,SUP-07,2645378,2022-06-24,2022-07-15,33,3.39,received
PO0000561,SUP-09,2704704,2022-06-25,2022-07-23,70,51.3,received
PO0000562,SUP-07,3648094,2022-06-25,2022-07-16,37,16.98,received
PO0000563,SUP-05,5234930,2022-06-25,2022-07-13,98,87.33,received
PO0000564,SUP-07,5530296,2022-06-25,2022-07-16,78,12.7,received
PO0000565,SUP-12,5862621,2022-06-25,2022-07-07,150,17.64,received
PO0000566,SUP-07,7448961,2022-06-25,2022-07-16,88,5.1,received
PO0000567,SUP-02,7946407,2022-06-25,2022-07-05,20,29.2,received
PO0000568,SUP-05,8746636,2022-06-25,2022-07-13,79,28.18,received
PO0000569,SUP-02,8903471,2022-06-25,2022-07-05,131,9.94,received
PO0000570,SUP-02,9351656,2022-06-25,2022-07-05,40,9.88,received
PO0000571,SUP-11,2317989,2022-06-26,2022-07-31,28,24.02,received
PO0000572,SUP-01,2731345,2022-06-26,2022-07-03,124,24.93,received
PO0000573,SUP-07,2738486,2022-06-26,2022-07-17,27,9.97,received
PO0000574,SUP-01,4059984,2022-06-26,2022-07-03,21,16.38,short_received
PO0000575,SUP-10,4708009,2022-06-26,2022-07-26,35,46.37,received
PO0000576,SUP-06,5466720,2022-06-26,2022-07-17,61,48.09,received
PO0000577,SUP-03,6854023,2022-06-26,2022-07-10,130,58.91,received
PO0000578,SUP-08,7429245,2022-06-26,2022-07-21,60,7.28,received
PO0000579,SUP-08,7567958,2022-06-26,2022-07-21,93,42.71,received
PO0000580,SUP-12,7620070,2022-06-26,2022-07-08,54,30.26,received
PO0000581,SUP-11,9075437,2022-06-26,2022-07-31,61,11.79,received
PO0000582,SUP-06,3852546,2022-06-27,2022-07-18,113,32.94,received
PO0000583,SUP-12,4194454,2022-06-27,2022-07-09,320,25.87,received
PO0000584,SUP-12,4489659,2022-06-27,2022-07-09,171,27.11,received
PO0000585,SUP-01,5908484,2022-06-27,2022-07-04,176,97.69,received
PO0000586,SUP-12,7346335,2022-06-27,2022-07-09,57,28.86,received
PO0000587,SUP-07,1079923,2022-06-28,2022-07-19,68,47.32,received
PO0000588,SUP-07,5509792,2022-06-28,2022-07-19,30,35.88,received
PO0000589,SUP-12,6474782,2022-06-28,2022-07-10,55,36.99,received
PO0000590,SUP-02,7182700,2022-06-28,2022-07-08,1100,45.16,received
PO0000591,SUP-03,3533080,2022-06-29,2022-07-13,31,46.75,received
PO0000592,SUP-07,3689249,2022-06-29,2022-07-20,69,16.73,received
PO0000593,SUP-10,4123600,2022-06-29,2022-07-29,92,68.69,received
PO0000594,SUP-01,7801595,2022-06-29,2022-07-06,34,42.24,received
PO0000595,SUP-03,8838340,2022-06-29,2022-07-13,27,15.57,received
PO0000596,SUP-02,8966163,2022-06-29,2022-07-09,2739,30.71,received
PO0000597,SUP-03,9829417,2022-06-29,2022-07-13,518,67.14,received
PO0000598,SUP-12,3004815,2022-06-30,2022-07-12,68,30.17,received
PO0000599,SUP-12,5027667,2022-06-30,2022-07-12,44,50.98,received
PO0000600,SUP-05,2337045,2022-07-01,2022-07-19,57,8.76,short_received
PO0000601,SUP-12,3301602,2022-07-01,2022-07-13,46,16.43,received
PO0000602,SUP-01,7180258,2022-07-01,2022-07-08,30,31.78,received
PO0000603,SUP-06,9110019,2022-07-01,2022-07-22,41,16.69,received
PO0000604,SUP-06,5114384,2022-07-02,2022-07-23,208,10.15,received
PO0000605,SUP-06,6079235,2022-07-02,2022-07-23,220,3.72,short_received
PO0000606,SUP-03,6155600,2022-07-02,2022-07-16,38,18.46,received
PO0000607,SUP-11,6351542,2022-07-02,2022-08-06,49,14.24,received
PO0000608,SUP-09,7954298,2022-07-02,2022-07-30,24,33.13,received
PO0000609,SUP-03,8926382,2022-07-02,2022-07-16,28,14.48,received
PO0000610,SUP-11,9739117,2022-07-02,2022-08-06,46,19.41,received
PO0000611,SUP-09,1204442,2022-07-03,2022-07-31,29,50.27,received
PO0000612,SUP-05,1910407,2022-07-03,2022-07-21,28,30.48,received
PO0000613,SUP-04,3428363,2022-07-03,2022-07-17,192,26.89,received
PO0000614,SUP-07,7255659,2022-07-03,2022-07-24,40,40.81,received
PO0000615,SUP-03,6024870,2022-07-04,2022-07-18,57,16.02,short_received
PO0000616,SUP-07,7390450,2022-07-04,2022-07-25,88,17.36,received
PO0000617,SUP-07,9554682,2022-07-04,2022-07-25,36,45.57,received
PO0000618,SUP-05,1778504,2022-07-05,2022-07-23,29,28.95,received
PO0000619,SUP-01,3503816,2022-07-05,2022-07-12,33,9.41,received
PO0000620,SUP-10,5781989,2022-07-05,2022-08-04,29,35.98,received
PO0000621,SUP-07,6695684,2022-07-05,2022-07-26,29,23.45,received
PO0000622,SUP-07,7660389,2022-07-05,2022-07-26,232,9.47,short_received
PO0000623,SUP-07,8721483,2022-07-05,2022-07-26,57,14.21,received
PO0000624,SUP-12,3206674,2022-07-06,2022-07-18,41,12.1,received
PO0000625,SUP-12,5092850,2022-07-06,2022-07-18,65,7.89,received
PO0000626,SUP-02,7062170,2022-07-06,2022-07-16,29,15.36,received
PO0000627,SUP-11,7826018,2022-07-06,2022-08-10,46,5.52,received
PO0000628,SUP-05,9645778,2022-07-06,2022-07-24,570,12.14,received
PO0000629,SUP-03,5822751,2022-07-07,2022-07-21,85,29.48,received
PO0000630,SUP-06,6000495,2022-07-07,2022-07-28,28,23.09,received
PO0000631,SUP-07,9248008,2022-07-07,2022-07-28,33,34.08,received
PO0000632,SUP-01,4059984,2022-07-08,2022-07-15,27,16.05,received
PO0000633,SUP-09,5599030,2022-07-08,2022-08-05,29,8.79,received
PO0000634,SUP-07,6529231,2022-07-08,2022-07-29,39,12.5,received
PO0000635,SUP-07,7275086,2022-07-08,2022-07-29,92,27.62,received
PO0000636,SUP-01,2527689,2022-07-09,2022-07-16,36,15.43,received
PO0000637,SUP-05,2931280,2022-07-09,2022-07-27,51,13.1,received
PO0000638,SUP-02,2993399,2022-07-09,2022-07-19,32,44.72,received
PO0000639,SUP-03,3487534,2022-07-09,2022-07-23,42,10.2,short_received
PO0000640,SUP-05,4236332,2022-07-09,2022-07-27,72,15.56,received
PO0000641,SUP-05,4648994,2022-07-09,2022-07-27,49,9.95,received
PO0000642,SUP-02,4994348,2022-07-09,2022-07-19,118,21.71,received
PO0000643,SUP-03,5212958,2022-07-09,2022-07-23,34,41.02,received
PO0000644,SUP-03,6460385,2022-07-09,2022-07-23,36,54.01,received
PO0000645,SUP-03,7212311,2022-07-09,2022-07-23,55,14.01,received
PO0000646,SUP-11,8218381,2022-07-09,2022-08-13,32,13.62,received
PO0000647,SUP-02,9118281,2022-07-09,2022-07-19,50,7.95,received
PO0000648,SUP-08,1959257,2022-07-10,2022-08-04,51,7.2,received
PO0000649,SUP-07,4762867,2022-07-10,2022-07-31,1026,7.21,received
PO0000650,SUP-08,8261390,2022-07-10,2022-08-04,23,74.23,received
PO0000651,SUP-01,9065490,2022-07-10,2022-07-17,96,45.17,received
PO0000652,SUP-12,9388289,2022-07-10,2022-07-22,81,33.15,received
PO0000653,SUP-03,1517547,2022-07-11,2022-07-25,44,11.29,short_received
PO0000654,SUP-07,4365384,2022-07-11,2022-08-01,33,88.99,received
PO0000655,SUP-06,6026055,2022-07-11,2022-08-01,28,22.71,received
PO0000656,SUP-05,6517467,2022-07-11,2022-07-29,104,40.36,received
PO0000657,SUP-07,7630387,2022-07-11,2022-08-01,30,13.27,received
PO0000658,SUP-10,9040237,2022-07-11,2022-08-10,69,54.92,received
PO0000659,SUP-07,9746038,2022-07-11,2022-08-01,33,16.48,received
PO0000660,SUP-05,1080071,2022-07-12,2022-07-30,35,17.57,received
PO0000661,SUP-06,1430298,2022-07-12,2022-08-02,40,59.96,received
PO0000662,SUP-01,3318117,2022-07-12,2022-07-19,40,21.68,received
PO0000663,SUP-12,5520674,2022-07-12,2022-07-24,46,13.4,received
PO0000664,SUP-06,7949185,2022-07-12,2022-08-02,26,11.62,received
PO0000665,SUP-06,8511889,2022-07-12,2022-08-02,39,30.6,received
PO0000666,SUP-06,1367097,2022-07-13,2022-08-03,36,23.44,received
PO0000667,SUP-08,4705110,2022-07-13,2022-08-07,160,9.91,received
PO0000668,SUP-02,5409305,2022-07-13,2022-07-23,30,48.25,received
PO0000669,SUP-11,6693651,2022-07-13,2022-08-17,104,13.63,received
PO0000670,SUP-10,9198161,2022-07-13,2022-08-12,46,63.22,received
PO0000671,SUP-08,1038403,2022-07-14,2022-08-08,46,25.72,received
PO0000672,SUP-12,1196740,2022-07-14,2022-07-26,41,30.98,short_received
PO0000673,SUP-04,4646091,2022-07-14,2022-07-28,42,29.78,received
PO0000674,SUP-07,4747587,2022-07-14,2022-08-04,5194,31.33,received
PO0000675,SUP-09,6637675,2022-07-14,2022-08-11,53,16.2,received
PO0000676,SUP-06,6953807,2022-07-14,2022-08-04,51,5.6,received
PO0000677,SUP-10,7871485,2022-07-14,2022-08-13,31,8.59,received
PO0000678,SUP-08,8536600,2022-07-14,2022-08-08,31,8.9,received
PO0000679,SUP-12,9721204,2022-07-14,2022-07-26,24,22.42,received
PO0000680,SUP-12,3211935,2022-07-15,2022-07-27,28,23.43,received
PO0000681,SUP-09,5847380,2022-07-15,2022-08-12,43,19.8,received
PO0000682,SUP-10,7303637,2022-07-15,2022-08-14,54,34.8,received
PO0000683,SUP-12,7474821,2022-07-15,2022-07-27,24,20.94,received
PO0000684,SUP-05,1189654,2022-07-16,2022-08-03,42,12.98,received
PO0000685,SUP-09,3163829,2022-07-16,2022-08-13,955,17.81,received
PO0000686,SUP-07,3554832,2022-07-16,2022-08-06,128,26.5,received
PO0000687,SUP-06,4356662,2022-07-16,2022-08-06,42,105.58,received
PO0000688,SUP-04,5131367,2022-07-16,2022-07-30,28,10.14,received
PO0000689,SUP-10,6543834,2022-07-16,2022-08-15,40,5.42,received
PO0000690,SUP-10,7106580,2022-07-16,2022-08-15,40,14.53,received
PO0000691,SUP-09,9319849,2022-07-16,2022-08-13,450,80.63,received
PO0000692,SUP-06,9355705,2022-07-16,2022-08-06,31,39.41,short_received
PO0000693,SUP-06,2875921,2022-07-17,2022-08-07,262,80.66,short_received
PO0000694,SUP-05,3676700,2022-07-17,2022-08-04,114,26.32,received
PO0000695,SUP-04,5315329,2022-07-17,2022-07-31,43,18.23,received
PO0000696,SUP-06,5425967,2022-07-17,2022-08-07,32,43.5,received
PO0000697,SUP-12,8016491,2022-07-17,2022-07-29,32,74.33,received
PO0000698,SUP-09,9315482,2022-07-17,2022-08-14,38,27.73,received
PO0000699,SUP-04,3124731,2022-07-18,2022-08-01,46,13.07,received
PO0000700,SUP-02,4123413,2022-07-18,2022-07-28,42,21.94,received
PO0000701,SUP-12,8728798,2022-07-18,2022-07-30,212,6.48,short_received
PO0000702,SUP-07,8832573,2022-07-18,2022-08-08,28,39.35,received
PO0000703,SUP-09,1385609,2022-07-19,2022-08-16,32,54.04,received
PO0000704,SUP-06,3157737,2022-07-19,2022-08-09,69,39.17,received
PO0000705,SUP-03,3240903,2022-07-20,2022-08-03,64,27.94,received
PO0000706,SUP-02,3383881,2022-07-20,2022-07-30,30,61.11,received
PO0000707,SUP-07,3817121,2022-07-20,2022-08-10,40,33.66,received
PO0000708,SUP-03,6497266,2022-07-20,2022-08-03,135,4.24,received
PO0000709,SUP-11,9800243,2022-07-20,2022-08-24,265,36.3,received
PO0000710,SUP-11,2804964,2022-07-21,2022-08-25,45,16.27,received
PO0000711,SUP-11,8004216,2022-07-21,2022-08-25,35,15.73,received
PO0000712,SUP-01,2154101,2022-07-22,2022-07-29,136,5.97,received
PO0000713,SUP-11,7047405,2022-07-22,2022-08-26,48,12.13,received
PO0000714,SUP-06,7729308,2022-07-22,2022-08-12,273,17.79,received
PO0000715,SUP-07,8089253,2022-07-22,2022-08-12,53,45.01,received
PO0000716,SUP-03,4411802,2022-07-23,2022-08-06,40,23.79,short_received
PO0000717,SUP-02,9938113,2022-07-23,2022-08-02,31,27.29,received
PO0000718,SUP-08,2292183,2022-07-24,2022-08-18,69,5.61,received
PO0000719,SUP-01,2380478,2022-07-24,2022-07-31,55,23.97,received
PO0000720,SUP-06,3330012,2022-07-24,2022-08-14,48,9.01,received
PO0000721,SUP-01,3583619,2022-07-24,2022-07-31,56,9.12,received
PO0000722,SUP-08,6938043,2022-07-24,2022-08-18,28,19.73,received
PO0000723,SUP-08,7622260,2022-07-24,2022-08-18,36,38.64,received
PO0000724,SUP-09,7941277,2022-07-24,2022-08-21,40,18.4,received
PO0000725,SUP-02,8110966,2022-07-24,2022-08-03,30,8.57,received
PO0000726,SUP-08,1640473,2022-07-25,2022-08-19,28,11.93,received
PO0000727,SUP-11,2317989,2022-07-25,2022-08-29,36,23.97,received
PO0000728,SUP-11,6960004,2022-07-25,2022-08-29,79,17.0,received
PO0000729,SUP-08,7093987,2022-07-25,2022-08-19,291,16.71,received
PO0000730,SUP-07,1428173,2022-07-26,2022-08-16,182,50.21,received
PO0000731,SUP-07,4098324,2022-07-26,2022-08-16,246,8.79,received
PO0000732,SUP-05,4870730,2022-07-26,2022-08-13,50,11.35,received
PO0000733,SUP-01,7180258,2022-07-26,2022-08-02,40,31.98,received
PO0000734,SUP-10,8488816,2022-07-26,2022-08-25,48,26.99,received
PO0000735,SUP-05,1083413,2022-07-27,2022-08-14,70,33.73,received
PO0000736,SUP-11,1383693,2022-07-27,2022-08-31,84,17.89,received
PO0000737,SUP-06,2404737,2022-07-28,2022-08-18,28,30.35,received
PO0000738,SUP-07,6362414,2022-07-28,2022-08-18,165,9.9,received
PO0000739,SUP-09,4143393,2022-07-29,2022-08-26,73,98.28,received
PO0000740,SUP-03,5464062,2022-07-29,2022-08-12,346,7.6,received
PO0000741,SUP-01,5678537,2022-07-29,2022-08-05,141,61.32,received
PO0000742,SUP-11,9739117,2022-07-29,2022-09-02,58,19.52,received
PO0000743,SUP-05,1092786,2022-07-30,2022-08-17,45,4.21,received
PO0000744,SUP-07,1099410,2022-07-30,2022-08-20,268,6.55,received
PO0000745,SUP-11,2377662,2022-07-30,2022-09-03,59,45.49,received
PO0000746,SUP-12,6810241,2022-07-30,2022-08-11,130,7.39,received
PO0000747,SUP-11,7310073,2022-07-30,2022-09-03,32,38.79,received
PO0000748,SUP-11,7814384,2022-07-30,2022-09-03,101,29.64,received
PO0000749,SUP-06,9172205,2022-07-30,2022-08-20,33,7.98,short_received
PO0000750,SUP-05,1910407,2022-07-31,2022-08-18,42,30.32,received
PO0000751,SUP-05,7427053,2022-07-31,2022-08-18,58,27.22,received
PO0000752,SUP-06,8754194,2022-08-01,2022-08-22,192,22.93,received
PO0000753,SUP-08,2565553,2022-08-02,2022-08-27,49,7.19,received
PO0000754,SUP-07,7171122,2022-08-02,2022-08-23,43,28.1,received
PO0000755,SUP-07,7433330,2022-08-02,2022-08-23,24,6.63,received
PO0000756,SUP-09,7954298,2022-08-02,2022-08-30,30,32.81,received
PO0000757,SUP-11,8795573,2022-08-02,2022-09-06,162,12.61,received
PO0000758,SUP-07,3346010,2022-08-03,2022-08-24,257,10.18,received
PO0000759,SUP-11,6768228,2022-08-03,2022-09-07,268,8.56,received
PO0000760,SUP-02,7946407,2022-08-03,2022-08-13,21,29.55,received
PO0000761,SUP-06,1111123,2022-08-04,2022-08-25,29,19.58,received
PO0000762,SUP-06,3006131,2022-08-04,2022-08-25,28,60.42,received
PO0000763,SUP-06,3852546,2022-08-04,2022-08-25,124,33.04,received
PO0000764,SUP-05,9036326,2022-08-04,2022-08-22,343,3.12,received
PO0000765,SUP-09,2704704,2022-08-05,2022-09-02,77,51.33,received
PO0000766,SUP-12,6474782,2022-08-05,2022-08-17,69,37.0,received
PO0000767,SUP-07,6695684,2022-08-05,2022-08-26,37,23.85,received
PO0000768,SUP-12,7373415,2022-08-05,2022-08-17,32,13.21,received
PO0000769,SUP-02,8903471,2022-08-05,2022-08-15,146,9.78,received
PO0000770,SUP-11,9075437,2022-08-05,2022-09-09,69,11.87,received
PO0000771,SUP-07,9248008,2022-08-05,2022-08-26,46,33.56,received
PO0000772,SUP-03,3781033,2022-08-06,2022-08-20,59,19.63,received
PO0000773,SUP-03,4895822,2022-08-06,2022-08-20,40,23.55,received
PO0000774,SUP-11,4958034,2022-08-06,2022-09-10,30,16.95,received
PO0000775,SUP-07,5530296,2022-08-06,2022-08-27,88,12.58,received
PO0000776,SUP-06,6944057,2022-08-06,2022-08-27,27,20.19,short_received
PO0000777,SUP-06,7201529,2022-08-06,2022-08-27,104,35.05,received
PO0000778,SUP-11,8758486,2022-08-06,2022-09-10,49,35.1,received
PO0000779,SUP-10,9841830,2022-08-06,2022-09-05,308,5.25,received
PO0000780,SUP-07,3289377,2022-08-07,2022-08-28,53,31.04,received
PO0000781,SUP-12,5862621,2022-08-07,2022-08-19,155,17.96,received
PO0000782,SUP-05,6280890,2022-08-07,2022-08-25,43,12.26,received
PO0000783,SUP-06,9118832,2022-08-07,2022-08-28,177,76.36,received
PO0000784,SUP-07,1079923,2022-08-08,2022-08-29,76,46.53,received
PO0000785,SUP-05,1778504,2022-08-08,2022-08-26,36,29.82,received
PO0000786,SUP-03,6024870,2022-08-08,2022-08-22,60,16.06,received
PO0000787,SUP-09,6520765,2022-08-08,2022-09-05,30,30.14,received
PO0000788,SUP-08,7567958,2022-08-08,2022-09-02,94,43.1,received
PO0000789,SUP-05,8746636,2022-08-08,2022-08-26,89,29.01,received
PO0000790,SUP-07,3689249,2022-08-09,2022-08-30,71,16.93,received
PO0000791,SUP-07,4663963,2022-08-09,2022-08-30,72,14.5,received
PO0000792,SUP-07,7255659,2022-08-09,2022-08-30,48,41.2,received
PO0000793,SUP-12,7346335,2022-08-09,2022-08-21,62,29.31,received
PO0000794,SUP-03,1850756,2022-08-10,2022-08-24,28,20.61,received
PO0000795,SUP-06,3166872,2022-08-10,2022-08-31,32,16.59,received
PO0000796,SUP-01,3503816,2022-08-10,2022-08-17,41,9.47,received
PO0000797,SUP-11,4720552,2022-08-10,2022-09-14,77,7.68,received
PO0000798,SUP-05,5234930,2022-08-10,2022-08-28,96,89.55,received
PO0000799,SUP-12,5495706,2022-08-10,2022-08-22,32,62.26,received
PO0000800,SUP-03,8926382,2022-08-10,2022-08-24,32,14.49,received
PO0000801,SUP-06,9110019,2022-08-10,2022-08-31,43,16.84,received
PO0000802,SUP-08,9755526,2022-08-10,2022-09-04,2956,34.16,short_received
PO0000803,SUP-12,3206674,2022-08-11,2022-08-23,50,12.04,received
PO0000804,SUP-07,3648094,2022-08-11,2022-09-01,40,17.23,received
PO0000805,SUP-11,4200826,2022-08-11,2022-09-15,28,10.47,received
PO0000806,SUP-05,2337045,2022-08-12,2022-08-30,62,9.12,received
PO0000807,SUP-07,2738486,2022-08-12,2022-09-02,28,10.02,received
PO0000808,SUP-03,5186154,2022-08-12,2022-08-26,44,43.75,received
PO0000809,SUP-08,6245368,2022-08-12,2022-09-06,104,11.02,received
PO0000810,SUP-03,9691291,2022-08-12,2022-08-26,118,23.95,received
PO0000811,SUP-12,3211935,2022-08-13,2022-08-25,37,23.85,received
PO0000812,SUP-12,3301602,2022-08-13,2022-08-25,48,16.54,received
PO0000813,SUP-05,4236332,2022-08-13,2022-08-31,89,15.92,received
PO0000814,SUP-03,7212311,2022-08-13,2022-08-27,66,14.14,received
PO0000815,SUP-07,9748139,2022-08-13,2022-09-03,1472,7.54,received
PO0000816,SUP-03,9829417,2022-08-13,2022-08-27,503,65.55,received
PO0000817,SUP-06,1522015,2022-08-14,2022-09-04,59,57.86,received
PO0000818,SUP-07,1854723,2022-08-14,2022-09-04,33,22.9,received
PO0000819,SUP-01,2299273,2022-08-14,2022-08-21,42,9.59,received
PO0000820,SUP-12,4489659,2022-08-14,2022-08-26,161,26.95,received
PO0000821,SUP-3,5250988,2022-08-14,2022-08-28,30,10.93,received
PO0000822,SUP-01,5908484,2022-08-14,2022-08-21,171,98.97,received
PO0000823,SUP-07,7448961,2022-08-14,2022-09-04,86,5.07,received
PO0000824,SUP-07,2287051,2022-08-15,2022-09-05,34,9.57,received
PO0000825,SUP-01,2527689,2022-08-15,2022-08-22,42,15.42,received
PO0000826,SUP-12,5027667,2022-08-15,2022-08-27,49,50.71,received
PO0000827,SUP-02,7182700,2022-08-15,2022-08-25,1051,44.93,received
PO0000828,SUP-05,8800984,2022-08-15,2022-09-02,77,8.06,received
PO0000829,SUP-02,8966163,2022-08-15,2022-08-25,2696,30.96,received
PO0000830,SUP-06,1430298,2022-08-16,2022-09-06,47,60.52,short_received
PO0000831,SUP-08,5068008,2022-08-16,2022-09-10,89,8.17,received
PO0000832,SUP-01,5553390,2022-08-16,2022-08-23,24,26.49,received
PO0000833,SUP-03,3487534,2022-08-17,2022-08-31,44,10.19,received
PO0000834,SUP-07,4365384,2022-08-17,2022-09-07,39,90.36,received
PO0000835,SUP-06,5114384,2022-08-17,2022-09-07,205,10.26,received
PO0000836,SUP-09,5847380,2022-08-17,2022-09-14,55,19.69,received
PO0000837,SUP-09,5852256,2022-08-17,2022-09-14,43,18.85,received
PO0000838,SUP-01,7801595,2022-08-17,2022-08-24,33,42.35,received
PO0000839,SUP-03,8838340,2022-08-17,2022-08-31,29,15.74,received
PO0000840,SUP-02,9351656,2022-08-17,2022-08-27,37,10.07,received
PO0000841,SUP-07,9746038,2022-08-17,2022-09-07,38,16.36,received
PO0000842,SUP-12,4194454,2022-08-18,2022-08-30,320,26.25,received
PO0000843,SUP-06,6026055,2022-08-18,2022-09-08,32,23.22,received
PO0000844,SUP-06,6079235,2022-08-18,2022-09-08,187,3.7,received
PO0000845,SUP-12,7474821,2022-08-18,2022-08-30,30,21.46,received
PO0000846,SUP-09,9315482,2022-08-18,2022-09-15,46,28.14,received
PO0000847,SUP-01,4059984,2022-08-19,2022-08-26,36,16.29,received
PO0000848,SUP-05,4648994,2022-08-19,2022-09-06,54,10.06,received
PO0000849,SUP-10,4123600,2022-08-20,2022-09-19,105,68.63,received
PO0000850,SUP-10,6380274,2022-08-20,2022-09-19,93,88.39,received
PO0000851,SUP-07,6529231,2022-08-20,2022-09-10,42,12.35,received
PO0000852,SUP-09,1204442,2022-08-21,2022-09-18,29,50.7,received
PO0000853,SUP-12,3004815,2022-08-21,2022-09-02,64,30.13,received
PO0000854,SUP-04,3428363,2022-08-21,2022-09-04,183,26.68,received
PO0000855,SUP-04,5131367,2022-08-21,2022-09-04,40,10.28,received
PO0000856,SUP-06,5466720,2022-08-21,2022-09-11,54,47.83,received
PO0000857,SUP-03,6155600,2022-08-21,2022-09-04,37,17.98,received
PO0000858,SUP-02,7062170,2022-08-21,2022-08-31,32,15.64,received
PO0000859,SUP-07,7390450,2022-08-21,2022-09-11,89,17.45,received
PO0000860,SUP-10,9040237,2022-08-21,2022-09-20,77,54.43,received
PO0000861,SUP-05,3243048,2022-08-22,2022-09-09,580,19.38,received
PO0000862,SUP-07,5599767,2022-08-22,2022-09-12,59,6.0,received
PO0000863,SUP-10,5781989,2022-08-22,2022-09-21,36,36.27,received
PO0000864,SUP-03,6854023,2022-08-22,2022-09-05,110,60.08,received
PO0000865,SUP-01,2731345,2022-08-23,2022-08-30,102,25.47,received
PO0000866,SUP-09,4076320,2022-08-23,2022-09-20,28,5.12,received
PO0000867,SUP-12,7496477,2022-08-23,2022-09-04,24,46.12,received
PO0000868,SUP-01,9065490,2022-08-23,2022-08-30,104,45.04,received
PO0000869,SUP-11,9111330,2022-08-23,2022-09-27,41,76.51,received
PO0000870,SUP-12,9721204,2022-08-23,2022-09-04,28,22.88,received
PO0000871,SUP-02,4994348,2022-08-24,2022-09-03,122,21.63,received
PO0000872,SUP-12,5092850,2022-08-24,2022-09-05,65,7.71,short_received
PO0000873,SUP-03,5212958,2022-08-24,2022-09-07,36,41.35,received
PO0000874,SUP-07,7275086,2022-08-24,2022-09-14,93,27.15,received
PO0000875,SUP-06,7949185,2022-08-24,2022-09-14,33,11.87,received
PO0000876,SUP-03,1517547,2022-08-25,2022-09-08,44,11.2,received
PO0000877,SUP-02,2993399,2022-08-25,2022-09-04,33,44.42,received
PO0000878,SUP-06,6953807,2022-08-25,2022-09-15,61,5.76,received
PO0000879,SUP-03,3533080,2022-08-26,2022-09-09,28,47.18,received
PO0000880,SUP-12,5520674,2022-08-26,2022-09-07,52,13.33,short_received
PO0000881,SUP-06,6000495,2022-08-26,2022-09-16,29,23.22,received
PO0000882,SUP-08,7429245,2022-08-26,2022-09-20,50,7.17,received
PO0000883,SUP-11,1029072,2022-08-27,2022-10-01,53,23.2,received
PO0000884,SUP-07,2645378,2022-08-27,2022-09-17,28,3.36,received
PO0000885,SUP-05,2931280,2022-08-27,2022-09-14,54,13.39,received
PO0000886,SUP-06,8511889,2022-08-27,2022-09-17,44,30.24,received
PO0000887,SUP-07,8721483,2022-08-27,2022-09-17,53,14.3,received
PO0000888,SUP-07,8832573,2022-08-27,2022-09-17,32,39.11,received
PO0000889,SUP-10,9198161,2022-08-27,2022-09-26,48,63.09,received
PO0000890,SUP-12,9388289,2022-08-27,2022-09-08,83,33.56,received
PO0000891,SUP-02,3383881,2022-08-28,2022-09-07,38,60.74,received
PO0000892,SUP-07,5509792,2022-08-28,2022-09-18,27,35.27,received
PO0000893,SUP-09,5599030,2022-08-28,2022-09-25,29,8.88,received
PO0000894,SUP-08,8261390,2022-08-28,2022-09-22,26,73.69,received
PO0000895,SUP-08,8536600,2022-08-28,2022-09-22,32,8.9,received
PO0000896,SUP-04,3124731,2022-08-29,2022-09-12,48,13.12,received
PO0000897,SUP-04,4646091,2022-08-29,2022-09-12,44,29.74,received
PO0000898,SUP-11,8758486,2022-08-29,2022-10-03,65,35.89,received
PO0000899,SUP-09,6637675,2022-08-30,2022-09-27,54,16.2,received
PO0000900,SUP-10,7871485,2022-08-30,2022-09-29,32,8.51,received
PO0000901,SUP-09,7941277,2022-08-30,2022-09-27,45,18.38,received
PO0000902,SUP-03,2295523,2022-08-31,2022-09-14,1614,19.31,received
PO0000903,SUP-09,7279985,2022-08-31,2022-09-28,29,53.67,received
PO0000904,SUP-12,1196740,2022-09-01,2022-09-13,37,30.34,received
PO0000905,SUP-01,2380478,2022-09-01,2022-09-08,63,24.48,received
PO0000906,SUP-11,4200826,2022-09-01,2022-10-06,36,10.48,received
PO0000907,SUP-08,4705110,2022-09-01,2022-09-26,152,10.02,received
PO0000908,SUP-07,7433330,2022-09-01,2022-09-22,32,6.52,received
PO0000909,SUP-10,4708009,2022-09-02,2022-10-02,29,48.21,received
PO0000910,SUP-06,5425967,2022-09-02,2022-09-23,35,43.59,short_received
PO0000911,SUP-03,6497266,2022-09-02,2022-09-16,144,4.22,received
PO0000912,SUP-07,1072276,2022-09-03,2022-09-24,27,20.41,received
PO0000913,SUP-11,9800243,2022-09-03,2022-10-08,268,35.74,received
PO0000914,SUP-09,1601049,2022-09-04,2022-10-02,21,12.1,received
PO0000915,SUP-10,3698437,2022-09-04,2022-10-04,261,28.43,received
PO0000916,SUP-06,6944057,2022-09-04,2022-09-25,31,20.68,received
PO0000917,SUP-03,4411802,2022-09-05,2022-09-19,38,23.55,received
PO0000918,SUP-03,6460385,2022-09-05,2022-09-19,30,53.56,received
PO0000919,SUP-10,7303637,2022-09-05,2022-10-05,56,36.93,received
PO0000920,SUP-06,1162680,2022-09-06,2022-09-27,4209,93.06,received
PO0000921,SUP-06,3006131,2022-09-06,2022-09-27,35,60.18,received
PO0000922,SUP-02,4123413,2022-09-06,2022-09-16,40,22.14,received
PO0000923,SUP-11,7826018,2022-09-06,2022-10-11,39,5.52,received
PO0000924,SUP-11,8004216,2022-09-06,2022-10-11,37,15.88,received
PO0000925,SUP-02,9118281,2022-09-06,2022-09-16,43,8.07,received
PO0000926,SUP-07,9554682,2022-09-06,2022-09-27,29,45.41,received
PO0000927,SUP-05,6517467,2022-09-07,2022-09-25,90,42.09,received
PO0000928,SUP-09,9319849,2022-09-07,2022-10-05,412,79.02,received
PO0000929,SUP-07,1099410,2022-09-08,2022-09-29,287,6.39,received
PO0000930,SUP-07,4098324,2022-09-08,2022-09-29,253,8.73,received
PO0000931,SUP-07,1428173,2022-09-09,2022-09-30,184,49.13,received
PO0000932,SUP-07,3554832,2022-09-09,2022-09-30,114,26.4,received
PO0000933,SUP-03,5822751,2022-09-09,2022-09-23,69,30.12,received
PO0000934,SUP-11,7047405,2022-09-09,2022-10-14,50,12.07,received
PO0000935,SUP-07,8089253,2022-09-09,2022-09-30,53,44.54,received
PO0000936,SUP-06,3166872,2022-09-10,2022-10-01,40,16.75,received
PO0000937,SUP-07,3289377,2022-09-10,2022-10-01,64,31.69,received
PO0000938,SUP-01,3318117,2022-09-10,2022-09-17,33,22.15,received
PO0000939,SUP-11,4958034,2022-09-10,2022-10-15,37,17.22,received
PO0000940,SUP-04,5315329,2022-09-10,2022-09-24,40,18.09,received
PO0000941,SUP-02,7946407,2022-09-10,2022-09-20,26,29.06,received
PO0000942,SUP-03,8926382,2022-09-10,2022-09-24,42,14.47,received
PO0000943,SUP-07,2287051,2022-09-11,2022-10-02,47,9.56,received
PO0000944,SUP-07,3817121,2022-09-11,2022-10-02,38,33.67,received
PO0000945,SUP-09,4143393,2022-09-11,2022-10-09,74,99.9,received
PO0000946,SUP-03,6024870,2022-09-11,2022-09-25,70,16.32,received
PO0000947,SUP-11,6693651,2022-09-11,2022-10-16,89,13.69,received
PO0000948,SUP-11,6960004,2022-09-11,2022-10-16,73,16.72,received
PO0000949,SUP-08,7622260,2022-09-11,2022-10-06,36,37.78,received
PO0000950,SUP-12,8016491,2022-09-11,2022-09-23,28,72.26,received
PO0000951,SUP-07,9248008,2022-09-11,2022-10-02,53,34.07,received
PO0000952,SUP-06,9355705,2022-09-11,2022-10-02,27,39.36,received
PO0000953,SUP-12,7620070,2022-09-12,2022-09-24,35,30.12,received
PO0000954,SUP-06,9110019,2022-09-12,2022-10-03,52,16.91,received
PO0000955,SUP-11,9739117,2022-09-12,2022-10-17,65,19.72,received
PO0000956,SUP-08,1038403,2022-09-13,2022-10-08,36,25.3,received
PO0000957,SUP-05,1080071,2022-09-13,2022-10-01,32,17.68,received
PO0000958,SUP-05,1083413,2022-09-13,2022-10-01,69,35.44,received
PO0000959,SUP-12,2102225,2022-09-13,2022-09-25,8005,15.82,received
PO0000960,SUP-06,4356662,2022-09-13,2022-10-04,38,106.56,received
PO0000961,SUP-03,5186154,2022-09-13,2022-09-27,56,43.93,received
PO0000962,SUP-05,7427053,2022-09-13,2022-10-01,59,28.38,received
PO0000963,SUP-07,7630387,2022-09-13,2022-10-04,27,13.53,received
PO0000964,SUP-11,8795573,2022-09-13,2022-10-18,164,12.45,received
PO0000965,SUP-02,9938113,2022-09-13,2022-09-23,29,26.87,received
PO0000966,SUP-08,1640473,2022-09-14,2022-10-09,26,12.14,received
PO0000967,SUP-11,2317989,2022-09-14,2022-10-19,37,24.13,received
PO0000968,SUP-09,2704704,2022-09-14,2022-10-12,86,51.61,received
PO0000969,SUP-06,3330012,2022-09-14,2022-10-05,48,9.17,received
PO0000970,SUP-05,6280890,2022-09-14,2022-10-02,53,11.99,received
PO0000971,SUP-03,3240903,2022-09-15,2022-09-29,56,28.05,received
PO0000972,SUP-12,4489659,2022-09-15,2022-09-27,188,27.2,received
PO0000973,SUP-10,6543834,2022-09-15,2022-10-15,35,5.58,received
PO0000974,SUP-01,7180258,2022-09-15,2022-09-22,43,32.13,received
PO0000975,SUP-06,7729308,2022-09-15,2022-10-06,261,17.75,received
PO0000976,SUP-8,2292183,2022-09-16,2022-10-11,62,5.59,short_received
PO0000977,SUP-09,5852256,2022-09-16,2022-10-14,60,18.71,received
PO0000978,SUP-12,5862621,2022-09-16,2022-09-28,167,17.61,received
PO0000979,SUP-06,1367097,2022-09-17,2022-10-08,31,23.44,short_received
PO0000980,SUP-12,3206674,2022-09-17,2022-09-29,57,11.91,received
PO0000981,SUP-12,7496477,2022-09-17,2022-09-29,32,45.68,received
PO0000982,SUP-11,9075437,2022-09-17,2022-10-22,74,$12.0,received
PO0000983,SUP-06,3157737,2022-09-18,2022-10-09,57,39.97,received
PO0000984,SUP-01,3583619,2022-09-18,2022-09-25,47,9.37,received
PO0000985,SUP-12,5027667,2022-09-18,2022-09-30,57,49.71,received
PO0000986,SUP-7,6362414,2022-09-18,2022-10-09,157,9.85,received
PO0000987,SUP-07,7255659,2022-09-18,2022-10-09,52,40.24,received
PO0000988,SUP-12,7373415,2022-09-18,2022-09-30,32,13.1,received
PO0000989,SUP-07,7448961,2022-09-18,2022-10-09,100,5.1,received
PO0000990,SUP-06,8754194,2022-09-18,2022-10-09,179,22.89,received
PO0000991,SUP-03,9829417,2022-09-18,2022-10-02,566,66.82,received
PO0000992,SUP-07,2738486,2022-09-19,2022-10-10,35,9.85,received
PO0000993,SUP-08,5068008,2022-09-19,2022-10-14,100,8.08,received
PO0000994,SUP-08,6938043,2022-09-19,2022-10-14,26,19.8,short_received
PO0000995,SUP-11,8218381,2022-09-19,2022-10-24,27,13.69,short_received
PO0000996,SUP-10,8488816,2022-09-19,2022-10-19,45,28.11,received
PO0000997,SUP-06,9118832,2022-09-19,2022-10-10,184,76.7,received
PO0000998,SUP-05,1189654,2022-09-20,2022-10-08,35,13.24,received
PO0000999,SUP-11,1383693,2022-09-20,2022-10-25,75,17.73,received
PO0001000,SUP-08,1959257,2022-09-20,2022-10-15,36,7.1,received
PO0001001,SUP-01,2154101,2022-09-20,2022-09-27,108,6.16,received
PO0001002,SUP-12,3301602,2022-09-20,2022-10-02,56,16.37,received
PO0001003,SUP-12,5520674,2022-09-20,2022-10-02,58,13.52,received
PO0001004,SUP-01,5678537,2022-09-20,2022-09-27,127,62.67,received
PO0001005,SUP-01,5908484,2022-09-20,2022-09-27,183,101.31,received
PO0001006,SUP-03,8838340,2022-09-20,2022-10-04,31,15.36,received
PO0001007,SUP-05,9036326,2022-09-20,2022-10-08,368,3.14,received
PO0001008,SUP-06,9172205,2022-09-20,2022-10-11,28,7.87,received
PO0001009,SUP-05,3676700,2022-09-21,2022-10-09,91,26.99,received
PO0001010,SUP-07,3689249,2022-09-21,2022-10-12,78,16.92,received
PO0001011,SUP-2,5409305,2022-09-21,2022-10-01,26,48.68,received
PO0001012,SUP-12,6474782,2022-09-21,2022-10-03,68,36.82,received
PO0001013,SUP-08,7567958,2022-09-21,2022-10-16,97,43.07,received
PO0001014,SUP-02,8110966,2022-09-21,2022-10-01,27,8.37,received
PO0001015,SUP-07,3648094,2022-09-22,2022-10-13,44,16.87,received
PO0001016,SUP-05,4236332,2022-09-22,2022-10-10,101,15.8,received
PO0001017,SUP-08,6245368,2022-09-22,2022-10-17,114,11.09,received
PO0001018,SUP-10,7106580,2022-09-22,2022-10-22,35,15.21,received
PO0001019,SUP-09,7954298,2022-09-22,2022-10-20,32,33.08,received
PO0001020,SUP-05,1910407,2022-09-23,2022-10-11,40,31.41,received
PO0001021,SUP-05,2337045,2022-09-23,2022-10-11,63,9.13,received
PO0001022,SUP-12,3211935,2022-09-23,2022-10-05,42,23.67,received
PO0001023,SUP-03,3781033,2022-09-23,2022-10-07,59,19.34,received
PO0001024,SUP-11,4720552,2022-09-23,2022-10-28,82,7.62,received
PO0001025,SUP-04,5131367,2022-09-23,2022-10-07,45,10.4,received
PO0001026,SUP-02,7182700,2022-09-23,2022-10-03,1133,44.79,received
PO0001027,SUP-12,7474821,2022-09-23,2022-10-05,36,21.14,received
PO0001028,SUP-11,2804964,2022-09-24,2022-10-29,40,16.03,received
PO0001029,SUP-05,5234930,2022-09-24,2022-10-12,97,89.36,received
PO0001030,SUP-08,7429245,2022-09-24,2022-10-19,73,7.19,received
PO0001031,SUP-01,7801595,2022-09-24,2022-10-01,40,43.35,received
PO0001032,SUP-02,8903471,2022-09-24,2022-10-04,138,9.92,received
PO0001033,SUP-02,8966163,2022-09-24,2022-10-04,2834,30.64,received
PO0001034,SUP-05,1092786,2022-09-25,2022-10-13,40,4.3,received
PO0001035,SUP-03,1850756,2022-09-25,2022-10-09,33,20.5,received
PO0001036,SUP-01,3503816,2022-09-25,2022-10-02,40,9.49,received
PO0001037,SUP-06,3852546,2022-09-25,2022-10-16,115,32.81,received
PO0001038,SUP-07,5599767,2022-09-25,2022-10-16,77,6.15,received
PO0001039,SUP-06,6079235,2022-09-25,2022-10-16,211,3.76,received
PO0001040,SUP-09,6520765,2022-09-25,2022-10-23,32,30.34,received
PO0001041,SUP-07,6695684,2022-09-25,2022-10-16,36,23.91,received
PO0001042,SUP-07,8721483,2022-09-25,2022-10-16,68,14.41,received
PO0001043,SUP-09,1601049,2022-09-26,2022-10-24,32,11.92,received
PO0001044,SUP-05,1778504,2022-09-26,2022-10-14,39,30.18,received
PO0001045,SUP-07,2645378,2022-09-26,2022-10-17,35,3.38,received
PO0001046,SUP-05,4870730,2022-09-26,2022-10-14,42,11.59,received
PO0001047,SUP-03,5250988,2022-09-26,2022-10-10,32,11.2,received
PO0001048,SUP-06,6000495,2022-09-26,2022-10-17,36,22.95,short_received
PO0001049,SUP-12,6810241,2022-09-26,2022-10-08,111,7.4,short_received
PO0001050,SUP-03,6854023,2022-09-26,2022-10-10,122,60.16,received
PO0001051,SUP-05,8800984,2022-09-26,2022-10-14,81,7.91,received
PO0001052,SUP-09,1204442,2022-09-27,2022-10-25,35,51.18,received
PO0001053,SUP-06,2404737,2022-09-27,2022-10-18,26,30.87,received
PO0001054,SUP-08,2565553,2022-09-27,2022-10-22,44,7.3,received
PO0001055,SUP-04,3428363,2022-09-27,2022-10-11,201,27.02,received
PO0001056,SUP-06,5114384,2022-09-27,2022-10-18,224,10.36,received
PO0001057,SUP-06,6026055,2022-09-27,2022-10-18,36,22.99,received
PO0001058,SUP-07,7390450,2022-09-27,2022-10-18,102,17.65,received
PO0001059,SUP-08,8261390,2022-09-27,2022-10-22,35,75.25,short_received
PO0001060,SUP-06,1522015,2022-09-28,2022-10-19,61,57.69,received
PO0001061,SUP-12,3004815,2022-09-28,2022-10-10,73,30.29,received
PO0001062,SUP-12,4194454,2022-09-28,2022-10-10,347,26.14,received
PO0001063,SUP-03,5212958,2022-09-28,2022-10-12,42,41.0,received
PO0001064,SUP-06,5466720,2022-09-28,2022-10-19,66,47.29,received
PO0001065,SUP-07,5530296,2022-09-28,2022-10-19,81,12.56,received
PO0001066,SUP-07,7171122,2022-09-28,2022-10-19,39,28.06,received
PO0001067,SUP-06,7201529,2022-09-28,2022-10-19,97,35.27,received
PO0001068,SUP-05,8746636,2022-09-28,2022-10-16,85,29.01,received
PO0001069,SUP-01,2527689,2022-09-29,2022-10-06,44,15.91,received
PO0001070,SUP-12,5092850,2022-09-29,2022-10-11,58,7.85,received
PO0001071,SUP-10,6380274,2022-09-29,2022-10-29,118,92.32,received
PO0001072,SUP-07,8832573,2022-09-29,2022-10-20,41,39.02,received
PO0001073,SUP-02,9351656,2022-09-29,2022-10-09,41,9.91,received
PO0001074,SUP-12,9721204,2022-09-29,2022-10-11,32,22.32,received
PO0001075,SUP-10,9841830,2022-09-29,2022-10-29,313,5.57,short_received
PO0001076,SUP-10,4123600,2022-09-30,2022-10-30,111,70.09,short_received
PO0001077,SUP-11,1029072,2022-10-01,2022-11-05,65,23.04,received
PO0001078,SUP-07,1079923,2022-10-01,2022-10-22,70,46.96,received
PO0001079,SUP-05,3243048,2022-10-01,2022-10-19,615,19.73,received
PO0001080,SUP-07,4365384,2022-10-01,2022-10-22,43,89.93,received
PO0001081,SUP-11,9111330,2022-10-01,2022-11-05,46,77.4,received
PO0001082,SUP-09,9315482,2022-10-01,2022-10-29,48,28.17,received
PO0001083,SUP-01,2731345,2022-10-02,2022-10-09,110,26.17,received
PO0001084,SUP-03,3533080,2022-10-02,2022-10-16,35,46.94,received
PO0001085,SUP-07,4663963,2022-10-02,2022-10-23,68,14.31,received
PO0001086,SUP-07,1072276,2022-10-03,2022-10-24,34,20.35,received
PO0001087,SUP-04,3124731,2022-10-03,2022-10-17,59,13.23,short_received
PO0001088,SUP-01,5553390,2022-10-03,2022-10-10,28,26.99,received
PO0001089,SUP-09,5847380,2022-10-03,2022-10-31,55,19.95,received
PO0001090,SUP-09,7279985,2022-10-03,2022-10-31,35,54.16,received
PO0001091,SUP-09,4076320,2022-10-04,2022-11-01,31,5.17,received
PO0001092,SUP-05,4648994,2022-10-04,2022-10-22,60,10.2,received
PO0001093,SUP-02,4994348,2022-10-04,2022-10-14,130,22.5,received
PO0001094,SUP-06,5425967,2022-10-04,2022-10-25,34,44.1,received
PO0001095,SUP-11,7310073,2022-10-04,2022-11-08,29,38.28,received
PO0001096,SUP-10,7871485,2022-10-04,2022-11-03,44,8.76,received
PO0001097,SUP-10,9040237,2022-10-04,2022-11-03,83,55.91,received
PO0001098,SUP-12,9388289,2022-10-04,2022-10-16,85,33.92,received
PO0001099,SUP-11,7814384,2022-10-05,2022-11-09,81,29.49,received
PO0001100,SUP-01,3318117,2022-10-07,2022-10-14,44,22.1,received
PO0001101,SUP-02,3383881,2022-10-07,2022-10-17,42,60.76,received
PO0001102,SUP-07,5509792,2022-10-07,2022-10-28,32,35.98,received
PO0001103,SUP-01,9065490,2022-10-07,2022-10-14,108,46.23,received
PO0001104,SUP-12,1196740,2022-10-08,2022-10-20,44,31.05,received
PO0001105,SUP-03,3487534,2022-10-08,2022-10-22,42,10.36,received
PO0001106,SUP-03,6155600,2022-10-08,2022-10-22,37,17.97,received
PO0001107,SUP-03,6460385,2022-10-08,2022-10-22,38,52.74,received
PO0001108,SUP-09,7941277,2022-10-08,2022-11-05,51,18.21,received
PO0001109,SUP-11,2377662,2022-10-09,2022-11-13,50,46.42,received
PO0001110,SUP-04,4646091,2022-10-09,2022-10-23,51,29.43,received
PO0001111,SUP-09,5599030,2022-10-09,2022-11-06,34,8.79,received
PO0001112,SUP-09,6637675,2022-10-09,2022-11-06,58,16.0,received
PO0001113,SUP-11,8758486,2022-10-09,2022-11-13,77,35.38,received
PO0001114,SUP-10,9198161,2022-10-09,2022-11-08,49,65.32,received
PO0001115,SUP-11,6351542,2022-10-10,2022-11-14,32,14.36,received
PO0001116,SUP-07,7275086,2022-10-10,2022-10-31,93,27.0,received
PO0001117,SUP-10,7303637,2022-10-10,2022-11-09,65,36.1,received
PO0001118,SUP-07,9554682,2022-10-10,2022-10-31,33,45.95,received
PO0001119,SUP-03,6497266,2022-10-11,2022-10-25,163,4.21,received
PO0001120,SUP-05,2931280,2022-10-12,2022-10-30,56,13.57,received
PO0001121,SUP-03,5822751,2022-10-12,2022-10-26,89,29.82,received
PO0001122,SUP-02,9118281,2022-10-12,2022-10-22,53,8.21,received
PO0001123,SUP-11,9800243,2022-10-12,2022-11-16,302,36.31,received
PO0001124,SUP-03,4895822,2022-10-13,2022-10-27,28,23.28,received
PO0001125,SUP-02,5409305,2022-10-13,2022-10-23,37,49.41,received
PO0001126,SUP-02,9938113,2022-10-13,2022-10-23,40,27.59,received
PO0001127,SUP-10,4708009,2022-10-14,2022-11-13,32,48.54,received
PO0001128,SUP-05,6801451,2022-10-14,2022-11-01,287,15.09,received
PO0001129,SUP-08,1038403,2022-10-15,2022-11-09,59,26.42,received
PO0001130,SUP-05,1080071,2022-10-15,2022-11-02,45,18.06,received
PO0001131,SUP-09,4143393,2022-10-15,2022-11-12,89,101.2,received
PO0001132,SUP-07,6529231,2022-10-15,2022-11-05,37,12.51,received
PO0001133,SUP-11,7047405,2022-10-15,2022-11-19,61,11.96,received
PO0001134,SUP-03,7212311,2022-10-15,2022-10-29,50,14.03,received
PO0001135,SUP-07,8089253,2022-10-15,2022-11-05,69,43.93,received
PO0001136,SUP-07,9746038,2022-10-15,2022-11-05,36,16.3,received
PO0001137,SUP-07,1099410,2022-10-16,2022-11-06,349,6.49,received
PO0001138,SUP-06,1111123,2022-10-16,2022-11-06,22,19.13,received
PO0001139,SUP-06,1367097,2022-10-16,2022-11-06,37,23.86,received
PO0001140,SUP-07,1854723,2022-10-16,2022-11-06,26,23.07,received
PO0001141,SUP-01,2299273,2022-10-16,2022-10-23,32,9.81,received
PO0001142,SUP-06,7949185,2022-10-16,2022-11-06,32,11.73,received
PO0001143,SUP-09,9319849,2022-10-16,2022-11-13,470,80.05,received
PO0001144,SUP-01,4059984,2022-10-17,2022-10-24,28,16.7,received
PO0001145,SUP-11,4200826,2022-10-17,2022-11-21,44,10.25,received
PO0001146,SUP-08,7622260,2022-10-17,2022-11-11,47,39.05,received
PO0001147,SUP-06,1430298,2022-10-18,2022-11-08,40,60.97,received
PO0001148,SUP-06,3166872,2022-10-18,2022-11-08,48,16.37,received
PO0001149,SUP-03,4411802,2022-10-18,2022-11-01,42,23.78,received
PO0001150,SUP-06,6944057,2022-10-18,2022-11-08,37,20.45,received
PO0001151,SUP-12,7620070,2022-10-18,2022-10-30,44,30.15,received
PO0001152,SUP-06,9110019,2022-10-18,2022-11-08,61,16.92,received
PO0001153,SUP-08,4705110,2022-10-19,2022-11-13,147,10.23,received
PO0001154,SUP-06,6953807,2022-10-19,2022-11-09,56,5.76,received
PO0001155,SUP-12,8016491,2022-10-19,2022-10-31,35,72.71,received
PO0001156,SUP-09,1385609,2022-10-20,2022-11-17,20,53.92,received
PO0001157,SUP-06,4356662,2022-10-20,2022-11-10,44,106.1,received
PO0001158,SUP-12,5495706,2022-10-20,2022-11-01,28,63.16,received
PO0001159,SUP-11,6693651,2022-10-20,2022-11-24,102,13.6,received
PO0001160,SUP-08,2292183,2022-10-21,2022-11-15,68,5.68,received
PO0001161,SUP-01,2380478,2022-10-21,2022-10-28,61,24.63,received
PO0001162,SUP-08,5068008,2022-10-21,2022-11-15,127,8.39,received
PO0001163,SUP-12,7373415,2022-10-21,2022-11-02,43,13.22,received
PO0001164,SUP-07,7630387,2022-10-21,2022-11-11,34,13.26,received
PO0001165,SUP-03,1517547,2022-10-22,2022-11-05,37,11.21,received
PO0001166,SUP-06,3006131,2022-10-22,2022-11-12,38,60.57,received
PO0001167,SUP-07,3554832,2022-10-22,2022-11-12,125,26.57,received
PO0001168,SUP-05,3676700,2022-10-22,2022-11-09,116,26.77,received
PO0001169,SUP-02,7946407,2022-10-22,2022-11-01,29,30.02,received
PO0001170,SUP-06,8511889,2022-10-22,2022-11-12,40,30.61,short_received
PO0001171,SUP-11,8795573,2022-10-22,2022-11-26,189,12.69,received
PO0001172,SUP-07,2738486,2022-10-23,2022-11-13,40,9.97,received
PO0001173,SUP-3,3240903,2022-10-23,2022-11-06,66,27.6,received
PO0001174,SUP-07,4098324,2022-10-23,2022-11-13,261,8.82,received
PO0001175,SUP-04,5315329,2022-10-23,2022-11-06,44,17.91,received
PO0001176,SUP-09,5852256,2022-10-23,2022-11-20,73,18.83,received
PO0001177,SUP-05,6517467,2022-10-23,2022-11-10,102,42.18,received
PO0001178,SUP-11,6960004,2022-10-23,2022-11-27,78,16.93,received
PO0001179,SUP-08,1640473,2022-10-24,2022-11-18,31,12.49,received
PO0001180,SUP-02,2993399,2022-10-24,2022-11-03,29,45.72,received
PO0001181,SUP-07,3289377,2022-10-24,2022-11-14,68,31.62,received
PO0001182,SUP-12,4489659,2022-10-24,2022-11-05,230,27.21,received
PO0001183,SUP-01,5678537,2022-10-24,2022-10-31,163,64.01,received
PO0001184,SUP-07,6362414,2022-10-24,2022-11-14,174,9.84,received
PO0001185,SUP-11,8218381,2022-10-24,2022-11-28,32,13.77,received
PO0001186,SUP-05,1189654,2022-10-25,2022-11-12,44,13.29,received
PO0001187,SUP-07,1428173,2022-10-25,2022-11-15,192,50.4,received
PO0001188,SUP-07,2287051,2022-10-25,2022-11-15,51,9.71,received
PO0001189,SUP-06,8754194,2022-10-25,2022-11-15,216,22.87,received
PO0001190,SUP-06,9172205,2022-10-25,2022-11-15,34,7.78,received
PO0001191,SUP-06,9355705,2022-10-25,2022-11-15,29,38.79,received
PO0001192,SUP-12,6810241,2022-10-26,2022-11-07,123,7.35,received
PO0001193,SUP-08,8261390,2022-10-26,2022-11-20,44,77.21,received
PO0001194,SUP-08,8536600,2022-10-26,2022-11-20,29,9.04,received
PO0001195,SUP-05,1092786,2022-10-27,2022-11-14,57,4.28,received
PO0001196,SUP-07,7433330,2022-10-27,2022-11-17,30,6.66,received
PO0001197,SUP-11,7814384,2022-10-27,2022-12-01,103,29.75,received
PO0001198,SUP-11,1383693,2022-10-28,2022-12-02,85,17.8,received
PO0001199,SUP-06,3330012,2022-10-28,2022-11-18,48,8.98,received
PO0001200,SUP-05,2337045,2022-10-29,2022-11-16,83,9.16,received
PO0001201,SUP-10,5781989,2022-10-29,2022-11-28,30,37.48,received
PO0001202,SUP-10,7106580,2022-10-29,2022-11-28,39,15.01,received
PO0001203,SUP-12,7474821,2022-10-29,2022-11-10,43,21.25,short_received
PO0001204,SUP-11,8004216,2022-10-29,2022-12-03,36,15.76,received
PO0001205,SUP-11,2804964,2022-10-30,2022-12-04,48,16.02,received
PO0001206,SUP-02,4123413,2022-10-30,2022-11-09,38,22.23,received
PO0001207,SUP-03,6854023,2022-10-30,2022-11-13,155,59.48,received
PO0001208,SUP-08,7567958,2022-10-30,2022-11-24,112,43.97,received
PO0001209,SUP-11,7826018,2022-10-30,2022-12-04,39,5.45,received
PO0001210,SUP-10,8488816,2022-10-30,2022-11-29,50,28.16,short_received
PO0001211,SUP-03,8838340,2022-10-30,2022-11-13,41,$15.68,received
PO0001212,SUP-03,9829417,2022-10-30,2022-11-13,623,66.23,received
PO0001213,SUP-05,1083413,2022-10-31,2022-11-18,69,35.58,received
PO0001214,SUP-07,3817121,2022-10-31,2022-11-21,37,33.1,received
PO0001215,SUP-12,5862621,2022-10-31,2022-11-12,176,18.01,received
PO0001216,SUP-06,7729308,2022-10-31,2022-11-21,320,18.05,received
PO0001217,SUP-05,9036326,2022-10-31,2022-11-18,408,3.15,received
PO0001218,SUP-11,4720552,2022-11-01,2022-12-06,90,7.78,received
PO0001219,SUP-03,5186154,2022-11-01,2022-11-15,56,43.38,received
PO0001220,SUP-12,7346335,2022-11-01,2022-11-13,37,29.23,received
PO0001221,SUP-06,9118832,2022-11-01,2022-11-22,196,75.92,received
PO0001222,SUP-07,5599767,2022-11-02,2022-11-23,88,6.04,received
PO0001223,SUP-10,6543834,2022-11-02,2022-12-02,36,5.69,received
PO0001224,SUP-07,7448961,2022-11-02,2022-11-23,104,5.2,received
PO0001225,SUP-03,1850756,2022-11-03,2022-11-17,37,20.37,received
PO0001226,SUP-08,2565553,2022-11-03,2022-11-28,51,7.53,received
PO0001227,SUP-08,7429245,2022-11-03,2022-11-28,85,7.52,received
PO0001228,SUP-11,1029072,2022-11-04,2022-12-09,81,23.42,received
PO0001229,SUP-12,5520674,2022-11-04,2022-11-16,65,13.43,received
PO0001230,SUP-01,5908484,2022-11-04,2022-11-11,192,101.51,received
PO0001231,SUP-02,7182700,2022-11-04,2022-11-14,1214,45.56,received
PO0001232,SUP-06,1522015,2022-11-05,2022-11-26,73,58.7,received
PO0001233,SUP-01,2154101,2022-11-05,2022-11-12,108,6.1,received
PO0001234,SUP-09,4076320,2022-11-05,2022-12-03,44,5.21,received
PO0001235,SUP-12,5092850,2022-11-05,2022-11-17,69,7.85,received
PO0001236,SUP-1,7180258,2022-11-05,2022-11-12,44,32.83,received
PO0001237,SUP-05,7427053,2022-11-05,2022-11-23,57,27.97,received
PO0001238,SUP-06,6079235,2022-11-06,2022-11-27,230,3.79,received
PO0001239,SUP-08,6245368,2022-11-06,2022-12-01,116,11.18,received
PO0001240,SUP-02,8966163,2022-11-06,2022-11-16,2939,31.56,received
PO0001241,SUP-09,2704704,2022-11-07,2022-12-05,78,52.06,received
PO0001242,SUP-01,2299273,2022-11-08,2022-11-15,46,10.04,received
PO0001243,SUP-06,3852546,2022-11-08,2022-11-29,148,32.43,received
PO0001244,SUP-06,7201529,2022-11-08,2022-11-29,106,35.1,received
PO0001245,SUP-07,2645378,2022-11-09,2022-11-30,37,3.36,received
PO0001246,SUP-07,7171122,2022-11-09,2022-11-30,45,28.05,received
PO0001247,SUP-07,3648094,2022-11-10,2022-12-01,44,17.34,received
PO0001248,SUP-03,3781033,2022-11-10,2022-11-24,61,19.81,received
PO0001249,SUP-10,4123600,2022-11-10,2022-12-10,112,71.2,received
PO0001250,SUP-11,9075437,2022-11-10,2022-12-15,69,11.97,received
PO0001251,SUP-08,1959257,2022-11-11,2022-12-06,38,7.43,received
PO0001252,SUP-07,4663963,2022-11-11,2022-12-02,73,14.19,received
PO0001253,SUP-02,4994348,2022-11-11,2022-11-21,148,22.51,received
PO0001254,SUP-03,6024870,2022-11-12,2022-11-26,56,15.98,received
PO0001255,SUP-09,6520765,2022-11-12,2022-12-10,31,29.95,received
PO0001256,SUP-05,8800984,2022-11-12,2022-11-30,82,7.97,received
PO0001257,SUP-11,9739117,2022-11-12,2022-12-17,57,19.52,received
PO0001258,SUP-12,3004815,2022-11-13,2022-11-25,77,29.97,received
PO0001259,SUP-06,3157737,2022-11-13,2022-12-04,53,39.61,short_received
PO0001260,SUP-05,3243048,2022-11-13,2022-12-01,646,19.55,received
PO0001261,SUP-01,3583619,2022-11-13,2022-11-20,43,9.19,received
PO0001262,SUP-12,4194454,2022-11-13,2022-11-25,340,26.36,received
PO0001263,SUP-08,6938043,2022-11-13,2022-12-08,24,20.42,received
PO0001264,SUP-07,7255659,2022-11-13,2022-12-04,48,40.63,received
PO0001265,SUP-05,8746636,2022-11-13,2022-12-01,82,28.56,received
PO0001266,SUP-09,1204442,2022-11-14,2022-12-12,39,49.78,received
PO0001267,SUP-07,1854723,2022-11-14,2022-12-05,34,22.66,received
PO0001268,SUP-03,5250988,2022-11-14,2022-11-28,32,11.08,received
PO0001269,SUP-07,6695684,2022-11-14,2022-12-05,38,23.89,received
PO0001270,SUP-02,8903471,2022-11-15,2022-11-25,122,10.12,received
PO0001271,SUP-03,8926382,2022-11-15,2022-11-29,36,14.29,received
PO0001272,SUP-12,9388289,2022-11-15,2022-11-27,98,33.4,received
PO0001273,SUP-07,1079923,2022-11-16,2022-12-07,72,47.04,received
PO0001274,SUP-06,2404737,2022-11-16,2022-12-07,30,30.89,received
PO0001275,SUP-04,3428363,2022-11-16,2022-11-30,192,27.41,received
PO0001276,SUP-05,4236332,2022-11-16,2022-12-04,90,15.74,received
PO0001277,SUP-11,4958034,2022-11-16,2022-12-21,32,17.23,received
PO0001278,SUP-06,5114384,2022-11-16,2022-12-07,209,10.16,received
PO0001279,SUP-12,7496477,2022-11-16,2022-11-28,28,46.62,received
PO0001280,SUP-05,1778504,2022-11-17,2022-12-05,40,30.61,received
PO0001281,SUP-10,9841830,2022-11-17,2022-12-17,323,5.47,received
PO0001282,SUP-12,3206674,2022-11-18,2022-11-30,51,11.94,received
PO0001283,SUP-03,5212958,2022-11-18,2022-12-02,41,41.52,received
PO0001284,SUP-10,6380274,2022-11-18,2022-12-18,112,92.21,received
PO0001285,SUP-12,7620070,2022-11-18,2022-11-30,57,29.76,received
PO0001286,SUP-05,4870730,2022-11-19,2022-12-07,40,11.71,received
PO0001287,SUP-09,5599030,2022-11-19,2022-12-17,36,8.97,received
PO0001288,SUP-03,6155600,2022-11-19,2022-12-03,38,18.47,received
PO0001289,SUP-12,6474782,2022-11-19,2022-12-01,57,37.13,received
PO0001290,SUP-12,3301602,2022-11-20,2022-12-02,44,16.36,received
PO0001291,SUP-12,5027667,2022-11-20,2022-12-02,47,50.69,short_received
PO0001292,SUP-04,5131367,2022-11-20,2022-12-04,38,10.46,received
PO0001293,SUP-05,6280890,2022-11-20,2022-12-08,40,12.08,received
PO0001294,SUP-11,6351542,2022-11-20,2022-12-25,36,14.21,received
PO0001295,SUP-03,7212311,2022-11-20,2022-12-04,62,14.22,received
PO0001296,SUP-01,7801595,2022-11-20,2022-11-27,36,43.12,received
PO0001297,SUP-05,5234930,2022-11-21,2022-12-09,83,88.83,received
PO0001298,SUP-01,5553390,2022-11-21,2022-11-28,28,26.92,received
PO0001299,SUP-02,7062170,2022-11-21,2022-12-01,21,15.55,received
PO0001300,SUP-02,9351656,2022-11-21,2022-12-01,38,10.19,received
PO0001301,SUP-01,2527689,2022-11-22,2022-11-29,41,15.65,received
PO0001302,SUP-04,4646091,2022-11-22,2022-12-06,50,30.09,received
PO0001303,SUP-01,9065490,2022-11-22,2022-11-29,106,46.63,received
PO0001304,SUP-01,2731345,2022-11-23,2022-11-30,104,25.62,received
PO0001305,SUP-03,4895822,2022-11-23,2022-12-07,31,23.84,received
PO0001306,SUP-07,1072276,2022-11-24,2022-12-15,34,20.37,received
PO0001307,SUP-06,1111123,2022-11-24,2022-12-15,26,19.24,received
PO0001308,SUP-09,1385609,2022-11-24,2022-12-22,21,54.47,received
PO0001309,SUP-11,2377662,2022-11-24,2022-12-29,52,46.49,received
PO0001310,SUP-04,3124731,2022-11-24,2022-12-08,44,13.68,received
PO0001311,SUP-02,3383881,2022-11-24,2022-12-04,43,62.43,received
PO0001312,SUP-01,3503816,2022-11-24,2022-12-01,35,9.61,received
PO0001313,SUP-07,3689249,2022-11-24,2022-12-15,61,16.91,short_received
PO0001314,SUP-05,4648994,2022-11-24,2022-12-12,57,10.04,received
PO0001315,SUP-07,5509792,2022-11-24,2022-12-15,32,35.25,received
PO0001316,SUP-07,5530296,2022-11-24,2022-12-15,70,12.46,received
PO0001317,SUP-09,5847380,2022-11-24,2022-12-22,55,19.84,received
PO0001318,SUP-07,6529231,2022-11-24,2022-12-15,40,12.4,received
PO0001319,SUP-07,7390450,2022-11-24,2022-12-15,92,17.33,received
PO0001320,SUP-09,9315482,2022-11-24,2022-12-22,43,27.6,received
PO0001321,SUP-11,2317989,2022-11-25,2022-12-30,28,23.82,received
PO0001322,SUP-03,3533080,2022-11-25,2022-12-09,32,46.71,received
PO0001323,SUP-07,4365384,2022-11-25,2022-12-16,39,89.38,received
PO0001324,SUP-03,4411802,2022-11-25,2022-12-09,47,23.38,received
PO0001325,SUP-06,5425967,2022-11-25,2022-12-16,35,43.36,received
PO0001326,SUP-03,5822751,2022-11-25,2022-12-09,93,29.93,received
PO0001327,SUP-11,7310073,2022-11-25,2022-12-30,29,38.33,short_received
PO0001328,SUP-07,7433330,2022-11-25,2022-12-16,34,6.55,received
PO0001329,SUP-06,7949185,2022-11-25,2022-12-16,40,11.65,short_received
PO0001330,SUP-09,7954298,2022-11-25,2022-12-23,25,32.2,received
PO0001331,SUP-11,8758486,2022-11-25,2022-12-30,77,35.87,received
PO0001332,SUP-10,9040237,2022-11-25,2022-12-25,77,56.61,received
PO0001333,SUP-12,9721204,2022-11-25,2022-12-07,29,22.69,received
PO0001334,SUP-05,1189654,2022-11-26,2022-12-14,51,13.05,received
PO0001335,SUP-12,1196740,2022-11-26,2022-12-08,42,30.61,received
PO0001336,SUP-09,1601049,2022-11-26,2022-12-24,30,11.94,received
PO0001337,SUP-08,1640473,2022-11-26,2022-12-21,36,12.21,received
PO0001338,SUP-01,2380478,2022-11-26,2022-12-03,70,24.11,received
PO0001339,SUP-08,4705110,2022-11-26,2022-12-21,156,10.11,received
PO0001340,SUP-10,4708009,2022-11-26,2022-12-26,32,47.92,short_received
PO0001341,SUP-06,6026055,2022-11-26,2022-12-17,31,23.28,short_received
PO0001342,SUP-03,6460385,2022-11-26,2022-12-10,36,53.04,short_received
PO0001343,SUP-05,6517467,2022-11-26,2022-12-14,116,41.52,received
PO0001344,SUP-07,7275086,2022-11-26,2022-12-17,90,27.33,received
PO0001345,SUP-09,7279985,2022-11-26,2022-12-24,33,54.08,received
PO0001346,SUP-10,7303637,2022-11-26,2022-12-26,70,36.68,received
PO0001347,SUP-11,8004216,2022-11-26,2022-12-31,44,15.88,received
PO0001348,SUP-02,8110966,2022-11-26,2022-12-06,19,8.54,received
PO0001349,SUP-07,8721483,2022-11-26,2022-12-17,57,14.25,received
PO0001350,SUP-11,9111330,2022-11-26,2022-12-31,44,76.88,received
PO0001351,SUP-10,9198161,2022-11-26,2022-12-26,45,65.96,received
PO0001352,SUP-07,9248008,2022-11-26,2022-12-17,40,33.9,received
PO0001353,SUP-09,9319849,2022-11-26,2022-12-24,489,79.59,received
PO0001354,SUP-07,9554682,2022-11-26,2022-12-17,36,46.34,received
PO0001355,SUP-06,1430298,2022-11-27,2022-12-18,43,59.91,received
PO0001356,SUP-05,1910407,2022-11-27,2022-12-15,30,30.87,received
PO0001357,SUP-11,2804964,2022-11-27,2023-01-01,62,16.22,received
PO0001358,SUP-05,2931280,2022-11-27,2022-12-15,55,13.74,received
PO0001359,SUP-06,3166872,2022-11-27,2022-12-18,54,16.68,received
PO0001360,SUP-01,4059984,2022-11-27,2022-12-04,32,16.56,received
PO0001361,SUP-04,5315329,2022-11-27,2022-12-11,53,18.54,received
PO0001362,SUP-06,5466720,2022-11-27,2022-12-18,59,46.84,received
PO0001363,SUP-12,5495706,2022-11-27,2022-12-09,32,62.74,received
PO0001364,SUP-06,6000495,2022-11-27,2022-12-18,31,22.97,received
PO0001365,SUP-03,6497266,2022-11-27,2022-12-11,156,4.21,received
PO0001366,SUP-11,6693651,2022-11-27,2023-01-01,110,13.72,received
PO0001367,SUP-06,6953807,2022-11-27,2022-12-18,62,5.71,received
PO0001368,SUP-12,7346335,2022-11-27,2022-12-09,48,28.82,received
PO0001369,SUP-6,8511889,2022-11-27,2022-12-18,40,30.44,received
PO0001370,SUP-03,1517547,2022-11-28,2022-12-12,46,11.25,received
PO0001371,SUP-07,2738486,2022-11-28,2022-12-19,50,9.89,received
PO0001372,SUP-12,3211935,2022-11-28,2022-12-10,32,23.3,received
PO0001373,SUP-05,3676700,2022-11-28,2022-12-16,136,26.7,short_received
PO0001374,SUP-07,4098324,2022-11-28,2022-12-19,293,8.88,received
PO0001375,SUP-06,4356662,2022-11-28,2022-12-19,51,105.8,short_received
PO0001376,SUP-07,6362414,2022-11-28,2022-12-19,212,9.62,received
PO0001377,SUP-07,8089253,2022-11-28,2022-12-19,71,44.68,received
PO0001378,SUP-06,8754194,2022-11-28,2022-12-19,252,22.33,received
PO0001379,SUP-11,8795573,2022-11-28,2023-01-02,200,12.67,received
PO0001380,SUP-11,9800243,2022-11-28,2023-01-02,304,35.56,received
PO0001381,SUP-03,3487534,2022-11-29,2022-12-13,49,10.43,short_received
PO0001382,SUP-11,6960004,2022-11-29,2023-01-03,88,16.62,received
PO0001383,SUP-10,8488816,2022-11-29,2022-12-29,60,28.42,received
PO0001384,SUP-07,8832573,2022-11-29,2022-12-20,37,39.21,received
PO0001385,SUP-07,1099410,2022-11-30,2022-12-21,344,6.42,received
PO0001386,SUP-02,2993399,2022-11-30,2022-12-10,32,44.9,received
PO0001387,SUP-03,3240903,2022-11-30,2022-12-14,75,27.54,received
PO0001388,SUP-02,7946407,2022-11-30,2022-12-10,36,29.96,received
PO0001389,SUP-06,1367097,2022-12-01,2022-12-22,39,23.98,received
PO0001390,SUP-09,1385609,2022-12-01,2022-12-29,33,54.59,received
PO0001391,SUP-12,6810241,2022-12-01,2022-12-13,140,7.53,received
PO0001392,SUP-07,3817121,2022-12-03,2022-12-24,45,33.7,received
PO0001393,SUP-02,5409305,2022-12-03,2022-12-13,38,48.28,received
PO0001394,SUP-02,9118281,2022-12-03,2022-12-13,51,8.24,received
PO0001395,SUP-07,3554832,2022-12-04,2022-12-25,128,26.85,received
PO0001396,SUP-08,8536600,2022-12-04,2022-12-29,32,9.02,received
PO0001397,SUP-05,1092786,2022-12-05,2022-12-23,61,4.31,received
PO0001398,SUP-11,1383693,2022-12-05,2023-01-09,103,17.61,received
PO0001399,SUP-02,4123413,2022-12-05,2022-12-15,42,22.8,received
PO0001400,SUP-05,1083413,2022-12-06,2022-12-24,82,35.51,received
PO0001401,SUP-06,3157737,2022-12-06,2022-12-27,66,40.82,short_received
PO0001402,SUP-1,5678537,2022-12-07,2022-12-14,167,63.65,received
PO0001403,SUP-12,8016491,2022-12-07,2022-12-19,36,73.02,received
PO0001404,SUP-09,4143393,2022-12-08,2023-01-05,81,100.85,received
PO0001405,SUP-07,7630387,2022-12-08,2022-12-29,36,13.26,received
PO0001406,SUP-01,2154101,2022-12-09,2022-12-16,129,6.04,received
PO0001407,SUP-01,3583619,2022-12-09,2022-12-16,50,9.32,received
PO0001408,SUP-09,6637675,2022-12-09,2023-01-06,50,16.23,received
PO0001409,SUP-07,1428173,2022-12-11,2023-01-01,186,50.51,received
PO0001410,SUP-08,2565553,2022-12-11,2023-01-05,63,7.5,short_received
PO0001411,SUP-01,3318117,2022-12-11,2022-12-18,36,21.9,received
PO0001412,SUP-10,7871485,2022-12-11,2023-01-10,36,8.81,short_received
PO0001413,SUP-05,2337045,2022-12-12,2022-12-30,86,9.03,short_received
PO0001414,SUP-11,7826018,2022-12-12,2023-01-16,44,5.47,received
PO0001415,SUP-12,4489659,2022-12-13,2022-12-25,212,26.67,received
PO0001416,SUP-10,6543834,2022-12-13,2023-01-12,39,5.65,received
PO0001417,SUP-07,3289377,2022-12-15,2023-01-05,64,31.22,received
PO0001418,SUP-11,4720552,2022-12-15,2023-01-19,94,7.77,received
PO0001419,SUP-07,5599767,2022-12-15,2023-01-05,93,6.16,received
PO0001420,SUP-01,5908484,2022-12-15,2022-12-22,209,100.56,received
PO0001421,SUP-09,7941277,2022-12-15,2023-01-12,38,18.54,short_received
PO0001422,SUP-05,9036326,2022-12-15,2023-01-02,408,3.16,received
PO0001423,SUP-03,1850756,2022-12-16,2022-12-30,41,20.69,received
PO0001424,SUP-03,6024870,2022-12-16,2022-12-30,70,15.99,received
PO0001425,SUP-12,7373415,2022-12-16,2022-12-28,40,13.15,received
PO0001426,SUP-02,8903471,2022-12-16,2022-12-26,159,9.95,received
PO0001427,SUP-06,9355705,2022-12-16,2023-01-06,30,39.96,received
PO0001428,SUP-03,9829417,2022-12-16,2022-12-30,609,67.06,received
PO0001429,SUP-05,1080071,2022-12-17,2023-01-04,36,18.07,received
PO0001430,SUP-06,3330012,2022-12-17,2023-01-07,48,9.45,received
PO0001431,SUP-07,3648094,2022-12-17,2023-01-07,56,17.22,received
PO0001432,SUP-10,5781989,2022-12-17,2023-01-16,31,37.69,received
PO0001433,SUP-05,7427053,2022-12-17,2023-01-04,59,28.49,received
PO0001434,SUP-12,7496477,2022-12-17,2022-12-29,35,46.39,received
PO0001435,SUP-02,8966163,2022-12-17,2022-12-27,3141,31.27,received
PO0001436,SUP-11,2377662,2022-12-18,2023-01-22,65,46.07,received
PO0001437,SUP-12,5862621,2022-12-18,2022-12-30,171,17.84,short_received
PO0001438,SUP-07,6695684,2022-12-18,2023-01-08,56,23.38,received
PO0001439,SUP-03,6854023,2022-12-18,2023-01-01,153,59.47,received
PO0001440,SUP-06,6944057,2022-12-18,2023-01-08,33,21.17,received
PO0001441,SUP-02,7182700,2022-12-18,2022-12-28,1221,45.94,received
PO0001442,SUP-06,7729308,2022-12-18,2023-01-08,310,18.55,received
PO0001443,SUP-11,8218381,2022-12-18,2023-01-22,31,13.84,received
PO0001444,SUP-06,9110019,2022-12-18,2023-01-08,50,17.05,received
PO0001445,SUP-03,3781033,2022-12-19,2023-01-02,66,19.71,received
PO0001446,SUP-06,6079235,2022-12-19,2023-01-09,234,3.86,received
PO0001447,SUP-02,8110966,2022-12-19,2022-12-29,27,8.75,received
PO0001448,SUP-11,4958034,2022-12-20,2023-01-24,40,17.24,received
PO0001449,SUP-12,5027667,2022-12-20,2023-01-01,57,51.06,short_received
PO0001450,SUP-02,7062170,2022-12-20,2022-12-30,28,15.9,received
PO0001451,SUP-08,7567958,2022-12-20,2023-01-14,107,45.24,received
PO0001452,SUP-09,7954298,2022-12-20,2023-01-17,39,33.13,received
PO0001453,SUP-07,9746038,2022-12-20,2023-01-10,32,16.55,received
PO0001454,SUP-08,2292183,2022-12-21,2023-01-15,58,5.67,received
PO0001455,SUP-07,2645378,2022-12-21,2023-01-11,43,3.43,received
PO0001456,SUP-12,3004815,2022-12-21,2023-01-02,84,30.19,short_received
PO0001457,SUP-12,4194454,2022-12-21,2023-01-02,377,26.53,received
PO0001458,SUP-08,5068008,2022-12-21,2023-01-15,106,8.2,received
PO0001459,SUP-11,7047405,2022-12-21,2023-01-25,48,12.07,received
PO0001460,SUP-05,8746636,2022-12-21,2023-01-08,103,28.66,received
PO0001461,SUP-05,8800984,2022-12-21,2023-01-08,97,7.97,received
PO0001462,SUP-06,1522015,2022-12-22,2023-01-12,75,59.57,received
PO0001463,SUP-07,1854723,2022-12-22,2023-01-12,44,23.28,received
PO0001464,SUP-07,2287051,2022-12-22,2023-01-12,46,9.52,received
PO0001465,SUP-08,6245368,2022-12-22,2023-01-16,126,11.41,short_received
PO0001466,SUP-11,7814384,2022-12-22,2023-01-26,104,30.22,received
PO0001467,SUP-11,9739117,2022-12-22,2023-01-26,61,19.6,received
PO0001468,SUP-10,9841830,2022-12-22,2023-01-21,380,5.43,short_received
PO0001469,SUP-11,2317989,2022-12-23,2023-01-27,35,24.06,received
PO0001470,SUP-7,3689249,2022-12-23,2023-01-13,74,16.76,received
PO0001471,SUP-03,5250988,2022-12-23,2023-01-06,40,11.2,received
PO0001472,SUP-08,6938043,2022-12-23,2023-01-17,30,20.17,received
PO0001473,SUP-02,9938113,2022-12-23,2023-01-02,32,27.87,received
PO0001474,SUP-06,2875921,2022-12-24,2023-01-14,434,82.49,received
PO0001475,SUP-06,3006131,2022-12-24,2023-01-14,32,61.58,received
PO0001476,SUP-06,6026055,2022-12-24,2023-01-14,36,24.03,received
PO0001477,SUP-03,6460385,2022-12-24,2023-01-07,44,53.53,received
PO0001478,SUP-03,6976349,2022-12-24,2023-01-07,274,20.29,received
PO0001479,SUP-07,7255659,2022-12-24,2023-01-14,54,40.69,received
PO0001480,SUP-08,7622260,2022-12-24,2023-01-18,37,39.5,received
PO0001481,SUP-11,1029072,2022-12-25,2023-01-29,81,23.43,received
PO0001482,SUP-10,4123600,2022-12-25,2023-01-24,110,71.47,received
PO0001483,SUP-01,4476707,2022-12-25,2023-01-01,418,41.39,received
PO0001484,SUP-07,5509792,2022-12-25,2023-01-15,40,35.99,received
PO0001485,SUP-07,5530296,2022-12-25,2023-01-15,87,12.64,received
PO0001486,SUP-09,5599030,2022-12-25,2023-01-22,47,9.0,received
PO0001487,SUP-06,8634461,2022-12-25,2023-01-15,3060,10.6,short_received
PO0001488,SUP-06,9118832,2022-12-25,2023-01-15,214,78.89,received
PO0001489,SUP-07,9248008,2022-12-25,2023-01-15,53,33.57,received
PO0001490,SUP-12,9388289,2022-12-25,2023-01-06,109,33.96,received
PO0001491,SUP-01,2299273,2022-12-26,2023-01-02,48,9.93,received
PO0001492,SUP-04,3428363,2022-12-26,2023-01-09,223,27.96,received
PO0001493,SUP-10,4708009,2022-12-26,2023-01-25,40,48.68,received
PO0001494,SUP-06,7201529,2022-12-26,2023-01-16,110,35.8,received
PO0001495,SUP-06,8511889,2022-12-26,2023-01-16,56,31.35,received
PO0001496,SUP-07,7171122,2022-12-27,2023-01-17,48,27.61,received
PO0001497,SUP-03,8838340,2022-12-27,2023-01-10,37,15.62,received
PO0001498,SUP-07,7448961,2022-12-28,2023-01-18,92,5.17,received
PO0001499,SUP-05,4236332,2022-12-29,2023-01-16,98,15.64,short_received
PO0001500,SUP-07,4663963,2022-12-29,2023-01-19,74,14.42,received
PO0001501,SUP-09,7279985,2022-12-29,2023-01-26,41,53.57,received
PO0001502,SUP-02,9351656,2022-12-29,2023-01-08,46,10.36,received
PO0001503,SUP-04,4646091,2022-12-30,2023-01-13,66,30.38,received
PO0001504,SUP-11,7310073,2022-12-30,2023-02-03,31,37.97,received
PO0001505,SUP-01,7801595,2022-12-30,2023-01-06,48,44.03,received
PO0001506,SUP-08,1038403,2022-12-31,2023-01-25,45,26.6,received
PO0001507,SUP-12,1196740,2022-12-31,2023-01-12,55,30.73,received
PO0001508,SUP-04,3124731,2022-12-31,2023-01-14,56,13.62,received
PO0001509,SUP-02,4994348,2022-12-31,2023-01-10,137,22.36,received
PO0001510,SUP-06,6000495,2022-12-31,2023-01-21,36,23.68,received
PO0001511,SUP-11,6351542,2022-12-31,2023-02-04,40,14.54,received
PO0001512,SUP-08,1959257,2023-01-01,2023-01-26,36,7.25,received
PO0001513,SUP-12,5092850,2023-01-01,2023-01-13,59,7.84,short_received
PO0001514,SUP-05,5234930,2023-01-01,2023-01-19,96,90.19,short_received
PO0001515,SUP-12,5520674,2023-01-01,2023-01-13,56,13.49,received
PO0001516,SUP-12,6474782,2023-01-01,2023-01-13,70,36.64,received
PO0001517,SUP-01,2731345,2023-01-02,2023-01-09,121,25.59,received
PO0001518,SUP-05,4870730,2023-01-03,2023-01-21,40,11.51,received
PO0001519,SUP-06,5114384,2023-01-03,2023-01-24,249,10.38,received
PO0001520,SUP-05,6280890,2023-01-03,2023-01-21,44,12.17,received
PO0001521,SUP-10,7106580,2023-01-04,2023-02-03,33,15.24,short_received
PO0001522,SUP-07,7390450,2023-01-04,2023-01-25,98,17.71,received
PO0001523,SUP-12,3301602,2023-01-05,2023-01-17,57,16.19,received
PO0001524,SUP-03,7212311,2023-01-05,2023-01-19,68,14.17,received
PO0001525,SUP-11,9075437,2023-01-05,2023-02-09,65,12.33,received
PO0001526,SUP-11,9111330,2023-01-05,2023-02-09,52,79.04,received
PO0001527,SUP-09,1601049,2023-01-06,2023-02-03,35,11.87,received
PO0001528,SUP-09,2704704,2023-01-06,2023-02-03,67,51.64,received
PO0001529,SUP-03,4895822,2023-01-06,2023-01-20,47,23.36,received
PO0001530,SUP-04,5131367,2023-01-06,2023-01-20,44,10.54,received
PO0001531,SUP-07,1079923,2023-01-07,2023-01-28,69,47.13,received
PO0001532,SUP-05,2931280,2023-01-07,2023-01-25,63,13.4,received
PO0001533,SUP-08,4705110,2023-01-07,2023-02-01,172,10.26,received
PO0001534,SUP-03,5186154,2023-01-07,2023-01-21,44,43.24,received
PO0001535,SUP-10,6380274,2023-01-07,2023-02-06,106,93.42,short_received
PO0001536,SUP-12,7346335,2023-01-07,2023-01-19,63,28.75,received
PO0001537,SUP-08,7429245,2023-01-07,2023-02-01,71,7.48,received
PO0001538,SUP-12,7474821,2023-01-07,2023-01-19,28,20.97,received
PO0001539,SUP-09,4076320,2023-01-08,2023-02-05,38,5.08,received
PO0001540,SUP-09,5852256,2023-01-08,2023-02-05,53,18.59,received
PO0001541,SUP-01,9065490,2023-01-08,2023-01-15,127,46.23,received
PO0001542,SUP-10,9198161,2023-01-08,2023-02-07,61,65.37,received
PO0001543,SUP-06,3852546,2023-01-09,2023-01-30,124,33.5,received
PO0001544,SUP-07,6529231,2023-01-09,2023-01-30,43,12.53,received
PO0001545,SUP-05,4648994,2023-01-10,2023-01-28,57,10.16,received
PO0001546,SUP-06,5466720,2023-01-10,2023-01-31,64,49.13,received
PO0001547,SUP-09,5847380,2023-01-10,2023-02-07,57,$19.76,received
PO0001548,SUP-07,7275086,2023-01-10,2023-01-31,95,27.21,received
PO0001549,SUP-07,7433330,2023-01-10,2023-01-31,40,6.52,received
PO0001550,SUP-03,8926382,2023-01-10,2023-01-24,34,14.44,received
PO0001551,SUP-06,1111123,2023-01-11,2023-02-01,29,19.97,received
PO0001552,SUP-09,6520765,2023-01-11,2023-02-08,28,29.92,received
PO0001553,SUP-10,9040237,2023-01-11,2023-02-10,81,55.88,received
PO0001554,SUP-09,9315482,2023-01-11,2023-02-08,44,27.97,received
PO0001555,SUP-12,9721204,2023-01-11,2023-01-23,36,22.31,received
PO0001556,SUP-05,1910407,2023-01-12,2023-01-30,35,30.72,received
PO0001557,SUP-05,3243048,2023-01-12,2023-01-30,649,19.31,received
PO0001558,SUP-01,3503816,2023-01-12,2023-01-19,36,9.62,received
PO0001559,SUP-09,4143393,2023-01-12,2023-02-09,102,99.42,received
PO0001560,SUP-12,5495706,2023-01-12,2023-01-24,36,62.93,short_received
PO0001561,SUP-01,7180258,2023-01-12,2023-01-19,37,32.26,received
PO0001562,SUP-12,3206674,2023-01-13,2023-01-25,49,12.19,received
PO0001563,SUP-04,6338037,2023-01-13,2023-01-27,453,18.09,received
PO0001564,SUP-09,9319849,2023-01-13,2023-02-10,492,78.71,received
PO0001565,SUP-07,1072276,2023-01-14,2023-02-04,33,20.84,received
PO0001566,SUP-11,4200826,2023-01-14,2023-02-18,33,10.71,received
PO0001567,SUP-03,4411802,2023-01-14,2023-01-28,52,23.96,received
PO0001568,SUP-03,5822751,2023-01-14,2023-01-28,98,29.63,short_received
PO0001569,SUP-07,7660389,2023-01-14,2023-02-04,304,9.4,received
PO0001570,SUP-10,7871485,2023-01-14,2023-02-13,38,8.86,received
PO0001571,SUP-02,9118281,2023-01-14,2023-01-24,58,8.1,received
PO0001572,SUP-06,9172205,2023-01-14,2023-02-04,24,8.21,received
PO0001573,SUP-07,4365384,2023-01-15,2023-02-05,40,89.22,received
PO0001574,SUP-02,5409305,2023-01-15,2023-01-25,45,49.51,short_received
PO0001575,SUP-06,5425967,2023-01-15,2023-02-05,36,45.68,received
PO0001576,SUP-07,8721483,2023-01-15,2023-02-05,56,14.23,received
PO0001577,SUP-11,8758486,2023-01-15,2023-02-19,77,36.61,received
PO0001578,SUP-06,2404737,2023-01-16,2023-02-06,27,31.49,short_received
PO0001579,SUP-06,6953807,2023-01-16,2023-02-06,65,5.78,received
PO0001580,SUP-09,1204442,2023-01-17,2023-02-14,35,51.21,received
PO0001581,SUP-01,2380478,2023-01-17,2023-01-24,71,24.53,received
PO0001582,SUP-01,2527689,2023-01-17,2023-01-24,41,15.8,received
PO0001583,SUP-06,4356662,2023-01-17,2023-02-07,48,110.57,received
PO0001584,SUP-07,9554682,2023-01-17,2023-02-07,40,46.15,received
PO0001585,SUP-02,2993399,2023-01-18,2023-01-28,36,45.24,received
PO0001586,SUP-01,5553390,2023-01-18,2023-01-25,30,26.78,short_received
PO0001587,SUP-05,1083413,2023-01-19,2023-02-06,88,35.64,received
PO0001588,SUP-07,3554832,2023-01-19,2023-02-09,141,26.31,received
PO0001589,SUP-02,4123413,2023-01-19,2023-01-29,53,22.26,received
PO0001590,SUP-03,6155600,2023-01-19,2023-02-02,33,18.45,received
PO0001591,SUP-02,7946407,2023-01-19,2023-01-29,37,29.55,received
PO0001592,SUP-11,9800243,2023-01-19,2023-02-23,311,36.88,received
PO0001593,SUP-06,1260475,2023-01-20,2023-02-10,1090,87.83,received
PO0001594,SUP-03,3487534,2023-01-22,2023-02-05,38,10.37,received
PO0001595,SUP-01,3583619,2023-01-22,2023-01-29,53,9.41,received
PO0001596,SUP-07,8089253,2023-01-22,2023-02-12,64,44.38,received
PO0001597,SUP-11,8795573,2023-01-22,2023-02-26,184,13.22,received
PO0001598,SUP-03,3533080,2023-01-23,2023-02-06,25,46.18,received
PO0001599,SUP-06,7949185,2023-01-23,2023-02-13,28,11.92,received
PO0001600,SUP-02,8110966,2023-01-23,2023-02-02,34,8.67,received
PO0001601,SUP-06,9110019,2023-01-24,2023-02-14,57,17.16,received
PO0001602,SUP-05,5711182,2023-01-25,2023-02-12,460,39.18,received
PO0001603,SUP-11,6693651,2023-01-25,2023-03-01,96,14.22,received
PO0001604,SUP-06,9355705,2023-01-25,2023-02-15,36,39.96,received
PO0001605,SUP-07,1099410,2023-01-26,2023-02-16,290,6.38,received
PO0001606,SUP-07,1428173,2023-01-26,2023-02-16,179,49.31,received
PO0001607,SUP-08,2292183,2023-01-26,2023-02-20,66,5.65,received
PO0001608,SUP-12,6810241,2023-01-26,2023-02-07,120,7.51,received
PO0001609,SUP-06,8754194,2023-01-26,2023-02-16,211,23.24,received
PO0001610,SUP-06,3157737,2023-01-27,2023-02-17,58,40.57,received
PO0001611,SUP-07,8832573,2023-01-27,2023-02-17,32,40.04,received
PO0001612,SUP-05,1189654,2023-01-28,2023-02-15,41,13.21,received
PO0001613,SUP-11,1383693,2023-01-28,2023-03-04,93,18.6,received
PO0001614,SUP-01,2154101,2023-01-28,2023-02-04,116,6.1,received
PO0001615,SUP-12,5862621,2023-01-28,2023-02-09,147,17.81,received
PO0001616,SUP-03,6497266,2023-01-28,2023-02-11,118,4.22,received
PO0001617,SUP-08,6938043,2023-01-28,2023-02-22,36,20.29,received
PO0001618,SUP-10,7303637,2023-01-28,2023-02-27,57,36.94,received
PO0001619,SUP-03,1517547,2023-01-29,2023-02-12,37,11.23,received
PO0001620,SUP-05,2337045,2023-01-29,2023-02-16,74,9.02,received
PO0001621,SUP-01,3318117,2023-01-29,2023-02-05,37,22.3,received
PO0001622,SUP-07,4098324,2023-01-29,2023-02-19,245,8.82,received
PO0001623,SUP-11,4720552,2023-01-29,2023-03-05,95,7.99,received
PO0001624,SUP-05,6517467,2023-01-29,2023-02-16,100,41.04,received
PO0001625,SUP-12,8016491,2023-01-29,2023-02-10,35,73.31,received
PO0001626,SUP-08,8536600,2023-01-29,2023-02-23,30,9.27,received
PO0001627,SUP-06,1430298,2023-01-30,2023-02-20,36,62.0,received
PO0001628,SUP-12,3211935,2023-01-30,2023-02-11,29,23.34,received
PO0001629,SUP-01,5908484,2023-01-30,2023-02-06,196,98.81,received
PO0001630,SUP-03,6024870,2023-01-30,2023-02-13,70,16.42,received
PO0001631,SUP-12,7620070,2023-01-30,2023-02-11,40,30.44,short_received
PO0001632,SUP-11,7826018,2023-01-30,2023-03-06,43,5.72,received
PO0001633,SUP-03,9691291,2023-01-30,2023-02-13,172,23.59,received
PO0001634,SUP-07,9746038,2023-01-30,2023-02-20,36,16.54,received
PO0001635,SUP-08,1640473,2023-01-31,2023-02-25,28,12.36,received
PO0001636,SUP-02,3383881,2023-01-31,2023-02-10,28,61.39,received
PO0001637,SUP-05,3676700,2023-01-31,2023-02-18,101,26.73,received
PO0001638,SUP-05,4870730,2023-01-31,2023-02-18,57,11.62,received
PO0001639,SUP-10,6543834,2023-01-31,2023-03-02,40,5.68,received
PO0001640,SUP-12,7373415,2023-01-31,2023-02-12,40,13.03,received
PO0001641,SUP-03,9829417,2023-01-31,2023-02-14,578,65.67,received
PO0001642,SUP-05,1092786,2023-02-01,2023-02-19,53,4.37,received
PO0001643,SUP-04,3124731,2023-02-01,2023-02-15,66,13.64,received
PO0001644,SUP-01,4059984,2023-02-01,2023-02-08,25,16.64,received
PO0001645,SUP-10,5781989,2023-02-01,2023-03-03,30,37.13,received
PO0001646,SUP-07,6362414,2023-02-01,2023-02-22,163,9.73,received
PO0001647,SUP-02,7182700,2023-02-01,2023-02-11,1178,45.71,received
PO0001648,SUP-12,8728798,2023-02-01,2023-02-13,289,6.43,received
PO0001649,SUP-09,1385609,2023-02-02,2023-03-02,35,55.13,received
PO0001650,SUP-09,6637675,2023-02-02,2023-03-02,48,16.61,received
PO0001651,SUP-06,7729308,2023-02-02,2023-02-23,294,18.44,short_received
PO0001652,SUP-05,1080071,2023-02-03,2023-02-21,35,18.01,received
PO0001653,SUP-05,1778504,2023-02-03,2023-02-21,30,30.29,received
PO0001654,SUP-11,6960004,2023-02-03,2023-03-10,75,17.69,received
PO0001655,SUP-10,7106580,2023-02-03,2023-03-05,44,15.25,received
PO0001656,SUP-08,7567958,2023-02-03,2023-02-28,109,45.19,received
PO0001657,SUP-08,8261390,2023-02-03,2023-02-28,27,77.05,received
PO0001658,SUP-02,8966163,2023-02-03,2023-02-13,2953,31.39,received
PO0001659,SUP-05,9036326,2023-02-03,2023-02-21,374,3.11,received
PO0001660,SUP-05,9261290,2023-02-03,2023-02-21,191,33.53,received
PO0001661,SUP-07,1356979,2023-02-04,2023-02-25,559,13.18,received
PO0001662,SUP-12,5027667,2023-02-04,2023-02-16,48,50.28,received
PO0001663,SUP-01,5678537,2023-02-04,2023-02-11,135,63.75,received
PO0001664,SUP-12,3004815,2023-02-05,2023-02-17,77,30.54,received
PO0001665,SUP-05,5234930,2023-02-05,2023-02-23,102,90.36,short_received
PO0001666,SUP-11,8004216,2023-02-05,2023-03-12,39,16.82,received
PO0001667,SUP-02,8903471,2023-02-05,2023-02-15,145,9.92,received
PO0001668,SUP-06,1367097,2023-02-06,2023-02-27,32,24.11,received
PO0001669,SUP-07,2287051,2023-02-06,2023-02-27,48,9.71,received
PO0001670,SUP-06,3006131,2023-02-06,2023-02-27,36,61.76,received
PO0001671,SUP-12,4194454,2023-02-06,2023-02-18,359,26.35,received
PO0001672,SUP-05,4236332,2023-02-06,2023-02-24,85,15.8,received
PO0001673,SUP-11,7814384,2023-02-06,2023-03-13,104,31.2,received
PO0001674,SUP-06,3166872,2023-02-07,2023-02-28,44,17.21,received
PO0001675,SUP-06,3330012,2023-02-07,2023-02-28,46,9.32,short_received
PO0001676,SUP-12,5092850,2023-02-07,2023-02-19,67,7.85,received
PO0001677,SUP-06,6079235,2023-02-07,2023-02-28,219,3.85,received
PO0001678,SUP-08,6245368,2023-02-07,2023-03-04,114,11.42,received
PO0001679,SUP-11,6351542,2023-02-07,2023-03-14,46,14.74,received
PO0001680,SUP-10,6380274,2023-02-07,2023-03-09,128,92.1,short_received
PO0001681,SUP-03,6854023,2023-02-07,2023-02-21,139,59.13,received
PO0001682,SUP-02,9938113,2023-02-07,2023-02-17,36,27.7,received
PO0001683,SUP-06,6944057,2023-02-08,2023-03-01,33,21.12,received
PO0001684,SUP-07,7171122,2023-02-08,2023-03-01,50,28.26,received
PO0001685,SUP-08,7622260,2023-02-08,2023-03-05,38,38.77,received
PO0001686,SUP-7,7630387,2023-02-08,2023-03-01,32,13.46,received
PO0001687,SUP-10,9841830,2023-02-08,2023-03-10,328,5.51,received
PO0001688,SUP-08,1959257,2023-02-09,2023-03-06,45,7.42,short_received
PO0001689,SUP-05,2931280,2023-02-09,2023-02-27,73,13.61,received
PO0001690,SUP-12,4489659,2023-02-09,2023-02-21,177,26.91,received
PO0001691,SUP-07,5599767,2023-02-09,2023-03-02,82,6.16,received
PO0001692,SUP-11,7047405,2023-02-09,2023-03-16,48,12.39,received
PO0001693,SUP-07,5530296,2023-02-10,2023-03-03,90,12.69,received
PO0001694,SUP-02,7062170,2023-02-10,2023-02-20,29,15.57,short_received
PO0001695,SUP-05,9645778,2023-02-10,2023-02-28,667,12.61,short_received
PO0001696,SUP-06,1522015,2023-02-11,2023-03-04,70,60.81,received
PO0001697,SUP-01,2731345,2023-02-11,2023-02-18,129,25.92,received
PO0001698,SUP-11,2804964,2023-02-11,2023-03-18,51,16.93,received
PO0001699,SUP-03,3240903,2023-02-11,2023-02-25,52,27.74,received
PO0001700,SUP-07,3346010,2023-02-11,2023-03-04,425,10.12,received
PO0001701,SUP-07,3689249,2023-02-11,2023-03-04,73,16.78,received
PO0001702,SUP-06,4170752,2023-02-11,2023-03-04,856,95.46,received
PO0001703,SUP-08,5068008,2023-02-11,2023-03-08,100,8.35,received
PO0001704,SUP-07,7255659,2023-02-11,2023-03-04,54,41.07,received
PO0001705,SUP-11,7310073,2023-02-11,2023-03-18,35,39.7,received
PO0001706,SUP-07,7448961,2023-02-11,2023-03-04,97,5.14,received
PO0001707,SUP-10,8488816,2023-02-11,2023-03-13,48,27.65,received
PO0001708,SUP-03,8838340,2023-02-11,2023-02-25,40,15.42,received
PO0001709,SUP-06,9118832,2023-02-11,2023-03-04,215,79.12,received
PO0001710,SUP-06,2404737,2023-02-12,2023-03-05,30,31.92,received
PO0001711,SUP-08,2565553,2023-02-12,2023-03-09,52,$7.43,received
PO0001712,SUP-04,3428363,2023-02-12,2023-02-26,221,28.04,received
PO0001713,SUP-03,5822751,2023-02-12,2023-02-26,99,29.38,received
PO0001714,SUP-09,6520765,2023-02-12,2023-03-12,38,30.77,received
PO0001715,SUP-03,9940011,2023-02-12,2023-02-26,190,19.47,received
PO0001716,SUP-07,1079923,2023-02-13,2023-03-06,74,46.99,received
PO0001717,SUP-03,1850756,2023-02-13,2023-02-27,36,20.39,received
PO0001718,SUP-01,2299273,2023-02-13,2023-02-20,48,10.02,received
PO0001719,SUP-07,3289377,2023-02-13,2023-03-06,54,31.33,received
PO0001720,SUP-10,4123600,2023-02-13,2023-03-15,107,70.88,received
PO0001721,SUP-10,4708009,2023-02-13,2023-03-15,36,48.77,received
PO0001722,SUP-06,5425967,2023-02-13,2023-03-06,44,45.73,short_received
PO0001723,SUP-12,7496477,2023-02-13,2023-02-25,30,46.63,received
PO0001724,SUP-07,1854723,2023-02-14,2023-03-07,40,22.71,received
PO0001725,SUP-09,2704704,2023-02-14,2023-03-14,72,52.3,received
PO0001726,SUP-03,5212958,2023-02-14,2023-02-28,24,41.35,received
PO0001727,SUP-04,5315329,2023-02-14,2023-02-28,40,18.68,received
PO0001728,SUP-05,6280890,2023-02-14,2023-03-04,48,12.27,received
PO0001729,SUP-09,9315482,2023-02-14,2023-03-14,53,28.72,received
PO0001730,SUP-04,4646091,2023-02-15,2023-03-01,66,30.78,received
PO0001731,SUP-03,6460385,2023-02-15,2023-03-01,41,53.08,received
PO0001732,SUP-07,7390450,2023-02-15,2023-03-08,106,17.52,received
PO0001733,SUP-11,9075437,2023-02-15,2023-03-22,71,12.26,received
PO0001734,SUP-12,9388289,2023-02-15,2023-02-27,102,33.6,received
PO0001735,SUP-05,8746636,2023-02-16,2023-03-06,90,29.11,received
PO0001736,SUP-12,6474782,2023-02-17,2023-03-01,67,36.7,received
PO0001737,SUP-05,7427053,2023-02-17,2023-03-07,48,28.28,received
PO0001738,SUP-07,9554682,2023-02-17,2023-03-10,51,45.95,received
PO0001739,SUP-09,4076320,2023-02-18,2023-03-18,40,5.37,received
PO0001740,SUP-02,4994348,2023-02-18,2023-02-28,126,22.48,received
PO0001741,SUP-3,6155600,2023-02-18,2023-03-04,47,18.45,received
PO0001742,SUP-06,7201529,2023-02-18,2023-03-11,100,36.39,received
PO0001743,SUP-03,7212311,2023-02-18,2023-03-04,66,14.26,received
PO0001744,SUP-08,7429245,2023-02-18,2023-03-15,72,7.49,received
PO0001745,SUP-09,1601049,2023-02-19,2023-03-19,36,12.45,received
PO0001746,SUP-05,1910407,2023-02-19,2023-03-09,40,31.3,received
PO0001747,SUP-05,4648994,2023-02-19,2023-03-09,61,10.18,received
PO0001748,SUP-11,4958034,2023-02-19,2023-03-26,34,17.57,received
PO0001749,SUP-03,5186154,2023-02-19,2023-03-05,48,43.62,received
PO0001750,SUP-07,6529231,2023-02-19,2023-03-12,47,12.24,received
PO0001751,SUP-01,7180258,2023-02-19,2023-02-26,39,32.35,received
PO0001752,SUP-09,7941277,2023-02-19,2023-03-19,30,18.85,received
PO0001753,SUP-11,1029072,2023-02-20,2023-03-27,73,23.81,received
PO0001754,SUP-03,4411802,2023-02-20,2023-03-06,58,23.73,received
PO0001755,SUP-11,9111330,2023-02-20,2023-03-27,54,79.3,received
PO0001756,SUP-06,9172205,2023-02-20,2023-03-13,28,8.17,received
PO0001757,SUP-05,3243048,2023-02-21,2023-03-11,692,19.64,received
PO0001758,SUP-06,3852546,2023-02-21,2023-03-14,130,33.77,received
PO0001759,SUP-06,5466720,2023-02-21,2023-03-14,68,48.34,short_received
PO0001760,SUP-09,5847380,2023-02-21,2023-03-21,62,20.29,received
PO0001761,SUP-06,6026055,2023-02-21,2023-03-14,32,23.33,received
PO0001762,SUP-07,6695684,2023-02-21,2023-03-14,46,23.76,received
PO0001763,SUP-12,7474821,2023-02-21,2023-03-05,28,21.06,received
PO0001764,SUP-11,8218381,2023-02-21,2023-03-28,28,14.14,received
PO0001765,SUP-12,9721204,2023-02-21,2023-03-05,36,22.87,received
PO0001766,SUP-11,9739117,2023-02-21,2023-03-28,53,20.27,received
PO0001767,SUP-09,9939190,2023-02-21,2023-03-21,226,22.71,received
PO0001768,SUP-12,3206674,2023-02-22,2023-03-06,49,11.87,received
PO0001769,SUP-09,7279985,2023-02-22,2023-03-22,39,54.73,received
PO0001770,SUP-05,8800984,2023-02-22,2023-03-12,81,7.89,received
PO0001771,SUP-01,9065490,2023-02-22,2023-03-01,117,46.65,received
PO0001772,SUP-02,9118281,2023-02-22,2023-03-04,64,8.13,received
PO0001773,SUP-07,3817121,2023-02-23,2023-03-16,32,33.44,received
PO0001774,SUP-07,4663963,2023-02-23,2023-03-16,66,14.44,received
PO0001775,SUP-08,4705110,2023-02-23,2023-03-20,168,10.04,received
PO0001776,SUP-06,5114384,2023-02-23,2023-03-16,266,10.46,received
PO0001777,SUP-01,5553390,2023-02-23,2023-03-02,28,26.91,received
PO0001778,SUP-03,8926382,2023-02-23,2023-03-09,38,14.46,received
PO0001779,SUP-07,5509792,2023-02-24,2023-03-17,36,35.53,received
PO0001780,SUP-01,7801595,2023-02-24,2023-03-03,43,43.95,received
PO0001781,SUP-10,9040237,2023-02-24,2023-03-26,84,56.44,received
PO0001782,SUP-01,2380478,2023-02-25,2023-03-04,77,24.51,received
PO0001783,SUP-02,2993399,2023-02-25,2023-03-07,42,45.46,received
PO0001784,SUP-07,3648094,2023-02-25,2023-03-18,45,16.92,received
PO0001785,SUP-08,1038403,2023-02-26,2023-03-23,40,25.88,received
PO0001786,SUP-02,3383881,2023-02-26,2023-03-08,39,61.51,received
PO0001787,SUP-03,3781033,2023-02-26,2023-03-12,50,19.73,received
PO0001788,SUP-09,4143393,2023-02-26,2023-03-26,102,101.39,received
PO0001789,SUP-04,5131367,2023-02-26,2023-03-12,47,10.56,received
PO0001790,SUP-10,7871485,2023-02-26,2023-03-28,40,8.82,received
PO0001791,SUP-09,7954298,2023-02-26,2023-03-26,35,33.53,received
PO0001792,SUP-09,9319849,2023-02-26,2023-03-26,503,82.21,received
PO0001793,SUP-06,1111123,2023-02-27,2023-03-20,34,20.2,received
PO0001794,SUP-07,9248008,2023-02-27,2023-03-20,44,33.97,received
PO0001795,SUP-11,1383693,2023-02-28,2023-04-04,117,18.26,received
PO0001796,SUP-07,2645378,2023-02-28,2023-03-21,35,3.43,received
PO0001797,SUP-07,2738486,2023-02-28,2023-03-21,36,10.01,received
PO0001798,SUP-06,4356662,2023-02-28,2023-03-21,53,110.15,received
PO0001799,SUP-03,4895822,2023-02-28,2023-03-14,44,23.71,received
PO0001800,SUP-03,6497266,2023-02-28,2023-03-14,151,4.16,received
PO0001801,SUP-06,6953807,2023-02-28,2023-03-21,68,5.93,received
PO0001802,SUP-03,3487534,2023-03-01,2023-03-15,48,10.76,received
PO0001803,SUP-01,3583619,2023-03-01,2023-03-08,61,9.38,received
PO0001804,SUP-03,5250988,2023-03-01,2023-03-15,33,11.51,received
PO0001805,SUP-09,5852256,2023-03-01,2023-03-29,51,19.34,received
PO0001806,SUP-07,7275086,2023-03-01,2023-03-22,89,27.63,received
PO0001807,SUP-07,8721483,2023-03-01,2023-03-22,65,14.45,received
PO0001808,SUP-11,4200826,2023-03-02,2023-04-06,33,10.88,received
PO0001809,SUP-12,6810241,2023-03-02,2023-03-14,160,7.51,received
PO0001810,SUP-12,7346335,2023-03-02,2023-03-14,58,29.06,received
PO0001811,SUP-02,9351656,2023-03-02,2023-03-12,40,10.16,received
PO0001812,SUP-06,6000495,2023-03-03,2023-03-24,32,23.37,received
PO0001813,SUP-07,8089253,2023-03-03,2023-03-24,78,45.0,received
PO0001814,SUP-11,8795573,2023-03-03,2023-04-07,213,13.28,received
PO0001815,SUP-12,1196740,2023-03-04,2023-03-16,45,30.92,received
PO0001816,SUP-01,2527689,2023-03-04,2023-03-11,44,16.1,received
PO0001817,SUP-06,3157737,2023-03-04,2023-03-25,72,40.62,received
PO0001818,SUP-12,3301602,2023-03-04,2023-03-16,58,16.4,received
PO0001819,SUP-07,4098324,2023-03-04,2023-03-25,324,8.85,received
PO0001820,SUP-07,4365384,2023-03-04,2023-03-25,40,88.87,received
PO0001821,SUP-12,5862621,2023-03-04,2023-03-16,179,17.62,received
PO0001822,SUP-11,7047405,2023-03-04,2023-04-08,65,12.5,received
PO0001823,SUP-11,8758486,2023-03-04,2023-04-08,79,36.62,received
PO0001824,SUP-07,1072276,2023-03-05,2023-03-26,32,20.63,received
PO0001825,SUP-02,5409305,2023-03-05,2023-03-15,44,49.39,received
PO0001826,SUP-12,5495706,2023-03-05,2023-03-17,32,62.0,received
PO0001827,SUP-11,6693651,2023-03-05,2023-04-09,108,13.99,received
PO0001828,SUP-07,7433330,2023-03-05,2023-03-26,37,6.52,received
PO0001829,SUP-02,7946407,2023-03-05,2023-03-15,40,29.5,received
PO0001830,SUP-12,8016491,2023-03-05,2023-03-17,44,73.98,received
PO0001831,SUP-06,8754194,2023-03-05,2023-03-26,247,23.22,received
PO0001832,SUP-05,1189654,2023-03-06,2023-03-24,52,13.81,received
PO0001833,SUP-05,3676700,2023-03-06,2023-03-24,123,28.55,received
PO0001834,SUP-01,4059984,2023-03-06,2023-03-13,32,16.71,received
PO0001835,SUP-09,5599030,2023-03-06,2023-04-03,38,9.18,received
PO0001836,SUP-11,7826018,2023-03-06,2023-04-10,53,5.77,received
PO0001837,SUP-11,9800243,2023-03-06,2023-04-10,310,37.42,short_received
PO0001838,SUP-07,1099410,2023-03-07,2023-03-28,346,6.4,received
PO0001839,SUP-01,3503816,2023-03-07,2023-03-14,32,9.58,received
PO0001840,SUP-07,6362414,2023-03-07,2023-03-28,207,9.85,received
PO0001841,SUP-06,1430298,2023-03-08,2023-03-29,41,63.05,received
PO0001842,SUP-04,3124731,2023-03-08,2023-03-22,89,13.57,received
PO0001843,SUP-11,4720552,2023-03-08,2023-04-12,111,8.07,received
PO0001844,SUP-12,5520674,2023-03-08,2023-03-20,46,13.5,received
PO0001845,SUP-12,7620070,2023-03-08,2023-03-20,44,30.12,received
PO0001846,SUP-06,7729308,2023-03-08,2023-03-29,350,18.67,received
PO0001847,SUP-08,8536600,2023-03-08,2023-04-02,37,9.23,received
PO0001848,SUP-05,1092786,2023-03-09,2023-03-27,75,4.6,received
PO0001849,SUP-01,2154101,2023-03-09,2023-03-16,138,6.11,received
PO0001850,SUP-11,2317989,2023-03-09,2023-04-13,30,24.76,received
PO0001851,SUP-01,5908484,2023-03-09,2023-03-16,244,98.71,received
PO0001852,SUP-08,2292183,2023-03-10,2023-04-04,72,5.77,received
PO0001853,SUP-01,3318117,2023-03-10,2023-03-17,45,22.13,received
PO0001854,SUP-07,1428173,2023-03-11,2023-04-01,196,49.35,received
PO0001855,SUP-09,6637675,2023-03-11,2023-04-08,57,16.7,received
PO0001856,SUP-11,6768228,2023-03-11,2023-04-15,445,8.91,received
PO0001857,SUP-11,7864641,2023-03-11,2023-04-15,414,6.84,received
PO0001858,SUP-05,1083413,2023-03-12,2023-03-30,83,36.56,received
PO0001859,SUP-05,1778504,2023-03-12,2023-03-30,42,31.71,short_received
PO0001860,SUP-03,3533080,2023-03-12,2023-03-26,28,47.96,received
PO0001861,SUP-07,3554832,2023-03-12,2023-04-02,134,26.9,received
PO0001862,SUP-07,4747587,2023-03-12,2023-04-02,6957,31.63,received
PO0001863,SUP-02,7182700,2023-03-12,2023-03-22,1345,45.61,received
PO0001864,SUP-10,7303637,2023-03-12,2023-04-11,62,36.65,received
PO0001865,SUP-05,9036326,2023-03-12,2023-03-30,453,3.3,received
PO0001866,SUP-10,9198161,2023-03-12,2023-04-11,51,66.6,short_received
PO0001867,SUP-03,9829417,2023-03-12,2023-03-26,681,67.97,received
PO0001868,SUP-09,1385609,2023-03-13,2023-04-10,41,54.98,received
PO0001869,SUP-03,3240903,2023-03-13,2023-03-27,67,28.63,received
PO0001870,SUP-05,5234930,2023-03-13,2023-03-31,113,93.47,received
PO0001871,SUP-03,6854023,2023-03-13,2023-03-27,171,60.93,received
PO0001872,SUP-11,8004216,2023-03-13,2023-04-17,47,16.73,received
PO0001873,SUP-07,8832573,2023-03-13,2023-04-03,38,39.13,received
PO0001874,SUP-09,1204442,2023-03-14,2023-04-11,32,52.73,received
PO0001875,SUP-03,1517547,2023-03-14,2023-03-28,48,11.61,received
PO0001876,SUP-06,2404737,2023-03-14,2023-04-04,40,31.67,received
PO0001877,SUP-12,5092850,2023-03-14,2023-03-26,84,7.74,received
PO0001878,SUP-03,5212958,2023-03-14,2023-03-28,41,42.43,received
PO0001879,SUP-10,6543834,2023-03-14,2023-04-13,44,5.69,received
PO0001880,SUP-11,6960004,2023-03-14,2023-04-18,84,17.68,received
PO0001881,SUP-02,8903471,2023-03-14,2023-03-24,171,9.92,received
PO0001882,SUP-06,9355705,2023-03-14,2023-04-04,44,40.09,received
PO0001883,SUP-12,4489659,2023-03-15,2023-03-27,216,27.29,received
PO0001884,SUP-10,5781989,2023-03-15,2023-04-14,37,37.9,received
PO0001885,SUP-05,6517467,2023-03-15,2023-04-02,98,43.22,received
PO0001886,SUP-08,7622260,2023-03-15,2023-04-09,51,39.62,received
PO0001887,SUP-08,8261390,2023-03-15,2023-04-09,30,77.37,received
PO0001888,SUP-02,8966163,2023-03-15,2023-03-25,3349,32.05,received
PO0001889,SUP-07,9746038,2023-03-15,2023-04-05,38,16.19,received
PO0001890,SUP-08,1959257,2023-03-16,2023-04-10,45,7.33,received
PO0001891,SUP-07,2287051,2023-03-16,2023-04-06,57,9.63,received
PO0001892,SUP-01,5678537,2023-03-16,2023-03-23,158,63.99,received
PO0001893,SUP-01,2299273,2023-03-17,2023-03-24,60,10.04,received
PO0001894,SUP-10,6380274,2023-03-17,2023-04-16,145,92.27,received
PO0001895,SUP-07,1079923,2023-03-18,2023-04-08,90,46.8,received
PO0001896,SUP-11,2377662,2023-03-18,2023-04-22,53,47.4,received
PO0001897,SUP-08,5068008,2023-03-18,2023-04-12,127,8.19,received
PO0001898,SUP-07,5599767,2023-03-18,2023-04-08,98,6.17,received
PO0001899,SUP-08,7567958,2023-03-18,2023-04-12,116,45.08,received
PO0001900,SUP-11,8218381,2023-03-18,2023-04-22,37,$14.2,received
PO0001901,SUP-08,9755526,2023-03-18,2023-04-12,4146,35.03,received
PO0001902,SUP-12,3211935,2023-03-19,2023-03-31,32,23.33,short_received
PO0001903,SUP-02,4123413,2023-03-19,2023-03-29,44,22.57,received
PO0001904,SUP-12,4194454,2023-03-19,2023-03-31,388,26.53,received
PO0001905,SUP-11,4958034,2023-03-19,2023-04-23,45,17.91,received
PO0001906,SUP-01,5553390,2023-03-19,2023-03-26,40,27.22,received
PO0001907,SUP-06,7949185,2023-03-19,2023-04-09,27,12.22,short_received
PO0001908,SUP-10,9841830,2023-03-19,2023-04-18,355,5.52,received
PO0001909,SUP-11,2804964,2023-03-20,2023-04-24,60,16.76,received
PO0001910,SUP-07,3289377,2023-03-20,2023-04-10,62,31.03,received
PO0001911,SUP-07,3689249,2023-03-20,2023-04-10,89,16.73,received
PO0001912,SUP-03,6024870,2023-03-20,2023-04-03,69,16.9,short_received
PO0001913,SUP-08,6245368,2023-03-20,2023-04-14,122,11.21,received
PO0001914,SUP-09,6520765,2023-03-20,2023-04-17,48,31.06,received
PO0001915,SUP-12,7373415,2023-03-20,2023-04-01,43,13.19,received
PO0001916,SUP-05,7427053,2023-03-20,2023-04-07,66,30.07,received
PO0001917,SUP-09,7941277,2023-03-20,2023-04-17,44,19.08,received
PO0001918,SUP-06,8511889,2023-03-20,2023-04-10,41,31.26,short_received
PO0001919,SUP-01,2731345,2023-03-21,2023-03-28,151,25.82,received
PO0001920,SUP-07,5530296,2023-03-21,2023-04-11,94,12.67,received
PO0001921,SUP-06,6079235,2023-03-21,2023-04-11,238,3.8,received
PO0001922,SUP-02,7062170,2023-03-21,2023-03-31,33,15.89,received
PO0001923,SUP-07,7630387,2023-03-21,2023-04-11,38,13.38,received
PO0001924,SUP-11,7814384,2023-03-21,2023-04-25,113,31.28,received
PO0001925,SUP-06,9118832,2023-03-21,2023-04-11,241,79.18,short_received
PO0001926,SUP-06,3006131,2023-03-22,2023-04-12,38,62.68,received
PO0001927,SUP-05,4236332,2023-03-22,2023-04-09,108,16.82,received
PO0001928,SUP-05,6280890,2023-03-22,2023-04-09,57,12.71,received
PO0001929,SUP-08,2565553,2023-03-23,2023-04-17,60,7.33,received
PO0001930,SUP-12,3004815,2023-03-23,2023-04-04,83,30.62,short_received
PO0001931,SUP-06,6944057,2023-03-23,2023-04-13,42,20.8,received
PO0001932,SUP-12,7496477,2023-03-23,2023-04-04,37,46.19,received
PO0001933,SUP-11,9075437,2023-03-23,2023-04-27,88,12.23,received
PO0001934,SUP-06,9110019,2023-03-23,2023-04-13,54,17.26,received
PO0001935,SUP-10,4123600,2023-03-24,2023-04-23,122,70.38,received
PO0001936,SUP-03,5464062,2023-03-24,2023-04-07,347,7.69,received
PO0001937,SUP-07,7255659,2023-03-24,2023-04-14,61,40.12,received
PO0001938,SUP-06,1522015,2023-03-25,2023-04-15,98,61.08,received
PO0001939,SUP-06,3166872,2023-03-25,2023-04-15,48,16.86,received
PO0001940,SUP-04,3428363,2023-03-25,2023-04-08,254,27.65,received
PO0001941,SUP-09,9315482,2023-03-25,2023-04-22,60,28.67,received
PO0001942,SUP-02,9938113,2023-03-25,2023-04-04,37,27.44,received
PO0001943,SUP-05,1910407,2023-03-26,2023-04-13,48,33.03,received
PO0001944,SUP-09,2704704,2023-03-26,2023-04-23,81,52.44,received
PO0001945,SUP-06,3330012,2023-03-26,2023-04-16,49,9.45,received
PO0001946,SUP-07,4663963,2023-03-26,2023-04-16,78,14.46,received
PO0001947,SUP-02,4994348,2023-03-26,2023-04-05,152,22.49,received
PO0001948,SUP-12,5027667,2023-03-26,2023-04-07,52,50.47,received
PO0001949,SUP-03,6460385,2023-03-26,2023-04-09,44,55.18,received
PO0001950,SUP-08,1640473,2023-03-27,2023-04-21,26,12.29,received
PO0001951,SUP-03,3781033,2023-03-27,2023-04-10,67,20.12,received
PO0001952,SUP-05,1080071,2023-03-28,2023-04-15,34,18.62,short_received
PO0001953,SUP-05,2337045,2023-03-29,2023-04-16,64,9.58,received
PO0001954,SUP-04,4646091,2023-03-29,2023-04-12,69,30.74,received
PO0001955,SUP-10,7106580,2023-03-29,2023-04-28,47,15.18,short_received
PO0001956,SUP-01,7180258,2023-03-29,2023-04-05,47,32.66,received
PO0001957,SUP-07,7390450,2023-03-29,2023-04-19,113,17.3,received
PO0001958,SUP-07,7448961,2023-03-29,2023-04-19,101,5.11,received
PO0001959,SUP-12,7474821,2023-03-29,2023-04-10,37,20.96,received
PO0001960,SUP-05,8800984,2023-03-29,2023-04-16,102,8.35,received
PO0001961,SUP-01,9065490,2023-03-29,2023-04-05,141,45.62,received
PO0001962,SUP-11,1029072,2023-03-30,2023-05-04,87,23.9,received
PO0001963,SUP-12,3206674,2023-03-30,2023-04-11,69,12.03,received
PO0001964,SUP-05,3243048,2023-03-30,2023-04-17,798,20.26,received
PO0001965,SUP-07,3817121,2023-03-30,2023-04-20,40,32.92,received
PO0001966,SUP-06,7201529,2023-03-30,2023-04-20,114,36.24,received
PO0001967,SUP-03,7212311,2023-03-30,2023-04-13,80,14.55,received
PO0001968,SUP-06,1367097,2023-03-31,2023-04-21,32,24.06,received
PO0001969,SUP-03,2295523,2023-03-31,2023-04-14,1966,20.13,received
PO0001970,SUP-07,3002277,2023-03-31,2023-04-21,368,16.56,received
PO0001971,SUP-06,3852546,2023-03-31,2023-04-21,147,33.36,received
PO0001972,SUP-06,9172205,2023-03-31,2023-04-21,33,8.06,received
PO0001973,SUP-07,9248008,2023-03-31,2023-04-21,55,33.87,received
PO0001974,SUP-07,1854723,2023-04-01,2023-04-22,43,23.26,received
PO0001975,SUP-03,5186154,2023-04-01,2023-04-15,54,45.07,received
PO0001976,SUP-02,8110966,2023-04-01,2023-04-11,27,8.65,received
PO0001977,SUP-01,2380478,2023-04-02,2023-04-09,93,24.63,received
PO0001978,SUP-08,4705110,2023-04-02,2023-04-27,181,10.12,received
PO0001979,SUP-10,4708009,2023-04-02,2023-05-02,37,51.02,received
PO0001980,SUP-03,5822751,2023-04-02,2023-04-16,101,30.49,received
PO0001981,SUP-08,6938043,2023-04-02,2023-04-27,32,20.43,received
PO0001982,SUP-08,7429245,2023-04-02,2023-04-27,96,7.55,received
PO0001983,SUP-10,8488816,2023-04-02,2023-05-02,48,29.29,received
PO0001984,SUP-3,8838340,2023-04-02,2023-04-16,44,15.94,received
PO0001985,SUP-02,3383881,2023-04-03,2023-04-13,50,61.16,received
PO0001986,SUP-06,5466720,2023-04-03,2023-04-24,73,49.25,received
PO0001987,SUP-06,6026055,2023-04-03,2023-04-24,48,24.0,received
PO0001988,SUP-07,7275086,2023-04-03,2023-04-24,110,28.03,received
PO0001989,SUP-11,7310073,2023-04-03,2023-05-08,33,39.69,received
PO0001990,SUP-05,8746636,2023-04-03,2023-04-21,93,29.75,short_received
PO0001991,SUP-11,2317989,2023-04-04,2023-05-09,37,25.27,received
PO0001992,SUP-09,4076320,2023-04-04,2023-05-02,43,5.27,received
PO0001993,SUP-04,5315329,2023-04-04,2023-04-18,44,18.72,received
PO0001994,SUP-08,7093987,2023-04-04,2023-04-29,407,17.3,received
PO0001995,SUP-12,9388289,2023-04-04,2023-04-16,106,33.48,received
PO0001996,SUP-06,5425967,2023-04-05,2023-04-26,44,45.78,received
PO0001997,SUP-12,2102225,2023-04-06,2023-04-18,10158,15.91,received
PO0001998,SUP-02,2993399,2023-04-06,2023-04-16,51,45.5,received
PO0001999,SUP-06,6000495,2023-04-06,2023-04-27,43,23.77,received
PO0002000,SUP-07,8721483,2023-04-06,2023-04-27,70,14.88,received
PO0002001,SUP-09,9319849,2023-04-06,2023-05-04,541,83.35,short_received
PO0002002,SUP-11,9739117,2023-04-06,2023-05-11,56,20.52,received
PO0002003,SUP-07,2118773,2023-04-07,2023-04-28,237,15.08,received
PO0002004,SUP-11,4200826,2023-04-07,2023-05-12,40,10.91,received
PO0002005,SUP-09,9679390,2023-04-07,2023-05-05,383,8.59,received
PO0002006,SUP-3,1850756,2023-04-08,2023-04-22,34,20.82,received
PO0002007,SUP-01,2527689,2023-04-08,2023-04-15,55,15.69,received
PO0002008,SUP-05,4648994,2023-04-08,2023-04-26,62,10.65,received
PO0002009,SUP-07,4762867,2023-04-08,2023-04-29,1151,7.46,received
PO0002010,SUP-03,6497266,2023-04-08,2023-04-22,173,4.26,received
PO0002011,SUP-12,7620070,2023-04-08,2023-04-20,61,30.56,received
PO0002012,SUP-02,9351656,2023-04-08,2023-04-18,48,10.1,received
PO0002013,SUP-06,1430298,2023-04-09,2023-04-30,53,61.64,received
PO0002014,SUP-12,5520674,2023-04-09,2023-04-21,55,13.47,received
PO0002015,SUP-06,6953807,2023-04-09,2023-04-30,76,5.91,received
PO0002016,SUP-03,3487534,2023-04-10,2023-04-24,54,10.5,received
PO0002017,SUP-06,5114384,2023-04-10,2023-05-01,266,10.52,received
PO0002018,SUP-09,5847380,2023-04-10,2023-05-08,62,20.59,received
PO0002019,SUP-12,7346335,2023-04-10,2023-04-22,73,29.15,received
PO0002020,SUP-01,7801595,2023-04-10,2023-04-17,46,43.6,received
PO0002021,SUP-01,3503816,2023-04-11,2023-04-18,38,9.51,received
PO0002022,SUP-07,5509792,2023-04-11,2023-05-02,37,36.76,received
PO0002023,SUP-12,5862621,2023-04-11,2023-04-23,199,18.01,received
PO0002024,SUP-11,9111330,2023-04-11,2023-05-16,50,80.82,received
PO0002025,SUP-11,9800243,2023-04-11,2023-05-16,310,37.04,received
PO0002026,SUP-07,1072276,2023-04-12,2023-05-03,37,21.09,received
PO0002027,SUP-06,1111123,2023-04-12,2023-05-03,37,20.18,short_received
PO0002028,SUP-07,4365384,2023-04-12,2023-05-03,45,92.13,received
PO0002029,SUP-05,4870730,2023-04-12,2023-04-30,45,12.29,received
PO0002030,SUP-03,5250988,2023-04-12,2023-04-26,41,11.36,received
PO0002031,SUP-11,6351542,2023-04-12,2023-05-17,40,14.79,received
PO0002032,SUP-12,6474782,2023-04-12,2023-04-24,60,36.35,received
PO0002033,SUP-11,7047405,2023-04-12,2023-05-17,81,12.31,received
PO0002034,SUP-11,8758486,2023-04-12,2023-05-17,87,36.89,received
PO0002035,SUP-11,8795573,2023-04-12,2023-05-17,237,13.2,received
PO0002036,SUP-03,8926382,2023-04-12,2023-04-26,40,14.79,received
PO0002037,SUP-08,1038403,2023-04-13,2023-05-08,44,26.53,received
PO0002038,SUP-09,1601049,2023-04-13,2023-05-11,36,12.21,received
PO0002039,SUP-02,5409305,2023-04-13,2023-04-23,46,49.25,received
PO0002040,SUP-09,5599030,2023-04-13,2023-05-11,42,9.21,received
PO0002041,SUP-09,5852256,2023-04-13,2023-05-11,52,18.91,received
PO0002042,SUP-07,6529231,2023-04-13,2023-05-04,46,12.54,received
PO0002043,SUP-05,1778504,2023-04-14,2023-05-02,40,32.14,received
PO0002044,SUP-08,2292183,2023-04-14,2023-05-09,85,5.74,received
PO0002045,SUP-05,2931280,2023-04-14,2023-05-02,61,14.36,received
PO0002046,SUP-12,3301602,2023-04-14,2023-04-26,62,16.23,received
PO0002047,SUP-04,5131367,2023-04-14,2023-04-28,48,10.61,received
PO0002048,SUP-07,7171122,2023-04-14,2023-05-05,42,28.69,received
PO0002049,SUP-07,7433330,2023-04-14,2023-05-05,44,6.77,received
PO0002050,SUP-09,7954298,2023-04-14,2023-05-12,36,34.06,received
PO0002051,SUP-11,6693651,2023-04-15,2023-05-20,116,14.07,received
PO0002052,SUP-11,8218381,2023-04-15,2023-05-20,49,14.51,received
PO0002053,SUP-07,9554682,2023-04-15,2023-05-06,44,46.23,received
PO0002054,SUP-07,1099410,2023-04-16,2023-05-07,355,6.69,received
PO0002055,SUP-11,1383693,2023-04-16,2023-05-21,118,18.73,received
PO0002056,SUP-07,1428173,2023-04-16,2023-05-07,215,51.24,received
PO0002057,SUP-11,2377662,2023-04-16,2023-05-21,68,47.85,received
PO0002058,SUP-12,3004815,2023-04-16,2023-04-28,90,30.52,received
PO0002059,SUP-07,4098324,2023-04-16,2023-05-07,336,9.13,received
PO0002060,SUP-07,6362414,2023-04-16,2023-05-07,224,10.05,received
PO0002061,SUP-10,7303637,2023-04-16,2023-05-16,77,38.48,received
PO0002062,SUP-11,7826018,2023-04-16,2023-05-21,56,5.7,short_received
PO0002063,SUP-02,7946407,2023-04-16,2023-04-26,45,29.44,received
PO0002064,SUP-06,7949185,2023-04-16,2023-05-07,30,12.13,received
PO0002065,SUP-10,9040237,2023-04-16,2023-05-16,80,60.59,received
PO0002066,SUP-09,6637675,2023-04-17,2023-05-15,69,16.29,received
PO0002067,SUP-12,6810241,2023-04-17,2023-04-29,156,7.46,received
PO0002068,SUP-02,9118281,2023-04-17,2023-04-27,56,8.14,received
PO0002069,SUP-01,3583619,2023-04-18,2023-04-25,61,9.19,received
PO0002070,SUP-06,4356662,2023-04-18,2023-05-09,53,111.65,received
PO0002071,SUP-06,8754194,2023-04-18,2023-05-09,253,23.36,received
PO0002072,SUP-09,1204442,2023-04-19,2023-05-17,39,52.07,received
PO0002073,SUP-12,3211935,2023-04-19,2023-05-01,36,23.75,received
PO0002074,SUP-12,5495706,2023-04-19,2023-05-01,32,62.73,received
PO0002075,SUP-01,5678537,2023-04-19,2023-04-26,187,63.14,received
PO0002076,SUP-12,1196740,2023-04-20,2023-05-02,45,30.49,received
PO0002077,SUP-05,3676700,2023-04-20,2023-05-08,128,27.88,received
PO0002078,SUP-02,4123413,2023-04-20,2023-04-30,57,22.68,received
PO0002079,SUP-11,8004216,2023-04-20,2023-05-25,53,16.62,received
PO0002080,SUP-05,1083413,2023-04-21,2023-05-09,92,36.91,short_received
PO0002081,SUP-06,1162680,2023-04-21,2023-05-12,6039,95.63,received
PO0002082,SUP-05,1189654,2023-04-21,2023-05-09,55,13.93,received
PO0002083,SUP-07,3554832,2023-04-21,2023-05-12,140,26.96,received
PO0002084,SUP-01,5908484,2023-04-21,2023-04-28,254,99.54,received
PO0002085,SUP-06,9118832,2023-04-21,2023-05-12,277,78.93,received
PO0002086,SUP-01,2154101,2023-04-22,2023-04-29,135,6.08,received
PO0002087,SUP-07,2738486,2023-04-22,2023-05-13,35,10.15,received
PO0002088,SUP-03,3533080,2023-04-22,2023-05-06,34,48.62,received
PO0002089,SUP-09,4143393,2023-04-22,2023-05-20,93,101.56,received
PO0002090,SUP-10,5781989,2023-04-22,2023-05-22,44,39.48,received
PO0002091,SUP-03,6024870,2023-04-22,2023-05-06,84,16.84,received
PO0002092,SUP-02,7182700,2023-04-22,2023-05-02,1445,45.74,received
PO0002093,SUP-06,7729308,2023-04-22,2023-05-13,359,18.32,received
PO0002094,SUP-06,9355705,2023-04-22,2023-05-13,50,40.87,received
PO0002095,SUP-03,9829417,2023-04-22,2023-05-06,736,68.31,received
PO0002096,SUP-09,1385609,2023-04-23,2023-05-21,46,54.94,received
PO0002097,SUP-12,4489659,2023-04-23,2023-05-05,241,26.66,received
PO0002098,SUP-11,4720552,2023-04-23,2023-05-28,112,7.97,received
PO0002099,SUP-03,4895822,2023-04-23,2023-05-07,40,24.51,received
PO0002100,SUP-07,6695684,2023-04-23,2023-05-14,40,24.36,received
PO0002101,SUP-11,6960004,2023-04-23,2023-05-28,94,17.4,received
PO0002102,SUP-12,7496477,2023-04-23,2023-05-05,46,45.65,received
PO0002103,SUP-02,8903471,2023-04-23,2023-05-03,189,10.16,received
PO0002104,SUP-06,3157737,2023-04-24,2023-05-15,69,40.35,received
PO0002105,SUP-03,5212958,2023-04-24,2023-05-08,47,41.78,received
PO0002106,SUP-02,8966163,2023-04-24,2023-05-04,3575,31.52,received
PO0002107,SUP-11,9739117,2023-04-24,2023-05-29,74,20.5,received
PO0002108,SUP-03,1517547,2023-04-25,2023-05-09,51,11.4,received
PO0002109,SUP-07,3289377,2023-04-25,2023-05-16,75,31.78,received
PO0002110,SUP-03,4411802,2023-04-25,2023-05-09,47,24.48,received
PO0002111,SUP-08,8261390,2023-04-25,2023-05-20,34,77.01,received
PO0002112,SUP-10,9841830,2023-04-25,2023-05-25,441,5.77,received
PO0002113,SUP-03,6155600,2023-04-26,2023-05-10,37,18.96,received
PO0002114,SUP-09,7941277,2023-04-26,2023-05-24,53,18.76,received
PO0002115,SUP-06,2404737,2023-04-27,2023-05-18,45,32.04,short_received
PO0002116,SUP-12,4194454,2023-04-27,2023-05-09,449,26.22,received
PO0002117,SUP-12,5027667,2023-04-27,2023-05-09,65,50.08,received
PO0002118,SUP-05,5234930,2023-04-27,2023-05-15,123,93.38,received
PO0002119,SUP-08,6245368,2023-04-27,2023-05-22,144,11.37,short_received
PO0002120,SUP-10,7871485,2023-04-27,2023-05-27,36,9.38,received
PO0002121,SUP-12,8016491,2023-04-27,2023-05-09,41,73.51,received
PO0002122,SUP-06,8511889,2023-04-27,2023-05-18,42,31.6,received
PO0002123,SUP-06,9110019,2023-04-27,2023-05-18,64,16.99,received
PO0002124,SUP-10,9198161,2023-04-27,2023-05-27,57,69.54,received
PO0002125,SUP-05,1080071,2023-04-28,2023-05-16,36,18.8,received
PO0002126,SUP-08,1959257,2023-04-28,2023-05-23,48,7.31,short_received
PO0002127,SUP-05,6280890,2023-04-28,2023-05-16,65,12.62,received
PO0002128,SUP-08,7567958,2023-04-28,2023-05-23,125,45.07,received
PO0002129,SUP-07,4663963,2023-04-29,2023-05-20,100,14.69,received
PO0002130,SUP-06,6079235,2023-04-29,2023-05-20,267,3.8,received
PO0002131,SUP-03,6854023,2023-04-29,2023-05-13,170,61.22,received
PO0002132,SUP-02,7062170,2023-04-29,2023-05-09,40,15.79,received
PO0002133,SUP-07,8089253,2023-04-29,2023-05-20,69,44.63,received
PO0002134,SUP-12,9721204,2023-04-29,2023-05-11,31,22.73,received
PO0002135,SUP-07,9748139,2023-04-29,2023-05-20,1779,7.51,received
PO0002136,SUP-08,1640473,2023-04-30,2023-05-25,37,12.22,received
PO0002137,SUP-11,2804964,2023-04-30,2023-06-04,65,16.53,received
PO0002138,SUP-06,3006131,2023-04-30,2023-05-21,45,62.4,short_received
PO0002139,SUP-08,6938043,2023-04-30,2023-05-25,44,20.22,received
PO0002140,SUP-07,2645378,2023-05-01,2023-05-22,29,3.47,received
PO0002141,SUP-10,3698437,2023-05-01,2023-05-31,375,29.72,received
PO0002142,SUP-03,3781033,2023-05-01,2023-05-15,78,20.31,received
PO0002143,SUP-07,3648094,2023-05-02,2023-05-23,38,17.29,received
PO0002144,SUP-01,5553390,2023-05-02,2023-05-09,47,26.83,received
PO0002145,SUP-07,5599767,2023-05-02,2023-05-23,100,6.26,received
PO0002146,SUP-05,6517467,2023-05-02,2023-05-20,113,44.36,received
PO0002147,SUP-11,7692382,2023-05-02,2023-06-06,579,21.22,received
PO0002148,SUP-07,1079923,2023-05-04,2023-05-25,93,47.48,received
PO0002149,SUP-08,2565553,2023-05-04,2023-05-29,69,7.39,received
PO0002150,SUP-06,3166872,2023-05-04,2023-05-25,53,18.01,received
PO0002151,SUP-03,3240903,2023-05-04,2023-05-18,63,28.36,received
PO0002152,SUP-01,3318117,2023-05-04,2023-05-11,42,22.41,received
PO0002153,SUP-05,7427053,2023-05-04,2023-05-22,69,29.71,received
PO0002154,SUP-05,2337045,2023-05-05,2023-05-23,80,9.52,received
PO0002155,SUP-01,2731345,2023-05-05,2023-05-12,157,26.04,received
PO0002156,SUP-08,5068008,2023-05-05,2023-05-30,122,8.19,received
PO0002157,SUP-07,5530296,2023-05-05,2023-05-26,102,12.96,received
PO0002158,SUP-02,8110966,2023-05-05,2023-05-15,36,8.73,received
PO0002159,SUP-07,9746038,2023-05-05,2023-05-26,37,16.8,received
PO0002160,SUP-05,4236332,2023-05-06,2023-05-24,116,16.45,received
PO0002161,SUP-02,4994348,2023-05-06,2023-05-16,166,22.29,received
PO0002162,SUP-01,7180258,2023-05-06,2023-05-13,53,32.82,received
PO0002163,SUP-12,7373415,2023-05-06,2023-05-18,45,13.52,received
PO0002164,SUP-11,7814384,2023-05-06,2023-06-10,122,31.24,received
PO0002165,SUP-05,9036326,2023-05-06,2023-05-24,506,3.31,short_received
PO0002166,SUP-04,3428363,2023-05-07,2023-05-21,264,27.44,received
PO0002167,SUP-12,5092850,2023-05-07,2023-05-19,75,7.99,received
PO0002168,SUP-07,7390450,2023-05-07,2023-05-28,132,17.81,received
PO0002169,SUP-09,9315482,2023-05-07,2023-06-04,67,28.73,received
PO0002170,SUP-11,1029072,2023-05-08,2023-06-12,99,24.25,received
PO0002171,SUP-05,1910407,2023-05-08,2023-05-26,53,32.43,short_received
PO0002172,SUP-06,3330012,2023-05-08,2023-05-29,55,9.89,received
PO0002173,SUP-10,4123600,2023-05-08,2023-06-07,131,75.35,received
PO0002174,SUP-06,7201529,2023-05-08,2023-05-29,129,37.46,received
PO0002175,SUP-06,1367097,2023-05-09,2023-05-30,46,25.94,received
PO0002176,SUP-07,2287051,2023-05-09,2023-05-30,54,9.7,received
PO0002177,SUP-08,4705110,2023-05-09,2023-06-03,216,10.32,received
PO0002178,SUP-03,5822751,2023-05-09,2023-05-23,117,30.87,received
PO0002179,SUP-09,6520765,2023-05-09,2023-06-06,47,30.55,received
PO0002180,SUP-01,4059984,2023-05-10,2023-05-17,26,16.37,received
PO0002181,SUP-07,7448961,2023-05-10,2023-05-31,121,5.22,received
PO0002182,SUP-05,8746636,2023-05-10,2023-05-28,126,29.96,short_received
PO0002183,SUP-01,2299273,2023-05-11,2023-05-18,53,9.78,received
PO0002184,SUP-04,3124731,2023-05-11,2023-05-25,71,13.7,received
PO0002185,SUP-12,3206674,2023-05-11,2023-05-23,77,12.45,received
PO0002186,SUP-04,4646091,2023-05-11,2023-05-25,74,30.19,received
PO0002187,SUP-10,4708009,2023-05-11,2023-06-10,44,50.38,received
PO0002188,SUP-03,6460385,2023-05-11,2023-05-25,46,54.54,received
PO0002189,SUP-09,9319849,2023-05-11,2023-06-08,627,82.27,received
PO0002190,SUP-09,3163829,2023-05-12,2023-06-09,1121,18.22,received
PO0002191,SUP-7,8832573,2023-05-12,2023-06-02,34,39.86,received
PO0002192,SUP-11,9075437,2023-05-12,2023-06-16,87,12.43,received
PO0002193,SUP-05,1092786,2023-05-13,2023-05-31,55,4.58,received
PO0002194,SUP-06,5466720,2023-05-13,2023-06-03,77,52.38,received
PO0002195,SUP-07,5509792,2023-05-13,2023-06-03,50,36.79,received
PO0002196,SUP-07,7255659,2023-05-13,2023-06-03,58,41.53,received
PO0002197,SUP-09,7279985,2023-05-13,2023-06-10,28,55.79,received
PO0002198,SUP-01,9065490,2023-05-13,2023-05-20,155,46.3,received
PO0002199,SUP-03,1850756,2023-05-14,2023-05-28,41,21.09,received
PO0002200,SUP-05,3243048,2023-05-14,2023-06-01,818,20.62,received
PO0002201,SUP-06,3852546,2023-05-14,2023-06-04,153,36.04,received
PO0002202,SUP-7,7171122,2023-05-14,2023-06-04,57,28.19,received
PO0002203,SUP-10,8488816,2023-05-14,2023-06-13,59,29.64,received
PO0002204,SUP-12,6474782,2023-05-15,2023-05-27,72,37.87,received
PO0002205,SUP-03,7212311,2023-05-15,2023-05-29,78,14.43,received
PO0002206,SUP-07,7275086,2023-05-15,2023-06-05,119,28.27,received
PO0002207,SUP-08,8536600,2023-05-15,2023-06-09,29,9.13,received
PO0002208,SUP-12,1196740,2023-05-16,2023-05-28,65,31.38,received
PO0002209,SUP-05,2931280,2023-05-16,2023-06-03,71,14.24,received
PO0002210,SUP-07,3817121,2023-05-16,2023-06-06,41,33.97,received
PO0002211,SUP-09,5847380,2023-05-17,2023-06-14,73,20.38,received
PO0002212,SUP-06,6944057,2023-05-17,2023-06-07,41,22.41,received
PO0002213,SUP-12,7474821,2023-05-17,2023-05-29,40,21.8,short_received
PO0002214,SUP-03,8838340,2023-05-17,2023-05-31,47,16.26,received
PO0002215,SUP-12,9388289,2023-05-17,2023-05-29,117,34.61,received
PO0002216,SUP-06,1111123,2023-05-18,2023-06-08,40,21.29,received
PO0002217,SUP-09,2704704,2023-05-18,2023-06-15,77,53.56,received
PO0002218,SUP-03,3487534,2023-05-18,2023-06-01,65,10.68,received
PO0002219,SUP-01,3503816,2023-05-18,2023-05-25,48,9.55,received
PO0002220,SUP-06,5114384,2023-05-18,2023-06-08,302,11.19,received
PO0002221,SUP-07,9248008,2023-05-18,2023-06-08,58,34.41,received
PO0002222,SUP-06,1430298,2023-05-19,2023-06-09,63,65.84,received
PO0002223,SUP-07,3689249,2023-05-19,2023-06-09,76,17.45,received
PO0002224,SUP-06,5425967,2023-05-19,2023-06-09,46,47.83,short_received
PO0002225,SUP-12,5520674,2023-05-19,2023-05-31,66,13.86,received
PO0002226,SUP-08,7429245,2023-05-19,2023-06-13,97,7.37,received
PO0002227,SUP-05,8800984,2023-05-19,2023-06-06,99,8.46,received
PO0002228,SUP-12,3004815,2023-05-20,2023-06-01,117,31.23,received
PO0002229,SUP-09,5852256,2023-05-20,2023-06-17,62,18.91,received
PO0002230,SUP-10,6380274,2023-05-20,2023-06-19,140,98.01,received
PO0002231,SUP-07,7630387,2023-05-20,2023-06-10,32,13.87,received
PO0002232,SUP-11,9111330,2023-05-20,2023-06-24,57,80.38,received
PO0002233,SUP-09,1601049,2023-05-21,2023-06-18,40,12.31,received
PO0002234,SUP-11,2317989,2023-05-21,2023-06-25,42,25.16,received
PO0002235,SUP-09,5599030,2023-05-21,2023-06-18,50,9.26,received
PO0002236,SUP-06,6000495,2023-05-21,2023-06-11,44,25.08,received
PO0002237,SUP-11,6351542,2023-05-21,2023-06-25,48,15.0,received
PO0002238,SUP-03,6497266,2023-05-21,2023-06-04,187,4.34,received
PO0002239,SUP-08,1038403,2023-05-22,2023-06-16,51,25.99,received
PO0002240,SUP-07,8721483,2023-05-22,2023-06-12,70,14.63,received
PO0002241,SUP-05,4648994,2023-05-23,2023-06-10,69,10.46,received
PO0002242,SUP-04,5131367,2023-05-23,2023-06-06,54,10.48,short_received
PO0002243,SUP-04,5315329,2023-05-23,2023-06-06,47,18.74,received
PO0002244,SUP-07,9554682,2023-05-23,2023-06-13,51,46.9,received
PO0002245,SUP-05,1083413,2023-05-24,2023-06-11,101,37.05,received
PO0002246,SUP-07,1099410,2023-05-24,2023-06-14,408,6.57,received
PO0002247,SUP-09,4076320,2023-05-24,2023-06-21,41,5.23,received
PO0002248,SUP-05,4870730,2023-05-24,2023-06-11,56,12.14,short_received
PO0002249,SUP-11,4958034,2023-05-24,2023-06-28,40,17.9,received
PO0002250,SUP-10,7106580,2023-05-24,2023-06-23,48,15.84,received
PO0002251,SUP-06,7949185,2023-05-24,2023-06-14,36,12.94,received
PO0002252,SUP-02,9351656,2023-05-24,2023-06-03,50,10.34,received
PO0002253,SUP-11,9800243,2023-05-24,2023-06-28,343,37.13,received
PO0002254,SUP-06,1522015,2023-05-25,2023-06-15,84,63.0,short_received
PO0002255,SUP-07,1854723,2023-05-25,2023-06-15,40,23.21,received
PO0002256,SUP-02,2993399,2023-05-25,2023-06-04,50,45.98,received
PO0002257,SUP-03,6155600,2023-05-25,2023-06-08,52,18.96,received
PO0002258,SUP-11,7310073,2023-05-25,2023-06-29,32,39.62,received
PO0002259,SUP-09,1204442,2023-05-26,2023-06-23,45,51.74,received
PO0002260,SUP-12,3301602,2023-05-26,2023-06-07,67,17.1,received
PO0002261,SUP-02,3383881,2023-05-26,2023-06-05,45,62.42,received
PO0002262,SUP-10,6543834,2023-05-26,2023-06-25,34,6.02,received
PO0002263,SUP-06,6953807,2023-05-26,2023-06-16,78,6.15,received
PO0002264,SUP-01,7801595,2023-05-26,2023-06-02,51,42.97,received
PO0002265,SUP-10,9040237,2023-05-26,2023-06-25,98,59.12,received
PO0002266,SUP-05,1189654,2023-05-27,2023-06-14,62,14.07,short_received
PO0002267,SUP-03,4895822,2023-05-27,2023-06-10,49,24.26,received
PO0002268,SUP-06,6026055,2023-05-27,2023-06-17,44,24.76,received
PO0002269,SUP-11,6693651,2023-05-27,2023-07-01,123,14.04,received
PO0002270,SUP-08,7622260,2023-05-27,2023-06-21,38,38.81,received
PO0002271,SUP-11,8795573,2023-05-27,2023-07-01,248,13.06,received
PO0002272,SUP-02,9118281,2023-05-27,2023-06-06,68,8.11,received
PO0002273,SUP-06,9172205,2023-05-27,2023-06-17,34,8.63,short_received
PO0002274,SUP-02,9938113,2023-05-27,2023-06-06,32,27.61,received
PO0002275,SUP-07,3554832,2023-05-28,2023-06-18,165,27.03,received
PO0002276,SUP-02,4123413,2023-05-28,2023-06-07,69,22.53,received
PO0002277,SUP-09,4143393,2023-05-28,2023-06-25,113,103.39,received
PO0002278,SUP-11,7826018,2023-05-28,2023-07-02,60,5.76,received
PO0002279,SUP-10,7871485,2023-05-28,2023-06-27,52,9.43,received
PO0002280,SUP-01,3583619,2023-05-29,2023-06-05,73,9.29,received
PO0002281,SUP-12,6810241,2023-05-29,2023-06-10,165,7.56,received
PO0002282,SUP-06,8511889,2023-05-29,2023-06-19,57,33.21,received
PO0002283,SUP-07,1428173,2023-05-30,2023-06-20,231,51.45,received
PO0002284,SUP-07,2645378,2023-05-30,2023-06-20,39,3.43,received
PO0002285,SUP-12,3211935,2023-05-30,2023-06-11,44,24.58,received
PO0002286,SUP-11,4200826,2023-05-30,2023-07-04,39,10.8,received
PO0002287,SUP-03,5186154,2023-05-30,2023-06-13,47,44.28,received
PO0002288,SUP-07,6529231,2023-05-30,2023-06-20,50,12.52,received
PO0002289,SUP-11,8758486,2023-05-30,2023-07-04,88,37.23,received
PO0002290,SUP-12,9721204,2023-05-30,2023-06-11,42,23.61,received
PO0002291,SUP-11,2377662,2023-05-31,2023-07-05,73,48.04,received
PO0002292,SUP-07,6695684,2023-05-31,2023-06-21,48,23.77,received
PO0002293,SUP-07,1072276,2023-06-01,2023-06-22,37,20.99,received
PO0002294,SUP-01,5678537,2023-06-01,2023-06-08,204,63.91,received
PO0002295,SUP-12,5862621,2023-06-01,2023-06-13,190,18.14,received
PO0002296,SUP-12,7346335,2023-06-01,2023-06-13,65,30.24,received
PO0002297,SUP-06,8754194,2023-06-01,2023-06-22,265,24.92,received
PO0002298,SUP-03,3533080,2023-06-02,2023-06-16,37,47.58,received
PO0002299,SUP-07,4365384,2023-06-02,2023-06-23,43,92.13,received
PO0002300,SUP-09,6637675,2023-06-02,2023-06-30,73,16.61,received
PO0002301,SUP-02,7946407,2023-06-02,2023-06-12,52,29.81,received
PO0002302,SUP-11,8218381,2023-06-02,2023-07-07,53,14.28,received
PO0002303,SUP-03,8926382,2023-06-02,2023-06-16,39,14.57,received
PO0002304,SUP-05,1080071,2023-06-03,2023-06-21,45,18.82,received
PO0002305,SUP-07,2738486,2023-06-03,2023-06-24,36,10.32,received
PO0002306,SUP-12,5495706,2023-06-03,2023-06-15,34,63.95,received
PO0002307,SUP-07,6362414,2023-06-03,2023-06-24,216,10.04,received
PO0002308,SUP-08,8261390,2023-06-03,2023-06-28,38,76.83,received
PO0002309,SUP-08,1959257,2023-06-04,2023-06-29,50,7.23,short_received
PO0002310,SUP-01,2527689,2023-06-04,2023-06-11,48,16.24,received
PO0002311,SUP-12,4489659,2023-06-04,2023-06-16,267,27.76,received
PO0002312,SUP-11,6960004,2023-06-04,2023-07-09,103,17.54,received
PO0002313,SUP-02,7182700,2023-06-04,2023-06-14,1517,46.15,received
PO0002314,SUP-08,7567958,2023-06-04,2023-06-29,151,44.42,received
PO0002315,SUP-02,8903471,2023-06-04,2023-06-14,203,10.1,received
PO0002316,SUP-02,8966163,2023-06-04,2023-06-14,3907,31.89,received
PO0002317,SUP-03,9829417,2023-06-04,2023-06-18,748,68.61,received
PO0002318,SUP-08,2292183,2023-06-05,2023-06-30,80,5.8,received
PO0002319,SUP-11,1383693,2023-06-06,2023-07-11,114,18.65,received
PO0002320,SUP-01,2380478,2023-06-06,2023-06-13,73,24.8,short_received
PO0002321,SUP-11,2804964,2023-06-06,2023-07-11,78,16.69,received
PO0002322,SUP-11,7047405,2023-06-06,2023-07-11,75,12.63,received
PO0002323,SUP-01,2154101,2023-06-07,2023-06-14,141,6.21,received
PO0002324,SUP-05,3676700,2023-06-07,2023-06-25,126,28.05,received
PO0002325,SUP-07,4098324,2023-06-07,2023-06-28,307,9.12,received
PO0002326,SUP-05,6517467,2023-06-07,2023-06-25,130,43.88,received
PO0002327,SUP-12,7620070,2023-06-07,2023-06-19,55,31.23,received
PO0002328,SUP-01,4059984,2023-06-08,2023-06-15,32,17.08,received
PO0002329,SUP-11,4720552,2023-06-08,2023-07-13,116,8.02,received
PO0002330,SUP-02,5409305,2023-06-08,2023-06-18,42,48.77,received
PO0002331,SUP-10,5781989,2023-06-08,2023-07-08,46,39.58,received
PO0002332,SUP-01,5908484,2023-06-08,2023-06-15,245,102.99,received
PO0002333,SUP-06,6079235,2023-06-08,2023-06-29,286,4.12,received
PO0002334,SUP-08,6245368,2023-06-08,2023-07-03,150,11.42,received
PO0002335,SUP-06,7729308,2023-06-08,2023-06-29,375,19.83,received
PO0002336,SUP-03,1517547,2023-06-09,2023-06-23,57,11.54,received
PO0002337,SUP-05,1778504,2023-06-09,2023-06-27,40,31.76,received
PO0002338,SUP-05,5234930,2023-06-09,2023-06-27,123,94.68,received
PO0002339,SUP-03,4411802,2023-06-10,2023-06-24,45,24.68,received
PO0002340,SUP-03,6024870,2023-06-10,2023-06-24,81,16.81,received
PO0002341,SUP-07,8089253,2023-06-10,2023-07-01,74,44.66,received
PO0002342,SUP-06,2404737,2023-06-11,2023-07-02,45,33.51,received
PO0002343,SUP-12,5092850,2023-06-11,2023-06-23,88,8.01,received
PO0002344,SUP-11,8004216,2023-06-11,2023-07-16,53,16.4,received
PO0002345,SUP-03,3781033,2023-06-12,2023-06-26,89,20.15,received
PO0002346,SUP-07,5599767,2023-06-12,2023-07-03,112,6.19,received
PO0002347,SUP-10,9841830,2023-06-12,2023-07-12,430,5.84,received
PO0002348,SUP-01,2299273,2023-06-13,2023-06-20,66,10.2,received
PO0002349,SUP-08,2565553,2023-06-13,2023-07-08,73,7.34,received
PO0002350,SUP-03,5212958,2023-06-13,2023-06-27,44,42.74,received
PO0002351,SUP-06,9110019,2023-06-13,2023-07-04,68,18.0,received
PO0002352,SUP-06,9118832,2023-06-13,2023-07-04,250,83.36,short_received
PO0002353,SUP-06,3157737,2023-06-14,2023-07-05,85,42.76,received
PO0002354,SUP-12,5027667,2023-06-14,2023-06-26,65,52.07,received
PO0002355,SUP-05,9036326,2023-06-14,2023-07-02,495,3.28,received
PO0002356,SUP-06,3006131,2023-06-15,2023-07-06,46,65.29,received
PO0002357,SUP-07,9746038,2023-06-15,2023-07-06,40,16.48,received
PO0002358,SUP-07,3648094,2023-06-16,2023-07-07,40,17.21,received
PO0002359,SUP-03,3240903,2023-06-17,2023-07-01,67,28.94,received
PO0002360,SUP-01,3318117,2023-06-17,2023-06-24,44,22.6,received
PO0002361,SUP-05,6280890,2023-06-17,2023-07-05,71,12.64,received
PO0002362,SUP-03,6854023,2023-06-17,2023-07-01,165,60.46,received
PO0002363,SUP-12,8016491,2023-06-17,2023-06-29,43,75.6,received
PO0002364,SUP-06,3330012,2023-06-18,2023-07-09,57,9.77,received
PO0002365,SUP-04,3428363,2023-06-18,2023-07-02,275,27.41,received
PO0002366,SUP-10,4708009,2023-06-18,2023-07-18,49,50.24,received
PO0002367,SUP-12,6474782,2023-06-18,2023-06-30,90,37.92,received
PO0002368,SUP-07,7433330,2023-06-18,2023-07-09,38,6.74,received
PO0002369,SUP-11,7814384,2023-06-18,2023-07-23,136,31.46,received
PO0002370,SUP-09,7941277,2023-06-18,2023-07-16,49,19.18,received
PO0002371,SUP-01,2731345,2023-06-19,2023-06-26,153,26.12,received
PO0002372,SUP-04,5131367,2023-06-19,2023-07-03,62,10.71,received
PO0002373,SUP-07,5530296,2023-06-19,2023-07-10,100,12.75,received
PO0002374,SUP-09,7279985,2023-06-19,2023-07-17,33,54.43,received
PO0002375,SUP-06,4356662,2023-06-20,2023-07-11,43,116.42,received
PO0002376,SUP-11,7310073,2023-06-20,2023-07-25,42,40.3,received
PO0002377,SUP-05,7427053,2023-06-20,2023-07-08,72,29.52,received
PO0002378,SUP-06,9355705,2023-06-20,2023-07-11,45,42.71,short_received
PO0002379,SUP-07,3289377,2023-06-21,2023-07-12,66,32.2,received
PO0002380,SUP-10,7303637,2023-06-21,2023-07-21,60,39.23,received
PO0002381,SUP-07,7448961,2023-06-21,2023-07-12,129,5.24,received
PO0002382,SUP-09,7954298,2023-06-21,2023-07-19,31,33.82,received
PO0002383,SUP-07,8832573,2023-06-21,2023-07-12,39,39.84,received
PO0002384,SUP-12,4194454,2023-06-22,2023-07-04,445,26.68,received
PO0002385,SUP-03,5822751,2023-06-22,2023-07-06,122,30.54,received
PO0002386,SUP-04,3124731,2023-06-23,2023-07-07,77,13.57,received
PO0002387,SUP-07,3689249,2023-06-23,2023-07-14,88,17.0,received
PO0002388,SUP-01,5553390,2023-06-23,2023-06-30,45,27.84,received
PO0002389,SUP-06,7201529,2023-06-23,2023-07-14,130,38.31,short_received
PO0002390,SUP-11,9075437,2023-06-23,2023-07-28,93,12.25,received
PO0002391,SUP-08,1640473,2023-06-24,2023-07-19,35,12.47,received
PO0002392,SUP-05,2337045,2023-06-24,2023-07-12,81,9.52,received
PO0002393,SUP-09,2704704,2023-06-24,2023-07-22,94,52.75,short_received
PO0002394,SUP-05,2931280,2023-06-24,2023-07-12,96,14.19,received
PO0002395,SUP-10,4123600,2023-06-24,2023-07-24,127,74.62,received
PO0002396,SUP-11,4958034,2023-06-24,2023-07-29,51,17.99,received
PO0002397,SUP-06,6944057,2023-06-24,2023-07-15,48,22.01,received
PO0002398,SUP-12,7474821,2023-06-24,2023-07-06,39,21.91,short_received
PO0002399,SUP-05,1092786,2023-06-25,2023-07-13,58,4.48,received
PO0002400,SUP-02,4994348,2023-06-25,2023-07-05,154,22.23,received
PO0002401,SUP-12,7496477,2023-06-25,2023-07-07,38,46.96,received
PO0002402,SUP-02,8110966,2023-06-25,2023-07-05,33,8.57,received
PO0002403,SUP-08,8536600,2023-06-25,2023-07-20,32,9.12,received
PO0002404,SUP-05,8746636,2023-06-25,2023-07-13,112,29.97,received
PO0002405,SUP-12,9388289,2023-06-25,2023-07-07,124,34.76,received
PO0002406,SUP-06,3166872,2023-06-26,2023-07-17,51,18.06,received
PO0002407,SUP-08,5068008,2023-06-26,2023-07-21,118,8.31,short_received
PO0002408,SUP-12,7373415,2023-06-26,2023-07-08,44,13.7,received
PO0002409,SUP-09,9319849,2023-06-26,2023-07-24,621,82.81,short_received
PO0002410,SUP-05,1910407,2023-06-27,2023-07-15,47,32.65,received
PO0002411,SUP-07,7390450,2023-06-27,2023-07-18,127,18.12,received
PO0002412,SUP-12,1196740,2023-06-28,2023-07-10,77,31.27,received
PO0002413,SUP-07,3817121,2023-06-28,2023-07-19,43,33.57,received
PO0002414,SUP-06,5425967,2023-06-28,2023-07-19,61,48.34,received
PO0002415,SUP-07,2287051,2023-06-29,2023-07-20,53,9.78,received
PO0002416,SUP-05,3243048,2023-06-29,2023-07-17,838,20.59,received
PO0002417,SUP-10,8488816,2023-06-29,2023-07-29,57,29.37,received
PO0002418,SUP-07,8721483,2023-06-29,2023-07-20,86,14.68,received
PO0002419,SUP-03,1850756,2023-06-30,2023-07-14,45,21.27,received
PO0002420,SUP-05,4236332,2023-06-30,2023-07-18,107,16.62,received
PO0002421,SUP-08,4705110,2023-06-30,2023-07-25,200,10.23,received
PO0002422,SUP-07,7171122,2023-06-30,2023-07-21,59,28.83,received
PO0002423,SUP-06,1367097,2023-07-01,2023-07-22,47,25.47,received
PO0002424,SUP-09,1601049,2023-07-01,2023-07-29,44,12.43,received
PO0002425,SUP-06,5114384,2023-07-01,2023-07-22,311,11.02,received
PO0002426,SUP-09,5852256,2023-07-01,2023-07-29,66,19.41,received
PO0002427,SUP-01,7180258,2023-07-01,2023-07-08,46,32.7,received
PO0002428,SUP-07,7255659,2023-07-01,2023-07-22,60,41.66,received
PO0002429,SUP-06,7949185,2023-07-01,2023-07-22,40,12.91,received
PO0002430,SUP-06,3852546,2023-07-02,2023-07-23,148,35.84,received
PO0002431,SUP-03,6460385,2023-07-02,2023-07-16,46,54.54,received
PO0002432,SUP-08,6938043,2023-07-02,2023-07-27,37,20.9,received
PO0002433,SUP-03,7212311,2023-07-02,2023-07-16,75,14.41,received
PO0002434,SUP-07,7630387,2023-07-02,2023-07-23,33,13.72,received
PO0002435,SUP-01,9065490,2023-07-02,2023-07-09,139,46.97,received
PO0002436,SUP-10,9198161,2023-07-02,2023-08-01,51,71.05,received
PO0002437,SUP-07,1072276,2023-07-03,2023-07-24,47,20.9,received
PO0002438,SUP-04,5315329,2023-07-03,2023-07-17,51,18.53,received
PO0002439,SUP-09,5847380,2023-07-03,2023-07-31,73,20.67,received
PO0002440,SUP-10,6380274,2023-07-03,2023-08-02,145,98.29,received
PO0002441,SUP-7,6529231,2023-07-03,2023-07-24,59,12.81,received
PO0002442,SUP-02,7062170,2023-07-03,2023-07-13,32,16.4,received
PO0002443,SUP-06,9172205,2023-07-03,2023-07-24,32,8.68,received
PO0002444,SUP-01,2380478,2023-07-04,2023-07-11,79,25.04,received
PO0002445,SUP-03,5250988,2023-07-04,2023-07-18,25,11.4,received
PO0002446,SUP-07,7275086,2023-07-04,2023-07-25,118,27.59,received
PO0002447,SUP-11,9800243,2023-07-04,2023-08-08,369,37.1,received
PO0002448,SUP-07,1079923,2023-07-05,2023-07-26,78,47.35,received
PO0002449,SUP-06,1522015,2023-07-05,2023-07-26,81,63.37,received
PO0002450,SUP-12,3206674,2023-07-05,2023-07-17,69,12.49,short_received
PO0002451,SUP-04,4646091,2023-07-05,2023-07-19,67,30.65,received
PO0002452,SUP-07,4663963,2023-07-05,2023-07-26,82,14.53,received
PO0002453,SUP-03,4895822,2023-07-05,2023-07-19,57,24.3,received
PO0002454,SUP-11,6351542,2023-07-05,2023-08-09,48,14.87,received
PO0002455,SUP-08,1959257,2023-07-06,2023-07-31,60,7.74,received
PO0002456,SUP-05,4870730,2023-07-06,2023-07-24,61,12.16,received
PO0002457,SUP-07,9248008,2023-07-06,2023-07-27,55,33.99,received
PO0002458,SUP-07,3554832,2023-07-07,2023-07-28,179,27.49,received
PO0002459,SUP-02,9938113,2023-07-07,2023-07-17,33,28.01,received
PO0002460,SUP-08,1038403,2023-07-08,2023-08-02,55,27.32,received
PO0002461,SUP-06,1111123,2023-07-08,2023-07-29,40,20.96,received
PO0002462,SUP-05,1189654,2023-07-08,2023-07-26,66,13.67,received
PO0002463,SUP-03,3487534,2023-07-08,2023-07-22,60,10.67,received
PO0002464,SUP-03,5186154,2023-07-08,2023-07-22,54,44.08,received
PO0002465,SUP-09,5599030,2023-07-08,2023-08-05,51,9.14,received
PO0002466,SUP-06,6000495,2023-07-08,2023-07-29,47,25.45,received
PO0002467,SUP-08,7622260,2023-07-08,2023-08-02,45,40.73,received
PO0002468,SUP-03,8838340,2023-07-08,2023-07-22,44,16.11,received
PO0002469,SUP-11,9111330,2023-07-08,2023-08-12,56,80.26,received
PO0002470,SUP-09,9315482,2023-07-08,2023-08-05,58,28.35,received
PO0002471,SUP-11,1029072,2023-07-09,2023-08-13,83,24.14,received
PO0002472,SUP-07,1854723,2023-07-09,2023-07-30,43,23.15,received
PO0002473,SUP-01,2527689,2023-07-09,2023-07-16,61,16.3,received
PO0002474,SUP-12,3301602,2023-07-09,2023-07-21,70,16.91,received
PO0002475,SUP-7,4365384,2023-07-09,2023-07-30,54,91.85,received
PO0002476,SUP-05,4648994,2023-07-09,2023-07-27,70,10.51,received
PO0002477,SUP-10,6543834,2023-07-09,2023-08-08,34,6.04,received
PO0002478,SUP-05,8800984,2023-07-09,2023-07-27,93,8.24,received
PO0002479,SUP-06,6953807,2023-07-10,2023-07-31,84,6.15,received
PO0002480,SUP-07,1099410,2023-07-11,2023-08-01,401,6.67,received
PO0002481,SUP-07,6695684,2023-07-11,2023-08-01,52,23.94,received
PO0002482,SUP-08,7429245,2023-07-11,2023-08-05,92,7.74,received
PO0002483,SUP-11,7826018,2023-07-11,2023-08-15,64,5.65,received
PO0002484,SUP-02,3383881,2023-07-12,2023-07-22,45,63.49,received
PO0002485,SUP-06,5466720,2023-07-12,2023-08-02,65,51.77,received
PO0002486,SUP-12,7346335,2023-07-12,2023-07-24,69,30.3,received
PO0002487,SUP-03,8926382,2023-07-12,2023-07-26,47,14.71,received
PO0002488,SUP-07,2738486,2023-07-13,2023-08-03,45,10.12,received
PO0002489,SUP-07,5509792,2023-07-13,2023-08-03,41,36.63,received
PO0002490,SUP-12,5520674,2023-07-13,2023-07-25,58,13.87,received
PO0002491,SUP-12,5862621,2023-07-13,2023-07-25,203,18.14,short_received
PO0002492,SUP-03,6155600,2023-07-13,2023-07-27,53,18.98,received
PO0002493,SUP-11,6693651,2023-07-13,2023-08-17,122,14.04,received
PO0002494,SUP-10,9040237,2023-07-13,2023-08-12,98,60.32,received
PO0002495,SUP-07,9554682,2023-07-13,2023-08-03,52,46.06,received
PO0002496,SUP-08,2292183,2023-07-14,2023-08-08,96,6.0,received
PO0002497,SUP-11,2317989,2023-07-14,2023-08-18,42,25.19,received
PO0002498,SUP-12,3211935,2023-07-14,2023-07-26,47,24.29,received
PO0002499,SUP-07,6362414,2023-07-14,2023-08-04,237,10.09,received
PO0002500,SUP-03,6497266,2023-07-14,2023-07-28,178,4.31,received
PO0002501,SUP-11,6960004,2023-07-14,2023-08-18,108,17.72,received
PO0002502,SUP-06,8754194,2023-07-14,2023-08-04,276,24.49,received
PO0002503,SUP-01,2154101,2023-07-15,2023-07-22,153,6.26,received
PO0002504,SUP-11,2377662,2023-07-15,2023-08-19,76,48.56,received
PO0002505,SUP-05,3676700,2023-07-15,2023-08-02,149,28.11,received
PO0002506,SUP-07,4098324,2023-07-15,2023-08-05,339,8.98,received
PO0002507,SUP-12,5027667,2023-07-15,2023-07-27,88,52.22,received
PO0002508,SUP-09,6520765,2023-07-15,2023-08-12,39,30.95,received
PO0002509,SUP-06,9118832,2023-07-15,2023-08-05,252,84.42,received
PO0002510,SUP-07,1428173,2023-07-16,2023-08-06,231,50.89,received
PO0002511,SUP-03,3533080,2023-07-16,2023-07-30,39,48.62,received
PO0002512,SUP-01,3583619,2023-07-16,2023-07-23,71,9.55,received
PO0002513,SUP-01,4059984,2023-07-16,2023-07-23,40,16.95,received
PO0002514,SUP-11,4200826,2023-07-16,2023-08-20,39,10.7,received
PO0002515,SUP-01,4476707,2023-07-16,2023-07-23,476,41.87,received
PO0002516,SUP-10,7106580,2023-07-16,2023-08-15,48,16.12,short_received
PO0002517,SUP-02,7182700,2023-07-16,2023-07-26,1570,46.82,received
PO0002518,SUP-08,8261390,2023-07-16,2023-08-10,40,79.1,received
PO0002519,SUP-11,8758486,2023-07-16,2023-08-20,89,36.74,received
PO0002520,SUP-11,4720552,2023-07-17,2023-08-21,131,8.04,received
PO0002521,SUP-02,9351656,2023-07-17,2023-07-27,46,10.4,received
PO0002522,SUP-05,1080071,2023-07-18,2023-08-05,46,18.94,received
PO0002523,SUP-11,1383693,2023-07-18,2023-08-22,120,18.46,received
PO0002524,SUP-12,3004815,2023-07-18,2023-07-30,98,31.41,received
PO0002525,SUP-03,4411802,2023-07-18,2023-08-01,52,24.47,received
PO0002526,SUP-12,5495706,2023-07-18,2023-07-30,36,64.86,short_received
PO0002527,SUP-08,7567958,2023-07-18,2023-08-12,157,46.78,received
PO0002528,SUP-09,1204442,2023-07-19,2023-08-16,43,52.3,received
PO0002529,SUP-01,3503816,2023-07-19,2023-07-26,37,9.77,received
PO0002530,SUP-12,6810241,2023-07-19,2023-07-31,154,7.56,received
PO0002531,SUP-06,8511889,2023-07-19,2023-08-09,61,33.24,received
PO0002532,SUP-03,9829417,2023-07-19,2023-08-02,762,69.22,received
PO0002533,SUP-09,1385609,2023-07-20,2023-08-17,24,55.95,short_received
PO0002534,SUP-06,1430298,2023-07-20,2023-08-10,53,65.95,received
PO0002535,SUP-07,5530296,2023-07-20,2023-08-10,134,12.78,received
PO0002536,SUP-11,9739117,2023-07-20,2023-08-24,56,20.11,received
PO0002537,SUP-05,1083413,2023-07-21,2023-08-08,88,36.64,received
PO0002538,SUP-01,5678537,2023-07-21,2023-07-28,188,64.56,received
PO0002539,SUP-06,6026055,2023-07-22,2023-08-12,40,24.93,received
PO0002540,SUP-09,7279985,2023-07-22,2023-08-19,41,55.68,received
PO0002541,SUP-12,7620070,2023-07-22,2023-08-03,58,31.48,received
PO0002542,SUP-02,8966163,2023-07-22,2023-08-01,3741,32.85,received
PO0002543,SUP-02,9118281,2023-07-22,2023-08-01,60,8.33,received
PO0002544,SUP-12,5092850,2023-07-23,2023-08-04,102,8.13,received
PO0002545,SUP-05,5234930,2023-07-23,2023-08-10,132,94.05,received
PO0002546,SUP-11,7047405,2023-07-23,2023-08-27,76,12.58,received
PO0002547,SUP-11,2804964,2023-07-24,2023-08-28,78,16.77,received
PO0002548,SUP-05,6517467,2023-07-24,2023-08-11,133,43.48,received
PO0002549,SUP-03,6854023,2023-07-24,2023-08-07,194,61.1,received
PO0002550,SUP-06,9355705,2023-07-24,2023-08-14,52,42.36,received
PO0002551,SUP-12,9721204,2023-07-24,2023-08-05,42,23.15,received
PO0002552,SUP-07,9746038,2023-07-24,2023-08-14,45,16.48,received
PO0002553,SUP-02,2993399,2023-07-25,2023-08-04,40,47.42,received
PO0002554,SUP-09,7954298,2023-07-25,2023-08-22,39,33.74,received
PO0002555,SUP-02,8110966,2023-07-25,2023-08-04,43,8.88,received
PO0002556,SUP-06,4356662,2023-07-26,2023-08-16,60,118.46,received
PO0002557,SUP-07,3648094,2023-07-27,2023-08-17,45,17.35,received
PO0002558,SUP-06,6079235,2023-07-27,2023-08-17,306,4.11,received
PO0002559,SUP-08,8536600,2023-07-27,2023-08-21,43,9.59,received
PO0002560,SUP-05,1778504,2023-07-28,2023-08-15,40,31.44,received
PO0002561,SUP-03,3240903,2023-07-28,2023-08-11,75,28.7,received
PO0002562,SUP-07,3289377,2023-07-28,2023-08-18,70,31.95,received
PO0002563,SUP-01,5908484,2023-07-28,2023-08-04,232,102.07,received
PO0002564,SUP-11,8795573,2023-07-28,2023-09-01,207,12.97,received
PO0002565,SUP-02,8903471,2023-07-28,2023-08-07,175,10.35,received
PO0002566,SUP-01,2299273,2023-07-29,2023-08-05,65,10.24,received
PO0002567,SUP-01,2731345,2023-07-29,2023-08-05,162,26.55,received
PO0002568,SUP-12,4489659,2023-07-29,2023-08-10,236,27.92,received
PO0002569,SUP-07,5599767,2023-07-29,2023-08-19,113,6.13,received
PO0002570,SUP-08,6245368,2023-07-29,2023-08-23,146,11.67,received
PO0002571,SUP-07,7433330,2023-07-29,2023-08-19,41,6.62,received
PO0002572,SUP-01,3318117,2023-07-30,2023-08-06,46,22.6,received
PO0002573,SUP-09,4076320,2023-07-30,2023-08-27,34,5.31,received
PO0002574,SUP-01,7801595,2023-08-01,2023-08-08,40,44.55,received
PO0002575,SUP-07,8089253,2023-08-01,2023-08-22,70,44.68,received
PO0002576,SUP-08,1640473,2023-08-02,2023-08-27,38,12.83,received
PO0002577,SUP-06,3330012,2023-08-02,2023-08-23,61,9.94,received
PO0002578,SUP-09,4143393,2023-08-02,2023-08-30,90,101.95,received
PO0002579,SUP-10,4708009,2023-08-02,2023-09-01,54,50.78,received
PO0002580,SUP-10,7303637,2023-08-02,2023-09-01,81,39.11,received
PO0002581,SUP-12,7496477,2023-08-02,2023-08-14,47,47.86,received
PO0002582,SUP-06,7729308,2023-08-02,2023-08-23,327,19.79,received
PO0002583,SUP-05,2337045,2023-08-03,2023-08-21,89,10.17,received
PO0002584,SUP-09,6637675,2023-08-03,2023-08-31,61,16.53,received
PO0002585,SUP-12,7474821,2023-08-03,2023-08-15,45,21.69,received
PO0002586,SUP-06,7201529,2023-08-04,2023-08-25,129,38.48,received
PO0002587,SUP-04,3124731,2023-08-05,2023-08-19,79,13.37,received
PO0002588,SUP-06,3157737,2023-08-05,2023-08-26,80,42.98,short_received
PO0002589,SUP-04,3428363,2023-08-05,2023-08-19,270,27.95,received
PO0002590,SUP-08,5068008,2023-08-05,2023-08-30,142,8.74,received
PO0002591,SUP-06,3166872,2023-08-06,2023-08-27,61,17.94,received
PO0002592,SUP-02,5409305,2023-08-06,2023-08-16,38,50.37,received
PO0002593,SUP-03,6024870,2023-08-06,2023-08-20,70,16.83,received
PO0002594,SUP-11,8004216,2023-08-06,2023-09-10,48,17.47,received
PO0002595,SUP-12,8016491,2023-08-06,2023-08-18,43,75.6,received
PO0002596,SUP-05,9036326,2023-08-06,2023-08-24,470,3.41,short_received
PO0002597,SUP-07,3689249,2023-08-07,2023-08-28,92,17.44,received
PO0002598,SUP-05,7427053,2023-08-07,2023-08-25,77,31.17,short_received
PO0002599,SUP-11,7814384,2023-08-08,2023-09-12,130,32.84,received
PO0002600,SUP-03,5186154,2023-08-09,2023-08-23,68,45.28,received
PO0002601,SUP-03,5212958,2023-08-09,2023-08-23,39,43.0,received
PO0002602,SUP-03,5250988,2023-08-09,2023-08-23,31,11.3,received
PO0002603,SUP-12,4194454,2023-08-10,2023-08-22,421,26.81,received
PO0002604,SUP-10,5781989,2023-08-10,2023-09-09,41,39.66,received
PO0002605,SUP-03,6460385,2023-08-10,2023-08-24,57,54.28,received
PO0002606,SUP-06,6944057,2023-08-10,2023-08-31,50,22.28,received
PO0002607,SUP-11,7310073,2023-08-10,2023-09-14,46,42.16,received
PO0002608,SUP-09,9319849,2023-08-10,2023-09-07,604,81.19,received
PO0002609,SUP-10,9841830,2023-08-10,2023-09-09,445,5.89,received
PO0002610,SUP-05,1910407,2023-08-11,2023-08-29,54,33.92,short_received
PO0002611,SUP-02,4123413,2023-08-11,2023-08-21,53,23.04,received
PO0002612,SUP-08,4705110,2023-08-11,2023-09-05,221,10.57,received
PO0002613,SUP-09,7941277,2023-08-11,2023-09-08,47,18.83,received
PO0002614,SUP-05,8746636,2023-08-11,2023-08-29,109,31.88,received
PO0002615,SUP-06,9110019,2023-08-11,2023-09-01,59,18.39,received
PO0002616,SUP-06,9172205,2023-08-11,2023-09-01,39,8.65,received
PO0002617,SUP-08,2565553,2023-08-12,2023-09-06,64,7.63,received
PO0002618,SUP-02,4994348,2023-08-12,2023-08-22,153,22.88,received
PO0002619,SUP-03,5822751,2023-08-12,2023-08-26,110,31.05,received
PO0002620,SUP-08,6938043,2023-08-12,2023-09-06,41,21.0,received
PO0002621,SUP-10,8488816,2023-08-12,2023-09-11,65,30.09,received
PO0002622,SUP-01,9065490,2023-08-12,2023-08-19,157,46.47,received
PO0002623,SUP-09,2704704,2023-08-13,2023-09-10,83,52.79,received
PO0002624,SUP-10,6543834,2023-08-13,2023-09-12,46,6.02,received
PO0002625,SUP-07,7275086,2023-08-13,2023-09-03,125,28.02,received
PO0002626,SUP-07,1079923,2023-08-14,2023-09-04,89,48.32,received
PO0002627,SUP-12,3206674,2023-08-14,2023-08-26,75,12.44,received
PO0002628,SUP-12,6474782,2023-08-14,2023-08-26,77,37.67,short_received
PO0002629,SUP-07,7255659,2023-08-14,2023-09-04,67,41.24,received
PO0002630,SUP-03,1517547,2023-08-15,2023-08-29,40,11.65,received
PO0002631,SUP-09,5852256,2023-08-15,2023-09-12,69,$19.29,received
PO0002632,SUP-05,6280890,2023-08-15,2023-09-02,61,13.34,received
PO0002633,SUP-01,2380478,2023-08-16,2023-08-23,85,24.94,received
PO0002634,SUP-03,3781033,2023-08-16,2023-08-30,71,20.18,received
PO0002635,SUP-05,4236332,2023-08-16,2023-09-03,107,17.45,received
PO0002636,SUP-07,7448961,2023-08-16,2023-09-06,113,5.22,received
PO0002637,SUP-08,7622260,2023-08-16,2023-09-10,50,41.42,received
PO0002638,SUP-12,9388289,2023-08-16,2023-08-28,115,34.75,received
PO0002639,SUP-07,3817121,2023-08-17,2023-09-07,43,34.27,received
PO0002640,SUP-07,4663963,2023-08-17,2023-09-07,84,14.85,received
PO0002641,SUP-11,9075437,2023-08-17,2023-09-21,87,12.98,received
PO0002642,SUP-05,3243048,2023-08-18,2023-09-05,850,21.42,received
PO0002643,SUP-11,8218381,2023-08-18,2023-09-22,37,14.95,received
PO0002644,SUP-05,1092786,2023-08-19,2023-09-06,56,4.84,received
PO0002645,SUP-09,1385609,2023-08-19,2023-09-16,28,55.82,received
PO0002646,SUP-03,1850756,2023-08-19,2023-09-02,45,20.95,received
PO0002647,SUP-06,2404737,2023-08-19,2023-09-09,36,33.94,received
PO0002648,SUP-04,4646091,2023-08-19,2023-09-02,68,30.44,received
PO0002649,SUP-12,5495706,2023-08-19,2023-08-31,41,63.42,received
PO0002650,SUP-07,8721483,2023-08-19,2023-09-09,82,14.74,received
PO0002651,SUP-05,8800984,2023-08-19,2023-09-06,102,8.78,received
PO0002652,SUP-01,3503816,2023-08-20,2023-08-27,48,9.97,received
PO0002653,SUP-05,6801451,2023-08-20,2023-09-07,277,16.9,received
PO0002654,SUP-02,7062170,2023-08-20,2023-08-30,36,16.17,received
PO0002655,SUP-10,7871485,2023-08-20,2023-09-19,43,9.47,received
PO0002656,SUP-02,7946407,2023-08-20,2023-08-30,36,30.71,received
PO0002657,SUP-06,7949185,2023-08-20,2023-09-10,40,12.85,short_received
PO0002658,SUP-11,1029072,2023-08-21,2023-09-25,88,24.87,received
PO0002659,SUP-09,1601049,2023-08-21,2023-09-18,47,12.37,received
PO0002660,SUP-01,7180258,2023-08-21,2023-08-28,41,32.92,received
PO0002661,SUP-07,7660389,2023-08-21,2023-09-11,450,9.54,received
PO0002662,SUP-06,1522015,2023-08-22,2023-09-12,89,64.42,received
PO0002663,SUP-09,5599030,2023-08-22,2023-09-19,51,9.04,received
PO0002664,SUP-07,7630387,2023-08-22,2023-09-12,32,13.55,received
PO0002665,SUP-07,2645378,2023-08-23,2023-09-13,24,3.42,received
PO0002666,SUP-11,6351542,2023-08-23,2023-09-27,50,15.81,received
PO0002667,SUP-03,7212311,2023-08-23,2023-09-06,73,14.36,received
PO0002668,SUP-04,5131367,2023-08-24,2023-09-07,53,10.56,received
PO0002669,SUP-11,9111330,2023-08-24,2023-09-28,55,82.74,received
PO0002670,SUP-10,9198161,2023-08-24,2023-09-23,53,69.3,received
PO0002671,SUP-02,2993399,2023-08-25,2023-09-04,51,$46.19,received
PO0002672,SUP-11,4958034,2023-08-25,2023-09-29,46,18.85,received
PO0002673,SUP-09,9315482,2023-08-25,2023-09-22,64,28.71,received
PO0002674,SUP-09,1204442,2023-08-26,2023-09-23,50,51.9,short_received
PO0002675,SUP-07,2287051,2023-08-26,2023-09-16,46,9.87,received
PO0002676,SUP-10,4123600,2023-08-26,2023-09-25,136,76.13,short_received
PO0002677,SUP-06,5114384,2023-08-26,2023-09-16,333,11.18,short_received
PO0002678,SUP-10,7106580,2023-08-26,2023-09-25,47,15.8,received
PO0002679,SUP-02,9351656,2023-08-26,2023-09-05,51,10.62,received
PO0002680,SUP-07,1072276,2023-08-27,2023-09-17,43,21.16,received
PO0002681,SUP-12,3004815,2023-08-27,2023-09-08,108,31.54,received
PO0002682,SUP-03,3487534,2023-08-27,2023-09-10,65,10.53,received
PO0002683,SUP-03,3533080,2023-08-27,2023-09-10,45,47.87,received
PO0002684,SUP-03,4895822,2023-08-27,2023-09-10,53,24.05,received
PO0002685,SUP-07,8832573,2023-08-27,2023-09-17,29,40.21,received
PO0002686,SUP-11,9800243,2023-08-27,2023-10-01,339,39.45,received
PO0002687,SUP-01,2527689,2023-08-28,2023-09-04,58,16.2,received
PO0002688,SUP-04,5315329,2023-08-28,2023-09-11,45,18.75,received
PO0002689,SUP-06,5425967,2023-08-28,2023-09-18,52,48.22,received
PO0002690,SUP-07,6529231,2023-08-28,2023-09-18,53,12.54,received
PO0002691,SUP-07,3554832,2023-08-29,2023-09-19,170,27.27,received
PO0002692,SUP-11,4200826,2023-08-29,2023-10-03,41,11.35,received
PO0002693,SUP-05,4648994,2023-08-29,2023-09-16,68,11.17,received
PO0002694,SUP-01,5553390,2023-08-29,2023-09-05,32,27.42,received
PO0002695,SUP-05,5711182,2023-08-29,2023-09-16,545,44.1,received
PO0002696,SUP-08,7429245,2023-08-29,2023-09-23,89,7.67,received
PO0002697,SUP-05,9645778,2023-08-29,2023-09-16,809,13.59,received
PO0002698,SUP-03,9940011,2023-08-29,2023-09-12,222,20.46,received
PO0002699,SUP-09,7279985,2023-08-30,2023-09-27,47,55.77,received
PO0002700,SUP-07,7390450,2023-08-30,2023-09-20,99,17.88,received
PO0002701,SUP-07,9554682,2023-08-30,2023-09-20,53,46.93,received
PO0002702,SUP-05,2931280,2023-08-31,2023-09-18,71,15.2,received
PO0002703,SUP-02,3383881,2023-08-31,2023-09-10,43,62.79,received
PO0002704,SUP-12,5520674,2023-08-31,2023-09-12,65,13.61,received
PO0002705,SUP-03,8926382,2023-08-31,2023-09-14,45,14.83,received
PO0002706,SUP-07,1099410,2023-09-01,2023-09-22,369,6.61,short_received
PO0002707,SUP-05,3676700,2023-09-01,2023-09-19,143,29.93,received
PO0002708,SUP-12,5862621,2023-09-01,2023-09-13,178,18.51,received
PO0002709,SUP-07,7171122,2023-09-01,2023-09-22,48,28.83,received
PO0002710,SUP-12,7346335,2023-09-01,2023-09-13,69,29.84,received
PO0002711,SUP-06,1111123,2023-09-02,2023-09-23,39,21.25,received
PO0002712,SUP-11,1383693,2023-09-02,2023-10-07,126,19.28,received
PO0002713,SUP-11,2317989,2023-09-02,2023-10-07,40,26.48,received
PO0002714,SUP-05,4870730,2023-09-02,2023-09-20,54,12.94,received
PO0002715,SUP-09,5847380,2023-09-02,2023-09-30,62,20.73,received
PO0002716,SUP-06,8634461,2023-09-02,2023-09-23,3222,11.13,received
PO0002717,SUP-06,9118832,2023-09-02,2023-09-23,252,84.48,received
PO0002718,SUP-07,9248008,2023-09-02,2023-09-23,48,34.82,received
PO0002719,SUP-07,1428173,2023-09-03,2023-09-24,224,50.6,received
PO0002720,SUP-08,1959257,2023-09-03,2023-09-28,53,7.74,received
PO0002721,SUP-06,3852546,2023-09-03,2023-09-24,143,35.62,received
PO0002722,SUP-03,4411802,2023-09-03,2023-09-17,53,24.02,short_received
PO0002723,SUP-10,6380274,2023-09-03,2023-10-03,151,99.58,received
PO0002724,SUP-12,6810241,2023-09-03,2023-09-15,159,7.68,received
PO0002725,SUP-11,6960004,2023-09-03,2023-10-08,110,18.29,received
PO0002726,SUP-06,8754194,2023-09-03,2023-09-24,258,24.64,received
PO0002727,SUP-11,9739117,2023-09-03,2023-10-08,61,21.3,received
PO0002728,SUP-08,1038403,2023-09-04,2023-09-29,48,27.62,received
PO0002729,SUP-03,5464062,2023-09-04,2023-09-18,556,7.68,received
PO0002730,SUP-06,6026055,2023-09-04,2023-09-25,47,25.07,received
PO0002731,SUP-01,3318117,2023-09-05,2023-09-12,50,22.92,received
PO0002732,SUP-06,5466720,2023-09-05,2023-09-26,61,52.11,received
PO0002733,SUP-11,6693651,2023-09-05,2023-10-10,113,15.06,received
PO0002734,SUP-02,7182700,2023-09-05,2023-09-15,1449,47.08,received
PO0002735,SUP-08,8261390,2023-09-05,2023-09-30,45,79.38,received
PO0002736,SUP-02,8966163,2023-09-05,2023-09-15,3721,32.53,received
PO0002737,SUP-10,9040237,2023-09-05,2023-10-05,93,60.51,received
PO0002738,SUP-01,2154101,2023-09-06,2023-09-13,139,6.3,received
PO0002739,SUP-12,3211935,2023-09-06,2023-09-18,43,24.4,received
PO0002740,SUP-12,3301602,2023-09-06,2023-09-18,58,16.83,received
PO0002741,SUP-01,3583619,2023-09-06,2023-09-13,65,9.58,received
PO0002742,SUP-07,3648094,2023-09-06,2023-09-27,50,17.34,received
PO0002743,SUP-03,6497266,2023-09-06,2023-09-20,170,4.34,received
PO0002744,SUP-01,7801595,2023-09-06,2023-09-13,50,44.16,received
PO0002745,SUP-02,9118281,2023-09-06,2023-09-16,62,8.38,received
PO0002746,SUP-12,1196740,2023-09-07,2023-09-19,57,31.47,received
PO0002747,SUP-05,1910407,2023-09-07,2023-09-25,62,34.53,received
PO0002748,SUP-11,8795573,2023-09-07,2023-10-12,237,13.87,received
PO0002749,SUP-03,9829417,2023-09-07,2023-09-21,717,67.73,received
PO0002750,SUP-05,1189654,2023-09-08,2023-09-26,54,14.39,received
PO0002751,SUP-06,2875921,2023-09-08,2023-09-29,420,87.15,received
PO0002752,SUP-07,4098324,2023-09-08,2023-09-29,302,9.1,received
PO0002753,SUP-12,4489659,2023-09-08,2023-09-20,252,27.39,received
PO0002754,SUP-06,6953807,2023-09-08,2023-09-29,72,6.27,received
PO0002755,SUP-12,7373415,2023-09-08,2023-09-20,32,13.44,received
PO0002756,SUP-06,8511889,2023-09-08,2023-09-29,59,33.4,received
PO0002757,SUP-05,1080071,2023-09-09,2023-09-27,43,19.63,received
PO0002758,SUP-03,5250988,2023-09-09,2023-09-23,41,11.3,received
PO0002759,SUP-07,5599767,2023-09-09,2023-09-30,118,6.18,received
PO0002760,SUP-01,5678537,2023-09-09,2023-09-16,175,64.67,received
PO0002761,SUP-07,8089253,2023-09-09,2023-09-30,73,44.65,received
PO0002762,SUP-02,8110966,2023-09-09,2023-09-19,48,8.99,received
PO0002763,SUP-11,8758486,2023-09-09,2023-10-14,81,38.55,received
PO0002764,SUP-05,9261290,2023-09-09,2023-09-27,216,36.39,received
PO0002765,SUP-05,1083413,2023-09-10,2023-09-28,84,39.23,short_received
PO0002766,SUP-06,1430298,2023-09-10,2023-10-01,57,66.69,received
PO0002767,SUP-08,1640473,2023-09-10,2023-10-05,45,12.92,received
PO0002768,SUP-07,1854723,2023-09-10,2023-10-01,37,23.23,received
PO0002769,SUP-03,3240903,2023-09-10,2023-09-24,74,29.2,received
PO0002770,SUP-07,3289377,2023-09-10,2023-10-01,77,31.95,received
PO0002771,SUP-01,4059984,2023-09-10,2023-09-17,36,17.01,received
PO0002772,SUP-01,5908484,2023-09-10,2023-09-17,229,101.15,received
PO0002773,SUP-07,6362414,2023-09-10,2023-10-01,199,9.95,received
PO0002774,SUP-03,6976349,2023-09-10,2023-09-24,315,20.86,received
PO0002775,SUP-09,4143393,2023-09-11,2023-10-09,102,101.88,received
PO0002776,SUP-08,7567958,2023-09-11,2023-10-06,141,46.25,short_received
PO0002777,SUP-03,1517547,2023-09-12,2023-09-26,57,11.42,received
PO0002778,SUP-03,5212958,2023-09-12,2023-09-26,45,42.91,received
PO0002779,SUP-08,6245368,2023-09-12,2023-10-07,147,11.71,received
PO0002780,SUP-07,7433330,2023-09-12,2023-10-03,47,6.63,received
PO0002781,SUP-12,9721204,2023-09-12,2023-09-24,41,23.15,received
PO0002782,SUP-06,1367097,2023-09-13,2023-10-04,38,25.88,received
PO0002783,SUP-03,6155600,2023-09-13,2023-09-27,46,18.78,received
PO0002784,SUP-12,7620070,2023-09-13,2023-09-25,54,31.28,received
PO0002785,SUP-09,7941277,2023-09-13,2023-10-11,59,19.16,received
PO0002786,SUP-09,7954298,2023-09-13,2023-10-11,38,33.27,received
PO0002787,SUP-11,2377662,2023-09-14,2023-10-19,65,51.01,received
PO0002788,SUP-07,5509792,2023-09-14,2023-10-05,36,36.12,received
PO0002789,SUP-03,6024870,2023-09-14,2023-09-28,79,16.59,received
PO0002790,SUP-05,2337045,2023-09-15,2023-10-03,94,9.94,received
PO0002791,SUP-06,3006131,2023-09-15,2023-10-06,29,66.68,received
PO0002792,SUP-03,3781033,2023-09-15,2023-09-29,85,20.42,short_received
PO0002793,SUP-09,4076320,2023-09-15,2023-10-13,36,5.27,received
PO0002794,SUP-06,6079235,2023-09-15,2023-10-06,302,4.1,received
PO0002795,SUP-12,6474782,2023-09-15,2023-09-27,85,37.93,received
PO0002796,SUP-07,6695684,2023-09-15,2023-10-06,38,24.3,received
PO0002797,SUP-06,3157737,2023-09-16,2023-10-07,75,42.67,received
PO0002798,SUP-07,4365384,2023-09-16,2023-10-07,44,90.45,received
PO0002799,SUP-05,5234930,2023-09-16,2023-10-04,124,98.79,received
PO0002800,SUP-09,6637675,2023-09-16,2023-10-14,62,16.56,received
PO0002801,SUP-06,7729308,2023-09-16,2023-10-07,371,19.77,short_received
PO0002802,SUP-11,7826018,2023-09-16,2023-10-21,48,6.02,received
PO0002803,SUP-03,8838340,2023-09-16,2023-09-30,31,15.96,received
PO0002804,SUP-02,8903471,2023-09-16,2023-09-26,172,10.48,received
PO0002805,SUP-04,3428363,2023-09-17,2023-10-01,267,28.62,received
PO0002806,SUP-11,4720552,2023-09-17,2023-10-22,113,8.56,received
PO0002807,SUP-08,5068008,2023-09-17,2023-10-12,151,8.63,received
PO0002808,SUP-12,5092850,2023-09-17,2023-09-29,88,7.97,received
PO0002809,SUP-07,9746038,2023-09-17,2023-10-08,41,16.64,received
PO0002810,SUP-07,2738486,2023-09-18,2023-10-09,39,10.23,received
PO0002811,SUP-07,3817121,2023-09-18,2023-10-09,53,34.36,received
PO0002812,SUP-02,4123413,2023-09-18,2023-09-28,57,23.37,received
PO0002813,SUP-07,5530296,2023-09-18,2023-10-09,112,12.87,received
PO0002814,SUP-06,6000495,2023-09-18,2023-10-09,36,25.14,short_received
PO0002815,SUP-05,9036326,2023-09-18,2023-10-06,457,3.45,short_received
PO0002816,SUP-06,9172205,2023-09-18,2023-10-09,46,8.57,received
PO0002817,SUP-02,9938113,2023-09-18,2023-09-28,27,28.46,received
PO0002818,SUP-03,5822751,2023-09-19,2023-10-03,130,31.05,received
PO0002819,SUP-06,9110019,2023-09-19,2023-10-10,65,18.13,received
PO0002820,SUP-07,2645378,2023-09-20,2023-10-11,32,3.47,received
PO0002821,SUP-01,2731345,2023-09-20,2023-09-27,149,26.28,received
PO0002822,SUP-06,3330012,2023-09-20,2023-10-11,70,9.78,received
PO0002823,SUP-12,4194454,2023-09-20,2023-10-02,443,26.88,received
PO0002824,SUP-06,4356662,2023-09-20,2023-10-11,53,117.09,received
PO0002825,SUP-03,6854023,2023-09-20,2023-10-04,160,62.14,short_received
PO0002826,SUP-07,7448961,2023-09-20,2023-10-11,128,5.24,received
PO0002827,SUP-12,7496477,2023-09-20,2023-10-02,46,48.06,received
PO0002828,SUP-06,9355705,2023-09-20,2023-10-11,46,43.5,received
PO0002829,SUP-05,1778504,2023-09-21,2023-10-09,42,33.14,short_received
PO0002830,SUP-01,2299273,2023-09-21,2023-09-28,59,10.15,received
PO0002831,SUP-08,2292183,2023-09-22,2023-10-17,73,6.04,received
PO0002832,SUP-01,3503816,2023-09-22,2023-09-29,61,9.86,received
PO0002833,SUP-09,1385609,2023-09-23,2023-10-21,36,55.09,received
PO0002834,SUP-06,2404737,2023-09-23,2023-10-14,46,33.88,received
PO0002835,SUP-7,1079923,2023-09-24,2023-10-15,98,47.66,received
PO0002836,SUP-04,3124731,2023-09-24,2023-10-08,76,13.7,short_received
PO0002837,SUP-06,4170752,2023-09-24,2023-10-15,1178,100.69,received
PO0002838,SUP-12,5027667,2023-09-24,2023-10-06,65,51.6,received
PO0002839,SUP-05,6280890,2023-09-24,2023-10-12,66,13.25,received
PO0002840,SUP-05,7427053,2023-09-24,2023-10-12,71,31.63,received
PO0002841,SUP-11,7814384,2023-09-24,2023-10-29,129,32.84,received
PO0002842,SUP-11,8004216,2023-09-24,2023-10-29,47,17.3,received
PO0002843,SUP-07,8832573,2023-09-24,2023-10-15,39,39.91,received
PO0002844,SUP-09,9319849,2023-09-24,2023-10-22,615,81.54,received
PO0002845,SUP-03,9691291,2023-09-24,2023-10-08,137,24.67,received
PO0002846,SUP-08,2565553,2023-09-25,2023-10-20,85,7.7,received
PO0002847,SUP-09,2704704,2023-09-25,2023-10-23,89,52.36,received
PO0002848,SUP-11,2804964,2023-09-25,2023-10-30,69,17.75,received
PO0002849,SUP-04,5315329,2023-09-25,2023-10-09,58,19.03,received
PO0002850,SUP-12,5495706,2023-09-25,2023-10-07,46,64.01,short_received
PO0002851,SUP-07,3689249,2023-09-26,2023-10-17,88,17.39,received
PO0002852,SUP-03,5186154,2023-09-26,2023-10-10,69,44.73,received
PO0002853,SUP-10,8488816,2023-09-26,2023-10-26,69,29.72,received
PO0002854,SUP-05,1092786,2023-09-27,2023-10-15,63,4.8,received
PO0002855,SUP-03,1850756,2023-09-27,2023-10-11,49,20.96,received
PO0002856,SUP-02,4994348,2023-09-27,2023-10-07,152,22.78,received
PO0002857,SUP-05,6517467,2023-09-27,2023-10-15,106,46.27,received
PO0002858,SUP-07,1072276,2023-09-28,2023-10-19,57,21.1,received
PO0002859,SUP-09,5852256,2023-09-28,2023-10-26,70,19.18,received
PO0002860,SUP-06,7949185,2023-09-28,2023-10-19,41,12.89,received
PO0002861,SUP-07,8721483,2023-09-28,2023-10-19,89,14.64,received
PO0002862,SUP-11,9075437,2023-09-28,2023-11-02,105,12.75,received
PO0002863,SUP-12,9388289,2023-09-28,2023-10-10,116,34.44,received
PO0002864,SUP-06,1260475,2023-09-29,2023-10-20,1313,92.38,short_received
PO0002865,SUP-01,2380478,2023-09-29,2023-10-06,90,24.46,received
PO0002866,SUP-05,4236332,2023-09-29,2023-10-17,111,17.45,received
PO0002867,SUP-04,4646091,2023-09-29,2023-10-13,76,31.21,received
PO0002868,SUP-07,4663963,2023-09-29,2023-10-20,90,14.53,received
PO0002869,SUP-10,5781989,2023-09-29,2023-10-29,44,39.74,short_received
PO0002870,SUP-06,6944057,2023-09-29,2023-10-20,52,22.02,received
PO0002871,SUP-03,7212311,2023-09-29,2023-10-13,86,14.38,received
PO0002872,SUP-11,7310073,2023-09-29,2023-11-03,45,42.0,received
PO0002873,SUP-02,7946407,2023-09-29,2023-10-09,38,31.03,received
PO0002874,SUP-04,5131367,2023-09-30,2023-10-14,63,10.95,received
PO0002875,SUP-10,6543834,2023-09-30,2023-10-30,52,6.02,short_received
PO0002876,SUP-11,7047405,2023-09-30,2023-11-04,58,13.21,received
PO0002877,SUP-11,8218381,2023-09-30,2023-11-04,40,15.06,received
PO0002878,SUP-10,9841830,2023-09-30,2023-10-30,468,5.9,received
PO0002879,SUP-06,1522015,2023-10-01,2023-10-22,116,64.48,received
PO0002880,SUP-12,3206674,2023-10-01,2023-10-13,73,12.5,received
PO0002881,SUP-10,7303637,2023-10-01,2023-10-31,72,39.08,received
PO0002882,SUP-05,8800984,2023-10-01,2023-10-19,112,8.7,received
PO0002883,SUP-02,7062170,2023-10-02,2023-10-12,38,16.43,received
PO0002884,SUP-10,4123600,2023-10-03,2023-11-02,151,74.61,received
PO0002885,SUP-03,4411802,2023-10-03,2023-10-17,55,24.66,received
PO0002886,SUP-06,5114384,2023-10-03,2023-10-24,316,11.01,received
PO0002887,SUP-01,5553390,2023-10-03,2023-10-10,38,27.37,received
PO0002888,SUP-12,5862621,2023-10-03,2023-10-15,235,18.47,received
PO0002889,SUP-11,6351542,2023-10-03,2023-11-07,61,15.58,received
PO0002890,SUP-09,6520765,2023-10-03,2023-10-31,28,31.76,short_received
PO0002891,SUP-11,1029072,2023-10-04,2023-11-08,92,25.55,received
PO0002892,SUP-07,6529231,2023-10-04,2023-10-25,59,12.82,received
PO0002893,SUP-06,7201529,2023-10-04,2023-10-25,106,38.12,received
PO0002894,SUP-07,7390450,2023-10-04,2023-10-25,124,17.75,received
PO0002895,SUP-12,8016491,2023-10-04,2023-10-16,37,75.9,received
PO0002896,SUP-08,8536600,2023-10-04,2023-10-29,36,9.62,received
PO0002897,SUP-05,8746636,2023-10-04,2023-10-22,110,31.46,received
PO0002898,SUP-09,9315482,2023-10-04,2023-11-01,66,29.67,received
PO0002899,SUP-10,4708009,2023-10-05,2023-11-04,44,50.74,received
PO0002900,SUP-07,7275086,2023-10-05,2023-10-26,114,27.65,received
PO0002901,SUP-11,9111330,2023-10-05,2023-11-09,64,83.91,received
PO0002902,SUP-08,4705110,2023-10-06,2023-10-31,202,10.46,received
PO0002903,SUP-01,7180258,2023-10-06,2023-10-13,45,33.36,received
PO0002904,SUP-07,7255659,2023-10-06,2023-10-27,64,41.68,received
PO0002905,SUP-01,9065490,2023-10-06,2023-10-13,136,46.46,received
PO0002906,SUP-07,1099410,2023-10-07,2023-10-28,413,6.57,short_received
PO0002907,SUP-01,2527689,2023-10-07,2023-10-14,67,16.32,received
PO0002908,SUP-07,7630387,2023-10-07,2023-10-28,37,13.71,received
PO0002909,SUP-07,9248008,2023-10-07,2023-10-28,57,34.0,received
PO0002910,SUP-07,3002277,2023-10-08,2023-10-29,571,16.92,received
PO0002911,SUP-05,3243048,2023-10-08,2023-10-26,911,21.42,short_received
PO0002912,SUP-07,3554832,2023-10-08,2023-10-29,191,26.96,received
PO0002913,SUP-12,7373415,2023-10-08,2023-10-20,41,13.79,received
PO0002914,SUP-11,9800243,2023-10-08,2023-11-12,380,38.81,received
PO0002915,SUP-07,2287051,2023-10-09,2023-10-30,48,9.85,received
PO0002916,SUP-11,2317989,2023-10-09,2023-11-13,50,25.91,received
PO0002917,SUP-09,5847380,2023-10-09,2023-11-06,69,21.1,received
PO0002918,SUP-12,6810241,2023-10-09,2023-10-21,179,7.65,received
PO0002919,SUP-02,5409305,2023-10-10,2023-10-20,30,50.74,received
PO0002920,SUP-04,6338037,2023-10-10,2023-10-24,425,18.41,received
PO0002921,SUP-02,9118281,2023-10-10,2023-10-20,71,8.42,received
PO0002922,SUP-10,9198161,2023-10-10,2023-11-09,62,69.88,received
PO0002923,SUP-02,9938113,2023-10-10,2023-10-20,36,28.14,short_received
PO0002924,SUP-06,3166872,2023-10-11,2023-11-01,59,17.95,received
PO0002925,SUP-03,6460385,2023-10-11,2023-10-25,47,55.58,received
PO0002926,SUP-08,7429245,2023-10-11,2023-11-05,95,7.67,received
PO0002927,SUP-09,9939190,2023-10-11,2023-11-08,301,23.05,received
PO0002928,SUP-09,1385609,2023-10-12,2023-11-09,55,57.64,short_received
PO0002929,SUP-01,2154101,2023-10-12,2023-10-19,159,6.31,received
PO0002930,SUP-12,3301602,2023-10-12,2023-10-24,68,16.95,received
PO0002931,SUP-11,4958034,2023-10-12,2023-11-16,48,18.91,received
PO0002932,SUP-07,6695684,2023-10-12,2023-11-02,54,24.19,received
PO0002933,SUP-2,7182700,2023-10-12,2023-10-22,1705,47.17,received
PO0002934,SUP-11,7826018,2023-10-12,2023-11-16,61,5.93,received
PO0002935,SUP-08,1038403,2023-10-13,2023-11-07,60,27.39,received
PO0002936,SUP-01,3318117,2023-10-13,2023-10-20,58,22.96,received
PO0002937,SUP-01,3583619,2023-10-13,2023-10-20,77,9.61,received
PO0002938,SUP-07,4098324,2023-10-13,2023-11-03,353,8.89,received
PO0002939,SUP-05,4648994,2023-10-13,2023-10-31,76,11.0,received
PO0002940,SUP-05,1083413,2023-10-14,2023-11-01,104,39.08,received
PO0002941,SUP-05,1189654,2023-10-14,2023-11-01,79,14.69,received
PO0002942,SUP-06,5466720,2023-10-14,2023-11-04,85,52.39,received
PO0002943,SUP-12,5520674,2023-10-14,2023-10-26,71,13.74,received
PO0002944,SUP-07,6362414,2023-10-14,2023-11-04,237,9.93,received
PO0002945,SUP-03,6497266,2023-10-14,2023-10-28,192,4.35,received
PO0002946,SUP-07,1428173,2023-10-15,2023-11-05,240,50.56,received
PO0002947,SUP-12,3004815,2023-10-15,2023-10-27,106,31.43,short_received
PO0002948,SUP-02,3383881,2023-10-15,2023-10-25,48,62.76,short_received
PO0002949,SUP-06,3852546,2023-10-15,2023-11-05,166,35.99,received
PO0002950,SUP-10,6380274,2023-10-15,2023-11-14,163,97.84,received
PO0002951,SUP-11,6693651,2023-10-15,2023-11-19,130,14.88,received
PO0002952,SUP-08,7567958,2023-10-15,2023-11-09,147,46.47,received
PO0002953,SUP-11,9739117,2023-10-15,2023-11-19,70,21.2,received
PO0002954,SUP-06,3006131,2023-10-16,2023-11-06,36,66.2,short_received
PO0002955,SUP-11,4720552,2023-10-16,2023-11-20,143,8.53,received
PO0002956,SUP-03,4895822,2023-10-16,2023-10-30,48,24.48,received
PO0002957,SUP-06,5425967,2023-10-16,2023-11-06,51,48.07,received
PO0002958,SUP-08,7622260,2023-10-16,2023-11-10,44,41.04,short_received
PO0002959,SUP-03,8838340,2023-10-16,2023-10-30,42,15.98,received
PO0002960,SUP-06,1111123,2023-10-17,2023-11-07,44,20.89,received
PO0002961,SUP-03,3781033,2023-10-17,2023-10-31,93,20.21,received
PO0002962,SUP-09,4143393,2023-10-17,2023-11-14,115,105.57,received
PO0002963,SUP-07,5509792,2023-10-17,2023-11-07,47,36.68,received
PO0002964,SUP-07,7171122,2023-10-17,2023-11-07,49,28.78,received
PO0002965,SUP-09,7279985,2023-10-17,2023-11-14,48,57.03,received
PO0002966,SUP-12,7474821,2023-10-17,2023-10-29,32,21.82,received
PO0002967,SUP-06,8754194,2023-10-17,2023-11-07,297,$24.84,received
PO0002968,SUP-11,8795573,2023-10-17,2023-11-21,277,13.87,received
PO0002969,SUP-06,9118832,2023-10-17,2023-11-07,278,83.57,received
PO0002970,SUP-03,9829417,2023-10-17,2023-10-31,801,67.77,received
PO0002971,SUP-12,1196740,2023-10-18,2023-10-30,64,31.66,received
PO0002972,SUP-03,3240903,2023-10-18,2023-11-01,82,28.7,received
PO0002973,SUP-09,4076320,2023-10-18,2023-11-15,48,5.46,received
PO0002974,SUP-05,4870730,2023-10-18,2023-11-05,62,12.74,received
PO0002975,SUP-09,6637675,2023-10-18,2023-11-15,79,17.0,received
PO0002976,SUP-05,2931280,2023-10-19,2023-11-06,89,14.84,received
PO0002977,SUP-07,5599767,2023-10-19,2023-11-09,134,6.23,received
PO0002978,SUP-12,7620070,2023-10-19,2023-10-31,65,30.75,received
PO0002979,SUP-03,8926382,2023-10-19,2023-11-02,44,14.93,received
PO0002980,SUP-03,5250988,2023-10-20,2023-11-03,48,11.52,received
PO0002981,SUP-10,9040237,2023-10-20,2023-11-19,98,59.71,received
PO0002982,SUP-05,1080071,2023-10-21,2023-11-08,47,19.52,received
PO0002983,SUP-03,6155600,2023-10-21,2023-11-04,49,18.55,received
PO0002984,SUP-12,7346335,2023-10-21,2023-11-02,69,29.93,received
PO0002985,SUP-02,8966163,2023-10-21,2023-10-31,4156,32.81,received
PO0002986,SUP-05,9036326,2023-10-21,2023-11-08,535,3.43,received
PO0002987,SUP-02,9351656,2023-10-21,2023-10-31,46,10.4,received
PO0002988,SUP-07,9746038,2023-10-21,2023-11-11,53,16.6,received
PO0002989,SUP-07,3648094,2023-10-22,2023-11-12,53,17.26,received
PO0002990,SUP-12,4489659,2023-10-22,2023-11-03,268,27.81,received
PO0002991,SUP-01,5908484,2023-10-22,2023-10-29,252,102.93,received
PO0002992,SUP-01,7801595,2023-10-22,2023-10-29,55,44.59,received
PO0002993,SUP-07,8089253,2023-10-22,2023-11-12,85,44.72,received
PO0002994,SUP-11,8758486,2023-10-22,2023-11-26,88,39.02,received
PO0002995,SUP-02,8903471,2023-10-22,2023-11-01,219,10.37,received
PO0002996,SUP-12,9721204,2023-10-22,2023-11-03,48,23.42,short_received
PO0002997,SUP-07,1854723,2023-10-23,2023-11-13,43,23.09,received
PO0002998,SUP-05,2337045,2023-10-23,2023-11-10,109,10.01,received
PO0002999,SUP-03,3487534,2023-10-23,2023-11-06,57,10.63,received
PO0003000,SUP-09,5599030,2023-10-23,2023-11-20,44,9.49,received
PO0003001,SUP-08,6938043,2023-10-23,2023-11-17,32,20.84,received
PO0003002,SUP-11,7047405,2023-10-23,2023-11-27,77,13.17,received
PO0003003,SUP-10,7106580,2023-10-23,2023-11-22,44,16.09,received
PO0003004,SUP-08,1959257,2023-10-24,2023-11-18,52,7.66,received
PO0003005,SUP-11,2377662,2023-10-24,2023-11-28,73,50.05,received
PO0003006,SUP-11,6960004,2023-10-24,2023-11-28,102,18.5,received
PO0003007,SUP-09,7941277,2023-10-24,2023-11-21,67,19.31,received
PO0003008,SUP-12,8728798,2023-10-24,2023-11-05,257,6.53,received
PO0003009,SUP-07,9554682,2023-10-24,2023-11-14,48,46.89,received
PO0003010,SUP-11,1383693,2023-10-25,2023-11-29,119,19.65,received
PO0003011,SUP-07,2738486,2023-10-25,2023-11-15,46,10.25,received
PO0003012,SUP-06,3157737,2023-10-25,2023-11-15,87,42.96,received
PO0003013,SUP-03,5212958,2023-10-25,2023-11-08,50,41.82,received
PO0003014,SUP-06,7729308,2023-10-25,2023-11-15,387,19.74,received
PO0003015,SUP-09,1204442,2023-10-26,2023-11-23,43,53.72,received
PO0003016,SUP-01,4059984,2023-10-26,2023-11-02,34,16.91,received
PO0003017,SUP-07,5530296,2023-10-26,2023-11-16,126,12.72,received
PO0003018,SUP-08,6245368,2023-10-26,2023-11-20,160,11.86,received
PO0003019,SUP-10,7871485,2023-10-26,2023-11-25,37,9.49,received
PO0003020,SUP-01,5678537,2023-10-27,2023-11-03,174,64.38,received
PO0003021,SUP-06,6953807,2023-10-27,2023-11-17,81,6.29,received
PO0003022,SUP-01,2299273,2023-10-28,2023-11-04,73,10.22,received
PO0003023,SUP-07,3289377,2023-10-28,2023-11-18,75,31.74,received
PO0003024,SUP-07,4365384,2023-10-28,2023-11-18,48,92.86,received
PO0003025,SUP-03,6854023,2023-10-28,2023-11-11,196,60.88,received
PO0003026,SUP-06,1430298,2023-10-29,2023-11-19,60,66.07,received
PO0003027,SUP-02,2993399,2023-10-29,2023-11-08,40,47.32,received
PO0003028,SUP-04,3428363,2023-10-29,2023-11-12,288,28.77,received
PO0003029,SUP-12,4194454,2023-10-29,2023-11-10,504,26.95,received
PO0003030,SUP-11,4200826,2023-10-29,2023-12-03,36,11.38,received
PO0003031,SUP-03,6024870,2023-10-29,2023-11-12,84,16.43,received
PO0003032,SUP-12,6474782,2023-10-30,2023-11-11,89,38.14,received
PO0003033,SUP-12,9388289,2023-10-30,2023-11-11,149,34.5,received
PO0003034,SUP-02,9938113,2023-10-30,2023-11-09,47,28.69,received
PO0003035,SUP-07,4663963,2023-10-31,2023-11-21,114,14.73,received
PO0003036,SUP-05,5234930,2023-10-31,2023-11-18,143,98.12,received
PO0003037,SUP-09,6520765,2023-10-31,2023-11-28,41,31.83,received
PO0003038,SUP-06,9355705,2023-10-31,2023-11-21,53,43.42,received
PO0003039,SUP-06,1367097,2023-11-01,2023-11-22,49,25.48,received
PO0003040,SUP-07,2645378,2023-11-01,2023-11-22,36,3.46,received
PO0003041,SUP-06,6000495,2023-11-01,2023-11-22,36,25.02,received
PO0003042,SUP-05,3676700,2023-11-02,2023-11-20,126,30.85,received
PO0003043,SUP-07,1356979,2023-11-03,2023-11-24,627,13.63,received
PO0003044,SUP-06,6079235,2023-11-03,2023-11-24,298,4.04,received
PO0003045,SUP-12,2102225,2023-11-04,2023-11-16,11863,16.35,received
PO0003046,SUP-03,5822751,2023-11-04,2023-11-18,136,30.2,received
PO0003047,SUP-09,1601049,2023-11-05,2023-12-03,35,12.73,received
PO0003048,SUP-03,1850756,2023-11-05,2023-11-19,61,21.23,received
PO0003049,SUP-6,6026055,2023-11-05,2023-11-26,46,25.37,received
PO0003050,SUP-07,7448961,2023-11-05,2023-11-26,134,5.18,received
PO0003051,SUP-03,1517547,2023-11-06,2023-11-20,53,11.67,received
PO0003052,SUP-03,2295523,2023-11-06,2023-11-20,2257,19.76,received
PO0003053,SUP-07,3689249,2023-11-06,2023-11-27,100,17.44,received
PO0003054,SUP-02,4123413,2023-11-06,2023-11-16,57,22.92,received
PO0003055,SUP-02,4994348,2023-11-06,2023-11-16,166,22.84,received
PO0003056,SUP-03,7212311,2023-11-06,2023-11-20,98,14.48,received
PO0003057,SUP-07,7433330,2023-11-06,2023-11-27,43,6.67,received
PO0003058,SUP-01,2731345,2023-11-07,2023-11-14,144,26.29,received
PO0003059,SUP-03,3533080,2023-11-07,2023-11-21,34,48.17,received
PO0003060,SUP-12,7496477,2023-11-07,2023-11-19,44,47.34,short_received
PO0003061,SUP-08,2292183,2023-11-08,2023-12-03,79,5.96,received
PO0003062,SUP-05,7427053,2023-11-08,2023-11-26,76,32.4,received
PO0003063,SUP-09,2704704,2023-11-09,2023-12-07,87,55.32,received
PO0003064,SUP-12,5027667,2023-11-09,2023-11-21,69,51.51,received
PO0003065,SUP-12,5495706,2023-11-09,2023-11-21,43,64.06,received
PO0003066,SUP-11,7310073,2023-11-09,2023-12-14,51,41.69,received
PO0003067,SUP-02,8110966,2023-11-09,2023-11-19,40,8.97,received
PO0003068,SUP-12,3211935,2023-11-11,2023-11-23,36,24.57,received
PO0003069,SUP-12,5092850,2023-11-11,2023-11-23,79,8.06,received
PO0003070,SUP-07,6529231,2023-11-12,2023-12-03,66,12.46,received
PO0003071,SUP-06,9110019,2023-11-12,2023-12-03,62,18.13,received
PO0003072,SUP-01,2380478,2023-11-13,2023-11-20,90,24.6,received
PO0003073,SUP-04,3124731,2023-11-13,2023-11-27,68,13.82,received
PO0003074,SUP-07,3817121,2023-11-13,2023-12-04,47,33.51,received
PO0003075,SUP-06,4356662,2023-11-13,2023-12-04,57,115.23,received
PO0003076,SUP-11,7814384,2023-11-13,2023-12-18,133,32.27,received
PO0003077,SUP-09,9319849,2023-11-13,2023-12-11,588,84.1,received
PO0003078,SUP-06,3330012,2023-11-14,2023-12-05,64,9.74,received
PO0003079,SUP-03,4411802,2023-11-14,2023-11-28,64,24.35,received
PO0003080,SUP-11,2804964,2023-11-15,2023-12-20,71,17.48,received
PO0003081,SUP-05,4236332,2023-11-15,2023-12-03,110,17.96,received
PO0003082,SUP-08,8261390,2023-11-15,2023-12-10,36,79.4,received
PO0003083,SUP-07,1099410,2023-11-17,2023-12-08,400,6.55,received
PO0003084,SUP-05,6517467,2023-11-17,2023-12-05,110,47.07,received
PO0003085,SUP-8,2565553,2023-11-18,2023-12-13,80,7.73,received
PO0003086,SUP-12,3004815,2023-11-18,2023-11-30,114,31.51,received
PO0003087,SUP-07,3346010,2023-11-18,2023-12-09,531,10.34,received
PO0003088,SUP-11,8004216,2023-11-18,2023-12-23,46,17.66,short_received
PO0003089,SUP-08,8536600,2023-11-18,2023-12-13,38,9.5,received
PO0003090,SUP-01,9065490,2023-11-18,2023-11-25,146,46.8,received
PO0003091,SUP-11,1029072,2023-11-19,2023-12-24,111,25.57,received
PO0003092,SUP-08,1640473,2023-11-19,2023-12-14,35,13.04,received
PO0003093,SUP-05,1778504,2023-11-19,2023-12-07,35,34.76,received
PO0003094,SUP-02,7946407,2023-11-19,2023-11-29,39,30.96,received
PO0003095,SUP-08,5068008,2023-11-20,2023-12-15,130,8.52,received
PO0003096,SUP-07,7275086,2023-11-20,2023-12-11,114,28.19,received
PO0003097,SUP-06,1522015,2023-11-21,2023-12-12,110,64.62,short_received
PO0003098,SUP-12,3206674,2023-11-21,2023-12-03,68,12.29,received
PO0003099,SUP-01,7180258,2023-11-21,2023-11-28,48,32.69,received
PO0003100,SUP-10,7303637,2023-11-21,2023-12-21,70,39.28,received
PO0003101,SUP-06,8511889,2023-11-21,2023-12-12,48,33.86,received
PO0003102,SUP-05,1910407,2023-11-22,2023-12-10,45,35.9,received
PO0003103,SUP-02,5409305,2023-11-22,2023-12-02,33,50.07,received
PO0003104,SUP-09,5852256,2023-11-22,2023-12-20,65,19.83,received
PO0003105,SUP-02,7062170,2023-11-22,2023-12-02,37,16.16,received
PO0003106,SUP-07,1079923,2023-11-23,2023-12-14,83,47.97,received
PO0003107,SUP-07,2287051,2023-11-23,2023-12-14,48,9.76,received
PO0003108,SUP-02,3383881,2023-11-23,2023-12-03,44,63.63,received
PO0003109,SUP-04,5131367,2023-11-23,2023-12-07,54,10.98,received
PO0003110,SUP-03,6460385,2023-11-23,2023-12-07,50,55.41,received
PO0003111,SUP-10,6543834,2023-11-23,2023-12-23,38,5.91,received
PO0003112,SUP-06,6944057,2023-11-23,2023-12-14,52,22.16,received
PO0003113,SUP-06,7201529,2023-11-23,2023-12-14,109,37.89,received
PO0003114,SUP-12,7474821,2023-11-23,2023-12-05,40,21.93,received
PO0003115,SUP-09,7954298,2023-11-23,2023-12-21,33,34.2,received
PO0003116,SUP-11,8218381,2023-11-23,2023-12-28,39,14.87,received
PO0003117,SUP-07,8721483,2023-11-23,2023-12-14,78,14.87,received
PO0003118,SUP-07,8832573,2023-11-23,2023-12-14,36,40.41,received
PO0003119,SUP-07,9248008,2023-11-23,2023-12-14,58,34.8,received
PO0003120,SUP-01,2154101,2023-11-24,2023-12-01,164,6.3,received
PO0003121,SUP-06,2404737,2023-11-24,2023-12-15,39,33.47,received
PO0003122,SUP-06,3006131,2023-11-24,2023-12-15,45,65.49,received
PO0003123,SUP-05,3243048,2023-11-24,2023-12-12,846,22.52,received
PO0003124,SUP-01,3503816,2023-11-24,2023-12-01,45,9.96,received
PO0003125,SUP-10,4123600,2023-11-24,2023-12-24,138,76.14,received
PO0003126,SUP-04,4646091,2023-11-24,2023-12-08,65,$30.81,received
PO0003127,SUP-08,4705110,2023-11-24,2023-12-19,204,10.49,received
PO0003128,SUP-03,4895822,2023-11-24,2023-12-08,55,24.59,received
PO0003129,SUP-01,5553390,2023-11-24,2023-12-01,33,27.2,received
PO0003130,SUP-12,5862621,2023-11-24,2023-12-06,210,18.46,received
PO0003131,SUP-05,6280890,2023-11-24,2023-12-12,56,14.01,received
PO0003132,SUP-12,6810241,2023-11-24,2023-12-06,184,7.76,received
PO0003133,SUP-08,6938043,2023-11-24,2023-12-19,43,21.22,received
PO0003134,SUP-07,7171122,2023-11-24,2023-12-15,56,28.97,received
PO0003135,SUP-12,7373415,2023-11-24,2023-12-06,48,13.56,received
PO0003136,SUP-07,7390450,2023-11-24,2023-12-15,114,17.91,received
PO0003137,SUP-08,7622260,2023-11-24,2023-12-19,49,41.02,received
PO0003138,SUP-07,7630387,2023-11-24,2023-12-15,37,13.81,received
PO0003139,SUP-06,7949185,2023-11-24,2023-12-15,36,12.66,received
PO0003140,SUP-05,8800984,2023-11-24,2023-12-12,102,9.0,received
PO0003141,SUP-03,8926382,2023-11-24,2023-12-08,49,14.85,received
PO0003142,SUP-10,9841830,2023-11-24,2023-12-24,452,5.8,received
PO0003143,SUP-05,1092786,2023-11-25,2023-12-13,76,4.89,received
PO0003144,SUP-06,1111123,2023-11-25,2023-12-16,52,20.95,short_received
PO0003145,SUP-07,1428173,2023-11-25,2023-12-16,245,50.47,received
PO0003146,SUP-07,2118773,2023-11-25,2023-12-16,363,15.08,received
PO0003147,SUP-11,2317989,2023-11-25,2023-12-30,49,26.25,received
PO0003148,SUP-01,2527689,2023-11-25,2023-12-02,62,16.16,received
PO0003149,SUP-06,3166872,2023-11-25,2023-12-16,73,18.21,received
PO0003150,SUP-03,3240903,2023-11-25,2023-12-09,93,28.97,received
PO0003151,SUP-07,4365384,2023-11-25,2023-12-16,61,92.17,received
PO0003152,SUP-07,4747587,2023-11-25,2023-12-16,8015,32.48,received
PO0003153,SUP-06,5466720,2023-11-25,2023-12-16,93,51.23,received
PO0003154,SUP-07,5509792,2023-11-25,2023-12-16,51,36.44,received
PO0003155,SUP-10,5781989,2023-11-25,2023-12-25,38,40.2,received
PO0003156,SUP-09,5847380,2023-11-25,2023-12-23,72,21.31,received
PO0003157,SUP-11,6351542,2023-11-25,2023-12-30,59,15.78,received
PO0003158,SUP-07,6695684,2023-11-25,2023-12-16,58,24.36,received
PO0003159,SUP-07,7255659,2023-11-25,2023-12-16,59,41.15,received
PO0003160,SUP-09,7941277,2023-11-25,2023-12-23,76,19.6,received
PO0003161,SUP-12,8016491,2023-11-25,2023-12-07,36,75.47,received
PO0003162,SUP-10,8488816,2023-11-25,2023-12-25,62,29.4,received
PO0003163,SUP-05,8746636,2023-11-25,2023-12-13,122,32.54,received
PO0003164,SUP-11,9075437,2023-11-25,2023-12-30,89,13.0,received
PO0003165,SUP-06,9172205,2023-11-25,2023-12-16,37,8.65,received
PO0003166,SUP-10,9198161,2023-11-25,2023-12-25,63,70.83,received
PO0003167,SUP-09,9315482,2023-11-25,2023-12-23,61,29.85,received
PO0003168,SUP-08,1038403,2023-11-26,2023-12-21,61,27.4,received
PO0003169,SUP-09,1385609,2023-11-26,2023-12-24,55,57.4,received
PO0003170,SUP-08,1959257,2023-11-26,2023-12-21,69,7.58,received
PO0003171,SUP-01,3318117,2023-11-26,2023-12-03,61,22.7,received
PO0003172,SUP-07,3554832,2023-11-26,2023-12-17,185,26.93,received
PO0003173,SUP-06,3852546,2023-11-26,2023-12-17,176,35.99,received
PO0003174,SUP-01,4059984,2023-11-26,2023-12-03,48,16.69,received
PO0003175,SUP-07,4098324,2023-11-26,2023-12-17,372,9.0,received
PO0003176,SUP-09,4143393,2023-11-26,2023-12-24,121,105.96,received
PO0003177,SUP-11,4200826,2023-11-26,2023-12-31,46,11.4,received
PO0003178,SUP-05,4648994,2023-11-26,2023-12-14,79,11.56,received
PO0003179,SUP-06,5114384,2023-11-26,2023-12-17,350,11.3,received
PO0003180,SUP-07,6362414,2023-11-26,2023-12-17,257,9.84,received
PO0003181,SUP-02,7182700,2023-11-26,2023-12-06,1734,46.95,received
PO0003182,SUP-02,9118281,2023-11-26,2023-12-06,76,8.42,received
PO0003183,SUP-06,9118832,2023-11-26,2023-12-17,282,82.32,received
PO0003184,SUP-02,9351656,2023-11-26,2023-12-06,53,10.39,received
PO0003185,SUP-11,9800243,2023-11-26,2023-12-31,373,38.96,received
PO0003186,SUP-03,9829417,2023-11-26,2023-12-10,854,69.03,received
PO0003187,SUP-05,1080071,2023-11-27,2023-12-15,65,20.52,received
PO0003188,SUP-03,3487534,2023-11-27,2023-12-11,69,10.55,received
PO0003189,SUP-01,3583619,2023-11-27,2023-12-04,80,9.48,received
PO0003190,SUP-10,6380274,2023-11-27,2023-12-27,175,98.38,received
PO0003191,SUP-11,6693651,2023-11-27,2024-01-01,133,15.1,received
PO0003192,SUP-08,7429245,2023-11-27,2023-12-22,98,7.74,received
PO0003193,SUP-08,7567958,2023-11-27,2023-12-22,159,47.01,received
PO0003194,SUP-12,7620070,2023-11-27,2023-12-09,73,30.92,received
PO0003195,SUP-06,8754194,2023-11-27,2023-12-18,329,24.84,received
PO0003196,SUP-11,9111330,2023-11-27,2024-01-01,60,82.51,received
PO0003197,SUP-11,9739117,2023-11-27,2024-01-01,77,21.45,received
PO0003198,SUP-05,1083413,2023-11-28,2023-12-16,114,40.5,received
PO0003199,SUP-11,2377662,2023-11-28,2024-01-02,92,51.16,received
PO0003200,SUP-11,4958034,2023-11-28,2024-01-02,48,18.53,received
PO0003201,SUP-01,5908484,2023-11-28,2023-12-05,282,103.23,received
PO0003202,SUP-07,2738486,2023-11-29,2023-12-20,56,10.11,received
PO0003203,SUP-07,4762867,2023-11-29,2023-12-20,1609,7.51,received
PO0003204,SUP-03,6497266,2023-11-29,2023-12-13,192,4.29,received
PO0003205,SUP-03,8838340,2023-11-29,2023-12-13,47,15.86,received
PO0003206,SUP-07,3289377,2023-11-30,2023-12-21,89,32.45,received
PO0003207,SUP-12,9721204,2023-11-30,2023-12-12,52,23.19,received
PO0003208,SUP-07,2645378,2023-12-01,2023-12-22,44,3.42,received
PO0003209,SUP-02,2993399,2023-12-01,2023-12-11,46,46.6,received
PO0003210,SUP-03,5186154,2023-12-01,2023-12-15,53,45.07,received
PO0003211,SUP-02,8966163,2023-12-01,2023-12-11,4399,32.55,received
PO0003212,SUP-05,1189654,2023-12-02,2023-12-20,79,15.21,received
PO0003213,SUP-09,1204442,2023-12-02,2023-12-30,46,53.58,received
PO0003214,SUP-12,3301602,2023-12-02,2023-12-14,65,16.97,received
PO0003215,SUP-05,4870730,2023-12-02,2023-12-20,74,13.46,received
PO0003216,SUP-09,5599030,2023-12-02,2023-12-30,50,$9.34,received
PO0003217,SUP-03,6024870,2023-12-02,2023-12-16,104,$16.52,received
PO0003218,SUP-08,6245368,2023-12-02,2023-12-27,179,11.66,received
PO0003219,SUP-09,7279985,2023-12-02,2023-12-30,48,56.5,received
PO0003220,SUP-12,6474782,2023-12-03,2023-12-15,102,38.31,received
PO0003221,SUP-09,6637675,2023-12-03,2023-12-31,82,17.07,received
PO0003222,SUP-10,7106580,2023-12-03,2024-01-02,57,16.16,received
PO0003223,SUP-12,7346335,2023-12-03,2023-12-15,69,29.63,received
PO0003224,SUP-01,7801595,2023-12-03,2023-12-10,58,43.81,received
PO0003225,SUP-03,5212958,2023-12-04,2023-12-18,54,42.17,received
PO0003226,SUP-11,6960004,2023-12-04,2024-01-08,122,18.49,received
PO0003227,SUP-12,4489659,2023-12-05,2023-12-17,272,27.5,received
PO0003228,SUP-07,5530296,2023-12-05,2023-12-26,143,12.41,received
PO0003229,SUP-07,9746038,2023-12-05,2023-12-26,53,16.43,received
PO0003230,SUP-06,1430298,2023-12-06,2023-12-27,65,70.83,received
PO0003231,SUP-10,4708009,2023-12-06,2024-01-05,39,50.31,received
PO0003232,SUP-12,1196740,2023-12-07,2023-12-19,60,31.19,received
PO0003233,SUP-06,3157737,2023-12-07,2023-12-28,95,45.89,received
PO0003234,SUP-02,8903471,2023-12-07,2023-12-17,216,10.39,received
PO0003235,SUP-05,2931280,2023-12-08,2023-12-26,87,15.71,received
PO0003236,SUP-04,3428363,2023-12-08,2023-12-22,308,28.24,received
PO0003237,SUP-07,3648094,2023-12-08,2023-12-29,54,16.84,received
PO0003238,SUP-03,3781033,2023-12-08,2023-12-22,87,20.36,received
PO0003239,SUP-04,5315329,2023-12-08,2023-12-22,45,18.93,received
PO0003240,SUP-10,7871485,2023-12-08,2024-01-07,47,9.26,received
PO0003241,SUP-07,1072276,2023-12-09,2023-12-30,45,20.35,received
PO0003242,SUP-02,4123413,2023-12-09,2023-12-19,71,23.2,received
PO0003243,SUP-11,8758486,2023-12-09,2024-01-13,93,38.47,received
PO0003244,SUP-05,3676700,2023-12-10,2023-12-28,142,30.77,received
PO0003245,SUP-02,4994348,2023-12-10,2023-12-20,199,22.92,received
PO0003246,SUP-06,6000495,2023-12-10,2023-12-31,45,26.25,received
PO0003247,SUP-06,7729308,2023-12-10,2023-12-31,393,20.66,received
PO0003248,SUP-07,8089253,2023-12-10,2023-12-31,81,44.85,received
PO0003249,SUP-10,9040237,2023-12-10,2024-01-09,105,59.89,received
PO0003250,SUP-06,5425967,2023-12-11,2024-01-01,48,51.43,received
PO0003251,SUP-07,5599767,2023-12-11,2024-01-01,125,6.02,received
PO0003252,SUP-11,2804964,2023-12-12,2024-01-16,89,17.66,received
PO0003253,SUP-09,1601049,2023-12-13,2024-01-10,42,12.5,received
PO0003254,SUP-12,4194454,2023-12-13,2023-12-25,512,26.92,received
PO0003255,SUP-05,5234930,2023-12-13,2023-12-31,155,103.08,received
PO0003256,SUP-01,5678537,2023-12-13,2023-12-20,168,64.4,received
PO0003257,SUP-03,6854023,2023-12-13,2023-12-27,192,61.22,received
PO0003258,SUP-01,2731345,2023-12-14,2023-12-21,162,26.18,received
PO0003259,SUP-03,3533080,2023-12-14,2023-12-28,44,47.43,received
PO0003260,SUP-12,3211935,2023-12-15,2023-12-27,44,24.48,received
PO0003261,SUP-11,8795573,2023-12-15,2024-01-19,252,13.62,received
PO0003262,SUP-06,6026055,2023-12-16,2024-01-06,56,26.79,received
PO0003263,SUP-06,6953807,2023-12-16,2024-01-06,76,$6.63,short_received
PO0003264,SUP-09,4076320,2023-12-17,2024-01-14,42,$5.51,received
PO0003265,SUP-11,7047405,2023-12-17,2024-01-21,83,13.17,received
PO0003266,SUP-07,9554682,2023-12-17,2024-01-07,46,45.89,received
PO0003267,SUP-07,4663963,2023-12-18,2024-01-08,113,14.48,received
PO0003268,SUP-12,5092850,2023-12-18,2023-12-30,94,7.98,short_received
PO0003269,SUP-08,9755526,2023-12-18,2024-01-12,4950,36.59,received
PO0003270,SUP-06,1367097,2023-12-19,2024-01-09,53,27.66,received
PO0003271,SUP-11,1383693,2023-12-19,2024-01-23,114,19.49,received
PO0003272,SUP-01,2299273,2023-12-19,2023-12-26,65,10.23,received
PO0003273,SUP-11,4720552,2023-12-19,2024-01-23,130,8.54,short_received
PO0003274,SUP-06,6079235,2023-12-19,2024-01-09,320,4.31,received
PO0003275,SUP-03,6155600,2023-12-19,2024-01-02,43,18.74,received
PO0003276,SUP-11,7826018,2023-12-19,2024-01-23,59,6.0,received
PO0003277,SUP-06,9110019,2023-12-19,2024-01-09,81,19.43,received
PO0003278,SUP-12,3206674,2023-12-20,2024-01-01,95,12.22,received
PO0003279,SUP-06,3330012,2023-12-20,2024-01-10,79,10.57,received
PO0003280,SUP-02,5409305,2023-12-20,2023-12-30,42,49.85,received
PO0003281,SUP-03,7212311,2023-12-20,2024-01-03,104,14.71,received
PO0003282,SUP-07,7433330,2023-12-20,2024-01-10,50,6.67,received
PO0003283,SUP-01,2380478,2023-12-21,2023-12-28,105,24.82,received
PO0003284,SUP-07,3689249,2023-12-21,2024-01-11,107,16.83,received
PO0003285,SUP-12,5520674,2023-12-21,2024-01-02,57,13.83,received
PO0003286,SUP-07,7448961,2023-12-21,2024-01-11,134,5.2,received
PO0003287,SUP-12,9388289,2023-12-21,2024-01-02,135,34.44,received
PO0003288,SUP-05,2337045,2023-12-22,2024-01-09,91,10.46,received
PO0003289,SUP-07,3817121,2023-12-22,2024-01-12,57,33.8,received
PO0003290,SUP-11,6768228,2023-12-22,2024-01-26,497,9.3,received
PO0003291,SUP-09,9319849,2023-12-22,2024-01-19,659,83.52,received
PO0003292,SUP-07,2287051,2023-12-23,2024-01-13,63,9.53,received
PO0003293,SUP-08,2292183,2023-12-23,2024-01-17,94,5.95,short_received
PO0003294,SUP-09,2704704,2023-12-23,2024-01-20,89,55.12,received
PO0003295,SUP-12,5027667,2023-12-23,2024-01-04,69,51.91,received
PO0003296,SUP-03,5822751,2023-12-23,2024-01-06,131,31.03,received
PO0003297,SUP-03,6460385,2023-12-23,2024-01-06,66,54.15,received
PO0003298,SUP-07,9748139,2023-12-23,2024-01-13,2297,7.4,received
PO0003299,SUP-05,6517467,2023-12-24,2024-01-11,141,47.74,received
PO0003300,SUP-11,7814384,2023-12-24,2024-01-28,152,33.12,received
PO0003301,SUP-09,7954298,2023-12-24,2024-01-21,43,34.29,received
PO0003302,SUP-05,4236332,2023-12-25,2024-01-12,146,18.3,short_received
PO0003303,SUP-07,1079923,2023-12-26,2024-01-16,106,47.66,received
PO0003304,SUP-05,9036326,2023-12-26,2024-01-13,564,3.54,short_received
PO0003305,SUP-01,9065490,2023-12-26,2024-01-02,162,46.47,received
PO0003306,SUP-03,1517547,2023-12-28,2024-01-11,50,11.37,received
PO0003307,SUP-12,5495706,2023-12-28,2024-01-09,40,64.67,received
PO0003308,SUP-06,7201529,2023-12-28,2024-01-18,150,40.13,received
PO0003309,SUP-10,7303637,2023-12-29,2024-01-28,90,38.9,received
PO0003310,SUP-12,7474821,2023-12-29,2024-01-10,48,22.1,received
PO0003311,SUP-04,5131367,2023-12-30,2024-01-13,65,11.03,received
PO0003312,SUP-11,8004216,2023-12-30,2024-02-03,50,17.41,received
PO0003313,SUP-08,8536600,2023-12-31,2024-01-25,48,9.38,received
PO0003314,SUP-02,9938113,2023-12-31,2024-01-10,39,28.52,received
PO0003315,SUP-08,1640473,2024-01-01,2024-01-26,47,12.89,received
PO0003316,SUP-07,7255659,2024-01-01,2024-01-22,69,40.37,received
PO0003317,SUP-07,1854723,2024-01-03,2024-01-24,34,22.82,received
PO0003318,SUP-07,7390450,2024-01-03,2024-01-24,138,17.35,received
PO0003319,SUP-07,1099410,2024-01-04,2024-01-25,408,6.46,received
PO0003320,SUP-02,3383881,2024-01-04,2024-01-14,53,64.84,received
PO0003321,SUP-09,6520765,2024-01-05,2024-02-02,35,31.83,received
PO0003322,SUP-10,6543834,2024-01-05,2024-02-04,49,6.51,received
PO0003323,SUP-07,7275086,2024-01-05,2024-01-26,120,27.01,received
PO0003324,SUP-02,7946407,2024-01-05,2024-01-15,46,31.23,received
PO0003325,SUP-04,3124731,2024-01-06,2024-01-20,73,13.77,received
PO0003326,SUP-10,4123600,2024-01-06,2024-02-05,167,81.86,received
PO0003327,SUP-04,4646091,2024-01-06,2024-01-20,69,30.98,received
PO0003328,SUP-1,5553390,2024-01-06,2024-01-13,41,27.22,received
PO0003329,SUP-05,6280890,2024-01-06,2024-01-24,73,15.06,received
PO0003330,SUP-09,9679390,2024-01-06,2024-02-03,442,8.74,received
PO0003331,SUP-06,1111123,2024-01-07,2024-01-28,55,22.74,received
PO0003332,SUP-05,1910407,2024-01-07,2024-01-25,58,38.38,received
PO0003333,SUP-11,7310073,2024-01-07,2024-02-11,44,41.71,received
PO0003334,SUP-05,7427053,2024-01-07,2024-01-25,77,35.24,received
PO0003335,SUP-02,8110966,2024-01-07,2024-01-17,34,9.14,received
PO0003336,SUP-06,9355705,2024-01-07,2024-01-28,54,46.16,received
PO0003337,SUP-06,2404737,2024-01-08,2024-01-29,42,35.43,received
PO0003338,SUP-09,5852256,2024-01-08,2024-02-05,61,19.87,received
PO0003339,SUP-07,6529231,2024-01-08,2024-01-29,59,12.53,received
PO0003340,SUP-12,7496477,2024-01-08,2024-01-20,45,46.98,received
PO0003341,SUP-07,7630387,2024-01-08,2024-01-29,38,13.32,received
PO0003342,SUP-11,8218381,2024-01-08,2024-02-12,41,15.2,received
PO0003343,SUP-08,8261390,2024-01-08,2024-02-02,38,79.54,received
PO0003344,SUP-07,8832573,2024-01-08,2024-01-29,44,39.9,received
PO0003345,SUP-03,8926382,2024-01-08,2024-01-22,48,14.83,received
PO0003346,SUP-07,1428173,2024-01-09,2024-01-30,258,49.92,received
PO0003347,SUP-05,1778504,2024-01-09,2024-01-27,36,37.04,received
PO0003348,SUP-11,7864641,2024-01-09,2024-02-13,530,7.17,received
PO0003349,SUP-07,8721483,2024-01-09,2024-01-30,89,14.53,received
PO0003350,SUP-07,9248008,2024-01-09,2024-01-30,57,34.13,received
PO0003351,SUP-07,1072276,2024-01-10,2024-01-31,62,20.53,received
PO0003352,SUP-01,7180258,2024-01-10,2024-01-17,48,33.0,received
PO0003353,SUP-12,8016491,2024-01-10,2024-01-22,42,$75.99,received
PO0003354,SUP-06,1522015,2024-01-11,2024-02-01,115,68.59,received
PO0003355,SUP-11,2317989,2024-01-11,2024-02-15,53,26.25,received
PO0003356,SUP-06,4356662,2024-01-11,2024-02-01,53,124.58,received
PO0003357,SUP-03,4411802,2024-01-11,2024-01-25,57,24.69,received
PO0003358,SUP-03,4895822,2024-01-11,2024-01-25,58,24.67,received
PO0003359,SUP-06,8511889,2024-01-11,2024-02-01,51,35.4,received
PO0003360,SUP-10,9841830,2024-01-11,2024-02-10,495,6.21,short_received
PO0003361,SUP-08,5068008,2024-01-12,2024-02-06,155,8.67,received
PO0003362,SUP-03,5250988,2024-01-12,2024-01-26,32,11.33,received
PO0003363,SUP-07,7171122,2024-01-12,2024-02-02,60,27.89,received
PO0003364,SUP-06,7949185,2024-01-12,2024-02-02,41,13.53,received
PO0003365,SUP-06,9172205,2024-01-12,2024-02-02,44,9.23,received
PO0003366,SUP-01,2154101,2024-01-13,2024-01-20,167,6.24,received
PO0003367,SUP-6,3852546,2024-01-13,2024-02-03,191,38.07,received
PO0003368,SUP-01,4059984,2024-01-13,2024-01-20,57,17.15,received
PO0003369,SUP-10,4708009,2024-01-13,2024-02-12,57,55.17,received
PO0003370,SUP-03,5186154,2024-01-13,2024-01-27,60,44.43,received
PO0003371,SUP-12,5862621,2024-01-13,2024-01-25,200,18.24,received
PO0003372,SUP-08,6938043,2024-01-13,2024-02-07,47,21.06,received
PO0003373,SUP-02,7062170,2024-01-13,2024-01-23,40,16.57,received
PO0003374,SUP-09,9315482,2024-01-13,2024-02-10,60,29.8,received
PO0003375,SUP-11,9800243,2024-01-13,2024-02-17,387,38.94,received
PO0003376,SUP-05,1092786,2024-01-14,2024-02-01,85,5.39,short_received
PO0003377,SUP-08,4705110,2024-01-14,2024-02-08,232,10.67,received
PO0003378,SUP-12,6810241,2024-01-14,2024-01-26,186,7.69,received
PO0003379,SUP-02,7182700,2024-01-14,2024-01-24,1738,48.81,received
PO0003380,SUP-08,7622260,2024-01-14,2024-02-08,53,41.39,received
PO0003381,SUP-10,8488816,2024-01-14,2024-02-13,67,32.2,received
PO0003382,SUP-11,9075437,2024-01-14,2024-02-18,99,13.0,received
PO0003383,SUP-11,9111330,2024-01-14,2024-02-18,65,82.68,received
PO0003384,SUP-01,2527689,2024-01-15,2024-01-22,65,16.4,received
PO0003385,SUP-12,3301602,2024-01-15,2024-01-27,76,16.88,received
PO0003386,SUP-09,5847380,2024-01-15,2024-02-12,72,21.07,received
PO0003387,SUP-11,6693651,2024-01-15,2024-02-19,140,14.73,received
PO0003388,SUP-11,9739117,2024-01-15,2024-02-19,84,21.37,received
PO0003389,SUP-07,6695684,2024-01-16,2024-02-06,60,23.8,received
PO0003390,SUP-02,2993399,2024-01-17,2024-01-27,54,48.06,received
PO0003391,SUP-7,4098324,2024-01-17,2024-02-07,363,8.82,received
PO0003392,SUP-10,5781989,2024-01-17,2024-02-16,44,43.53,open
PO0003393,SUP-09,7279985,2024-01-17,2024-02-14,49,55.91,received
PO0003394,SUP-09,4143393,2024-01-18,2024-02-15,127,106.46,received
PO0003395,SUP-08,6245368,2024-01-18,2024-02-12,192,11.71,received
PO0003396,SUP-08,7429245,2024-01-18,2024-02-12,102,7.75,received
PO0003397,SUP-10,9198161,2024-01-18,2024-02-17,61,76.11,received
PO0003398,SUP-01,3583619,2024-01-19,2024-01-26,80,9.47,received
PO0003399,SUP-07,6362414,2024-01-19,2024-02-09,238,9.89,received
PO0003400,SUP-03,6497266,2024-01-19,2024-02-02,200,4.32,received
PO0003401,SUP-03,1850756,2024-01-20,2024-02-03,41,20.75,received
PO0003402,SUP-03,3487534,2024-01-20,2024-02-03,67,10.61,received
PO0003403,SUP-08,7567958,2024-01-20,2024-02-14,159,46.16,received
PO0003404,SUP-12,3004815,2024-01-21,2024-02-02,83,31.61,received
PO0003405,SUP-11,6351542,2024-01-21,2024-02-25,53,15.58,received
PO0003406,SUP-05,8800984,2024-01-21,2024-02-08,91,9.86,received
PO0003407,SUP-07,5509792,2024-01-22,2024-02-12,44,35.69,received
PO0003408,SUP-02,9118281,2024-01-22,2024-02-01,63,8.57,received
PO0003409,SUP-03,9829417,2024-01-22,2024-02-05,694,68.33,received
PO0003410,SUP-6,1162680,2024-01-23,2024-02-13,6137,108.12,received
PO0003411,SUP-06,6944057,2024-01-23,2024-02-13,42,23.94,received
PO0003412,SUP-12,7373415,2024-01-23,2024-02-04,38,13.61,received
PO0003413,SUP-07,8089253,2024-01-23,2024-02-13,85,$44.62,received
PO0003414,SUP-02,8903471,2024-01-23,2024-02-02,205,10.52,received
PO0003415,SUP-06,3006131,2024-01-24,2024-02-14,40,69.94,received
PO0003416,SUP-03,3781033,2024-01-24,2024-02-07,83,20.42,received
PO0003417,SUP-04,5315329,2024-01-24,2024-02-07,44,19.07,received
PO0003418,SUP-09,5599030,2024-01-24,2024-02-21,47,9.51,received
PO0003419,SUP-01,5908484,2024-01-24,2024-01-31,231,103.21,received
PO0003420,SUP-12,9721204,2024-01-24,2024-02-05,47,23.32,received
PO0003421,SUP-07,2645378,2024-01-25,2024-02-15,40,3.33,received
PO0003422,SUP-01,3503816,2024-01-25,2024-02-01,34,9.69,received
PO0003423,SUP-07,3554832,2024-01-25,2024-02-15,147,26.98,received
PO0003424,SUP-11,4200826,2024-01-25,2024-02-29,44,11.25,open
PO0003425,SUP-05,4648994,2024-01-25,2024-02-12,67,12.58,received
PO0003426,SUP-06,6953807,2024-01-25,2024-02-15,78,6.6,received
PO0003427,SUP-12,7346335,2024-01-25,2024-02-06,62,29.89,received
PO0003428,SUP-06,3166872,2024-01-26,2024-02-16,57,19.12,received
PO0003429,SUP-03,3240903,2024-01-26,2024-02-09,72,28.62,received
PO0003430,SUP-05,3243048,2024-01-26,2024-02-13,845,23.62,received
PO0003431,SUP-12,4489659,2024-01-26,2024-02-07,238,27.99,received
PO0003432,SUP-12,6474782,2024-01-26,2024-02-07,92,37.66,received
PO0003433,SUP-05,1083413,2024-01-27,2024-02-14,97,43.25,received
PO0003434,SUP-07,2738486,2024-01-27,2024-02-17,47,10.0,received
PO0003435,SUP-01,5678537,2024-01-27,2024-02-03,164,64.19,received
PO0003436,SUP-03,6854023,2024-01-27,2024-02-10,191,61.65,received
PO0003437,SUP-03,8838340,2024-01-27,2024-02-10,42,15.89,received
PO0003438,SUP-02,8966163,2024-01-27,2024-02-06,3640,32.96,received
PO0003439,SUP-07,9554682,2024-01-27,2024-02-17,48,45.27,received
PO0003440,SUP-07,9746038,2024-01-27,2024-02-17,50,16.19,received
PO0003441,SUP-11,1029072,2024-01-28,2024-03-03,78,24.93,open
PO0003442,SUP-08,1038403,2024-01-28,2024-02-22,49,27.54,short_received
PO0003443,SUP-07,3648094,2024-01-28,2024-02-18,52,16.95,received
PO0003444,SUP-11,4720552,2024-01-28,2024-03-03,139,8.37,open
PO0003445,SUP-06,5466720,2024-01-28,2024-02-18,74,54.84,open
PO0003446,SUP-07,5599767,2024-01-28,2024-02-18,118,6.0,received
PO0003447,SUP-06,6000495,2024-01-28,2024-02-18,49,26.85,received
PO0003448,SUP-03,6024870,2024-01-28,2024-02-11,89,16.56,received
PO0003449,SUP-10,6380274,2024-01-28,2024-02-27,143,106.69,open
PO0003450,SUP-09,6637675,2024-01-28,2024-02-25,74,16.9,received
PO0003451,SUP-05,8746636,2024-01-28,2024-02-15,100,35.65,open
PO0003452,SUP-06,8754194,2024-01-28,2024-02-18,274,25.92,open
PO0003453,SUP-06,9118832,2024-01-28,2024-02-18,255,88.82,received
PO0003454,SUP-08,2565553,2024-01-29,2024-02-23,57,7.79,received
PO0003455,SUP-12,4194454,2024-01-29,2024-02-10,472,27.19,received
PO0003456,SUP-06,5114384,2024-01-29,2024-02-19,310,11.67,open
PO0003457,SUP-12,5520674,2024-01-29,2024-02-10,59,13.81,received
PO0003458,SUP-11,6960004,2024-01-29,2024-03-04,111,18.59,open
PO0003459,SUP-03,1517547,2024-01-30,2024-02-13,57,11.61,received
PO0003460,SUP-01,4476707,2024-01-30,2024-02-06,506,41.49,received
PO0003461,SUP-05,4870730,2024-01-30,2024-02-17,65,14.18,received
PO0003462,SUP-03,5212958,2024-01-30,2024-02-13,48,42.21,received
PO0003463,SUP-10,9040237,2024-01-30,2024-02-29,98,63.79,open
PO0003464,SUP-09,1204442,2024-01-31,2024-02-28,41,53.51,received
PO0003465,SUP-02,9351656,2024-01-31,2024-02-10,40,10.85,received
PO0003466,SUP-06,7729308,2024-02-01,2024-02-22,353,20.73,open
PO0003467,SUP-11,8758486,2024-02-01,2024-03-07,85,38.34,open
PO0003468,SUP-12,1196740,2024-02-02,2024-02-14,53,31.44,received
PO0003469,SUP-01,2731345,2024-02-02,2024-02-09,147,26.38,received
PO0003470,SUP-06,3157737,2024-02-02,2024-02-23,87,45.45,open
PO0003471,SUP-02,4994348,2024-02-02,2024-02-12,176,23.32,received
PO0003472,SUP-7,7448961,2024-02-02,2024-02-23,137,5.17,received
PO0003473,SUP-09,1385609,2024-02-03,2024-03-02,46,57.24,open
PO0003474,SUP-09,3163829,2024-02-03,2024-03-02,1300,18.79,open
PO0003475,SUP-09,4076320,2024-02-03,2024-03-02,45,5.51,open
PO0003476,SUP-07,4365384,2024-02-03,2024-02-24,47,89.0,received
PO0003477,SUP-07,3289377,2024-02-04,2024-02-25,72,31.92,received
PO0003478,SUP-11,8795573,2024-02-04,2024-03-10,264,13.77,open
PO0003479,SUP-05,9036326,2024-02-04,2024-02-22,535,3.88,open
PO0003480,SUP-07,1854723,2024-02-05,2024-02-26,38,23.13,received
PO0003481,SUP-03,6155600,2024-02-05,2024-02-19,44,18.51,received
PO0003482,SUP-10,7871485,2024-02-05,2024-03-06,49,10.08,open
PO0003483,SUP-06,1430298,2024-02-06,2024-02-27,56,70.42,open
PO0003484,SUP-12,5092850,2024-02-06,2024-02-18,88,7.99,received
PO0003485,SUP-07,5530296,2024-02-06,2024-02-27,120,12.56,open
PO0003486,SUP-12,7620070,2024-02-06,2024-02-18,57,30.68,received
PO0003487,SUP-09,1601049,2024-02-07,2024-03-06,38,12.68,open
PO0003488,SUP-08,1959257,2024-02-07,2024-03-03,52,7.64,open
PO0003489,SUP-09,2704704,2024-02-07,2024-03-06,91,55.37,open
PO0003490,SUP-04,3428363,2024-02-07,2024-02-21,249,28.23,received
PO0003491,SUP-02,4123413,2024-02-07,2024-02-17,57,23.48,received
PO0003492,SUP-12,5027667,2024-02-07,2024-02-19,71,51.53,received
PO0003493,SUP-05,5234930,2024-02-07,2024-02-25,138,108.86,open
PO0003494,SUP-06,6079235,2024-02-07,2024-02-28,337,4.3,open
PO0003495,SUP-09,9319849,2024-02-07,2024-03-06,653,85.17,open
PO0003496,SUP-11,1383693,2024-02-08,2024-03-14,113,19.32,open
PO0003497,SUP-11,4958034,2024-02-08,2024-03-14,38,18.78,open
PO0003498,SUP-11,7047405,2024-02-08,2024-03-14,84,12.99,open
PO0003499,SUP-07,1099410,2024-02-09,2024-03-01,454,6.46,open
PO0003500,SUP-01,2299273,2024-02-09,2024-02-16,64,10.17,received
PO0003501,SUP-12,3211935,2024-02-09,2024-02-21,40,24.12,received
PO0003502,SUP-08,7093987,2024-02-09,2024-03-05,422,18.23,open
PO0003503,SUP-12,7474821,2024-02-09,2024-02-21,53,21.56,received
PO0003504,SUP-11,8218381,2024-02-09,2024-03-15,52,15.09,open
PO0003505,SUP-01,3318117,2024-02-10,2024-02-17,44,22.55,received
PO0003506,SUP-05,4236332,2024-02-10,2024-02-28,141,19.56,open
PO0003507,SUP-09,6520765,2024-02-10,2024-03-09,41,32.26,open
PO0003508,SUP-10,7106580,2024-02-10,2024-03-11,47,17.02,open
PO0003509,SUP-12,9388289,2024-02-10,2024-02-22,134,34.22,received
PO0003510,SUP-05,3676700,2024-02-11,2024-02-29,122,33.23,open
PO0003511,SUP-06,5425967,2024-02-11,2024-03-03,47,50.07,open
PO0003512,SUP-01,7801595,2024-02-11,2024-02-18,44,44.03,received
PO0003513,SUP-11,7826018,2024-02-11,2024-03-17,61,6.07,open
PO0003514,SUP-07,7275086,2024-02-12,2024-03-04,128,27.46,open
PO0003515,SUP-09,7941277,2024-02-12,2024-03-11,55,19.46,open
PO0003516,SUP-02,8110966,2024-02-12,2024-02-22,39,8.99,received
PO0003517,SUP-05,2931280,2024-02-13,2024-03-02,61,16.57,open
PO0003518,SUP-07,7630387,2024-02-13,2024-03-05,47,13.41,open
PO0003519,SUP-12,8016491,2024-02-13,2024-02-25,48,75.26,received
PO0003520,SUP-06,9110019,2024-02-13,2024-03-05,77,19.22,open
PO0003521,SUP-02,9938113,2024-02-13,2024-02-23,42,29.3,received
PO0003522,SUP-08,2292183,2024-02-14,2024-03-10,81,5.9,open
PO0003523,SUP-04,4646091,2024-02-14,2024-02-28,73,30.92,received
PO0003524,SUP-03,5250988,2024-02-14,2024-02-28,40,11.39,received
PO0003525,SUP-09,5852256,2024-02-14,2024-03-13,71,19.69,open
PO0003526,SUP-12,3206674,2024-02-15,2024-02-27,80,12.22,received
PO0003527,SUP-07,3817121,2024-02-15,2024-03-07,53,33.06,open
PO0003528,SUP-01,5553390,2024-02-15,2024-02-22,44,27.32,received
PO0003529,SUP-01,9065490,2024-02-15,2024-02-22,155,47.17,received
PO0003530,SUP-10,6543834,2024-02-16,2024-03-17,50,6.51,open
PO0003531,SUP-01,7180258,2024-02-16,2024-02-23,53,32.98,received
PO0003532,SUP-02,3383881,2024-02-17,2024-02-27,55,63.92,received
PO0003533,SUP-02,5409305,2024-02-17,2024-02-27,36,51.8,received
PO0003534,SUP-12,5862621,2024-02-17,2024-02-29,220,18.66,open
PO0003535,SUP-05,6517467,2024-02-17,2024-03-06,136,51.88,open
PO0003536,SUP-05,1189654,2024-02-18,2024-03-07,57,16.15,open
PO0003537,SUP-06,3330012,2024-02-18,2024-03-10,65,10.45,open
PO0003538,SUP-03,3533080,2024-02-18,2024-03-03,35,47.31,open
PO0003539,SUP-03,5822751,2024-02-18,2024-03-03,113,30.21,open
PO0003540,SUP-02,7062170,2024-02-18,2024-02-28,45,16.47,received
PO0003541,SUP-07,7390450,2024-02-18,2024-03-10,126,17.42,open
PO0003542,SUP-12,7496477,2024-02-18,2024-03-01,47,48.27,open
PO0003543,SUP-05,2337045,2024-02-19,2024-03-08,85,11.23,open
PO0003544,SUP-07,3689249,2024-02-19,2024-03-11,89,17.15,open
PO0003545,SUP-07,4663963,2024-02-19,2024-03-11,90,14.51,open
PO0003546,SUP-11,7814384,2024-02-19,2024-03-25,136,32.54,open
PO0003547,SUP-11,8004216,2024-02-19,2024-03-25,55,17.43,open
PO0003548,SUP-07,8721483,2024-02-19,2024-03-11,88,14.43,open
PO0003549,SUP-07,8832573,2024-02-19,2024-03-11,45,39.24,open
PO0003550,SUP-11,1029072,2024-02-20,2024-03-26,101,24.84,open
PO0003551,SUP-12,3004815,2024-02-20,2024-03-03,95,31.53,open
PO0003552,SUP-04,3124731,2024-02-20,2024-03-05,71,13.95,open
PO0003553,SUP-03,5186154,2024-02-20,2024-03-05,72,44.91,open
PO0003554,SUP-07,7433330,2024-02-20,2024-03-12,43,6.54,open
PO0003555,SUP-02,7946407,2024-02-20,2024-03-01,45,31.44,open
PO0003556,SUP-07,1079923,2024-02-21,2024-03-13,93,46.3,open
PO0003557,SUP-07,2287051,2024-02-21,2024-03-13,56,9.68,open
PO0003558,SUP-01,2380478,2024-02-21,2024-02-28,83,24.92,received
PO0003559,SUP-11,2804964,2024-02-21,2024-03-27,79,17.57,open
PO0003560,SUP-04,5131367,2024-02-21,2024-03-06,60,10.95,open
PO0003561,SUP-12,5495706,2024-02-21,2024-03-04,36,64.38,open
PO0003562,SUP-06,6026055,2024-02-21,2024-03-13,44,26.22,open
PO0003563,SUP-07,1428173,2024-02-22,2024-03-14,260,50.53,open
PO0003564,SUP-11,2377662,2024-02-22,2024-03-28,65,50.59,open
PO0003565,SUP-03,7212311,2024-02-22,2024-03-07,84,14.6,open
PO0003566,SUP-03,8926382,2024-02-22,2024-03-07,53,14.81,open
PO0003567,SUP-01,3503816,2024-02-23,2024-03-01,43,9.73,open
PO0003568,SUP-03,4895822,2024-02-23,2024-03-08,59,24.14,open
PO0003569,SUP-09,7954298,2024-02-23,2024-03-22,38,35.14,open
PO0003570,SUP-06,9355705,2024-02-23,2024-03-15,61,45.05,open
PO0003571,SUP-03,1850756,2024-02-24,2024-03-09,49,20.81,open
PO0003572,SUP-01,2154101,2024-02-24,2024-03-02,175,6.17,open
PO0003573,SUP-09,5599030,2024-02-24,2024-03-23,64,9.44,open
PO0003574,SUP-07,6529231,2024-02-24,2024-03-16,58,12.57,open
PO0003575,SUP-08,8536600,2024-02-24,2024-03-20,44,9.42,open
PO0003576,SUP-05,1080071,2024-02-25,2024-03-14,44,22.02,open
PO0003577,SUP-06,1367097,2024-02-25,2024-03-17,44,27.06,open
PO0003578,SUP-02,2993399,2024-02-25,2024-03-06,57,47.2,open
PO0003579,SUP-08,5068008,2024-02-25,2024-03-21,174,8.69,open
PO0003580,SUP-07,5509792,2024-02-25,2024-03-17,57,36.12,open
PO0003581,SUP-01,5908484,2024-02-25,2024-03-03,285,101.62,open
PO0003582,SUP-01,3583619,2024-02-26,2024-03-04,91,9.45,open
PO0003583,SUP-03,4411802,2024-02-26,2024-03-11,63,24.07,open
PO0003584,SUP-12,6810241,2024-02-26,2024-03-09,186,7.75,open
PO0003585,SUP-03,9829417,2024-02-26,2024-03-11,829,68.34,open
PO0003586,SUP-12,3301602,2024-02-27,2024-03-10,80,16.92,open
PO0003587,SUP-10,7303637,2024-02-27,2024-03-28,79,42.44,open
PO0003588,SUP-12,7346335,2024-02-27,2024-03-10,79,29.84,open
PO0003589,SUP-06,8511889,2024-02-27,2024-03-19,61,35.61,open
PO0003590,SUP-07,3554832,2024-02-28,2024-03-20,194,26.82,open
PO0003591,SUP-06,4356662,2024-02-28,2024-03-20,63,122.15,open
PO0003592,SUP-07,7171122,2024-02-28,2024-03-20,61,28.0,open
PO0003593,SUP-02,7182700,2024-02-28,2024-03-09,1748,47.65,open
PO0003594,SUP-11,7310073,2024-02-28,2024-04-03,46,41.63,open
PO0003595,SUP-05,7427053,2024-02-28,2024-03-17,77,34.82,open
PO0003596,SUP-08,8261390,2024-02-28,2024-03-24,43,78.96,open
PO0003597,SUP-10,8488816,2024-02-28,2024-03-29,83,31.81,open
PO0003598,SUP-03,9940011,2024-02-28,2024-03-13,342,20.44,open
PO0003599,SUP-08,1038403,2024-02-29,2024-03-25,66,26.92,open
PO0003600,SUP-06,1522015,2024-02-29,2024-03-21,114,66.74,open
PO0003601,SUP-05,1778504,2024-02-29,2024-03-18,42,37.26,open
PO0003602,SUP-01,2527689,2024-02-29,2024-03-07,66,16.36,open
PO0003603,SUP-07,2645378,2024-02-29,2024-03-21,52,3.4,open
PO0003604,SUP-10,4123600,2024-02-29,2024-03-30,171,81.49,open
PO0003605,SUP-08,7429245,2024-02-29,2024-03-25,127,7.82,open
