receipt_id,po_id,product_id,supplier_id,receipt_date,quantity_received,unit_purchase_price,receipt_type
RCV0000001,,1162680,SUP-06,2021-09-09,3230,92.18,opening_balance
RCV0000002,,9679390,SUP-09,2021-09-14,136,8.3,opening_balance
RCV0000003,,4170752,SUP-06,2021-09-17,298,92.37,opening_balance
RCV0000004,,5711182,SUP-05,2021-09-18,162,38.5,opening_balance
RCV0000005,,2118773,SUP-07,2021-09-20,97,14.88,opening_balance
RCV0000006,,7093987,SUP-08,2021-09-26,189,16.84,opening_balance
RCV0000007,,1260475,SUP-06,2021-09-29,324,85.27,opening_balance
RCV0000008,,9755526,SUP-08,2021-09-29,1823,33.82,opening_balance
RCV0000009,,4476707,SUP-01,2021-10-02,170,40.05,opening_balance
RCV0000010,,6768228,SUP-11,2021-10-02,167,8.58,opening_balance
RCV0000011,,6976349,SUP-03,2021-10-02,82,20.19,opening_balance
RCV0000012,,4747587,SUP-07,2021-10-04,2846,31.5,opening_balance
RCV0000013,,7864641,SUP-11,2021-10-19,100,6.55,opening_balance
RCV0000014,,8728798,SUP-12,2021-10-24,111,6.41,opening_balance
RCV0000015,,9939190,SUP-09,2021-10-25,66,22.01,opening_balance
RCV0000016,,7660389,SUP-07,2021-10-26,132,9.38,opening_balance
RCV0000017,,2875921,SUP-06,2021-10-28,166,79.83,opening_balance
RCV0000018,,7692382,SUP-11,2021-10-30,150,20.55,opening_balance
RCV0000019,,3698437,SUP-10,2021-11-06,186,27.25,opening_balance
RCV0000020,,1356979,SUP-07,2021-11-12,133,13.33,opening_balance
RCV0000021,,8634461,SUP-06,2021-11-13,941,10.31,opening_balance
RCV0000022,,2295523,SUP-03,2021-11-26,1213,19.43,opening_balance
RCV0000023,,2102225,SUP-12,2021-11-28,6919,15.8,opening_balance
RCV0000024,,3163829,SUP-09,2021-11-28,498,17.58,opening_balance
RCV0000025,,5464062,SUP-03,2021-12-08,231,7.54,opening_balance
RCV0000026,,9261290,SUP-05,2021-12-08,77,32.14,opening_balance
RCV0000027,,6338037,SUP-04,2021-12-09,117,17.38,opening_balance
RCV0000028,,9748139,SUP-07,2021-12-19,881,7.44,opening_balance
RCV0000029,,3346010,SUP-07,2021-12-21,165,10.1,opening_balance
RCV0000030,,9645778,SUP-05,2021-12-21,309,12.07,opening_balance
RCV0000031,,9940011,SUP-03,2021-12-23,83,19.65,opening_balance
RCV0000032,,6801451,SUP-05,2021-12-25,43,14.8,opening_balance
RCV0000033,,9691291,SUP-03,2021-12-25,96,23.63,opening_balance
RCV0000034,,3002277,SUP-07,2021-12-28,120,16.41,opening_balance
RCV0000035,,4762867,SUP-07,2021-12-28,531,7.31,opening_balance
RCV0000036,,1367097,SUP-06,2022-01-01,33,23.6,opening_balance
RCV0000037,,2731345,SUP-01,2022-01-01,94,25.31,opening_balance
RCV0000038,,4123413,SUP-02,2022-01-01,47,22.09,opening_balance
RCV0000039,,5781989,SUP-10,2022-01-01,31,36.19,opening_balance
RCV0000040,,8832573,SUP-07,2022-01-01,28,39.51,opening_balance
RCV0000041,,9036326,SUP-05,2022-01-01,332,3.04,opening_balance
RCV0000042,,2292183,SUP-08,2022-01-02,55,5.56,opening_balance
RCV0000043,,2527689,SUP-01,2022-01-02,33,15.57,opening_balance
RCV0000044,,2704704,SUP-09,2022-01-02,75,51.45,opening_balance
RCV0000045,,6637675,SUP-09,2022-01-02,39,15.99,opening_balance
RCV0000046,,7448961,SUP-07,2022-01-02,91,5.13,opening_balance
RCV0000047,,8089253,SUP-07,2022-01-02,38,44.38,opening_balance
RCV0000048,,8800984,SUP-05,2022-01-02,71,7.73,opening_balance
RCV0000049,,9172205,SUP-06,2022-01-02,26,7.88,opening_balance
RCV0000050,,9746038,SUP-07,2022-01-02,33,16.35,opening_balance
RCV0000051,,1189654,SUP-05,2022-01-03,26,12.83,opening_balance
RCV0000052,,5495706,SUP-12,2022-01-03,23,62.49,opening_balance
RCV0000053,,7180258,SUP-01,2022-01-03,25,31.77,opening_balance
RCV0000054,,8758486,SUP-11,2022-01-03,54,35.47,opening_balance
RCV0000055,,9351656,SUP-02,2022-01-03,31,10.02,opening_balance
RCV0000056,,1079923,SUP-07,2022-01-04,68,46.99,opening_balance
RCV0000057,,2287051,SUP-07,2022-01-04,34,9.65,opening_balance
RCV0000058,,4143393,SUP-09,2022-01-04,63,99.76,opening_balance
RCV0000059,,4705110,SUP-08,2022-01-04,110,9.88,opening_balance
RCV0000060,,5092850,SUP-12,2022-01-04,68,7.78,opening_balance
RCV0000061,,6245368,SUP-08,2022-01-04,107,10.94,opening_balance
RCV0000062,,6693651,SUP-11,2022-01-04,84,13.64,opening_balance
RCV0000063,,6026055,SUP-06,2022-01-05,31,22.99,opening_balance
RCV0000064,,6460385,SUP-03,2022-01-05,34,53.23,opening_balance
RCV0000065,,7567958,SUP-08,2022-01-05,95,43.3,opening_balance
RCV0000066,,1910407,SUP-05,2022-01-06,30,30.14,opening_balance
RCV0000067,,4194454,SUP-12,2022-01-06,290,26.2,opening_balance
RCV0000068,,9111330,SUP-11,2022-01-06,25,76.62,opening_balance
RCV0000069,,4365384,SUP-07,2022-01-07,39,89.97,opening_balance
RCV0000070,,5599030,SUP-09,2022-01-07,39,8.9,opening_balance
RCV0000071,,7047405,SUP-11,2022-01-07,41,11.99,opening_balance
RCV0000072,,1430298,SUP-06,2022-01-08,47,60.57,opening_balance
RCV0000073,,7346335,SUP-12,2022-01-08,49,29.04,opening_balance
RCV0000074,,1029072,SUP-11,2022-01-09,67,23.09,opening_balance
RCV0000075,,3503816,SUP-01,2022-01-09,28,9.44,opening_balance
RCV0000076,,4958034,SUP-11,2022-01-09,30,17.07,opening_balance
RCV0000077,,5425967,SUP-06,2022-01-09,38,43.82,opening_balance
RCV0000078,,5466720,SUP-06,2022-01-09,62,47.43,opening_balance
RCV0000079,,6497266,SUP-03,2022-01-09,113,4.2,opening_balance
RCV0000080,,8110966,SUP-02,2022-01-09,34,8.48,opening_balance
RCV0000081,,8218381,SUP-11,2022-01-09,36,13.79,opening_balance
RCV0000082,,8903471,SUP-02,2022-01-09,118,9.86,opening_balance
RCV0000083,,9315482,SUP-09,2022-01-09,46,27.8,opening_balance
RCV0000084,,9355705,SUP-06,2022-01-09,31,39.31,opening_balance
RCV0000085,,1850756,SUP-03,2022-01-10,23,20.39,opening_balance
RCV0000086,,2404737,SUP-06,2022-01-10,39,30.74,opening_balance
RCV0000087,,4489659,SUP-12,2022-01-10,160,26.91,opening_balance
RCV0000088,,6024870,SUP-03,2022-01-10,52,16.19,opening_balance
RCV0000089,,1083413,SUP-05,2022-01-11,71,34.21,opening_balance
RCV0000090,,2993399,SUP-02,2022-01-11,31,44.48,opening_balance
RCV0000091,,4663963,SUP-07,2022-01-11,63,14.38,opening_balance
RCV0000092,,6155600,SUP-03,2022-01-11,33,18.21,opening_balance
RCV0000093,,7201529,SUP-06,2022-01-11,79,34.81,opening_balance
RCV0000094,,7303637,SUP-10,2022-01-11,41,35.14,opening_balance
RCV0000095,,7814384,SUP-11,2022-01-11,104,29.91,opening_balance
RCV0000096,,9319849,SUP-09,2022-01-11,388,79.8,opening_balance
RCV0000097,,6474782,SUP-12,2022-01-12,49,36.68,opening_balance
RCV0000098,,8754194,SUP-06,2022-01-12,169,22.66,opening_balance
RCV0000099,,2317989,SUP-11,2022-01-13,30,23.94,opening_balance
RCV0000100,,3487534,SUP-03,2022-01-13,46,10.32,opening_balance
RCV0000101,,3676700,SUP-05,2022-01-13,118,26.02,opening_balance
RCV0000102,,6938043,SUP-08,2022-01-13,38,19.61,opening_balance
RCV0000103,,8838340,SUP-03,2022-01-13,44,15.56,opening_balance
RCV0000104,,9388289,SUP-12,2022-01-13,79,33.62,opening_balance
RCV0000105,,2154101,SUP-01,2022-01-14,79,5.99,opening_balance
RCV0000106,,4870730,SUP-05,2022-01-14,38,11.23,opening_balance
RCV0000107,,2804964,SUP-11,2022-01-15,42,16.08,opening_balance
RCV0000108,,3533080,SUP-03,2022-01-15,31,46.56,opening_balance
RCV0000109,,8926382,SUP-03,2022-01-15,25,14.35,opening_balance
RCV0000110,,1385609,SUP-09,2022-01-16,34,54.12,opening_balance
RCV0000111,,7496477,SUP-12,2022-01-16,25,46.26,opening_balance
RCV0000112,,3004815,SUP-12,2022-01-17,65,30.32,opening_balance
RCV0000113,,3166872,SUP-06,2022-01-17,31,16.62,opening_balance
RCV0000114,,4411802,SUP-03,2022-01-17,52,23.64,opening_balance
RCV0000115,,6079235,SUP-06,2022-01-17,197,3.73,opening_balance
RCV0000116,,6854023,SUP-03,2022-01-17,115,59.53,opening_balance
RCV0000117,,6944057,SUP-06,2022-01-17,41,20.41,opening_balance
RCV0000118,,7279985,SUP-09,2022-01-17,34,53.47,opening_balance
RCV0000119,,7622260,SUP-08,2022-01-17,28,38.1,opening_balance
RCV0000120,,3330012,SUP-06,2022-01-18,31,9.05,opening_balance
RCV0000121,,3428363,SUP-04,2022-01-18,202,27.01,opening_balance
RCV0000122,,6362414,SUP-07,2022-01-18,145,9.75,opening_balance
RCV0000123,,7171122,SUP-07,2022-01-18,34,28.03,opening_balance
RCV0000124,,1778504,SUP-05,2022-01-19,25,29.28,opening_balance
RCV0000125,,1854723,SUP-07,2022-01-19,34,22.98,opening_balance
RCV0000126,,2645378,SUP-07,2022-01-19,30,3.38,opening_balance
RCV0000127,,5068008,SUP-08,2022-01-19,105,8.05,opening_balance
RCV0000128,,7390450,SUP-07,2022-01-19,92,17.55,opening_balance
RCV0000129,,1522015,SUP-06,2022-01-20,65,58.42,opening_balance
RCV0000130,,1640473,SUP-08,2022-01-20,28,12.01,opening_balance
RCV0000131,,3157737,SUP-06,2022-01-20,50,39.65,opening_balance
RCV0000132,,5234930,SUP-05,2022-01-20,89,86.49,opening_balance
RCV0000133,,6543834,SUP-10,2022-01-20,30,5.44,opening_balance
RCV0000134,,7729308,SUP-06,2022-01-20,210,17.93,opening_balance
RCV0000135,,7871485,SUP-10,2022-01-20,41,8.48,opening_balance
RCV0000136,,1959257,SUP-08,2022-01-21,30,7.12,opening_balance
RCV0000137,,9938113,SUP-02,2022-01-21,31,26.96,opening_balance
RCV0000138,,2931280,SUP-05,2022-01-22,55,13.2,opening_balance
RCV0000139,,3206674,SUP-12,2022-01-22,41,12.03,opening_balance
RCV0000140,,4994348,SUP-02,2022-01-23,116,21.75,opening_balance
RCV0000141,,5599767,SUP-07,2022-01-23,63,6.09,opening_balance
RCV0000142,,6517467,SUP-05,2022-01-23,110,40.43,opening_balance
RCV0000143,,7182700,SUP-02,2022-01-23,978,45.08,opening_balance
RCV0000144,,7429245,SUP-08,2022-01-23,63,7.23,opening_balance
RCV0000145,,8261390,SUP-08,2022-01-23,25,74.46,opening_balance
RCV0000146,,3318117,SUP-01,2022-01-24,41,21.75,opening_balance
RCV0000147,,3583619,SUP-01,2022-01-24,39,9.14,opening_balance
RCV0000148,,4648994,SUP-05,2022-01-24,54,9.81,opening_balance
RCV0000149,,5027667,SUP-12,2022-01-24,41,50.33,opening_balance
RCV0000150,,5212958,SUP-03,2022-01-24,36,41.15,opening_balance
RCV0000151,,5847380,SUP-09,2022-01-24,60,19.86,opening_balance
RCV0000152,,6280890,SUP-05,2022-01-24,38,11.82,opening_balance
RCV0000153,,6953807,SUP-06,2022-01-24,62,5.69,opening_balance
RCV0000154,,7620070,SUP-12,2022-01-24,44,30.13,opening_balance
RCV0000155,,1038403,SUP-08,2022-01-25,20,25.5,opening_balance
RCV0000156,,3124731,SUP-04,2022-01-25,57,13.11,opening_balance
RCV0000157,,5862621,SUP-12,2022-01-25,126,17.87,opening_balance
RCV0000158,,1204442,SUP-09,2022-01-26,30,50.53,opening_balance
RCV0000159,,2380478,SUP-01,2022-01-26,67,23.8,opening_balance
RCV0000160,,3301602,SUP-12,2022-01-26,49,16.36,opening_balance
RCV0000161,,7310073,SUP-11,2022-01-26,31,38.26,opening_balance
RCV0000162,,7801595,SUP-01,2022-01-26,28,42.61,opening_balance
RCV0000163,,9198161,SUP-10,2022-01-26,26,63.57,opening_balance
RCV0000164,,5409305,SUP-02,2022-01-27,36,48.02,opening_balance
RCV0000165,,7941277,SUP-09,2022-01-27,31,18.46,opening_balance
RCV0000166,,9721204,SUP-12,2022-01-27,28,22.64,opening_balance
RCV0000167,,6810241,SUP-12,2022-01-28,94,7.43,opening_balance
RCV0000168,,8004216,SUP-11,2022-01-28,34,15.94,opening_balance
RCV0000169,,9554682,SUP-07,2022-01-28,41,45.71,opening_balance
RCV0000170,,5131367,SUP-04,2022-01-29,38,10.26,opening_balance
RCV0000171,,5908484,SUP-01,2022-01-29,150,98.08,opening_balance
RCV0000172,,8966163,SUP-02,2022-01-29,2513,31.08,opening_balance
RCV0000173,,9739117,SUP-11,2022-01-29,59,19.54,opening_balance
RCV0000174,,3243048,SUP-05,2022-01-31,565,18.92,opening_balance
RCV0000175,,5553390,SUP-01,2022-01-31,36,26.38,opening_balance
RCV0000176,,4895822,SUP-03,2022-02-01,33,23.63,opening_balance
RCV0000177,,8016491,SUP-12,2022-02-01,31,73.29,opening_balance
RCV0000178,,9118281,SUP-02,2022-02-01,47,8.01,opening_balance
RCV0000179,,4059984,SUP-01,2022-02-02,31,16.26,opening_balance
RCV0000180,,9829417,SUP-03,2022-02-02,455,66.28,opening_balance
RCV0000181,,1428173,SUP-07,2022-02-03,147,49.88,opening_balance
RCV0000182,,2337045,SUP-05,2022-02-03,67,8.87,opening_balance
RCV0000183,,4356662,SUP-06,2022-02-03,25,107.09,opening_balance
RCV0000184,,7212311,SUP-03,2022-02-03,63,14.1,opening_balance
RCV0000185,,4646091,SUP-04,2022-02-04,47,29.45,opening_balance
RCV0000186,,5114384,SUP-06,2022-02-04,230,10.21,opening_balance
RCV0000187,,7275086,SUP-07,2022-02-04,99,27.35,opening_balance
RCV0000188,,3852546,SUP-06,2022-02-05,105,32.63,opening_balance
RCV0000189,,7949185,SUP-06,2022-02-05,31,11.71,opening_balance
RCV0000190,,8488816,SUP-10,2022-02-05,39,26.96,opening_balance
RCV0000191,,8536600,SUP-08,2022-02-05,20,8.89,opening_balance
RCV0000192,,9065490,SUP-01,2022-02-05,97,45.09,opening_balance
RCV0000193,,9075437,SUP-11,2022-02-05,71,11.83,opening_balance
RCV0000194,,9800243,SUP-11,2022-02-05,221,35.78,opening_balance
RCV0000195,,3289377,SUP-07,2022-02-06,44,31.48,opening_balance
RCV0000196,,3648094,SUP-07,2022-02-06,34,17.1,opening_balance
RCV0000197,,4720552,SUP-11,2022-02-06,92,7.74,opening_balance
RCV0000198,,5186154,SUP-03,2022-02-06,44,43.36,opening_balance
RCV0000199,,5678537,SUP-01,2022-02-06,92,62.24,opening_balance
RCV0000200,,2565553,SUP-08,2022-02-07,46,7.22,opening_balance
RCV0000201,,7255659,SUP-07,2022-02-07,44,40.66,opening_balance
RCV0000202,,1092786,SUP-05,2022-02-08,31,4.2,opening_balance
RCV0000203,,2377662,SUP-11,2022-02-08,55,46.16,opening_balance
RCV0000204,,7062170,SUP-02,2022-02-08,25,15.41,opening_balance
RCV0000205,,1072276,SUP-07,2022-02-09,28,20.56,opening_balance
RCV0000206,,3554832,SUP-07,2022-02-09,92,26.69,opening_balance
RCV0000207,,3817121,SUP-07,2022-02-09,26,33.32,opening_balance
RCV0000208,,5315329,SUP-04,2022-02-09,26,18.0,opening_balance
RCV0000209,,7427053,SUP-05,2022-02-09,39,27.5,opening_balance
RCV0000210,,9118832,SUP-06,2022-02-09,171,76.49,opening_balance
RCV0000211,,1099410,SUP-07,2022-02-10,242,6.46,opening_balance
RCV0000212,,3006131,SUP-06,2022-02-10,22,60.6,opening_balance
RCV0000213,,3211935,SUP-12,2022-02-10,31,23.59,opening_balance
RCV0000214,,3383881,SUP-02,2022-02-10,38,60.35,opening_balance
RCV0000215,,3781033,SUP-03,2022-02-10,46,19.54,opening_balance
RCV0000216,,7954298,SUP-09,2022-02-10,25,32.64,opening_balance
RCV0000217,,8746636,SUP-05,2022-02-10,71,27.86,opening_balance
RCV0000218,,9040237,SUP-10,2022-02-10,59,54.37,opening_balance
RCV0000219,,6380274,SUP-10,2022-02-11,100,89.09,opening_balance
RCV0000220,,3689249,SUP-07,2022-02-12,76,16.91,opening_balance
RCV0000221,,4076320,SUP-09,2022-02-12,31,5.14,opening_balance
RCV0000222,,4708009,SUP-10,2022-02-12,36,46.21,opening_balance
RCV0000223,,5530296,SUP-07,2022-02-12,79,12.57,opening_balance
RCV0000224,,6695684,SUP-07,2022-02-12,31,23.61,opening_balance
RCV0000225,,7826018,SUP-11,2022-02-12,31,5.5,opening_balance
RCV0000226,,1080071,SUP-05,2022-02-13,38,17.35,opening_balance
RCV0000227,,5509792,SUP-07,2022-02-13,31,35.66,opening_balance
RCV0000228,,6529231,SUP-07,2022-02-13,38,12.4,opening_balance
RCV0000229,,1196740,SUP-12,2022-02-14,50,30.65,opening_balance
RCV0000230,,1517547,SUP-03,2022-02-14,50,11.18,opening_balance
RCV0000231,,3240903,SUP-03,2022-02-14,44,27.94,opening_balance
RCV0000232,,4200826,SUP-11,2022-02-14,26,10.37,opening_balance
RCV0000233,,5852256,SUP-09,2022-02-14,41,18.6,opening_balance
RCV0000234,,8511889,SUP-06,2022-02-14,47,30.6,opening_balance
RCV0000235,,9110019,SUP-06,2022-02-14,36,16.68,opening_balance
RCV0000236,,4123600,SUP-10,2022-02-15,92,68.38,opening_balance
RCV0000237,,5250988,SUP-03,2022-02-15,25,11.05,opening_balance
RCV0000238,,7946407,SUP-02,2022-02-15,33,29.24,opening_balance
RCV0000239,,8721483,SUP-07,2022-02-15,62,14.41,opening_balance
RCV0000240,,2299273,SUP-01,2022-02-16,34,9.71,opening_balance
RCV0000241,,2738486,SUP-07,2022-02-16,25,9.97,opening_balance
RCV0000242,,4098324,SUP-07,2022-02-16,203,8.83,opening_balance
RCV0000243,,4236332,SUP-05,2022-02-16,81,15.39,opening_balance
RCV0000244,,6000495,SUP-06,2022-02-16,30,22.98,opening_balance
RCV0000245,,6520765,SUP-09,2022-02-16,23,29.99,opening_balance
RCV0000246,,8795573,SUP-11,2022-02-16,171,12.62,opening_balance
RCV0000247,,1111123,SUP-06,2022-02-17,38,19.39,opening_balance
RCV0000248,,1601049,SUP-09,2022-02-17,30,11.94,opening_balance
RCV0000249,,5520674,SUP-12,2022-02-17,55,13.38,opening_balance
RCV0000250,,7373415,SUP-12,2022-02-17,41,13.22,opening_balance
RCV0000251,,7433330,SUP-07,2022-02-17,36,6.59,opening_balance
RCV0000252,,7630387,SUP-07,2022-02-17,33,13.44,opening_balance
RCV0000253,,1383693,SUP-11,2022-02-18,75,17.76,opening_balance
RCV0000254,,5822751,SUP-03,2022-02-19,81,29.74,opening_balance
RCV0000255,,6351542,SUP-11,2022-02-19,34,14.36,opening_balance
RCV0000256,,6960004,SUP-11,2022-02-19,73,16.82,opening_balance
RCV0000257,,7106580,SUP-10,2022-02-19,23,14.47,opening_balance
RCV0000258,,7474821,SUP-12,2022-02-19,26,21.16,opening_balance
RCV0000259,,9248008,SUP-07,2022-02-19,38,33.66,opening_balance
RCV0000260,,9841830,SUP-10,2022-02-19,308,5.29,opening_balance
RCV0000261,PO0000022,1522015,SUP-06,2022-04-05,60,57.66,purchase_order
RCV0000262,PO0000024,1854723,SUP-07,2022-04-05,48,22.71,purchase_order
RCV0000263,PO0000025,3166872,SUP-06,2022-04-05,39,16.74,purchase_order
RCV0000264,PO0000029,6529231,SUP-07,2022-04-05,48,12.48,purchase_order
RCV0000265,PO0000036,9110019,SUP-06,2022-04-06,45,16.86,purchase_order
RCV0000266,PO0000052,3676700,SUP-05,2022-04-07,141,26.0,purchase_order
RCV0000267,PO0000056,8800984,SUP-05,2022-04-07,84,7.74,purchase_order
RCV0000268,PO0000061,6280890,SUP-05,2022-04-08,44,11.81,purchase_order
RCV0000269,PO0000033,8832573,SUP-07,2022-04-08,36,39.43,purchase_order
RCV0000270,PO0000020,1038403,SUP-08,2022-04-09,23,25.27,purchase_order
RCV0000271,PO0000023,1640473,SUP-08,2022-04-09,39,12.03,purchase_order
RCV0000272,PO0000057,1367097,SUP-06,2022-04-11,35,23.42,purchase_order
RCV0000273,PO0000060,4663963,SUP-07,2022-04-11,66,14.49,purchase_order
RCV0000274,PO0000184,5678537,SUP-01,2022-04-11,99,61.42,purchase_order
RCV0000275,PO0000156,7062170,SUP-02,2022-04-11,25,15.42,purchase_order
RCV0000276,PO0000062,7275086,SUP-07,2022-04-11,105,27.34,purchase_order
RCV0000277,PO0000063,7390450,SUP-07,2022-04-11,98,17.48,purchase_order
RCV0000278,PO0000040,7567958,SUP-08,2022-04-11,102,43.77,purchase_order
RCV0000279,PO0000021,1204442,SUP-09,2022-04-12,32,50.7,purchase_order
RCV0000280,PO0000187,2154101,SUP-01,2022-04-12,84,5.91,purchase_order
RCV0000281,PO0000188,4059984,SUP-01,2022-04-12,32,16.36,purchase_order
RCV0000282,PO0000084,4870730,SUP-05,2022-04-12,31,11.09,purchase_order
RCV0000283,PO0000067,5599767,SUP-07,2022-04-12,66,6.01,purchase_order
RCV0000284,PO0000191,5908484,SUP-01,2022-04-12,154,97.69,purchase_order
RCV0000285,PO0000069,6362414,SUP-07,2022-04-12,149,9.81,purchase_order
RCV0000286,PO0000031,7279985,SUP-09,2022-04-12,36,53.54,purchase_order
RCV0000287,PO0000032,7954298,SUP-09,2022-04-12,26,32.44,purchase_order
RCV0000288,PO0000070,1111123,SUP-06,2022-04-13,38,19.33,purchase_order
RCV0000289,PO0000001,6351542,SUP-11,2022-04-13,32,14.46,purchase_order
RCV0000290,PO0000099,6517467,SUP-05,2022-04-13,113,40.65,purchase_order
RCV0000291,PO0000174,7182700,SUP-02,2022-04-13,999,44.61,purchase_order
RCV0000292,PO0000074,7729308,SUP-06,2022-04-13,214,17.93,purchase_order
RCV0000293,PO0000002,7814384,SUP-11,2022-04-13,102,30.14,purchase_order
RCV0000294,PO0000003,7826018,SUP-11,2022-04-13,29,5.5,purchase_order
RCV0000295,PO0000179,8110966,SUP-02,2022-04-13,35,8.42,purchase_order
RCV0000296,PO0000180,8903471,SUP-02,2022-04-13,118,9.75,purchase_order
RCV0000297,PO0000038,9315482,SUP-09,2022-04-13,48,27.76,purchase_order
RCV0000298,PO0000166,9938113,SUP-02,2022-04-13,32,26.92,purchase_order
RCV0000299,PO0000076,1072276,SUP-07,2022-04-14,29,20.41,purchase_order
RCV0000300,PO0000107,1083413,SUP-05,2022-04-14,71,34.24,purchase_order
RCV0000301,PO0000004,1383693,SUP-11,2022-04-14,73,17.55,purchase_order
RCV0000302,PO0000050,2292183,SUP-08,2022-04-14,53,5.49,purchase_order
RCV0000303,PO0000005,2317989,SUP-11,2022-04-14,28,24.27,purchase_order
RCV0000304,PO0000042,3006131,SUP-06,2022-04-14,23,61.45,purchase_order
RCV0000305,PO0000111,3243048,SUP-05,2022-04-14,569,18.78,purchase_order
RCV0000306,PO0000077,3289377,SUP-07,2022-04-14,45,31.06,purchase_order
RCV0000307,PO0000160,4194454,SUP-12,2022-04-14,286,26.33,purchase_order
RCV0000308,PO0000073,4356662,SUP-06,2022-04-14,26,106.48,purchase_order
RCV0000309,PO0000161,4489659,SUP-12,2022-04-14,161,27.03,purchase_order
RCV0000310,PO0000147,4646091,SUP-04,2022-04-14,48,29.86,purchase_order
RCV0000311,PO0000006,4720552,SUP-11,2022-04-14,90,7.69,purchase_order
RCV0000312,PO0000079,5466720,SUP-06,2022-04-14,62,46.78,purchase_order
RCV0000313,PO0000080,5509792,SUP-07,2022-04-14,31,35.98,purchase_order
RCV0000314,PO0000148,5822751,SUP-03,2022-04-14,83,29.37,purchase_order
RCV0000315,PO0000054,6245368,SUP-08,2022-04-14,108,10.96,purchase_order
RCV0000316,PO0000162,6474782,SUP-12,2022-04-14,47,36.97,purchase_order
RCV0000317,PO0000039,6520765,SUP-09,2022-04-14,26,30.13,purchase_order
RCV0000318,PO0000055,7429245,SUP-08,2022-04-14,65,7.24,purchase_order
RCV0000319,PO0000081,8721483,SUP-07,2022-04-14,62,14.45,purchase_order
RCV0000320,PO0000119,8746636,SUP-05,2022-04-14,73,27.59,purchase_order
RCV0000321,PO0000007,8758486,SUP-11,2022-04-14,52,35.15,purchase_order
RCV0000322,PO0000186,8966163,SUP-02,2022-04-14,2545,31.52,purchase_order
RCV0000323,PO0000034,9040237,SUP-10,2022-04-14,57,55.03,purchase_order
RCV0000324,PO0000008,9075437,SUP-11,2022-04-14,69,11.96,purchase_order
RCV0000325,PO0000009,1029072,SUP-11,2022-04-15,65,23.1,purchase_order
RCV0000326,PO0000082,1099410,SUP-07,2022-04-15,236,6.5,purchase_order
RCV0000327,PO0000201,2527689,SUP-01,2022-04-15,32,15.67,purchase_order
RCV0000328,PO0000167,3004815,SUP-12,2022-04-15,62,29.87,purchase_order
RCV0000329,PO0000152,3533080,SUP-03,2022-04-15,31,47.04,purchase_order
RCV0000330,PO0000083,3817121,SUP-07,2022-04-15,26,33.24,purchase_order
RCV0000331,PO0000189,4123413,SUP-02,2022-04-15,46,22.13,purchase_order
RCV0000332,PO0000125,4236332,SUP-05,2022-04-15,82,15.36,purchase_order
RCV0000333,PO0000153,4411802,SUP-03,2022-04-15,50,23.46,purchase_order
RCV0000334,PO0000085,5114384,SUP-06,2022-04-15,227,10.33,purchase_order
RCV0000335,PO0000127,5234930,SUP-05,2022-04-15,88,86.55,purchase_order
RCV0000336,PO0000086,5530296,SUP-07,2022-04-15,77,12.55,purchase_order
RCV0000337,PO0000170,5862621,SUP-12,2022-04-15,125,17.67,purchase_order
RCV0000338,PO0000035,6543834,SUP-10,2022-04-15,30,5.52,purchase_order
RCV0000339,PO0000173,6810241,SUP-12,2022-04-15,93,7.42,purchase_order
RCV0000340,PO0000175,7346335,SUP-12,2022-04-15,48,28.93,purchase_order
RCV0000341,PO0000176,7373415,SUP-12,2022-04-15,40,13.26,purchase_order
RCV0000342,PO0000177,7474821,SUP-12,2022-04-15,25,21.1,purchase_order
RCV0000343,PO0000041,9319849,SUP-09,2022-04-15,342,80.85,purchase_order
RCV0000344,PO0000092,1430298,SUP-06,2022-04-16,43,60.2,purchase_order
RCV0000345,PO0000137,2931280,SUP-05,2022-04-16,53,13.24,purchase_order
RCV0000346,PO0000157,3240903,SUP-03,2022-04-16,40,28.05,purchase_order
RCV0000347,PO0000158,3428363,SUP-04,2022-04-16,196,27.01,purchase_order
RCV0000348,PO0000159,3487534,SUP-03,2022-04-16,44,10.41,purchase_order
RCV0000349,PO0000094,3554832,SUP-07,2022-04-16,88,26.41,purchase_order
RCV0000350,PO0000205,3583619,SUP-01,2022-04-16,29,9.01,purchase_order
RCV0000351,PO0000095,3648094,SUP-07,2022-04-16,32,16.93,purchase_order
RCV0000352,PO0000096,3689249,SUP-07,2022-04-16,72,16.99,purchase_order
RCV0000353,PO0000097,3852546,SUP-06,2022-04-16,97,32.47,purchase_order
RCV0000354,PO0000098,4098324,SUP-07,2022-04-16,196,8.87,purchase_order
RCV0000355,PO0000138,4648994,SUP-05,2022-04-16,52,9.84,purchase_order
RCV0000356,PO0000066,4705110,SUP-08,2022-04-16,108,9.87,purchase_order
RCV0000357,PO0000183,5495706,SUP-12,2022-04-16,21,61.68,purchase_order
RCV0000358,PO0000045,5847380,SUP-09,2022-04-16,56,19.7,purchase_order
RCV0000359,PO0000163,6854023,SUP-03,2022-04-16,110,59.0,purchase_order
RCV0000360,PO0000100,7171122,SUP-07,2022-04-16,32,28.0,purchase_order
RCV0000361,PO0000101,7255659,SUP-07,2022-04-16,41,40.54,purchase_order
RCV0000362,PO0000140,7427053,SUP-05,2022-04-16,37,27.54,purchase_order
RCV0000363,PO0000102,7433330,SUP-07,2022-04-16,34,6.57,purchase_order
RCV0000364,PO0000103,7448961,SUP-07,2022-04-16,88,5.2,purchase_order
RCV0000365,PO0000185,7496477,SUP-12,2022-04-16,25,45.73,purchase_order
RCV0000366,PO0000164,8926382,SUP-03,2022-04-16,25,14.26,purchase_order
RCV0000367,PO0000193,9351656,SUP-02,2022-04-16,30,9.9,purchase_order
RCV0000368,PO0000142,1080071,SUP-05,2022-04-17,36,17.54,purchase_order
RCV0000369,PO0000143,1189654,SUP-05,2022-04-17,24,12.79,purchase_order
RCV0000370,PO0000049,1385609,SUP-09,2022-04-17,34,54.0,purchase_order
RCV0000371,PO0000108,1428173,SUP-07,2022-04-17,138,50.58,purchase_order
RCV0000372,PO0000144,1910407,SUP-05,2022-04-17,28,30.15,purchase_order
RCV0000373,PO0000071,1959257,SUP-08,2022-04-17,28,7.21,purchase_order
RCV0000374,PO0000012,2377662,SUP-11,2022-04-17,53,46.56,purchase_order
RCV0000375,PO0000207,2380478,SUP-01,2022-04-17,61,23.57,purchase_order
RCV0000376,PO0000196,2993399,SUP-02,2022-04-17,29,44.05,purchase_order
RCV0000377,PO0000110,3157737,SUP-06,2022-04-17,47,39.23,purchase_order
RCV0000378,PO0000168,3781033,SUP-03,2022-04-17,44,19.58,purchase_order
RCV0000379,PO0000053,4076320,SUP-09,2022-04-17,27,5.17,purchase_order
RCV0000380,PO0000013,4958034,SUP-11,2022-04-17,28,17.09,purchase_order
RCV0000381,PO0000169,5315329,SUP-04,2022-04-17,25,17.83,purchase_order
RCV0000382,PO0000200,5409305,SUP-02,2022-04-17,34,47.89,purchase_order
RCV0000383,PO0000190,5520674,SUP-12,2022-04-17,52,13.26,purchase_order
RCV0000384,PO0000044,5599030,SUP-09,2022-04-17,36,8.93,purchase_order
RCV0000385,PO0000112,6026055,SUP-06,2022-04-17,29,23.14,purchase_order
RCV0000386,PO0000172,6497266,SUP-03,2022-04-17,87,4.14,purchase_order
RCV0000387,PO0000010,6693651,SUP-11,2022-04-17,82,13.5,purchase_order
RCV0000388,PO0000114,7201529,SUP-06,2022-04-17,74,34.79,purchase_order
RCV0000389,PO0000014,7310073,SUP-11,2022-04-17,29,38.63,purchase_order
RCV0000390,PO0000213,7801595,SUP-01,2022-04-17,27,42.29,purchase_order
RCV0000391,PO0000015,8218381,SUP-11,2022-04-17,34,13.83,purchase_order
RCV0000392,PO0000117,8511889,SUP-06,2022-04-17,42,30.29,purchase_order
RCV0000393,PO0000105,8754194,SUP-06,2022-04-17,162,22.97,purchase_order
RCV0000394,PO0000016,8795573,SUP-11,2022-04-17,169,12.6,purchase_order
RCV0000395,PO0000215,9065490,SUP-01,2022-04-17,92,45.19,purchase_order
RCV0000396,PO0000120,9118832,SUP-06,2022-04-17,161,77.4,purchase_order
RCV0000397,PO0000121,9554682,SUP-07,2022-04-17,36,46.27,purchase_order
RCV0000398,PO0000017,9739117,SUP-11,2022-04-17,57,19.43,purchase_order
RCV0000399,PO0000122,1079923,SUP-07,2022-04-18,63,46.64,purchase_order
RCV0000400,PO0000146,1092786,SUP-05,2022-04-18,29,4.25,purchase_order
RCV0000401,PO0000181,1517547,SUP-03,2022-04-18,47,11.04,purchase_order
RCV0000402,PO0000182,1850756,SUP-03,2022-04-18,22,20.12,purchase_order
RCV0000403,PO0000123,2287051,SUP-07,2022-04-18,30,9.78,purchase_order
RCV0000404,PO0000217,2299273,SUP-01,2022-04-18,32,9.79,purchase_order
RCV0000405,PO0000124,2404737,SUP-06,2022-04-18,35,31.09,purchase_order
RCV0000406,PO0000194,3206674,SUP-12,2022-04-18,38,12.18,purchase_order
RCV0000407,PO0000058,4143393,SUP-09,2022-04-18,52,99.32,purchase_order
RCV0000408,PO0000126,4365384,SUP-07,2022-04-18,35,90.4,purchase_order
RCV0000409,PO0000043,4708009,SUP-10,2022-04-18,33,45.54,purchase_order
RCV0000410,PO0000202,4994348,SUP-02,2022-04-18,108,21.56,purchase_order
RCV0000411,PO0000195,5027667,SUP-12,2022-04-18,37,50.38,purchase_order
RCV0000412,PO0000078,5068008,SUP-08,2022-04-18,97,7.94,purchase_order
RCV0000413,PO0000027,5781989,SUP-10,2022-04-18,36,36.68,purchase_order
RCV0000414,PO0000128,6695684,SUP-07,2022-04-18,28,23.8,purchase_order
RCV0000415,PO0000018,6960004,SUP-11,2022-04-18,71,16.93,purchase_order
RCV0000416,PO0000019,7047405,SUP-11,2022-04-18,39,12.14,purchase_order
RCV0000417,PO0000129,7630387,SUP-07,2022-04-18,30,13.46,purchase_order
RCV0000418,PO0000064,7941277,SUP-09,2022-04-18,28,18.72,purchase_order
RCV0000419,PO0000130,7949185,SUP-06,2022-04-18,28,11.87,purchase_order
RCV0000420,PO0000131,8089253,SUP-07,2022-04-18,35,44.08,purchase_order
RCV0000421,PO0000047,9198161,SUP-10,2022-04-18,26,62.71,purchase_order
RCV0000422,PO0000133,9248008,SUP-07,2022-04-18,35,33.28,purchase_order
RCV0000423,PO0000134,9746038,SUP-07,2022-04-18,32,16.57,purchase_order
RCV0000424,PO0000065,2704704,SUP-09,2022-04-19,70,52.14,purchase_order
RCV0000425,PO0000136,2738486,SUP-07,2022-04-19,23,10.03,purchase_order
RCV0000426,PO0000198,3211935,SUP-12,2022-04-19,29,23.43,purchase_order
RCV0000427,PO0000199,3301602,SUP-12,2022-04-19,42,16.32,purchase_order
RCV0000428,PO0000139,5425967,SUP-06,2022-04-19,36,43.97,purchase_order
RCV0000429,PO0000068,5852256,SUP-09,2022-04-19,38,18.84,purchase_order
RCV0000430,PO0000155,6460385,SUP-03,2022-04-19,34,53.05,purchase_order
RCV0000431,PO0000089,6938043,SUP-08,2022-04-19,35,19.68,purchase_order
RCV0000432,PO0000192,7212311,SUP-03,2022-04-19,56,14.23,purchase_order
RCV0000433,PO0000011,9800243,SUP-11,2022-04-19,219,36.05,purchase_order
RCV0000434,PO0000150,9829417,SUP-03,2022-04-19,464,66.6,purchase_order
RCV0000435,PO0000135,2337045,SUP-05,2022-04-20,55,8.89,purchase_order
RCV0000436,PO0000145,2645378,SUP-07,2022-04-20,27,3.42,purchase_order
RCV0000437,PO0000220,2731345,SUP-01,2022-04-20,83,25.43,purchase_order
RCV0000438,PO0000221,3503816,SUP-01,2022-04-20,25,9.53,purchase_order
RCV0000439,PO0000026,4123600,SUP-10,2022-04-20,97,69.31,purchase_order
RCV0000440,PO0000154,6024870,SUP-03,2022-04-20,50,16.41,purchase_order
RCV0000441,PO0000222,7180258,SUP-01,2022-04-20,22,31.3,purchase_order
RCV0000442,PO0000132,9036326,SUP-05,2022-04-20,249,3.01,purchase_order
RCV0000443,PO0000037,9111330,SUP-11,2022-04-20,24,77.01,purchase_order
RCV0000444,PO0000216,9118281,SUP-02,2022-04-20,42,8.01,purchase_order
RCV0000445,PO0000204,1196740,SUP-12,2022-04-21,44,30.42,purchase_order
RCV0000446,PO0000109,2565553,SUP-08,2022-04-21,40,7.12,purchase_order
RCV0000447,PO0000197,3124731,SUP-04,2022-04-21,50,13.04,purchase_order
RCV0000448,PO0000051,3330012,SUP-06,2022-04-21,34,9.17,purchase_order
RCV0000449,PO0000149,6000495,SUP-06,2022-04-21,26,22.95,purchase_order
RCV0000450,PO0000171,6155600,SUP-03,2022-04-21,31,18.41,purchase_order
RCV0000451,PO0000028,6380274,SUP-10,2022-04-21,103,89.68,purchase_order
RCV0000452,PO0000115,7622260,SUP-08,2022-04-21,24,38.44,purchase_order
RCV0000453,PO0000206,8016491,SUP-12,2022-04-21,28,73.21,purchase_order
RCV0000454,PO0000116,8261390,SUP-08,2022-04-21,23,75.26,purchase_order
RCV0000455,PO0000118,8536600,SUP-08,2022-04-21,15,8.88,purchase_order
RCV0000456,PO0000224,3318117,SUP-01,2022-04-22,34,21.9,purchase_order
RCV0000457,PO0000208,5092850,SUP-12,2022-04-22,59,7.74,purchase_order
RCV0000458,PO0000203,5186154,SUP-03,2022-04-22,38,43.61,purchase_order
RCV0000459,PO0000225,5553390,SUP-01,2022-04-22,31,26.62,purchase_order
RCV0000460,PO0000088,6637675,SUP-09,2022-04-22,33,16.07,purchase_order
RCV0000461,PO0000090,6944057,SUP-06,2022-04-22,41,20.58,purchase_order
RCV0000462,PO0000075,8488816,SUP-10,2022-04-22,34,27.03,purchase_order
RCV0000463,PO0000165,9388289,SUP-12,2022-04-22,79,33.43,purchase_order
RCV0000464,PO0000093,1601049,SUP-09,2022-04-23,25,11.8,purchase_order
RCV0000465,PO0000030,7106580,SUP-10,2022-04-23,23,14.56,purchase_order
RCV0000466,PO0000178,7620070,SUP-12,2022-04-23,43,29.77,purchase_order
RCV0000467,PO0000046,8004216,SUP-11,2022-04-23,28,15.71,purchase_order
RCV0000468,PO0000209,5131367,SUP-04,2022-04-24,32,10.21,purchase_order
RCV0000469,PO0000211,5250988,SUP-03,2022-04-24,21,11.13,purchase_order
RCV0000470,PO0000091,7303637,SUP-10,2022-04-24,35,35.11,purchase_order
RCV0000471,PO0000059,4200826,SUP-11,2022-04-25,24,10.27,purchase_order
RCV0000472,PO0000218,4895822,SUP-03,2022-04-25,22,23.58,purchase_order
RCV0000473,PO0000210,5212958,SUP-03,2022-04-25,30,41.76,purchase_order
RCV0000474,PO0000226,7946407,SUP-02,2022-04-26,27,29.14,purchase_order
RCV0000475,PO0000072,2804964,SUP-11,2022-04-27,32,15.86,purchase_order
RCV0000476,PO0000228,3383881,SUP-02,2022-04-27,30,60.46,purchase_order
RCV0000477,PO0000151,1778504,SUP-05,2022-04-28,22,29.61,purchase_order
RCV0000478,PO0000087,6079235,SUP-06,2022-04-28,193,3.78,purchase_order
RCV0000479,PO0000106,9172205,SUP-06,2022-04-28,25,7.97,purchase_order
RCV0000480,PO0000048,9841830,SUP-10,2022-04-28,286,5.34,purchase_order
RCV0000481,PO0000104,7871485,SUP-10,2022-04-29,32,8.47,purchase_order
RCV0000482,PO0000232,9721204,SUP-12,2022-04-29,22,22.9,purchase_order
RCV0000483,PO0000113,6953807,SUP-06,2022-05-01,61,5.77,purchase_order
RCV0000484,PO0000231,8838340,SUP-03,2022-05-01,31,15.57,purchase_order
RCV0000485,PO0000141,9355705,SUP-06,2022-05-02,29,39.38,purchase_order
RCV0000486,PO0000286,3583619,SUP-01,2022-05-09,45,9.26,purchase_order
RCV0000487,PO0000240,4870730,SUP-05,2022-05-11,44,11.38,purchase_order
RCV0000488,PO0000227,1038403,SUP-08,2022-05-12,20,25.36,purchase_order
RCV0000489,PO0000219,7106580,SUP-10,2022-05-12,32,14.3,purchase_order
RCV0000490,PO0000239,3648094,SUP-07,2022-05-14,46,16.97,purchase_order
RCV0000491,PO0000325,2154101,SUP-01,2022-05-15,101,6.06,purchase_order
RCV0000492,PO0000296,6810241,SUP-12,2022-05-15,120,7.34,purchase_order
RCV0000493,PO0000212,7047405,SUP-11,2022-05-15,48,12.11,purchase_order
RCV0000494,PO0000243,7171122,SUP-07,2022-05-15,42,28.21,purchase_order
RCV0000495,PO0000312,9351656,SUP-02,2022-05-15,37,10.17,purchase_order
RCV0000496,PO0000249,1522015,SUP-06,2022-05-16,75,58.2,purchase_order
RCV0000497,PO0000301,3211935,SUP-12,2022-05-16,40,23.6,purchase_order
RCV0000498,PO0000251,3289377,SUP-07,2022-05-16,54,31.85,purchase_order
RCV0000499,PO0000252,4356662,SUP-06,2022-05-16,32,107.91,purchase_order
RCV0000500,PO0000256,8089253,SUP-07,2022-05-17,51,43.89,purchase_order
RCV0000501,PO0000313,3206674,SUP-12,2022-05-18,52,11.92,purchase_order
RCV0000502,PO0000314,6474782,SUP-12,2022-05-18,60,36.38,purchase_order
RCV0000503,PO0000279,6497266,SUP-03,2022-05-18,100,4.21,purchase_order
RCV0000504,PO0000269,6801451,SUP-05,2022-05-18,143,14.9,purchase_order
RCV0000505,PO0000223,9111330,SUP-11,2022-05-18,30,75.67,purchase_order
RCV0000506,PO0000260,9248008,SUP-07,2022-05-18,46,33.6,purchase_order
RCV0000507,PO0000273,1092786,SUP-05,2022-05-19,41,4.17,purchase_order
RCV0000508,PO0000309,1850756,SUP-03,2022-05-19,27,20.24,purchase_order
RCV0000509,PO0000275,2337045,SUP-05,2022-05-19,69,8.9,purchase_order
RCV0000510,PO0000354,5678537,SUP-01,2022-05-19,118,61.39,purchase_order
RCV0000511,PO0000214,8004216,SUP-11,2022-05-19,26,15.94,purchase_order
RCV0000512,PO0000262,1356979,SUP-07,2022-05-20,456,13.15,purchase_order
RCV0000513,PO0000358,2731345,SUP-01,2022-05-20,112,25.15,purchase_order
RCV0000514,PO0000263,3817121,SUP-07,2022-05-20,31,33.23,purchase_order
RCV0000515,PO0000289,9036326,SUP-05,2022-05-20,355,3.07,purchase_order
RCV0000516,PO0000280,1189654,SUP-05,2022-05-21,31,12.89,purchase_order
RCV0000517,PO0000266,3157737,SUP-06,2022-05-21,66,39.09,purchase_order
RCV0000518,PO0000318,3240903,SUP-03,2022-05-21,49,28.21,purchase_order
RCV0000519,PO0000267,3554832,SUP-07,2022-05-21,102,26.49,purchase_order
RCV0000520,PO0000255,4705110,SUP-08,2022-05-21,121,9.74,purchase_order
RCV0000521,PO0000321,5315329,SUP-04,2022-05-21,32,18.13,purchase_order
RCV0000522,PO0000334,5495706,SUP-12,2022-05-21,24,61.57,purchase_order
RCV0000523,PO0000293,6280890,SUP-05,2022-05-21,44,11.73,purchase_order
RCV0000524,PO0000272,7729308,SUP-06,2022-05-21,243,18.0,purchase_order
RCV0000525,PO0000375,7801595,SUP-01,2022-05-21,31,42.01,purchase_order
RCV0000526,PO0000237,9040237,SUP-10,2022-05-21,65,55.02,purchase_order
RCV0000527,PO0000378,2299273,SUP-01,2022-05-22,38,9.78,purchase_order
RCV0000528,PO0000276,3006131,SUP-06,2022-05-22,27,59.8,purchase_order
RCV0000529,PO0000328,3781033,SUP-03,2022-05-22,53,19.72,purchase_order
RCV0000530,PO0000234,4143393,SUP-09,2022-05-22,69,98.77,purchase_order
RCV0000531,PO0000229,4200826,SUP-11,2022-05-22,29,10.3,purchase_order
RCV0000532,PO0000277,4663963,SUP-07,2022-05-22,73,14.28,purchase_order
RCV0000533,PO0000278,6362414,SUP-07,2022-05-22,163,9.73,purchase_order
RCV0000534,PO0000245,7941277,SUP-09,2022-05-22,33,18.7,purchase_order
RCV0000535,PO0000247,9319849,SUP-09,2022-05-22,406,80.4,purchase_order
RCV0000536,PO0000248,9939190,SUP-09,2022-05-22,239,21.77,purchase_order
RCV0000537,PO0000250,1959257,SUP-08,2022-05-23,35,7.02,purchase_order
RCV0000538,PO0000274,2287051,SUP-07,2022-05-23,36,9.63,purchase_order
RCV0000539,PO0000283,2645378,SUP-07,2022-05-23,33,3.43,purchase_order
RCV0000540,PO0000284,3002277,SUP-07,2022-05-23,410,16.4,purchase_order
RCV0000541,PO0000285,3166872,SUP-06,2022-05-23,28,16.79,purchase_order
RCV0000542,PO0000287,4098324,SUP-07,2022-05-23,220,8.96,purchase_order
RCV0000543,PO0000329,4194454,SUP-12,2022-05-23,325,26.13,purchase_order
RCV0000544,PO0000346,5027667,SUP-12,2022-05-23,45,50.2,purchase_order
RCV0000545,PO0000253,5852256,SUP-09,2022-05-23,50,18.52,purchase_order
RCV0000546,PO0000347,5862621,SUP-12,2022-05-23,143,18.12,purchase_order
RCV0000547,PO0000390,5908484,SUP-01,2022-05-23,167,97.7,purchase_order
RCV0000548,PO0000364,7182700,SUP-02,2022-05-23,1088,44.86,purchase_order
RCV0000549,PO0000348,7496477,SUP-12,2022-05-23,29,45.94,purchase_order
RCV0000550,PO0000367,8903471,SUP-02,2022-05-23,130,9.79,purchase_order
RCV0000551,PO0000350,9721204,SUP-12,2022-05-23,29,22.61,purchase_order
RCV0000552,PO0000290,1099410,SUP-07,2022-05-24,261,6.56,purchase_order
RCV0000553,PO0000291,1428173,SUP-07,2022-05-24,158,49.77,purchase_order
RCV0000554,PO0000233,2804964,SUP-11,2022-05-24,40,16.18,purchase_order
RCV0000555,PO0000292,5599767,SUP-07,2022-05-24,73,6.08,purchase_order
RCV0000556,PO0000244,7303637,SUP-10,2022-05-24,37,34.73,purchase_order
RCV0000557,PO0000356,8016491,SUP-12,2022-05-24,38,73.4,purchase_order
RCV0000558,PO0000246,8488816,SUP-10,2022-05-24,43,26.67,purchase_order
RCV0000559,PO0000297,8754194,SUP-06,2022-05-24,186,22.9,purchase_order
RCV0000560,PO0000300,1072276,SUP-07,2022-05-25,32,20.74,purchase_order
RCV0000561,PO0000345,3487534,SUP-03,2022-05-25,49,10.39,purchase_order
RCV0000562,PO0000302,4365384,SUP-07,2022-05-25,42,89.96,purchase_order
RCV0000563,PO0000259,5599030,SUP-09,2022-05-25,41,8.85,purchase_order
RCV0000564,PO0000305,7448961,SUP-07,2022-05-25,94,5.13,purchase_order
RCV0000565,PO0000230,8758486,SUP-11,2022-05-25,60,35.16,purchase_order
RCV0000566,PO0000308,9118832,SUP-06,2022-05-25,184,76.36,purchase_order
RCV0000567,PO0000235,1383693,SUP-11,2022-05-26,78,17.68,purchase_order
RCV0000568,PO0000353,4646091,SUP-04,2022-05-26,53,29.46,purchase_order
RCV0000569,PO0000236,4720552,SUP-11,2022-05-26,95,7.8,purchase_order
RCV0000570,PO0000374,7620070,SUP-12,2022-05-26,46,30.55,purchase_order
RCV0000571,PO0000392,8966163,SUP-02,2022-05-26,2693,31.08,purchase_order
RCV0000572,PO0000331,2931280,SUP-05,2022-05-27,59,13.02,purchase_order
RCV0000573,PO0000360,4895822,SUP-03,2022-05-27,31,23.59,purchase_order
RCV0000574,PO0000238,4958034,SUP-11,2022-05-27,31,16.84,purchase_order
RCV0000575,PO0000361,5131367,SUP-04,2022-05-27,39,10.28,purchase_order
RCV0000576,PO0000363,6338037,SUP-04,2022-05-27,350,17.4,purchase_order
RCV0000577,PO0000261,8536600,SUP-08,2022-05-27,21,8.83,purchase_order
RCV0000578,PO0000406,9065490,SUP-01,2022-05-27,103,44.74,purchase_order
RCV0000579,PO0000315,1079923,SUP-07,2022-05-28,73,47.7,purchase_order
RCV0000580,PO0000385,3004815,SUP-12,2022-05-28,65,30.61,purchase_order
RCV0000581,PO0000327,3243048,SUP-05,2022-05-28,593,19.02,purchase_order
RCV0000582,PO0000387,3301602,SUP-12,2022-05-28,44,16.14,purchase_order
RCV0000583,PO0000319,3330012,SUP-06,2022-05-28,37,9.07,purchase_order
RCV0000584,PO0000368,3428363,SUP-04,2022-05-28,204,26.86,purchase_order
RCV0000585,PO0000388,4489659,SUP-12,2022-05-28,163,26.9,purchase_order
RCV0000586,PO0000241,6351542,SUP-11,2022-05-28,34,14.39,purchase_order
RCV0000587,PO0000323,6695684,SUP-07,2022-05-28,34,23.52,purchase_order
RCV0000588,PO0000409,7180258,SUP-01,2022-05-28,28,31.99,purchase_order
RCV0000589,PO0000372,7212311,SUP-03,2022-05-28,62,14.21,purchase_order
RCV0000590,PO0000391,7346335,SUP-12,2022-05-28,54,28.98,purchase_order
RCV0000591,PO0000343,8800984,SUP-05,2022-05-28,76,7.66,purchase_order
RCV0000592,PO0000376,9829417,SUP-03,2022-05-28,512,65.53,purchase_order
RCV0000593,PO0000303,5068008,SUP-08,2022-05-29,106,8.1,purchase_order
RCV0000594,PO0000380,6024870,SUP-03,2022-05-29,62,16.03,purchase_order
RCV0000595,PO0000242,6693651,SUP-11,2022-05-29,86,13.44,purchase_order
RCV0000596,PO0000382,6854023,SUP-03,2022-05-29,119,59.23,purchase_order
RCV0000597,PO0000271,7427053,SUP-05,2022-05-29,47,27.19,purchase_order
RCV0000598,PO0000281,1385609,SUP-09,2022-05-30,40,53.85,purchase_order
RCV0000599,PO0000282,1601049,SUP-09,2022-05-30,29,12.07,purchase_order
RCV0000600,PO0000339,1778504,SUP-05,2022-05-30,32,29.13,purchase_order
RCV0000601,PO0000386,3124731,SUP-04,2022-05-30,56,13.17,purchase_order
RCV0000602,PO0000332,5114384,SUP-06,2022-05-30,226,10.17,purchase_order
RCV0000603,PO0000333,5466720,SUP-06,2022-05-30,63,46.79,purchase_order
RCV0000604,PO0000335,6026055,SUP-06,2022-05-30,32,23.33,purchase_order
RCV0000605,PO0000338,9110019,SUP-06,2022-05-30,43,16.88,purchase_order
RCV0000606,PO0000254,2377662,SUP-11,2022-05-31,55,45.56,purchase_order
RCV0000607,PO0000418,3503816,SUP-01,2022-05-31,31,9.49,purchase_order
RCV0000608,PO0000294,6520765,SUP-09,2022-05-31,26,30.25,purchase_order
RCV0000609,PO0000341,7255659,SUP-07,2022-05-31,43,40.97,purchase_order
RCV0000610,PO0000401,7474821,SUP-12,2022-05-31,28,21.11,purchase_order
RCV0000611,PO0000258,9800243,SUP-11,2022-05-31,240,35.38,purchase_order
RCV0000612,PO0000317,2565553,SUP-08,2022-06-01,44,7.32,purchase_order
RCV0000613,PO0000397,3533080,SUP-03,2022-06-01,24,47.05,purchase_order
RCV0000614,PO0000370,4236332,SUP-05,2022-06-01,82,15.19,purchase_order
RCV0000615,PO0000322,6245368,SUP-08,2022-06-01,108,10.96,purchase_order
RCV0000616,PO0000304,6637675,SUP-09,2022-06-01,36,15.93,purchase_order
RCV0000617,PO0000288,7201529,SUP-06,2022-06-01,90,35.16,purchase_order
RCV0000618,PO0000324,7622260,SUP-08,2022-06-01,28,38.56,purchase_order
RCV0000619,PO0000342,8746636,SUP-05,2022-06-01,77,28.05,purchase_order
RCV0000620,PO0000414,9118281,SUP-02,2022-06-01,44,8.07,purchase_order
RCV0000621,PO0000298,9315482,SUP-09,2022-06-01,51,28.02,purchase_order
RCV0000622,PO0000377,1083413,SUP-05,2022-06-02,49,33.78,purchase_order
RCV0000623,PO0000326,2292183,SUP-08,2022-06-02,52,5.57,purchase_order
RCV0000624,PO0000400,5186154,SUP-03,2022-06-02,40,43.86,purchase_order
RCV0000625,PO0000295,6543834,SUP-10,2022-06-02,30,5.43,purchase_order
RCV0000626,PO0000330,7429245,SUP-08,2022-06-02,61,7.29,purchase_order
RCV0000627,PO0000431,2527689,SUP-01,2022-06-03,35,15.58,purchase_order
RCV0000628,PO0000268,3852546,SUP-06,2022-06-03,116,32.59,purchase_order
RCV0000629,PO0000389,5234930,SUP-05,2022-06-03,84,87.1,purchase_order
RCV0000630,PO0000306,7871485,SUP-10,2022-06-03,41,8.39,purchase_order
RCV0000631,PO0000264,9739117,SUP-11,2022-06-03,55,19.29,purchase_order
RCV0000632,PO0000265,2317989,SUP-11,2022-06-04,30,23.85,purchase_order
RCV0000633,PO0000369,3689249,SUP-07,2022-06-04,67,16.87,purchase_order
RCV0000634,PO0000422,4123413,SUP-02,2022-06-04,46,21.81,purchase_order
RCV0000635,PO0000407,5250988,SUP-03,2022-06-04,24,10.94,purchase_order
RCV0000636,PO0000371,5530296,SUP-07,2022-06-04,71,12.6,purchase_order
RCV0000637,PO0000310,6380274,SUP-10,2022-06-04,103,88.71,purchase_order
RCV0000638,PO0000270,6960004,SUP-11,2022-06-04,71,16.83,purchase_order
RCV0000639,PO0000373,7390450,SUP-07,2022-06-04,92,17.55,purchase_order
RCV0000640,PO0000351,1430298,SUP-06,2022-06-05,47,60.6,purchase_order
RCV0000641,PO0000379,2738486,SUP-07,2022-06-05,24,9.86,purchase_order
RCV0000642,PO0000420,5092850,SUP-12,2022-06-05,57,7.78,purchase_order
RCV0000643,PO0000381,6079235,SUP-06,2022-06-05,217,3.71,purchase_order
RCV0000644,PO0000412,6460385,SUP-03,2022-06-05,35,52.43,purchase_order
RCV0000645,PO0000425,7062170,SUP-02,2022-06-05,27,15.24,purchase_order
RCV0000646,PO0000316,1910407,SUP-05,2022-06-06,33,30.04,purchase_order
RCV0000647,PO0000320,4123600,SUP-10,2022-06-06,101,69.06,purchase_order
RCV0000648,PO0000399,4648994,SUP-05,2022-06-06,49,9.76,purchase_order
RCV0000649,PO0000336,7279985,SUP-09,2022-06-06,33,53.56,purchase_order
RCV0000650,PO0000366,8832573,SUP-07,2022-06-06,32,39.25,purchase_order
RCV0000651,PO0000357,1038403,SUP-08,,32,25.22,purchase_order
RCV0000652,PO0000451,2380478,SUP-01,2022-06-07,59,23.54,purchase_order
RCV0000653,PO0000394,5425967,SUP-06,2022-06-07,36,43.94,purchase_order
RCV0000654,PO0000395,6529231,SUP-07,2022-06-07,40,12.39,purchase_order
RCV0000655,PO0000384,9172205,SUP-06,2022-06-07,18,7.91,purchase_order
RCV0000656,PO0000428,9388289,SUP-12,2022-06-07,77,33.37,purchase_order
RCV0000657,PO0000299,1029072,SUP-11,2022-06-08,60,23.27,purchase_order
RCV0000658,PO0000434,3383881,SUP-02,2022-06-08,32,59.66,purchase_order
RCV0000659,PO0000456,4476707,SUP-01,2022-06-08,386,39.82,purchase_order
RCV0000660,PO0000423,6155600,SUP-03,2022-06-08,30,18.28,purchase_order
RCV0000661,PO0000307,8795573,SUP-11,2022-06-08,155,12.53,purchase_order
RCV0000662,PO0000257,9198161,SUP-10,2022-06-08,28,64.18,purchase_order
RCV0000663,PO0000352,2704704,SUP-09,2022-06-09,67,52.2,purchase_order
RCV0000664,PO0000444,4994348,SUP-02,2022-06-09,106,21.68,purchase_order
RCV0000665,PO0000424,5212958,SUP-03,2022-06-09,31,41.63,purchase_order
RCV0000666,PO0000340,5781989,SUP-10,2022-06-09,31,36.4,purchase_order
RCV0000667,PO0000383,7567958,SUP-08,2022-06-09,87,42.74,purchase_order
RCV0000668,PO0000311,7814384,SUP-11,2022-06-09,89,29.8,purchase_order
RCV0000669,PO0000355,7954298,SUP-09,2022-06-09,24,32.54,purchase_order
RCV0000670,PO0000403,8511889,SUP-06,2022-06-09,41,30.38,purchase_order
RCV0000671,PO0000344,9841830,SUP-10,2022-06-09,280,5.36,purchase_order
RCV0000672,PO0000359,4076320,SUP-09,2022-06-10,28,5.16,purchase_order
RCV0000673,PO0000405,7630387,SUP-07,2022-06-10,30,13.39,purchase_order
RCV0000674,PO0000441,1196740,SUP-12,2022-06-11,41,30.94,purchase_order
RCV0000675,PO0000408,5509792,SUP-07,2022-06-11,28,35.69,purchase_order
RCV0000676,PO0000404,5822751,SUP-03,2022-06-11,81,29.89,purchase_order
RCV0000677,PO0000449,8110966,SUP-02,2022-06-11,32,8.57,purchase_order
RCV0000678,PO0000461,2993399,SUP-02,2022-06-12,28,43.91,purchase_order
RCV0000679,PO0000436,4411802,SUP-03,2022-06-12,44,23.47,purchase_order
RCV0000680,PO0000362,6000495,SUP-06,2022-06-12,29,23.09,purchase_order
RCV0000681,PO0000413,8721483,SUP-07,2022-06-12,55,14.3,purchase_order
RCV0000682,PO0000337,7864641,SUP-11,2022-06-13,345,6.63,purchase_order
RCV0000683,PO0000402,8261390,SUP-08,2022-06-13,23,75.39,purchase_order
RCV0000684,PO0000415,9355705,SUP-06,2022-06-13,31,39.66,purchase_order
RCV0000685,PO0000462,5520674,SUP-12,2022-06-14,44,13.51,purchase_order
RCV0000686,PO0000421,7433330,SUP-07,2022-06-14,31,6.69,purchase_order
RCV0000687,PO0000455,8926382,SUP-03,2022-06-14,22,14.41,purchase_order
RCV0000688,PO0000349,9075437,SUP-11,2022-06-15,60,11.83,purchase_order
RCV0000689,PO0000478,9938113,SUP-02,2022-06-15,28,27.07,purchase_order
RCV0000690,PO0000459,9940011,SUP-03,2022-06-15,204,19.48,purchase_order
RCV0000691,PO0000398,1204442,SUP-09,2022-06-16,28,51.01,purchase_order
RCV0000692,PO0000460,1850756,SUP-03,2022-06-16,37,20.65,purchase_order
RCV0000693,PO0000488,3583619,SUP-01,2022-06-16,54,9.25,purchase_order
RCV0000694,PO0000427,7949185,SUP-06,2022-06-16,25,11.68,purchase_order
RCV0000695,PO0000439,9261290,SUP-05,2022-06-16,181,31.75,purchase_order
RCV0000696,PO0000429,9554682,SUP-07,2022-06-16,32,45.74,purchase_order
RCV0000697,PO0000440,1080071,SUP-05,2022-06-17,32,17.42,purchase_order
RCV0000698,PO0000430,1111123,SUP-06,2022-06-17,34,19.36,purchase_order
RCV0000699,PO0000445,5711182,SUP-05,2022-06-17,392,38.81,purchase_order
RCV0000700,PO0000365,7826018,SUP-11,2022-06-17,25,5.49,purchase_order
RCV0000701,PO0000502,3318117,SUP-01,2022-06-19,30,22.07,purchase_order
RCV0000702,PO0000438,8634461,SUP-06,2022-06-19,1962,10.45,purchase_order
RCV0000703,PO0000442,1367097,SUP-06,2022-06-20,30,23.79,purchase_order
RCV0000704,PO0000443,3817121,SUP-07,2022-06-20,41,33.46,purchase_order
RCV0000705,PO0000508,5553390,SUP-01,2022-06-20,27,26.74,purchase_order
RCV0000706,PO0000463,6517467,SUP-05,2022-06-20,89,40.78,purchase_order
RCV0000707,PO0000447,7275086,SUP-07,2022-06-20,79,27.17,purchase_order
RCV0000708,PO0000393,9111330,SUP-11,2022-06-20,40,76.36,purchase_order
RCV0000709,PO0000411,9198161,SUP-10,2022-06-20,40,63.54,purchase_order
RCV0000710,PO0000467,1189654,SUP-05,2022-06-21,40,12.98,purchase_order
RCV0000711,PO0000450,1260475,SUP-06,2022-06-21,847,84.44,purchase_order
RCV0000712,PO0000452,3006131,SUP-06,2022-06-21,35,60.73,purchase_order
RCV0000713,PO0000396,7310073,SUP-11,2022-06-21,24,38.35,purchase_order
RCV0000714,PO0000486,6497266,SUP-03,2022-06-22,131,4.14,purchase_order
RCV0000715,PO0000416,7106580,SUP-10,2022-06-22,42,14.34,purchase_order
RCV0000716,PO0000458,8089253,SUP-07,2022-06-22,54,44.25,purchase_order
RCV0000717,PO0000437,4705110,SUP-08,2022-06-23,153,9.97,purchase_order
RCV0000718,PO0000419,4708009,SUP-10,2022-06-23,28,45.71,purchase_order
RCV0000719,PO0000523,5678537,SUP-01,2022-06-23,131,61.56,purchase_order
RCV0000720,PO0000511,5409305,SUP-02,2022-06-24,26,48.52,purchase_order
RCV0000721,PO0000469,9746038,SUP-07,2022-06-24,28,16.24,purchase_order
RCV0000722,PO0000530,2154101,SUP-01,2022-06-25,119,5.9,purchase_order
RCV0000723,PO0000470,3289377,SUP-07,2022-06-25,67,31.2,purchase_order
RCV0000724,PO0000471,4170752,SUP-06,2022-06-25,792,93.52,purchase_order
RCV0000725,PO0000410,7692382,SUP-11,2022-06-25,439,20.44,purchase_order
RCV0000726,PO0000539,2299273,SUP-01,2022-06-26,49,9.67,purchase_order
RCV0000727,PO0000475,2404737,SUP-06,2022-06-26,29,31.16,purchase_order
RCV0000728,PO0000433,3166872,SUP-06,2022-06-26,44,16.55,purchase_order
RCV0000729,PO0000435,4143393,SUP-09,2022-06-26,87,98.5,purchase_order
RCV0000730,PO0000512,5495706,SUP-12,2022-06-26,36,63.04,purchase_order
RCV0000731,PO0000477,6944057,SUP-06,2022-06-26,32,20.66,purchase_order
RCV0000732,PO0000480,4356662,SUP-06,2022-06-27,38,108.2,purchase_order
RCV0000733,PO0000446,5847380,SUP-09,2022-06-27,40,20.15,purchase_order
RCV0000734,PO0000464,6938043,SUP-08,2022-06-27,28,19.6,purchase_order
RCV0000735,PO0000509,6976349,SUP-03,2022-06-27,174,20.43,purchase_order
RCV0000736,PO0000426,7303637,SUP-10,2022-06-27,54,35.58,purchase_order
RCV0000737,PO0000448,7941277,SUP-09,2022-06-27,43,18.43,purchase_order
RCV0000738,PO0000417,8004216,SUP-11,2022-06-27,39,15.8,purchase_order
RCV0000739,PO0000466,8536600,SUP-08,2022-06-27,26,8.99,purchase_order
RCV0000740,PO0000492,1092786,SUP-05,2022-06-28,47,4.18,purchase_order
RCV0000741,PO0000468,1959257,SUP-08,2022-06-28,41,7.04,purchase_order
RCV0000742,PO0000484,5599767,SUP-07,2022-06-28,86,6.12,purchase_order
RCV0000743,PO0000526,6810241,SUP-12,2022-06-28,127,7.45,purchase_order
RCV0000744,PO0000513,1517547,SUP-03,2022-06-29,29,11.26,purchase_order
RCV0000745,PO0000485,4098324,SUP-07,2022-06-29,250,8.83,purchase_order
RCV0000746,PO0000516,5315329,SUP-04,2022-06-29,29,18.01,purchase_order
RCV0000747,PO0000504,4870730,SUP-05,2022-06-30,44,11.24,purchase_order
RCV0000748,PO0000522,4895822,SUP-03,2022-06-30,41,23.54,purchase_order
RCV0000749,PO0000536,7496477,SUP-12,2022-06-30,36,45.66,purchase_order
RCV0000750,PO0000479,3676700,SUP-05,2022-07-01,96,26.24,purchase_order
RCV0000751,PO0000491,7373415,SUP-12,2022-07-01,32,13.18,purchase_order
RCV0000752,PO0000510,7427053,SUP-05,,58,27.4,purchase_order
RCV0000753,PO0000497,2118773,SUP-07,2022-07-02,236,14.88,purchase_order
RCV0000754,PO0000432,2804964,SUP-11,2022-07-02,48,16.18,purchase_order
RCV0000755,PO0000498,3330012,SUP-06,2022-07-02,44,9.15,purchase_order
RCV0000756,PO0000532,3781033,SUP-03,2022-07-02,59,19.54,purchase_order
RCV0000757,PO0000472,6520765,SUP-09,2022-07-02,34,29.84,purchase_order
RCV0000758,PO0000465,8488816,SUP-10,2022-07-02,52,26.81,purchase_order
RCV0000759,PO0000500,9172205,SUP-06,2022-07-02,29,7.93,purchase_order
RCV0000760,PO0000474,9319849,SUP-09,2022-07-02,433,79.29,purchase_order
RCV0000761,PO0000572,2731345,SUP-01,2022-07-03,124,24.93,purchase_order
RCV0000762,PO0000574,4059984,SUP-01,2022-07-03,14,16.38,purchase_order
RCV0000763,PO0000506,6953807,SUP-06,2022-07-03,38,5.76,purchase_order
RCV0000764,PO0000507,7729308,SUP-06,2022-07-03,253,18.04,purchase_order
RCV0000765,PO0000544,3240903,SUP-03,2022-07-04,50,27.56,purchase_order
RCV0000766,PO0000545,5250988,SUP-03,2022-07-04,29,11.11,purchase_order
RCV0000767,PO0000585,5908484,SUP-01,2022-07-04,176,97.69,purchase_order
RCV0000768,PO0000528,1083413,SUP-05,2022-07-05,59,34.53,purchase_order
RCV0000769,PO0000493,2292183,SUP-08,2022-07-05,65,5.59,purchase_order
RCV0000770,PO0000494,7622260,SUP-08,2022-07-05,33,38.01,purchase_order
RCV0000771,PO0000453,7826018,SUP-11,2022-07-05,34,5.5,purchase_order
RCV0000772,PO0000567,7946407,SUP-02,2022-07-05,20,29.2,purchase_order
RCV0000773,PO0000454,8218381,SUP-11,2022-07-05,26,13.88,purchase_order
RCV0000774,PO0000569,8903471,SUP-02,2022-07-05,131,9.94,purchase_order
RCV0000775,PO0000570,9351656,SUP-02,2022-07-05,40,9.88,purchase_order
RCV0000776,PO0000514,1522015,SUP-06,2022-07-06,70,59.08,purchase_order
RCV0000777,PO0000515,3554832,SUP-07,2022-07-06,109,26.54,purchase_order
RCV0000778,PO0000551,5186154,SUP-03,2022-07-06,43,43.92,purchase_order
RCV0000779,PO0000481,6543834,SUP-10,2022-07-06,36,5.48,purchase_order
RCV0000780,PO0000517,7201529,SUP-06,2022-07-06,111,35.27,purchase_order
RCV0000781,PO0000594,7801595,SUP-01,2022-07-06,34,42.24,purchase_order
RCV0000782,PO0000538,9036326,SUP-05,2022-07-06,351,3.02,purchase_order
RCV0000783,PO0000519,1099410,SUP-07,2022-07-07,263,6.5,purchase_order
RCV0000784,PO0000520,1428173,SUP-07,2022-07-07,163,49.59,purchase_order
RCV0000785,PO0000483,1640473,SUP-08,2022-07-07,24,11.96,purchase_order
RCV0000786,PO0000503,4663963,SUP-07,2022-07-07,83,14.4,purchase_order
RCV0000787,PO0000505,5068008,SUP-08,2022-07-07,114,7.93,purchase_order
RCV0000788,PO0000565,5862621,SUP-12,2022-07-07,150,17.64,purchase_order
RCV0000789,PO0000525,6362414,SUP-07,2022-07-07,167,9.67,purchase_order
RCV0000790,PO0000490,6637675,SUP-09,2022-07-07,43,15.99,purchase_order
RCV0000791,PO0000527,8754194,SUP-06,2022-07-07,196,22.67,purchase_order
RCV0000792,PO0000546,6280890,SUP-05,2022-07-08,44,11.74,purchase_order
RCV0000793,PO0000602,7180258,SUP-01,2022-07-08,30,31.78,purchase_order
RCV0000794,PO0000590,7182700,SUP-02,2022-07-08,1100,45.16,purchase_order
RCV0000795,PO0000495,9679390,SUP-09,2022-07-08,333,8.36,purchase_order
RCV0000796,PO0000496,1601049,SUP-09,2022-07-09,32,12.04,purchase_order
RCV0000797,PO0000531,3157737,SUP-06,2022-07-09,49,39.65,purchase_order
RCV0000798,PO0000584,4489659,SUP-12,2022-07-09,171,27.11,purchase_order
RCV0000799,PO0000473,6693651,SUP-11,2022-07-09,91,13.66,purchase_order
RCV0000800,PO0000586,7346335,SUP-12,2022-07-09,57,28.86,purchase_order
RCV0000801,PO0000596,8966163,SUP-02,2022-07-09,2739,30.71,purchase_order
RCV0000802,PO0000476,6351542,SUP-11,2022-07-10,38,14.39,purchase_order
RCV0000803,PO0000589,6474782,SUP-12,2022-07-10,55,36.99,purchase_order
RCV0000804,PO0000577,6854023,SUP-03,2022-07-10,130,58.91,purchase_order
RCV0000805,PO0000457,7047405,SUP-11,2022-07-10,48,12.01,purchase_order
RCV0000806,PO0000518,1038403,SUP-08,2022-07-11,29,25.47,purchase_order
RCV0000807,PO0000556,8800984,SUP-05,2022-07-11,84,7.72,purchase_order
RCV0000808,PO0000499,9040237,SUP-10,2022-07-11,49,54.35,purchase_order
RCV0000809,PO0000482,9800243,SUP-11,2022-07-11,257,35.96,purchase_order
RCV0000810,PO0000598,3004815,SUP-12,2022-07-12,68,30.17,purchase_order
RCV0000811,PO0000619,3503816,SUP-01,2022-07-12,33,9.41,purchase_order
RCV0000812,PO0000599,5027667,SUP-12,2022-07-12,44,50.98,purchase_order
RCV0000813,PO0000549,2287051,SUP-07,2022-07-13,36,9.62,purchase_order
RCV0000814,PO0000601,3301602,SUP-12,2022-07-13,46,16.43,purchase_order
RCV0000815,PO0000591,3533080,SUP-03,2022-07-13,31,46.75,purchase_order
RCV0000816,PO0000563,5234930,SUP-05,2022-07-13,98,87.33,purchase_order
RCV0000817,PO0000534,6245368,SUP-08,2022-07-13,117,10.97,purchase_order
RCV0000818,PO0000580,7620070,SUP-12,2022-07-13,54,30.26,purchase_order
RCV0000819,PO0000568,8746636,SUP-05,2022-07-13,79,28.18,purchase_order
RCV0000820,PO0000487,8758486,SUP-11,2022-07-13,57,35.32,purchase_order
RCV0000821,PO0000595,8838340,SUP-03,2022-07-13,27,15.57,purchase_order
RCV0000822,PO0000597,9829417,SUP-03,2022-07-13,518,67.14,purchase_order
RCV0000823,PO0000553,1072276,SUP-07,2022-07-14,32,20.45,purchase_order
RCV0000824,PO0000554,1854723,SUP-07,2022-07-14,30,22.69,purchase_order
RCV0000825,PO0000521,4076320,SUP-09,2022-07-14,36,5.09,purchase_order
RCV0000826,PO0000489,4720552,SUP-11,2022-07-14,93,7.79,purchase_order
RCV0000827,PO0000524,5852256,SUP-09,2022-07-14,48,18.86,purchase_order
RCV0000828,PO0000555,7171122,SUP-07,2022-07-14,36,27.69,purchase_order
RCV0000829,PO0000558,9118832,SUP-06,2022-07-14,178,76.88,purchase_order
RCV0000830,PO0000543,2565553,SUP-08,2022-07-15,44,7.32,purchase_order
RCV0000831,PO0000560,2645378,SUP-07,2022-07-15,33,3.39,purchase_order
RCV0000832,PO0000632,4059984,SUP-01,2022-07-15,27,16.05,purchase_order
RCV0000833,PO0000636,2527689,SUP-01,2022-07-16,36,15.43,purchase_order
RCV0000834,PO0000562,3648094,SUP-07,2022-07-16,37,16.98,purchase_order
RCV0000835,PO0000583,4194454,SUP-12,2022-07-16,320,25.87,purchase_order
RCV0000836,PO0000564,5530296,SUP-07,2022-07-16,78,12.7,purchase_order
RCV0000837,PO0000606,6155600,SUP-03,2022-07-16,38,18.46,purchase_order
RCV0000838,PO0000626,7062170,SUP-02,2022-07-16,29,15.36,purchase_order
RCV0000839,PO0000566,7448961,SUP-07,2022-07-16,88,5.1,purchase_order
RCV0000840,PO0000609,8926382,SUP-03,2022-07-16,28,14.48,purchase_order
RCV0000841,PO0000501,1029072,SUP-11,2022-07-17,68,23.38,purchase_order
RCV0000842,PO0000573,2738486,SUP-07,2022-07-17,27,9.97,purchase_order
RCV0000843,PO0000613,3428363,SUP-04,2022-07-17,192,26.89,purchase_order
RCV0000844,PO0000576,5466720,SUP-06,2022-07-17,61,48.09,purchase_order
RCV0000845,PO0000624,3206674,SUP-12,2022-07-18,41,12.1,purchase_order
RCV0000846,PO0000582,3852546,SUP-06,2022-07-18,113,32.94,purchase_order
RCV0000847,PO0000625,5092850,SUP-12,2022-07-18,65,7.89,purchase_order
RCV0000848,PO0000615,6024870,SUP-03,2022-07-18,43,16.02,purchase_order
RCV0000849,PO0000587,1079923,SUP-07,2022-07-19,68,47.32,purchase_order
RCV0000850,PO0000600,2337045,SUP-05,2022-07-19,51,8.76,purchase_order
RCV0000851,PO0000638,2993399,SUP-02,2022-07-19,32,44.72,purchase_order
RCV0000852,PO0000662,3318117,SUP-01,2022-07-19,40,21.68,purchase_order
RCV0000853,PO0000642,4994348,SUP-02,2022-07-19,118,21.71,purchase_order
RCV0000854,PO0000588,5509792,SUP-07,2022-07-19,30,35.88,purchase_order
RCV0000855,PO0000647,9118281,SUP-02,2022-07-19,50,7.95,purchase_order
RCV0000856,PO0000592,3689249,SUP-07,2022-07-20,69,16.73,purchase_order
RCV0000857,PO0000547,6380274,SUP-10,2022-07-20,111,88.3,purchase_order
RCV0000858,PO0000552,7279985,SUP-09,2022-07-20,37,53.2,purchase_order
RCV0000859,PO0000651,9065490,SUP-01,2022-07-20,96,45.17,purchase_order
RCV0000860,PO0000548,9841830,SUP-10,2022-07-20,310,5.29,purchase_order
RCV0000861,PO0000612,1910407,SUP-05,2022-07-21,28,30.48,purchase_order
RCV0000862,PO0000550,3243048,SUP-05,2022-07-21,621,18.7,purchase_order
RCV0000863,PO0000629,5822751,SUP-03,2022-07-21,85,29.48,purchase_order
RCV0000864,PO0000578,7429245,SUP-08,2022-07-21,60,7.28,purchase_order
RCV0000865,PO0000579,7567958,SUP-08,2022-07-21,93,42.71,purchase_order
RCV0000866,PO0000529,4200826,SUP-11,2022-07-22,28,10.23,purchase_order
RCV0000867,PO0000603,9110019,SUP-06,2022-07-22,41,16.69,purchase_order
RCV0000868,PO0000652,9388289,SUP-12,2022-07-22,81,33.15,purchase_order
RCV0000869,PO0000618,1778504,SUP-05,2022-07-23,29,28.95,purchase_order
RCV0000870,PO0000561,2704704,SUP-09,2022-07-23,70,51.3,purchase_order
RCV0000871,PO0000639,3487534,SUP-03,2022-07-23,38,10.2,purchase_order
RCV0000872,PO0000533,4958034,SUP-11,2022-07-23,29,17.26,purchase_order
RCV0000873,PO0000604,5114384,SUP-06,2022-07-23,208,10.15,purchase_order
RCV0000874,PO0000643,5212958,SUP-03,2022-07-23,34,41.02,purchase_order
RCV0000875,PO0000668,5409305,SUP-02,2022-07-23,30,48.25,purchase_order
RCV0000876,PO0000644,6460385,SUP-03,2022-07-23,36,54.01,purchase_order
RCV0000877,PO0000535,6960004,SUP-11,2022-07-23,69,16.69,purchase_order
RCV0000878,PO0000645,7212311,SUP-03,2022-07-23,55,14.01,purchase_order
RCV0000879,PO0000537,8795573,SUP-11,2022-07-23,155,12.53,purchase_order
RCV0000880,PO0000663,5520674,SUP-12,2022-07-24,46,13.4,purchase_order
RCV0000881,PO0000614,7255659,SUP-07,2022-07-24,40,40.81,purchase_order
RCV0000882,PO0000540,7310073,SUP-11,2022-07-24,31,38.75,purchase_order
RCV0000883,PO0000541,7814384,SUP-11,2022-07-24,93,30.19,purchase_order
RCV0000884,PO0000628,9645778,SUP-05,2022-07-24,570,12.14,purchase_order
RCV0000885,PO0000542,1383693,SUP-11,2022-07-25,69,17.78,purchase_order
RCV0000886,PO0000616,7390450,SUP-07,2022-07-25,88,17.36,purchase_order
RCV0000887,PO0000617,9554682,SUP-07,2022-07-25,36,45.57,purchase_order
RCV0000888,PO0000672,1196740,SUP-12,2022-07-26,32,30.98,purchase_order
RCV0000889,PO0000575,4708009,SUP-10,2022-07-26,35,46.37,purchase_order
RCV0000890,PO0000621,6695684,SUP-07,2022-07-26,29,23.45,purchase_order
RCV0000891,PO0000622,7660389,SUP-07,2022-07-26,182,9.47,purchase_order
RCV0000892,PO0000623,8721483,SUP-07,2022-07-26,57,14.21,purchase_order
RCV0000893,PO0000679,9721204,SUP-12,2022-07-26,24,22.42,purchase_order
RCV0000894,PO0000637,2931280,SUP-05,2022-07-27,51,13.1,purchase_order
RCV0000895,PO0000680,3211935,SUP-12,2022-07-27,28,23.43,purchase_order
RCV0000896,PO0000640,4236332,SUP-05,2022-07-27,72,15.56,purchase_order
RCV0000897,PO0000605,6079235,SUP-06,2022-07-27,173,3.72,purchase_order
RCV0000898,PO0000683,7474821,SUP-12,2022-07-27,24,20.94,purchase_order
RCV0000899,PO0000653,1517547,SUP-03,2022-07-28,37,11.29,purchase_order
RCV0000900,PO0000700,4123413,SUP-02,2022-07-28,42,21.94,purchase_order
RCV0000901,PO0000673,4646091,SUP-04,2022-07-28,42,29.78,purchase_order
RCV0000902,PO0000641,4648994,SUP-05,2022-07-28,49,9.95,purchase_order
RCV0000903,PO0000630,6000495,SUP-06,2022-07-28,28,23.09,purchase_order
RCV0000904,PO0000557,9111330,SUP-11,2022-07-28,46,75.83,purchase_order
RCV0000905,PO0000631,9248008,SUP-07,2022-07-28,33,34.08,purchase_order
RCV0000906,PO0000712,2154101,SUP-01,2022-07-29,136,5.97,purchase_order
RCV0000907,PO0000559,2377662,SUP-11,2022-07-29,50,46.54,purchase_order
RCV0000908,PO0000656,6517467,SUP-05,2022-07-29,104,40.36,purchase_order
RCV0000909,PO0000634,6529231,SUP-07,2022-07-29,39,12.5,purchase_order
RCV0000910,PO0000635,7275086,SUP-07,2022-07-29,92,27.62,purchase_order
RCV0000911,PO0000697,8016491,SUP-12,2022-07-29,32,74.33,purchase_order
RCV0000912,PO0000706,3383881,SUP-02,2022-07-30,30,61.11,purchase_order
RCV0000913,PO0000688,5131367,SUP-04,2022-07-30,28,10.14,purchase_order
RCV0000914,PO0000608,7954298,SUP-09,2022-07-30,24,33.13,purchase_order
RCV0000915,PO0000701,8728798,SUP-12,2022-07-30,190,6.48,purchase_order
RCV0000916,PO0000611,1204442,SUP-09,2022-07-31,29,50.27,purchase_order
RCV0000917,PO0000571,2317989,SUP-11,2022-07-31,28,24.02,purchase_order
RCV0000918,PO0000719,2380478,SUP-01,2022-07-31,55,23.97,purchase_order
RCV0000919,PO0000721,3583619,SUP-01,2022-07-31,56,9.12,purchase_order
RCV0000920,PO0000649,4762867,SUP-07,2022-07-31,1026,7.21,purchase_order
RCV0000921,PO0000695,5315329,SUP-04,2022-07-31,43,18.23,purchase_order
RCV0000922,PO0000699,3124731,SUP-04,2022-08-01,46,13.07,purchase_order
RCV0000923,PO0000654,4365384,SUP-07,2022-08-01,33,88.99,purchase_order
RCV0000924,PO0000657,7630387,SUP-07,2022-08-01,30,13.27,purchase_order
RCV0000925,PO0000659,9746038,SUP-07,2022-08-01,33,16.48,purchase_order
RCV0000926,PO0000660,1080071,SUP-05,2022-08-02,35,17.57,purchase_order
RCV0000927,PO0000661,1430298,SUP-06,2022-08-02,40,59.96,purchase_order
RCV0000928,PO0000655,6026055,SUP-06,2022-08-02,28,22.71,purchase_order
RCV0000929,PO0000717,9938113,SUP-02,2022-08-02,31,27.29,purchase_order
RCV0000930,PO0000684,1189654,SUP-05,2022-08-03,42,12.98,purchase_order
RCV0000931,PO0000705,3240903,SUP-03,2022-08-03,64,27.94,purchase_order
RCV0000932,PO0000708,6497266,SUP-03,2022-08-03,135,4.24,purchase_order
RCV0000933,PO0000733,7180258,SUP-01,2022-08-03,40,31.98,purchase_order
RCV0000934,PO0000725,8110966,SUP-02,2022-08-03,30,8.57,purchase_order
RCV0000935,PO0000581,9075437,SUP-11,2022-08-03,61,11.79,purchase_order
RCV0000936,PO0000648,1959257,SUP-08,2022-08-04,51,7.2,purchase_order
RCV0000937,PO0000694,3676700,SUP-05,2022-08-04,114,26.32,purchase_order
RCV0000938,PO0000674,4747587,SUP-07,2022-08-04,5194,31.33,purchase_order
RCV0000939,PO0000676,6953807,SUP-06,2022-08-04,51,5.6,purchase_order
RCV0000940,PO0000650,8261390,SUP-08,2022-08-04,23,74.23,purchase_order
RCV0000941,PO0000666,1367097,SUP-06,2022-08-05,36,23.44,purchase_order
RCV0000942,PO0000633,5599030,SUP-09,2022-08-05,29,8.79,purchase_order
RCV0000943,PO0000741,5678537,SUP-01,2022-08-05,141,61.32,purchase_order
RCV0000944,PO0000686,3554832,SUP-07,2022-08-06,128,26.5,purchase_order
RCV0000945,PO0000716,4411802,SUP-03,2022-08-06,35,23.79,purchase_order
RCV0000946,PO0000607,6351542,SUP-11,2022-08-06,49,14.24,purchase_order
RCV0000947,PO0000692,9355705,SUP-06,2022-08-06,29,39.41,purchase_order
RCV0000948,PO0000610,9739117,SUP-11,2022-08-06,46,19.41,purchase_order
RCV0000949,PO0000667,4705110,SUP-08,2022-08-07,160,9.91,purchase_order
RCV0000950,PO0000696,5425967,SUP-06,2022-08-07,32,43.5,purchase_order
RCV0000951,PO0000671,1038403,SUP-08,2022-08-08,46,25.72,purchase_order
RCV0000952,PO0000665,8511889,SUP-06,2022-08-08,39,30.6,purchase_order
RCV0000953,PO0000678,8536600,SUP-08,2022-08-08,31,8.9,purchase_order
RCV0000954,PO0000702,8832573,SUP-07,2022-08-08,28,39.35,purchase_order
RCV0000955,PO0000704,3157737,SUP-06,2022-08-09,69,39.17,purchase_order
RCV0000956,PO0000593,4123600,SUP-10,2022-08-09,92,68.69,purchase_order
RCV0000957,PO0000707,3817121,SUP-07,2022-08-10,40,33.66,purchase_order
RCV0000958,PO0000627,7826018,SUP-11,2022-08-10,46,5.52,purchase_order
RCV0000959,PO0000664,7949185,SUP-06,2022-08-10,26,11.62,purchase_order
RCV0000960,PO0000658,9040237,SUP-10,2022-08-10,69,54.92,purchase_order
RCV0000961,PO0000675,6637675,SUP-09,2022-08-11,53,16.2,purchase_order
RCV0000962,PO0000746,6810241,SUP-12,2022-08-11,130,7.39,purchase_order
RCV0000963,PO0000687,4356662,SUP-06,2022-08-12,42,105.58,purchase_order
RCV0000964,PO0000681,5847380,SUP-09,2022-08-12,43,19.8,purchase_order
RCV0000965,PO0000715,8089253,SUP-07,2022-08-12,53,45.01,purchase_order
RCV0000966,PO0000670,9198161,SUP-10,2022-08-12,46,63.22,purchase_order
RCV0000967,PO0000685,3163829,SUP-09,2022-08-13,955,17.81,purchase_order
RCV0000968,PO0000732,4870730,SUP-05,2022-08-13,50,11.35,purchase_order
RCV0000969,PO0000677,7871485,SUP-10,2022-08-13,31,8.59,purchase_order
RCV0000970,PO0000760,7946407,SUP-02,2022-08-13,21,29.55,purchase_order
RCV0000971,PO0000646,8218381,SUP-11,2022-08-13,32,13.62,purchase_order
RCV0000972,PO0000691,9319849,SUP-09,2022-08-13,450,80.63,purchase_order
RCV0000973,PO0000735,1083413,SUP-05,2022-08-14,70,33.73,purchase_order
RCV0000974,PO0000720,3330012,SUP-06,2022-08-14,48,9.01,purchase_order
RCV0000975,PO0000698,9315482,SUP-09,2022-08-14,38,27.73,purchase_order
RCV0000976,PO0000693,2875921,SUP-06,2022-08-15,231,80.66,purchase_order
RCV0000977,PO0000689,6543834,SUP-10,2022-08-15,40,5.42,purchase_order
RCV0000978,PO0000769,8903471,SUP-02,2022-08-15,146,9.78,purchase_order
RCV0000979,PO0000730,1428173,SUP-07,2022-08-16,182,50.21,purchase_order
RCV0000980,PO0000731,4098324,SUP-07,2022-08-16,246,8.79,purchase_order
RCV0000981,PO0000620,5781989,SUP-10,2022-08-16,29,35.98,purchase_order
RCV0000982,PO0000743,1092786,SUP-05,2022-08-17,45,4.21,purchase_order
RCV0000983,PO0000796,3503816,SUP-01,2022-08-17,41,9.47,purchase_order
RCV0000984,PO0000740,5464062,SUP-03,2022-08-17,346,7.6,purchase_order
RCV0000985,PO0000766,6474782,SUP-12,2022-08-17,69,37.0,purchase_order
RCV0000986,PO0000669,6693651,SUP-11,2022-08-17,104,13.63,purchase_order
RCV0000987,PO0000768,7373415,SUP-12,2022-08-17,32,13.21,purchase_order
RCV0000988,PO0000703,1385609,SUP-09,2022-08-18,32,54.04,purchase_order
RCV0000989,PO0000750,1910407,SUP-05,2022-08-18,42,30.32,purchase_order
RCV0000990,PO0000737,2404737,SUP-06,2022-08-18,28,30.35,purchase_order
RCV0000991,PO0000738,6362414,SUP-07,2022-08-18,165,9.9,purchase_order
RCV0000992,PO0000722,6938043,SUP-08,2022-08-18,28,19.73,purchase_order
RCV0000993,PO0000751,7427053,SUP-05,2022-08-18,58,27.22,purchase_order
RCV0000994,PO0000723,7622260,SUP-08,2022-08-18,36,38.64,purchase_order
RCV0000995,PO0000726,1640473,SUP-08,2022-08-19,28,11.93,purchase_order
RCV0000996,PO0000781,5862621,SUP-12,2022-08-19,155,17.96,purchase_order
RCV0000997,PO0000744,1099410,SUP-07,2022-08-20,268,6.55,purchase_order
RCV0000998,PO0000772,3781033,SUP-03,2022-08-20,59,19.63,purchase_order
RCV0000999,PO0000773,4895822,SUP-03,2022-08-20,40,23.55,purchase_order
RCV0001000,PO0000749,9172205,SUP-06,2022-08-20,26,7.98,purchase_order
RCV0001001,PO0000819,2299273,SUP-01,2022-08-21,42,9.59,purchase_order
RCV0001002,PO0000822,5908484,SUP-01,2022-08-21,171,98.97,purchase_order
RCV0001003,PO0000724,7941277,SUP-09,2022-08-21,40,18.4,purchase_order
RCV0001004,PO0000825,2527689,SUP-01,2022-08-22,42,15.42,purchase_order
RCV0001005,PO0000799,5495706,SUP-12,2022-08-22,32,62.26,purchase_order
RCV0001006,PO0000786,6024870,SUP-03,2022-08-22,60,16.06,purchase_order
RCV0001007,PO0000752,8754194,SUP-06,2022-08-22,192,22.93,purchase_order
RCV0001008,PO0000803,3206674,SUP-12,2022-08-23,50,12.04,purchase_order
RCV0001009,PO0000832,5553390,SUP-01,2022-08-23,24,26.49,purchase_order
RCV0001010,PO0000754,7171122,SUP-07,2022-08-23,43,28.1,purchase_order
RCV0001011,PO0000755,7433330,SUP-07,2022-08-23,24,6.63,purchase_order
RCV0001012,PO0000758,3346010,SUP-07,2022-08-24,257,10.18,purchase_order
RCV0001013,PO0000690,7106580,SUP-10,2022-08-24,40,14.53,purchase_order
RCV0001014,PO0000793,7346335,SUP-12,2022-08-24,62,29.31,purchase_order
RCV0001015,PO0000714,7729308,SUP-06,2022-08-24,273,17.79,purchase_order
RCV0001016,PO0000800,8926382,SUP-03,2022-08-24,32,14.49,purchase_order
RCV0001017,PO0000709,9800243,SUP-11,2022-08-24,265,36.3,purchase_order
RCV0001018,PO0000761,1111123,SUP-06,2022-08-25,29,19.58,purchase_order
RCV0001019,PO0000718,2292183,SUP-08,2022-08-25,69,5.61,purchase_order
RCV0001020,PO0000710,2804964,SUP-11,2022-08-25,45,16.27,purchase_order
RCV0001021,PO0000762,3006131,SUP-06,2022-08-25,28,60.42,purchase_order
RCV0001022,PO0000811,3211935,SUP-12,2022-08-25,37,23.85,purchase_order
RCV0001023,PO0000812,3301602,SUP-12,2022-08-25,48,16.54,purchase_order
RCV0001024,PO0000763,3852546,SUP-06,2022-08-25,124,33.04,purchase_order
RCV0001025,PO0000827,7182700,SUP-02,2022-08-25,1051,44.93,purchase_order
RCV0001026,PO0000711,8004216,SUP-11,2022-08-25,35,15.73,purchase_order
RCV0001027,PO0000734,8488816,SUP-10,2022-08-25,48,26.99,purchase_order
RCV0001028,PO0000829,8966163,SUP-02,2022-08-25,2696,30.96,purchase_order
RCV0001029,PO0000785,1778504,SUP-05,2022-08-26,36,29.82,purchase_order
RCV0001030,PO0000847,4059984,SUP-01,2022-08-26,36,16.29,purchase_order
RCV0001031,PO0000739,4143393,SUP-09,2022-08-26,73,98.28,purchase_order
RCV0001032,PO0000820,4489659,SUP-12,2022-08-26,161,26.95,purchase_order
RCV0001033,PO0000808,5186154,SUP-03,2022-08-26,44,43.75,purchase_order
RCV0001034,PO0000767,6695684,SUP-07,2022-08-26,37,23.85,purchase_order
RCV0001035,PO0000713,7047405,SUP-11,2022-08-26,48,12.13,purchase_order
RCV0001036,PO0000729,7093987,SUP-08,2022-08-26,291,16.71,purchase_order
RCV0001037,PO0000789,8746636,SUP-05,2022-08-26,89,29.01,purchase_order
RCV0001038,PO0000771,9248008,SUP-07,2022-08-26,46,33.56,purchase_order
RCV0001039,PO0000810,9691291,SUP-03,2022-08-26,118,23.95,purchase_order
RCV0001040,PO0000753,2565553,SUP-08,2022-08-27,49,7.19,purchase_order
RCV0001041,PO0000826,5027667,SUP-12,2022-08-27,49,50.71,purchase_order
RCV0001042,PO0000775,5530296,SUP-07,2022-08-27,88,12.58,purchase_order
RCV0001043,PO0000776,6944057,SUP-06,2022-08-27,20,20.19,purchase_order
RCV0001044,PO0000777,7201529,SUP-06,2022-08-27,104,35.05,purchase_order
RCV0001045,PO0000814,7212311,SUP-03,2022-08-27,66,14.14,purchase_order
RCV0001046,PO0000840,9351656,SUP-02,2022-08-27,37,10.07,purchase_order
RCV0001047,PO0000816,9829417,SUP-03,2022-08-27,503,65.55,purchase_order
RCV0001048,PO0000780,3289377,SUP-07,2022-08-28,53,31.04,purchase_order
RCV0001049,PO0000798,5234930,SUP-05,2022-08-28,96,89.55,purchase_order
RCV0001050,PO0000821,5250988,SUP-03,2022-08-28,30,10.93,purchase_order
RCV0001051,PO0000682,7303637,SUP-10,2022-08-28,54,34.8,purchase_order
RCV0001052,PO0000838,7801595,SUP-01,2022-08-28,33,42.35,purchase_order
RCV0001053,PO0000783,9118832,SUP-06,2022-08-28,177,76.36,purchase_order
RCV0001054,PO0000784,1079923,SUP-07,2022-08-29,76,46.53,purchase_order
RCV0001055,PO0000727,2317989,SUP-11,2022-08-29,36,23.97,purchase_order
RCV0001056,PO0000728,6960004,SUP-11,2022-08-29,79,17.0,purchase_order
RCV0001057,PO0000794,1850756,SUP-03,2022-08-30,28,20.61,purchase_order
RCV0001058,PO0000806,2337045,SUP-05,2022-08-30,62,9.12,purchase_order
RCV0001059,PO0000865,2731345,SUP-01,2022-08-30,102,25.47,purchase_order
RCV0001060,PO0000790,3689249,SUP-07,2022-08-30,71,16.93,purchase_order
RCV0001061,PO0000842,4194454,SUP-12,2022-08-30,320,26.25,purchase_order
RCV0001062,PO0000791,4663963,SUP-07,2022-08-30,72,14.5,purchase_order
RCV0001063,PO0000782,6280890,SUP-05,2022-08-30,43,12.26,purchase_order
RCV0001064,PO0000792,7255659,SUP-07,2022-08-30,48,41.2,purchase_order
RCV0001065,PO0000845,7474821,SUP-12,2022-08-30,30,21.46,purchase_order
RCV0001066,PO0000756,7954298,SUP-09,2022-08-30,30,32.81,purchase_order
RCV0001067,PO0000868,9065490,SUP-01,2022-08-30,104,45.04,purchase_order
RCV0001068,PO0000736,1383693,SUP-11,2022-08-31,84,17.89,purchase_order
RCV0001069,PO0000795,3166872,SUP-06,2022-08-31,32,16.59,purchase_order
RCV0001070,PO0000833,3487534,SUP-03,2022-08-31,44,10.19,purchase_order
RCV0001071,PO0000813,4236332,SUP-05,2022-08-31,89,15.92,purchase_order
RCV0001072,PO0000839,8838340,SUP-03,2022-08-31,29,15.74,purchase_order
RCV0001073,PO0000801,9110019,SUP-06,2022-08-31,43,16.84,purchase_order
RCV0001074,PO0000804,3648094,SUP-07,2022-09-01,40,17.23,purchase_order
RCV0001075,PO0000764,9036326,SUP-05,2022-09-01,343,3.12,purchase_order
RCV0001076,PO0000765,2704704,SUP-09,2022-09-02,77,51.33,purchase_order
RCV0001077,PO0000807,2738486,SUP-07,2022-09-02,28,10.02,purchase_order
RCV0001078,PO0000858,7062170,SUP-02,2022-09-02,32,15.64,purchase_order
RCV0001079,PO0000828,8800984,SUP-05,2022-09-02,77,8.06,purchase_order
RCV0001080,PO0000742,9739117,SUP-11,2022-09-02,58,19.52,purchase_order
RCV0001081,PO0000871,4994348,SUP-02,2022-09-03,122,21.63,purchase_order
RCV0001082,PO0000747,7310073,SUP-11,2022-09-03,32,38.79,purchase_order
RCV0001083,PO0000748,7814384,SUP-11,2022-09-03,101,29.64,purchase_order
RCV0001084,PO0000817,1522015,SUP-06,2022-09-04,59,57.86,purchase_order
RCV0001085,PO0000818,1854723,SUP-07,2022-09-04,33,22.9,purchase_order
RCV0001086,PO0000877,2993399,SUP-02,2022-09-04,33,44.42,purchase_order
RCV0001087,PO0000854,3428363,SUP-04,2022-09-04,183,26.68,purchase_order
RCV0001088,PO0000855,5131367,SUP-04,2022-09-04,40,10.28,purchase_order
RCV0001089,PO0000857,6155600,SUP-03,2022-09-04,37,17.98,purchase_order
RCV0001090,PO0000823,7448961,SUP-07,2022-09-04,86,5.07,purchase_order
RCV0001091,PO0000867,7496477,SUP-12,2022-09-04,24,46.12,purchase_order
RCV0001092,PO0000788,7567958,SUP-08,2022-09-04,94,43.1,purchase_order
RCV0001093,PO0000870,9721204,SUP-12,2022-09-04,28,22.88,purchase_order
RCV0001094,PO0000802,9755526,SUP-08,2022-09-04,2755,34.16,purchase_order
RCV0001095,PO0000824,2287051,SUP-07,2022-09-05,34,9.57,purchase_order
RCV0001096,PO0000872,5092850,SUP-12,2022-09-05,46,7.71,purchase_order
RCV0001097,PO0000787,6520765,SUP-09,2022-09-05,30,30.14,purchase_order
RCV0001098,PO0000864,6854023,SUP-03,2022-09-05,110,60.08,purchase_order
RCV0001099,PO0000815,9748139,SUP-07,2022-09-05,1472,7.54,purchase_order
RCV0001100,PO0000809,6245368,SUP-08,2022-09-06,104,11.02,purchase_order
RCV0001101,PO0000757,8795573,SUP-11,2022-09-06,162,12.61,purchase_order
RCV0001102,PO0000830,1430298,SUP-06,2022-09-07,45,60.52,purchase_order
RCV0001103,PO0000891,3383881,SUP-02,2022-09-07,38,60.74,purchase_order
RCV0001104,PO0000834,4365384,SUP-07,2022-09-07,39,90.36,purchase_order
RCV0001105,PO0000835,5114384,SUP-06,2022-09-07,205,10.26,purchase_order
RCV0001106,PO0000873,5212958,SUP-03,2022-09-07,36,41.35,purchase_order
RCV0001107,PO0000880,5520674,SUP-12,2022-09-07,41,13.33,purchase_order
RCV0001108,PO0000759,6768228,SUP-11,2022-09-07,268,8.56,purchase_order
RCV0001109,PO0000841,9746038,SUP-07,2022-09-07,38,16.36,purchase_order
RCV0001110,PO0000876,1517547,SUP-03,2022-09-08,44,11.2,purchase_order
RCV0001111,PO0000905,2380478,SUP-01,2022-09-08,63,24.48,purchase_order
RCV0001112,PO0000843,6026055,SUP-06,2022-09-08,32,23.22,purchase_order
RCV0001113,PO0000844,6079235,SUP-06,2022-09-08,187,3.7,purchase_order
RCV0001114,PO0000890,9388289,SUP-12,2022-09-08,83,33.56,purchase_order
RCV0001115,PO0000745,2377662,SUP-11,2022-09-09,59,45.49,purchase_order
RCV0001116,PO0000853,3004815,SUP-12,2022-09-09,64,30.13,purchase_order
RCV0001117,PO0000861,3243048,SUP-05,2022-09-09,580,19.38,purchase_order
RCV0001118,PO0000879,3533080,SUP-03,2022-09-09,28,47.18,purchase_order
RCV0001119,PO0000770,9075437,SUP-11,2022-09-09,69,11.87,purchase_order
RCV0001120,PO0000774,4958034,SUP-11,2022-09-10,30,16.95,purchase_order
RCV0001121,PO0000831,5068008,SUP-08,2022-09-10,89,8.17,purchase_order
RCV0001122,PO0000851,6529231,SUP-07,2022-09-10,42,12.35,purchase_order
RCV0001123,PO0000778,8758486,SUP-11,2022-09-10,49,35.1,purchase_order
RCV0001124,PO0000856,5466720,SUP-06,2022-09-11,54,47.83,purchase_order
RCV0001125,PO0000859,7390450,SUP-07,2022-09-11,89,17.45,purchase_order
RCV0001126,PO0000896,3124731,SUP-04,2022-09-12,48,13.12,purchase_order
RCV0001127,PO0000897,4646091,SUP-04,2022-09-12,44,29.74,purchase_order
RCV0001128,PO0000862,5599767,SUP-07,2022-09-12,59,6.0,purchase_order
RCV0001129,PO0000904,1196740,SUP-12,2022-09-13,37,30.34,purchase_order
RCV0001130,PO0000848,4648994,SUP-05,2022-09-13,54,10.06,purchase_order
RCV0001131,PO0000902,2295523,SUP-03,2022-09-14,1614,19.31,purchase_order
RCV0001132,PO0000885,2931280,SUP-05,2022-09-14,54,13.39,purchase_order
RCV0001133,PO0000797,4720552,SUP-11,2022-09-14,77,7.68,purchase_order
RCV0001134,PO0000836,5847380,SUP-09,2022-09-14,55,19.69,purchase_order
RCV0001135,PO0000837,5852256,SUP-09,2022-09-14,43,18.85,purchase_order
RCV0001136,PO0000874,7275086,SUP-07,2022-09-14,93,27.15,purchase_order
RCV0001137,PO0000875,7949185,SUP-06,2022-09-14,33,11.87,purchase_order
RCV0001138,PO0000805,4200826,SUP-11,2022-09-15,28,10.47,purchase_order
RCV0001139,PO0000878,6953807,SUP-06,2022-09-15,61,5.76,purchase_order
RCV0001140,PO0000846,9315482,SUP-09,2022-09-15,46,28.14,purchase_order
RCV0001141,PO0000922,4123413,SUP-02,2022-09-16,40,22.14,purchase_order
RCV0001142,PO0000881,6000495,SUP-06,2022-09-16,29,23.22,purchase_order
RCV0001143,PO0000911,6497266,SUP-03,2022-09-16,144,4.22,purchase_order
RCV0001144,PO0000925,9118281,SUP-02,2022-09-16,43,8.07,purchase_order
RCV0001145,PO0000884,2645378,SUP-07,2022-09-17,28,3.36,purchase_order
RCV0001146,PO0000938,3318117,SUP-01,2022-09-17,33,22.15,purchase_order
RCV0001147,PO0000886,8511889,SUP-06,2022-09-17,44,30.24,purchase_order
RCV0001148,PO0000887,8721483,SUP-07,2022-09-17,53,14.3,purchase_order
RCV0001149,PO0000888,8832573,SUP-07,2022-09-17,32,39.11,purchase_order
RCV0001150,PO0000852,1204442,SUP-09,2022-09-18,29,50.7,purchase_order
RCV0001151,PO0000892,5509792,SUP-07,2022-09-18,27,35.27,purchase_order
RCV0001152,PO0000779,9841830,SUP-10,2022-09-18,308,5.25,purchase_order
RCV0001153,PO0000849,4123600,SUP-10,2022-09-19,105,68.63,purchase_order
RCV0001154,PO0000917,4411802,SUP-03,2022-09-19,38,23.55,purchase_order
RCV0001155,PO0000918,6460385,SUP-03,2022-09-19,30,53.56,purchase_order
RCV0001156,PO0000866,4076320,SUP-09,2022-09-20,28,5.12,purchase_order
RCV0001157,PO0000882,7429245,SUP-08,2022-09-20,50,7.17,purchase_order
RCV0001158,PO0000941,7946407,SUP-02,2022-09-20,26,29.06,purchase_order
RCV0001159,PO0000860,9040237,SUP-10,2022-09-20,77,54.43,purchase_order
RCV0001160,PO0000863,5781989,SUP-10,2022-09-21,36,36.27,purchase_order
RCV0001161,PO0000908,7433330,SUP-07,2022-09-22,32,6.52,purchase_order
RCV0001162,PO0000894,8261390,SUP-08,2022-09-22,26,73.69,purchase_order
RCV0001163,PO0000895,8536600,SUP-08,2022-09-22,32,8.9,purchase_order
RCV0001164,PO0000910,5425967,SUP-06,2022-09-23,24,43.59,purchase_order
RCV0001165,PO0000933,5822751,SUP-03,2022-09-23,69,30.12,purchase_order
RCV0001166,PO0000950,8016491,SUP-12,2022-09-23,28,72.26,purchase_order
RCV0001167,PO0000965,9938113,SUP-02,2022-09-23,29,26.87,purchase_order
RCV0001168,PO0000912,1072276,SUP-07,2022-09-24,27,20.41,purchase_order
RCV0001169,PO0000940,5315329,SUP-04,2022-09-24,40,18.09,purchase_order
RCV0001170,PO0000953,7620070,SUP-12,2022-09-24,35,30.12,purchase_order
RCV0001171,PO0000942,8926382,SUP-03,2022-09-24,42,14.47,purchase_order
RCV0001172,PO0000984,3583619,SUP-01,2022-09-25,47,9.37,purchase_order
RCV0001173,PO0000893,5599030,SUP-09,2022-09-25,29,8.88,purchase_order
RCV0001174,PO0000946,6024870,SUP-03,2022-09-25,70,16.32,purchase_order
RCV0001175,PO0000850,6380274,SUP-10,2022-09-25,93,88.39,purchase_order
RCV0001176,PO0000916,6944057,SUP-06,2022-09-25,31,20.68,purchase_order
RCV0001177,PO0000907,4705110,SUP-08,2022-09-26,152,10.02,purchase_order
RCV0001178,PO0000974,7180258,SUP-01,2022-09-26,43,32.13,purchase_order
RCV0001179,PO0000889,9198161,SUP-10,2022-09-26,48,63.09,purchase_order
RCV0001180,PO0000920,1162680,SUP-06,2022-09-27,4209,93.06,purchase_order
RCV0001181,PO0001001,2154101,SUP-01,2022-09-27,108,6.16,purchase_order
RCV0001182,PO0000921,3006131,SUP-06,2022-09-27,35,60.18,purchase_order
RCV0001183,PO0000972,4489659,SUP-12,2022-09-27,188,27.2,purchase_order
RCV0001184,PO0000961,5186154,SUP-03,2022-09-27,56,43.93,purchase_order
RCV0001185,PO0001004,5678537,SUP-01,2022-09-27,127,62.67,purchase_order
RCV0001186,PO0001005,5908484,SUP-01,2022-09-27,183,101.31,purchase_order
RCV0001187,PO0000899,6637675,SUP-09,2022-09-27,54,16.2,purchase_order
RCV0001188,PO0000901,7941277,SUP-09,2022-09-27,45,18.38,purchase_order
RCV0001189,PO0000869,9111330,SUP-11,2022-09-27,41,76.51,purchase_order
RCV0001190,PO0000926,9554682,SUP-07,2022-09-27,29,45.41,purchase_order
RCV0001191,PO0000978,5862621,SUP-12,2022-09-28,167,17.61,purchase_order
RCV0001192,PO0000903,7279985,SUP-09,2022-09-28,29,53.67,purchase_order
RCV0001193,PO0000929,1099410,SUP-07,2022-09-29,287,6.39,purchase_order
RCV0001194,PO0000971,3240903,SUP-03,2022-09-29,56,28.05,purchase_order
RCV0001195,PO0000930,4098324,SUP-07,2022-09-29,253,8.73,purchase_order
RCV0001196,PO0000981,7496477,SUP-12,2022-09-29,32,45.68,purchase_order
RCV0001197,PO0000931,1428173,SUP-07,2022-09-30,184,49.13,purchase_order
RCV0001198,PO0000932,3554832,SUP-07,2022-09-30,114,26.4,purchase_order
RCV0001199,PO0000985,5027667,SUP-12,2022-09-30,57,49.71,purchase_order
RCV0001200,PO0000988,7373415,SUP-12,2022-09-30,32,13.1,purchase_order
RCV0001201,PO0000935,8089253,SUP-07,2022-09-30,53,44.54,purchase_order
RCV0001202,PO0000883,1029072,SUP-11,2022-10-01,53,23.2,purchase_order
RCV0001203,PO0000957,1080071,SUP-05,2022-10-01,32,17.68,purchase_order
RCV0001204,PO0000958,1083413,SUP-05,2022-10-01,69,35.44,purchase_order
RCV0001205,PO0000959,2102225,SUP-12,2022-10-01,8005,15.82,purchase_order
RCV0001206,PO0000936,3166872,SUP-06,2022-10-01,40,16.75,purchase_order
RCV0001207,PO0000937,3289377,SUP-07,2022-10-01,64,31.69,purchase_order
RCV0001208,PO0001011,5409305,SUP-02,2022-10-01,26,48.68,purchase_order
RCV0001209,PO0000962,7427053,SUP-05,2022-10-01,59,28.38,purchase_order
RCV0001210,PO0001031,7801595,SUP-01,2022-10-01,40,43.35,purchase_order
RCV0001211,PO0001014,8110966,SUP-02,2022-10-01,27,8.37,purchase_order
RCV0001212,PO0000914,1601049,SUP-09,2022-10-02,21,12.1,purchase_order
RCV0001213,PO0000943,2287051,SUP-07,2022-10-02,47,9.56,purchase_order
RCV0001214,PO0001002,3301602,SUP-12,2022-10-02,56,16.37,purchase_order
RCV0001215,PO0001036,3503816,SUP-01,2022-10-02,40,9.49,purchase_order
RCV0001216,PO0000944,3817121,SUP-07,2022-10-02,38,33.67,purchase_order
RCV0001217,PO0000909,4708009,SUP-10,2022-10-02,29,48.21,purchase_order
RCV0001218,PO0001003,5520674,SUP-12,2022-10-02,58,13.52,purchase_order
RCV0001219,PO0000970,6280890,SUP-05,2022-10-02,53,11.99,purchase_order
RCV0001220,PO0000951,9248008,SUP-07,2022-10-02,53,34.07,purchase_order
RCV0001221,PO0000991,9829417,SUP-03,2022-10-02,566,66.82,purchase_order
RCV0001222,PO0001012,6474782,SUP-12,2022-10-03,68,36.82,purchase_order
RCV0001223,PO0001026,7182700,SUP-02,2022-10-03,1133,44.79,purchase_order
RCV0001224,PO0000900,7871485,SUP-10,2022-10-03,32,8.51,purchase_order
RCV0001225,PO0000898,8758486,SUP-11,2022-10-03,65,35.89,purchase_order
RCV0001226,PO0000954,9110019,SUP-06,2022-10-03,52,16.91,purchase_order
RCV0001227,PO0000915,3698437,SUP-10,2022-10-04,261,28.43,purchase_order
RCV0001228,PO0000960,4356662,SUP-06,2022-10-04,38,106.56,purchase_order
RCV0001229,PO0000963,7630387,SUP-07,2022-10-04,27,13.53,purchase_order
RCV0001230,PO0001032,8903471,SUP-02,2022-10-04,138,9.92,purchase_order
RCV0001231,PO0001033,8966163,SUP-02,2022-10-04,2834,30.64,purchase_order
RCV0001232,PO0001022,3211935,SUP-12,2022-10-05,42,23.67,purchase_order
RCV0001233,PO0000969,3330012,SUP-06,2022-10-05,48,9.17,purchase_order
RCV0001234,PO0000919,7303637,SUP-10,2022-10-05,56,36.93,purchase_order
RCV0001235,PO0001027,7474821,SUP-12,2022-10-05,36,21.14,purchase_order
RCV0001236,PO0000928,9319849,SUP-09,2022-10-05,412,79.02,purchase_order
RCV0001237,PO0001069,2527689,SUP-01,2022-10-06,44,15.91,purchase_order
RCV0001238,PO0000906,4200826,SUP-11,2022-10-06,36,10.48,purchase_order
RCV0001239,PO0000927,6517467,SUP-05,2022-10-06,90,42.09,purchase_order
RCV0001240,PO0001006,8838340,SUP-03,2022-10-06,31,15.36,purchase_order
RCV0001241,PO0001023,3781033,SUP-03,2022-10-07,59,19.34,purchase_order
RCV0001242,PO0001025,5131367,SUP-04,2022-10-07,45,10.4,purchase_order
RCV0001243,PO0000998,1189654,SUP-05,2022-10-08,35,13.24,purchase_order
RCV0001244,PO0000979,1367097,SUP-06,2022-10-08,22,23.44,purchase_order
RCV0001245,PO0000980,3206674,SUP-12,2022-10-08,57,11.91,purchase_order
RCV0001246,PO0001049,6810241,SUP-12,2022-10-08,82,7.4,purchase_order
RCV0001247,PO0001007,9036326,SUP-05,2022-10-08,368,3.14,purchase_order
RCV0001248,PO0000952,9355705,SUP-06,2022-10-08,27,39.36,purchase_order
RCV0001249,PO0000913,9800243,SUP-11,2022-10-08,268,35.74,purchase_order
RCV0001250,PO0000966,1640473,SUP-08,2022-10-09,26,12.14,purchase_order
RCV0001251,PO0001035,1850756,SUP-03,2022-10-09,33,20.5,purchase_order
RCV0001252,PO0001083,2731345,SUP-01,2022-10-09,110,26.17,purchase_order
RCV0001253,PO0000983,3157737,SUP-06,2022-10-09,57,39.97,purchase_order
RCV0001254,PO0001009,3676700,SUP-05,2022-10-09,91,26.99,purchase_order
RCV0001255,PO0000945,4143393,SUP-09,2022-10-09,74,99.9,purchase_order
RCV0001256,PO0000986,6362414,SUP-07,2022-10-09,157,9.85,purchase_order
RCV0001257,PO0000987,7255659,SUP-07,2022-10-09,52,40.24,purchase_order
RCV0001258,PO0000989,7448961,SUP-07,2022-10-09,100,5.1,purchase_order
RCV0001259,PO0000990,8754194,SUP-06,2022-10-09,179,22.89,purchase_order
RCV0001260,PO0001073,9351656,SUP-02,2022-10-09,41,9.91,purchase_order
RCV0001261,PO0000992,2738486,SUP-07,2022-10-10,35,9.85,purchase_order
RCV0001262,PO0001061,3004815,SUP-12,2022-10-10,73,30.29,purchase_order
RCV0001263,PO0001062,4194454,SUP-12,2022-10-10,347,26.14,purchase_order
RCV0001264,PO0001016,4236332,SUP-05,2022-10-10,101,15.8,purchase_order
RCV0001265,PO0001088,5553390,SUP-01,2022-10-10,28,26.99,purchase_order
RCV0001266,PO0001050,6854023,SUP-03,2022-10-10,122,60.16,purchase_order
RCV0001267,PO0000997,9118832,SUP-06,2022-10-10,184,76.7,purchase_order
RCV0001268,PO0001020,1910407,SUP-05,2022-10-11,40,31.41,purchase_order
RCV0001269,PO0001021,2337045,SUP-05,2022-10-11,63,9.13,purchase_order
RCV0001270,PO0001055,3428363,SUP-04,2022-10-11,201,27.02,purchase_order
RCV0001271,PO0001070,5092850,SUP-12,2022-10-11,58,7.85,purchase_order
RCV0001272,PO0001047,5250988,SUP-03,2022-10-11,32,11.2,purchase_order
RCV0001273,PO0000949,7622260,SUP-08,2022-10-11,36,37.78,purchase_order
RCV0001274,PO0000923,7826018,SUP-11,2022-10-11,39,5.52,purchase_order
RCV0001275,PO0000924,8004216,SUP-11,2022-10-11,37,15.88,purchase_order
RCV0001276,PO0001008,9172205,SUP-06,2022-10-11,28,7.87,purchase_order
RCV0001277,PO0000968,2704704,SUP-09,2022-10-12,86,51.61,purchase_order
RCV0001278,PO0001010,3689249,SUP-07,2022-10-12,78,16.92,purchase_order
RCV0001279,PO0001063,5212958,SUP-03,2022-10-12,42,41.0,purchase_order
RCV0001280,PO0001029,5234930,SUP-05,2022-10-12,97,89.36,purchase_order
RCV0001281,PO0001034,1092786,SUP-05,2022-10-13,40,4.3,purchase_order
RCV0001282,PO0001015,3648094,SUP-07,2022-10-13,44,16.87,purchase_order
RCV0001283,PO0001044,1778504,SUP-05,2022-10-14,39,30.18,purchase_order
RCV0001284,PO0001100,3318117,SUP-01,2022-10-14,44,22.1,purchase_order
RCV0001285,PO0001093,4994348,SUP-02,2022-10-14,130,22.5,purchase_order
RCV0001286,PO0000993,5068008,SUP-08,2022-10-14,100,8.08,purchase_order
RCV0001287,PO0000977,5852256,SUP-09,2022-10-14,60,18.71,purchase_order
RCV0001288,PO0000994,6938043,SUP-08,2022-10-14,22,19.8,purchase_order
RCV0001289,PO0000934,7047405,SUP-11,2022-10-14,50,12.07,purchase_order
RCV0001290,PO0000975,7729308,SUP-06,2022-10-14,261,17.75,purchase_order
RCV0001291,PO0001051,8800984,SUP-05,2022-10-14,81,7.91,purchase_order
RCV0001292,PO0001103,9065490,SUP-01,2022-10-14,108,46.23,purchase_order
RCV0001293,PO0000956,1038403,SUP-08,2022-10-15,36,25.3,purchase_order
RCV0001294,PO0001046,4870730,SUP-05,2022-10-15,42,11.59,purchase_order
RCV0001295,PO0000973,6543834,SUP-10,2022-10-15,35,5.58,purchase_order
RCV0001296,PO0001084,3533080,SUP-03,2022-10-16,35,46.94,purchase_order
RCV0001297,PO0001038,5599767,SUP-07,2022-10-16,77,6.15,purchase_order
RCV0001298,PO0001039,6079235,SUP-06,2022-10-16,211,3.76,purchase_order
RCV0001299,PO0000947,6693651,SUP-11,2022-10-16,89,13.69,purchase_order
RCV0001300,PO0001041,6695684,SUP-07,2022-10-16,36,23.91,purchase_order
RCV0001301,PO0001013,7567958,SUP-08,2022-10-16,97,43.07,purchase_order
RCV0001302,PO0001042,8721483,SUP-07,2022-10-16,68,14.41,purchase_order
RCV0001303,PO0001068,8746636,SUP-05,2022-10-16,85,29.01,purchase_order
RCV0001304,PO0001098,9388289,SUP-12,2022-10-16,85,33.92,purchase_order
RCV0001305,PO0001045,2645378,SUP-07,2022-10-17,35,3.38,purchase_order
RCV0001306,PO0001087,3124731,SUP-04,2022-10-17,43,13.23,purchase_order
RCV0001307,PO0001101,3383881,SUP-02,2022-10-17,42,60.76,purchase_order
RCV0001308,PO0001017,6245368,SUP-08,2022-10-17,114,11.09,purchase_order
RCV0001309,PO0000948,6960004,SUP-11,2022-10-17,73,16.72,purchase_order
RCV0001310,PO0001074,9721204,SUP-12,2022-10-17,32,22.32,purchase_order
RCV0001311,PO0000955,9739117,SUP-11,2022-10-17,65,19.72,purchase_order
RCV0001312,PO0001048,6000495,SUP-06,2022-10-18,32,22.95,purchase_order
RCV0001313,PO0001058,7390450,SUP-07,2022-10-18,102,17.65,purchase_order
RCV0001314,PO0001060,1522015,SUP-06,2022-10-19,61,57.69,purchase_order
RCV0001315,PO0001000,1959257,SUP-08,2022-10-19,36,7.1,purchase_order
RCV0001316,PO0000967,2317989,SUP-11,2022-10-19,37,24.13,purchase_order
RCV0001317,PO0001079,3243048,SUP-05,2022-10-19,615,19.73,purchase_order
RCV0001318,PO0001064,5466720,SUP-06,2022-10-19,66,47.29,purchase_order
RCV0001319,PO0001065,5530296,SUP-07,2022-10-19,81,12.56,purchase_order
RCV0001320,PO0001066,7171122,SUP-07,2022-10-19,39,28.06,purchase_order
RCV0001321,PO0001067,7201529,SUP-06,2022-10-19,97,35.27,purchase_order
RCV0001322,PO0001030,7429245,SUP-08,2022-10-19,73,7.19,purchase_order
RCV0001323,PO0000996,8488816,SUP-10,2022-10-19,45,28.11,purchase_order
RCV0001324,PO0000964,8795573,SUP-11,2022-10-19,164,12.45,purchase_order
RCV0001325,PO0001104,1196740,SUP-12,2022-10-20,44,31.05,purchase_order
RCV0001326,PO0000976,2292183,SUP-08,2022-10-20,44,5.59,purchase_order
RCV0001327,PO0001072,8832573,SUP-07,2022-10-20,41,39.02,purchase_order
RCV0001328,PO0000939,4958034,SUP-11,2022-10-21,37,17.22,purchase_order
RCV0001329,PO0001056,5114384,SUP-06,2022-10-21,224,10.36,purchase_order
RCV0001330,PO0001078,1079923,SUP-07,2022-10-22,70,46.96,purchase_order
RCV0001331,PO0001054,2565553,SUP-08,2022-10-22,44,7.3,purchase_order
RCV0001332,PO0001080,4365384,SUP-07,2022-10-22,43,89.93,purchase_order
RCV0001333,PO0001092,4648994,SUP-05,2022-10-22,60,10.2,purchase_order
RCV0001334,PO0001106,6155600,SUP-03,2022-10-22,37,17.97,purchase_order
RCV0001335,PO0001107,6460385,SUP-03,2022-10-22,38,52.74,purchase_order
RCV0001336,PO0001018,7106580,SUP-10,2022-10-22,35,15.21,purchase_order
RCV0001337,PO0001059,8261390,SUP-08,2022-10-22,30,75.25,purchase_order
RCV0001338,PO0000982,9075437,SUP-11,2022-10-22,74,12.0,purchase_order
RCV0001339,PO0001122,9118281,SUP-02,2022-10-22,53,8.21,purchase_order
RCV0001340,PO0001141,2299273,SUP-01,2022-10-23,32,9.81,purchase_order
RCV0001341,PO0001110,4646091,SUP-04,2022-10-23,51,29.43,purchase_order
RCV0001342,PO0001085,4663963,SUP-07,2022-10-23,68,14.31,purchase_order
RCV0001343,PO0001040,6520765,SUP-09,2022-10-23,32,30.34,purchase_order
RCV0001344,PO0001126,9938113,SUP-02,2022-10-23,40,27.59,purchase_order
RCV0001345,PO0001086,1072276,SUP-07,2022-10-24,34,20.35,purchase_order
RCV0001346,PO0001043,1601049,SUP-09,2022-10-24,32,11.92,purchase_order
RCV0001347,PO0001144,4059984,SUP-01,2022-10-24,28,16.7,purchase_order
RCV0001348,PO0000995,8218381,SUP-11,2022-10-24,20,13.69,purchase_order
RCV0001349,PO0001052,1204442,SUP-09,2022-10-25,35,51.18,purchase_order
RCV0001350,PO0000999,1383693,SUP-11,2022-10-25,75,17.73,purchase_order
RCV0001351,PO0001094,5425967,SUP-06,2022-10-25,34,44.1,purchase_order
RCV0001352,PO0001057,6026055,SUP-06,2022-10-25,36,22.99,purchase_order
RCV0001353,PO0001119,6497266,SUP-03,2022-10-25,163,4.21,purchase_order
RCV0001354,PO0001019,7954298,SUP-09,2022-10-25,32,33.08,purchase_order
RCV0001355,PO0001053,2404737,SUP-06,2022-10-26,26,30.87,purchase_order
RCV0001356,PO0001037,3852546,SUP-06,2022-10-26,115,32.81,purchase_order
RCV0001357,PO0001121,5822751,SUP-03,2022-10-26,89,29.82,purchase_order
RCV0001358,PO0001124,4895822,SUP-03,2022-10-27,28,23.28,purchase_order
RCV0001359,PO0001125,5409305,SUP-02,2022-10-27,37,49.41,purchase_order
RCV0001360,PO0001161,2380478,SUP-01,2022-10-28,61,24.63,purchase_order
RCV0001361,PO0001024,4720552,SUP-11,2022-10-28,82,7.62,purchase_order
RCV0001362,PO0001028,2804964,SUP-11,2022-10-29,40,16.03,purchase_order
RCV0001363,PO0001071,6380274,SUP-10,2022-10-29,118,92.32,purchase_order
RCV0001364,PO0001134,7212311,SUP-03,2022-10-29,50,14.03,purchase_order
RCV0001365,PO0001082,9315482,SUP-09,2022-10-29,48,28.17,purchase_order
RCV0001366,PO0001120,2931280,SUP-05,2022-10-30,56,13.57,purchase_order
RCV0001367,PO0001105,3487534,SUP-03,2022-10-30,42,10.36,purchase_order
RCV0001368,PO0001151,7620070,SUP-12,2022-10-30,44,30.15,purchase_order
RCV0001369,PO0001102,5509792,SUP-07,2022-10-31,32,35.98,purchase_order
RCV0001370,PO0001183,5678537,SUP-01,2022-10-31,163,64.01,purchase_order
RCV0001371,PO0001089,5847380,SUP-09,2022-10-31,55,19.95,purchase_order
RCV0001372,PO0001116,7275086,SUP-07,2022-10-31,93,27.0,purchase_order
RCV0001373,PO0001090,7279985,SUP-09,2022-10-31,35,54.16,purchase_order
RCV0001374,PO0001155,8016491,SUP-12,2022-10-31,35,72.71,purchase_order
RCV0001375,PO0001118,9554682,SUP-07,2022-10-31,33,45.95,purchase_order
RCV0001376,PO0001091,4076320,SUP-09,2022-11-01,31,5.17,purchase_order
RCV0001377,PO0001149,4411802,SUP-03,2022-11-01,42,23.78,purchase_order
RCV0001378,PO0001158,5495706,SUP-12,2022-11-01,28,63.16,purchase_order
RCV0001379,PO0001128,6801451,SUP-05,2022-11-01,287,15.09,purchase_order
RCV0001380,PO0001169,7946407,SUP-02,2022-11-01,29,30.02,purchase_order
RCV0001381,PO0001130,1080071,SUP-05,2022-11-02,45,18.06,purchase_order
RCV0001382,PO0001163,7373415,SUP-12,2022-11-02,43,13.22,purchase_order
RCV0001383,PO0001180,2993399,SUP-02,2022-11-03,29,45.72,purchase_order
RCV0001384,PO0001096,7871485,SUP-10,2022-11-03,44,8.76,purchase_order
RCV0001385,PO0001097,9040237,SUP-10,2022-11-03,83,55.91,purchase_order
RCV0001386,PO0001076,4123600,SUP-10,2022-11-04,89,70.09,purchase_order
RCV0001387,PO0001077,1029072,SUP-11,2022-11-05,65,23.04,purchase_order
RCV0001388,PO0001182,4489659,SUP-12,2022-11-05,230,27.21,purchase_order
RCV0001389,PO0001132,6529231,SUP-07,2022-11-05,37,12.51,purchase_order
RCV0001390,PO0001108,7941277,SUP-09,2022-11-05,51,18.21,purchase_order
RCV0001391,PO0001135,8089253,SUP-07,2022-11-05,69,43.93,purchase_order
RCV0001392,PO0001081,9111330,SUP-11,2022-11-05,46,77.4,purchase_order
RCV0001393,PO0001136,9746038,SUP-07,2022-11-05,36,16.3,purchase_order
RCV0001394,PO0001137,1099410,SUP-07,2022-11-06,349,6.49,purchase_order
RCV0001395,PO0001138,1111123,SUP-06,2022-11-06,22,19.13,purchase_order
RCV0001396,PO0001139,1367097,SUP-06,2022-11-06,37,23.86,purchase_order
RCV0001397,PO0001140,1854723,SUP-07,2022-11-06,26,23.07,purchase_order
RCV0001398,PO0001173,3240903,SUP-03,2022-11-06,66,27.6,purchase_order
RCV0001399,PO0001175,5315329,SUP-04,2022-11-06,44,17.91,purchase_order
RCV0001400,PO0001111,5599030,SUP-09,2022-11-06,34,8.79,purchase_order
RCV0001401,PO0001112,6637675,SUP-09,2022-11-06,58,16.0,purchase_order
RCV0001402,PO0001142,7949185,SUP-06,2022-11-06,32,11.73,purchase_order
RCV0001403,PO0001165,1517547,SUP-03,2022-11-07,37,11.21,purchase_order
RCV0001404,PO0001192,6810241,SUP-12,2022-11-07,123,7.35,purchase_order
RCV0001405,PO0001075,9841830,SUP-10,2022-11-07,282,5.57,purchase_order
RCV0001406,PO0001147,1430298,SUP-06,2022-11-08,40,60.97,purchase_order
RCV0001407,PO0001148,3166872,SUP-06,2022-11-08,48,16.37,purchase_order
RCV0001408,PO0001150,6944057,SUP-06,2022-11-08,37,20.45,purchase_order
RCV0001409,PO0001095,7310073,SUP-11,2022-11-08,29,38.28,purchase_order
RCV0001410,PO0001152,9110019,SUP-06,2022-11-08,61,16.92,purchase_order
RCV0001411,PO0001114,9198161,SUP-10,2022-11-08,49,65.32,purchase_order
RCV0001412,PO0001129,1038403,SUP-08,2022-11-09,59,26.42,purchase_order
RCV0001413,PO0001168,3676700,SUP-05,2022-11-09,116,26.77,purchase_order
RCV0001414,PO0001206,4123413,SUP-02,2022-11-09,38,22.23,purchase_order
RCV0001415,PO0001154,6953807,SUP-06,2022-11-09,56,5.76,purchase_order
RCV0001416,PO0001099,7814384,SUP-11,2022-11-09,81,29.49,purchase_order
RCV0001417,PO0001157,4356662,SUP-06,2022-11-10,44,106.1,purchase_order
RCV0001418,PO0001177,6517467,SUP-05,2022-11-10,102,42.18,purchase_order
RCV0001419,PO0001203,7474821,SUP-12,2022-11-10,32,21.25,purchase_order
RCV0001420,PO0001230,5908484,SUP-01,2022-11-11,192,101.51,purchase_order
RCV0001421,PO0001146,7622260,SUP-08,2022-11-11,47,39.05,purchase_order
RCV0001422,PO0001164,7630387,SUP-07,2022-11-11,34,13.26,purchase_order
RCV0001423,PO0001186,1189654,SUP-05,2022-11-12,44,13.29,purchase_order
RCV0001424,PO0001233,2154101,SUP-01,2022-11-12,108,6.1,purchase_order
RCV0001425,PO0001166,3006131,SUP-06,2022-11-12,38,60.57,purchase_order
RCV0001426,PO0001167,3554832,SUP-07,,125,26.57,purchase_order
RCV0001427,PO0001131,4143393,SUP-09,2022-11-12,89,101.2,purchase_order
RCV0001428,PO0001236,7180258,SUP-01,2022-11-12,44,32.83,purchase_order
RCV0001429,PO0001170,8511889,SUP-06,2022-11-12,37,30.61,purchase_order
RCV0001430,PO0001109,2377662,SUP-11,2022-11-13,50,46.42,purchase_order
RCV0001431,PO0001172,2738486,SUP-07,2022-11-13,40,9.97,purchase_order
RCV0001432,PO0001174,4098324,SUP-07,2022-11-13,261,8.82,purchase_order
RCV0001433,PO0001153,4705110,SUP-08,2022-11-13,147,10.23,purchase_order
RCV0001434,PO0001127,4708009,SUP-10,2022-11-13,32,48.54,purchase_order
RCV0001435,PO0001215,5862621,SUP-12,2022-11-13,176,18.01,purchase_order
RCV0001436,PO0001207,6854023,SUP-03,2022-11-13,155,59.48,purchase_order
RCV0001437,PO0001220,7346335,SUP-12,2022-11-13,37,29.23,purchase_order
RCV0001438,PO0001113,8758486,SUP-11,2022-11-13,77,35.38,purchase_order
RCV0001439,PO0001211,8838340,SUP-03,2022-11-13,41,15.68,purchase_order
RCV0001440,PO0001143,9319849,SUP-09,2022-11-13,470,80.05,purchase_order
RCV0001441,PO0001212,9829417,SUP-03,2022-11-13,623,66.23,purchase_order
RCV0001442,PO0001181,3289377,SUP-07,2022-11-14,68,31.62,purchase_order
RCV0001443,PO0001115,6351542,SUP-11,2022-11-14,32,14.36,purchase_order
RCV0001444,PO0001184,6362414,SUP-07,2022-11-14,174,9.84,purchase_order
RCV0001445,PO0001231,7182700,SUP-02,2022-11-14,1214,45.56,purchase_order
RCV0001446,PO0001187,1428173,SUP-07,2022-11-15,192,50.4,purchase_order
RCV0001447,PO0001188,2287051,SUP-07,2022-11-15,51,9.71,purchase_order
RCV0001448,PO0001160,2292183,SUP-08,2022-11-15,68,5.68,purchase_order
RCV0001449,PO0001242,2299273,SUP-01,2022-11-15,46,10.04,purchase_order
RCV0001450,PO0001219,5186154,SUP-03,2022-11-15,56,43.38,purchase_order
RCV0001451,PO0001189,8754194,SUP-06,2022-11-15,216,22.87,purchase_order
RCV0001452,PO0001190,9172205,SUP-06,2022-11-15,34,7.78,purchase_order
RCV0001453,PO0001191,9355705,SUP-06,2022-11-15,29,38.79,purchase_order
RCV0001454,PO0001200,2337045,SUP-05,2022-11-16,83,9.16,purchase_order
RCV0001455,PO0001162,5068008,SUP-08,2022-11-16,127,8.39,purchase_order
RCV0001456,PO0001229,5520674,SUP-12,2022-11-16,65,13.43,purchase_order
RCV0001457,PO0001240,8966163,SUP-02,2022-11-16,2939,31.56,purchase_order
RCV0001458,PO0001123,9800243,SUP-11,2022-11-16,302,36.31,purchase_order
RCV0001459,PO0001156,1385609,SUP-09,2022-11-17,20,53.92,purchase_order
RCV0001460,PO0001225,1850756,SUP-03,2022-11-17,37,20.37,purchase_order
RCV0001461,PO0001235,5092850,SUP-12,2022-11-17,69,7.85,purchase_order
RCV0001462,PO0001196,7433330,SUP-07,2022-11-17,30,6.66,purchase_order
RCV0001463,PO0001213,1083413,SUP-05,2022-11-18,69,35.58,purchase_order
RCV0001464,PO0001195,1092786,SUP-05,2022-11-18,57,4.28,purchase_order
RCV0001465,PO0001179,1640473,SUP-08,2022-11-18,31,12.49,purchase_order
RCV0001466,PO0001199,3330012,SUP-06,2022-11-18,48,8.98,purchase_order
RCV0001467,PO0001117,7303637,SUP-10,2022-11-18,65,36.1,purchase_order
RCV0001468,PO0001217,9036326,SUP-05,2022-11-18,408,3.15,purchase_order
RCV0001469,PO0001133,7047405,SUP-11,2022-11-19,61,11.96,purchase_order
RCV0001470,PO0001261,3583619,SUP-01,2022-11-20,43,9.19,purchase_order
RCV0001471,PO0001176,5852256,SUP-09,2022-11-20,73,18.83,purchase_order
RCV0001472,PO0001193,8261390,SUP-08,2022-11-20,44,77.21,purchase_order
RCV0001473,PO0001194,8536600,SUP-08,2022-11-20,29,9.04,purchase_order
RCV0001474,PO0001214,3817121,SUP-07,2022-11-21,37,33.1,purchase_order
RCV0001475,PO0001145,4200826,SUP-11,2022-11-21,44,10.25,purchase_order
RCV0001476,PO0001253,4994348,SUP-02,2022-11-21,148,22.51,purchase_order
RCV0001477,PO0001216,7729308,SUP-06,2022-11-21,320,18.05,purchase_order
RCV0001478,PO0001222,5599767,SUP-07,2022-11-23,88,6.04,purchase_order
RCV0001479,PO0001237,7427053,SUP-05,2022-11-23,57,27.97,purchase_order
RCV0001480,PO0001224,7448961,SUP-07,2022-11-23,104,5.2,purchase_order
RCV0001481,PO0001248,3781033,SUP-03,2022-11-24,61,19.81,purchase_order
RCV0001482,PO0001159,6693651,SUP-11,2022-11-24,102,13.6,purchase_order
RCV0001483,PO0001208,7567958,SUP-08,2022-11-24,112,43.97,purchase_order
RCV0001484,PO0001258,3004815,SUP-12,2022-11-25,77,29.97,purchase_order
RCV0001485,PO0001262,4194454,SUP-12,2022-11-25,340,26.36,purchase_order
RCV0001486,PO0001270,8903471,SUP-02,2022-11-25,122,10.12,purchase_order
RCV0001487,PO0001232,1522015,SUP-06,2022-11-26,73,58.7,purchase_order
RCV0001488,PO0001254,6024870,SUP-03,2022-11-26,56,15.98,purchase_order
RCV0001489,PO0001171,8795573,SUP-11,2022-11-26,189,12.69,purchase_order
RCV0001490,PO0001238,6079235,SUP-06,2022-11-27,230,3.79,purchase_order
RCV0001491,PO0001178,6960004,SUP-11,2022-11-27,78,16.93,purchase_order
RCV0001492,PO0001296,7801595,SUP-01,2022-11-27,36,43.12,purchase_order
RCV0001493,PO0001272,9388289,SUP-12,2022-11-27,98,33.4,purchase_order
RCV0001494,PO0001226,2565553,SUP-08,2022-11-28,51,7.53,purchase_order
RCV0001495,PO0001268,5250988,SUP-03,2022-11-28,32,11.08,purchase_order
RCV0001496,PO0001201,5781989,SUP-10,2022-11-28,30,37.48,purchase_order
RCV0001497,PO0001202,7106580,SUP-10,2022-11-28,39,15.01,purchase_order
RCV0001498,PO0001227,7429245,SUP-08,2022-11-28,85,7.52,purchase_order
RCV0001499,PO0001279,7496477,SUP-12,2022-11-28,28,46.62,purchase_order
RCV0001500,PO0001185,8218381,SUP-11,2022-11-28,32,13.77,purchase_order
RCV0001501,PO0001301,2527689,SUP-01,2022-11-29,41,15.65,purchase_order
RCV0001502,PO0001243,3852546,SUP-06,2022-11-29,148,32.43,purchase_order
RCV0001503,PO0001210,8488816,SUP-10,2022-11-29,41,28.16,purchase_order
RCV0001504,PO0001271,8926382,SUP-03,2022-11-29,36,14.29,purchase_order
RCV0001505,PO0001303,9065490,SUP-01,2022-11-29,106,46.63,purchase_order
RCV0001506,PO0001245,2645378,SUP-07,2022-11-30,37,3.36,purchase_order
RCV0001507,PO0001304,2731345,SUP-01,2022-11-30,104,25.62,purchase_order
RCV0001508,PO0001282,3206674,SUP-12,2022-11-30,51,11.94,purchase_order
RCV0001509,PO0001275,3428363,SUP-04,2022-11-30,192,27.41,purchase_order
RCV0001510,PO0001246,7171122,SUP-07,2022-11-30,45,28.05,purchase_order
RCV0001511,PO0001256,8800984,SUP-05,2022-11-30,82,7.97,purchase_order
RCV0001512,PO0001312,3503816,SUP-01,2022-12-01,35,9.61,purchase_order
RCV0001513,PO0001247,3648094,SUP-07,2022-12-01,44,17.34,purchase_order
RCV0001514,PO0001239,6245368,SUP-08,2022-12-01,116,11.18,purchase_order
RCV0001515,PO0001289,6474782,SUP-12,2022-12-01,57,37.13,purchase_order
RCV0001516,PO0001299,7062170,SUP-02,2022-12-01,21,15.55,purchase_order
RCV0001517,PO0001197,7814384,SUP-11,2022-12-01,103,29.75,purchase_order
RCV0001518,PO0001265,8746636,SUP-05,2022-12-01,82,28.56,purchase_order
RCV0001519,PO0001300,9351656,SUP-02,2022-12-01,38,10.19,purchase_order
RCV0001520,PO0001198,1383693,SUP-11,2022-12-02,85,17.8,purchase_order
RCV0001521,PO0001290,3301602,SUP-12,2022-12-02,44,16.36,purchase_order
RCV0001522,PO0001252,4663963,SUP-07,2022-12-02,73,14.19,purchase_order
RCV0001523,PO0001291,5027667,SUP-12,2022-12-02,39,50.69,purchase_order
RCV0001524,PO0001283,5212958,SUP-03,2022-12-02,41,41.52,purchase_order
RCV0001525,PO0001298,5553390,SUP-01,2022-12-02,28,26.92,purchase_order
RCV0001526,PO0001223,6543834,SUP-10,2022-12-02,36,5.69,purchase_order
RCV0001527,PO0001221,9118832,SUP-06,2022-12-02,196,75.92,purchase_order
RCV0001528,PO0001338,2380478,SUP-01,2022-12-03,70,24.11,purchase_order
RCV0001529,PO0001234,4076320,SUP-09,2022-12-03,44,5.21,purchase_order
RCV0001530,PO0001288,6155600,SUP-03,2022-12-03,38,18.47,purchase_order
RCV0001531,PO0001204,8004216,SUP-11,2022-12-03,36,15.76,purchase_order
RCV0001532,PO0001205,2804964,SUP-11,2022-12-04,48,16.02,purchase_order
RCV0001533,PO0001259,3157737,SUP-06,2022-12-04,39,39.61,purchase_order
RCV0001534,PO0001311,3383881,SUP-02,2022-12-04,43,62.43,purchase_order
RCV0001535,PO0001360,4059984,SUP-01,2022-12-04,32,16.56,purchase_order
RCV0001536,PO0001276,4236332,SUP-05,2022-12-04,90,15.74,purchase_order
RCV0001537,PO0001292,5131367,SUP-04,2022-12-04,38,10.46,purchase_order
RCV0001538,PO0001295,7212311,SUP-03,,62,14.22,purchase_order
RCV0001539,PO0001264,7255659,SUP-07,2022-12-04,48,40.63,purchase_order
RCV0001540,PO0001209,7826018,SUP-11,2022-12-04,39,5.45,purchase_order
RCV0001541,PO0001280,1778504,SUP-05,2022-12-05,40,30.61,purchase_order
RCV0001542,PO0001267,1854723,SUP-07,2022-12-05,34,22.66,purchase_order
RCV0001543,PO0001241,2704704,SUP-09,2022-12-05,78,52.06,purchase_order
RCV0001544,PO0001269,6695684,SUP-07,2022-12-05,38,23.89,purchase_order
RCV0001545,PO0001244,7201529,SUP-06,2022-12-05,106,35.1,purchase_order
RCV0001546,PO0001251,1959257,SUP-08,2022-12-06,38,7.43,purchase_order
RCV0001547,PO0001302,4646091,SUP-04,2022-12-06,50,30.09,purchase_order
RCV0001548,PO0001218,4720552,SUP-11,2022-12-06,90,7.78,purchase_order
RCV0001549,PO0001348,8110966,SUP-02,2022-12-06,19,8.54,purchase_order
RCV0001550,PO0001273,1079923,SUP-07,2022-12-07,72,47.04,purchase_order
RCV0001551,PO0001274,2404737,SUP-06,2022-12-07,30,30.89,purchase_order
RCV0001552,PO0001286,4870730,SUP-05,2022-12-07,40,11.71,purchase_order
RCV0001553,PO0001333,9721204,SUP-12,2022-12-07,29,22.69,purchase_order
RCV0001554,PO0001335,1196740,SUP-12,2022-12-08,42,30.61,purchase_order
RCV0001555,PO0001310,3124731,SUP-04,2022-12-08,44,13.68,purchase_order
RCV0001556,PO0001293,6280890,SUP-05,2022-12-08,40,12.08,purchase_order
RCV0001557,PO0001228,1029072,SUP-11,2022-12-09,81,23.42,purchase_order
RCV0001558,PO0001322,3533080,SUP-03,2022-12-09,32,46.71,purchase_order
RCV0001559,PO0001297,5234930,SUP-05,2022-12-09,83,88.83,purchase_order
RCV0001560,PO0001363,5495706,SUP-12,2022-12-09,32,62.74,purchase_order
RCV0001561,PO0001326,5822751,SUP-03,2022-12-09,93,29.93,purchase_order
RCV0001562,PO0001368,7346335,SUP-12,2022-12-09,48,28.82,purchase_order
RCV0001563,PO0001285,7620070,SUP-12,2022-12-09,57,29.76,purchase_order
RCV0001564,PO0001386,2993399,SUP-02,2022-12-10,32,44.9,purchase_order
RCV0001565,PO0001372,3211935,SUP-12,2022-12-10,32,23.3,purchase_order
RCV0001566,PO0001249,4123600,SUP-10,2022-12-10,112,71.2,purchase_order
RCV0001567,PO0001342,6460385,SUP-03,2022-12-10,27,53.04,purchase_order
RCV0001568,PO0001255,6520765,SUP-09,2022-12-10,31,29.95,purchase_order
RCV0001569,PO0001388,7946407,SUP-02,2022-12-10,36,29.96,purchase_order
RCV0001570,PO0001361,5315329,SUP-04,2022-12-11,53,18.54,purchase_order
RCV0001571,PO0001365,6497266,SUP-03,2022-12-11,156,4.21,purchase_order
RCV0001572,PO0001266,1204442,SUP-09,2022-12-12,39,49.78,purchase_order
RCV0001573,PO0001370,1517547,SUP-03,2022-12-12,46,11.25,purchase_order
RCV0001574,PO0001314,4648994,SUP-05,2022-12-12,57,10.04,purchase_order
RCV0001575,PO0001260,3243048,SUP-05,2022-12-13,646,19.55,purchase_order
RCV0001576,PO0001381,3487534,SUP-03,2022-12-13,38,10.43,purchase_order
RCV0001577,PO0001305,4895822,SUP-03,2022-12-13,31,23.84,purchase_order
RCV0001578,PO0001393,5409305,SUP-02,2022-12-13,38,48.28,purchase_order
RCV0001579,PO0001391,6810241,SUP-12,2022-12-13,140,7.53,purchase_order
RCV0001580,PO0001394,9118281,SUP-02,2022-12-13,51,8.24,purchase_order
RCV0001581,PO0001334,1189654,SUP-05,2022-12-14,51,13.05,purchase_order
RCV0001582,PO0001387,3240903,SUP-03,2022-12-14,75,27.54,purchase_order
RCV0001583,PO0001402,5678537,SUP-01,2022-12-14,167,63.65,purchase_order
RCV0001584,PO0001306,1072276,SUP-07,2022-12-15,34,20.37,purchase_order
RCV0001585,PO0001356,1910407,SUP-05,2022-12-15,30,30.87,purchase_order
RCV0001586,PO0001358,2931280,SUP-05,2022-12-15,55,13.74,purchase_order
RCV0001587,PO0001313,3689249,SUP-07,2022-12-15,52,16.91,purchase_order
RCV0001588,PO0001399,4123413,SUP-02,2022-12-15,42,22.8,purchase_order
RCV0001589,PO0001324,4411802,SUP-03,2022-12-15,47,23.38,purchase_order
RCV0001590,PO0001315,5509792,SUP-07,2022-12-15,32,35.25,purchase_order
RCV0001591,PO0001316,5530296,SUP-07,2022-12-15,70,12.46,purchase_order
RCV0001592,PO0001318,6529231,SUP-07,2022-12-15,40,12.4,purchase_order
RCV0001593,PO0001319,7390450,SUP-07,2022-12-15,92,17.33,purchase_order
RCV0001594,PO0001250,9075437,SUP-11,2022-12-15,69,11.97,purchase_order
RCV0001595,PO0001406,2154101,SUP-01,2022-12-16,129,6.04,purchase_order
RCV0001596,PO0001407,3583619,SUP-01,2022-12-16,50,9.32,purchase_order
RCV0001597,PO0001373,3676700,SUP-05,2022-12-16,128,26.7,purchase_order
RCV0001598,PO0001323,4365384,SUP-07,2022-12-16,39,89.38,purchase_order
RCV0001599,PO0001325,5425967,SUP-06,2022-12-16,35,43.36,purchase_order
RCV0001600,PO0001328,7433330,SUP-07,2022-12-16,34,6.55,purchase_order
RCV0001601,PO0001329,7949185,SUP-06,2022-12-16,31,11.65,purchase_order
RCV0001602,PO0001278,5114384,SUP-06,2022-12-17,209,10.16,purchase_order
RCV0001603,PO0001287,5599030,SUP-09,2022-12-17,36,8.97,purchase_order
RCV0001604,PO0001341,6026055,SUP-06,2022-12-17,22,23.28,purchase_order
RCV0001605,PO0001263,6938043,SUP-08,2022-12-17,24,20.42,purchase_order
RCV0001606,PO0001344,7275086,SUP-07,2022-12-17,90,27.33,purchase_order
RCV0001607,PO0001349,8721483,SUP-07,2022-12-17,57,14.25,purchase_order
RCV0001608,PO0001352,9248008,SUP-07,2022-12-17,40,33.9,purchase_order
RCV0001609,PO0001257,9739117,SUP-11,2022-12-17,57,19.52,purchase_order
RCV0001610,PO0001281,9841830,SUP-10,2022-12-17,323,5.47,purchase_order
RCV0001611,PO0001355,1430298,SUP-06,2022-12-18,43,59.91,purchase_order
RCV0001612,PO0001359,3166872,SUP-06,2022-12-18,54,16.68,purchase_order
RCV0001613,PO0001411,3318117,SUP-01,2022-12-18,36,21.9,purchase_order
RCV0001614,PO0001362,5466720,SUP-06,2022-12-18,59,46.84,purchase_order
RCV0001615,PO0001284,6380274,SUP-10,2022-12-18,112,92.21,purchase_order
RCV0001616,PO0001367,6953807,SUP-06,2022-12-18,62,5.71,purchase_order
RCV0001617,PO0001369,8511889,SUP-06,2022-12-18,40,30.44,purchase_order
RCV0001618,PO0001371,2738486,SUP-07,2022-12-19,50,9.89,purchase_order
RCV0001619,PO0001374,4098324,SUP-07,2022-12-19,293,8.88,purchase_order
RCV0001620,PO0001364,6000495,SUP-06,2022-12-19,31,22.97,purchase_order
RCV0001621,PO0001376,6362414,SUP-07,2022-12-19,212,9.62,purchase_order
RCV0001622,PO0001403,8016491,SUP-12,2022-12-19,36,73.02,purchase_order
RCV0001623,PO0001377,8089253,SUP-07,2022-12-19,71,44.68,purchase_order
RCV0001624,PO0001384,8832573,SUP-07,2022-12-20,37,39.21,purchase_order
RCV0001625,PO0001354,9554682,SUP-07,2022-12-20,36,46.34,purchase_order
RCV0001626,PO0001385,1099410,SUP-07,2022-12-21,344,6.42,purchase_order
RCV0001627,PO0001337,1640473,SUP-08,2022-12-21,36,12.21,purchase_order
RCV0001628,PO0001339,4705110,SUP-08,2022-12-21,156,10.11,purchase_order
RCV0001629,PO0001277,4958034,SUP-11,2022-12-21,32,17.23,purchase_order
RCV0001630,PO0001389,1367097,SUP-06,2022-12-22,39,23.98,purchase_order
RCV0001631,PO0001308,1385609,SUP-09,2022-12-22,21,54.47,purchase_order
RCV0001632,PO0001317,5847380,SUP-09,2022-12-22,55,19.84,purchase_order
RCV0001633,PO0001420,5908484,SUP-01,2022-12-22,209,100.56,purchase_order
RCV0001634,PO0001320,9315482,SUP-09,2022-12-22,43,27.6,purchase_order
RCV0001635,PO0001397,1092786,SUP-05,2022-12-23,61,4.31,purchase_order
RCV0001636,PO0001330,7954298,SUP-09,2022-12-23,25,32.2,purchase_order
RCV0001637,PO0001400,1083413,SUP-05,2022-12-24,82,35.51,purchase_order
RCV0001638,PO0001336,1601049,SUP-09,2022-12-24,30,11.94,purchase_order
RCV0001639,PO0001392,3817121,SUP-07,2022-12-24,45,33.7,purchase_order
RCV0001640,PO0001345,7279985,SUP-09,2022-12-24,33,54.08,purchase_order
RCV0001641,PO0001378,8754194,SUP-06,2022-12-24,252,22.33,purchase_order
RCV0001642,PO0001353,9319849,SUP-09,2022-12-24,489,79.59,purchase_order
RCV0001643,PO0001395,3554832,SUP-07,2022-12-25,128,26.85,purchase_order
RCV0001644,PO0001415,4489659,SUP-12,2022-12-25,212,26.67,purchase_order
RCV0001645,PO0001294,6351542,SUP-11,2022-12-25,36,14.21,purchase_order
RCV0001646,PO0001343,6517467,SUP-05,2022-12-25,116,41.52,purchase_order
RCV0001647,PO0001332,9040237,SUP-10,2022-12-25,77,56.61,purchase_order
RCV0001648,PO0001340,4708009,SUP-10,2022-12-26,23,47.92,purchase_order
RCV0001649,PO0001346,7303637,SUP-10,2022-12-26,70,36.68,purchase_order
RCV0001650,PO0001426,8903471,SUP-02,2022-12-26,159,9.95,purchase_order
RCV0001651,PO0001401,3157737,SUP-06,2022-12-27,61,40.82,purchase_order
RCV0001652,PO0001435,8966163,SUP-02,2022-12-27,3141,31.27,purchase_order
RCV0001653,PO0001441,7182700,SUP-02,2022-12-28,1221,45.94,purchase_order
RCV0001654,PO0001425,7373415,SUP-12,2022-12-28,40,13.15,purchase_order
RCV0001655,PO0001307,1111123,SUP-06,2022-12-29,26,19.24,purchase_order
RCV0001656,PO0001390,1385609,SUP-09,2022-12-29,33,54.59,purchase_order
RCV0001657,PO0001309,2377662,SUP-11,2022-12-29,52,46.49,purchase_order
RCV0001658,PO0001434,7496477,SUP-12,2022-12-29,35,46.39,purchase_order
RCV0001659,PO0001405,7630387,SUP-07,2022-12-29,36,13.26,purchase_order
RCV0001660,PO0001447,8110966,SUP-02,2022-12-29,27,8.75,purchase_order
RCV0001661,PO0001396,8536600,SUP-08,2022-12-29,32,9.02,purchase_order
RCV0001662,PO0001423,1850756,SUP-03,2022-12-30,41,20.69,purchase_order
RCV0001663,PO0001321,2317989,SUP-11,2022-12-30,28,23.82,purchase_order
RCV0001664,PO0001437,5862621,SUP-12,2022-12-30,126,17.84,purchase_order
RCV0001665,PO0001424,6024870,SUP-03,2022-12-30,70,15.99,purchase_order
RCV0001666,PO0001450,7062170,SUP-02,2022-12-30,28,15.9,purchase_order
RCV0001667,PO0001327,7310073,SUP-11,2022-12-30,22,38.33,purchase_order
RCV0001668,PO0001331,8758486,SUP-11,2022-12-30,77,35.87,purchase_order
RCV0001669,PO0001428,9829417,SUP-03,2022-12-30,609,67.06,purchase_order
RCV0001670,PO0001347,8004216,SUP-11,2022-12-31,44,15.88,purchase_order
RCV0001671,PO0001350,9111330,SUP-11,2022-12-31,44,76.88,purchase_order
RCV0001672,PO0001409,1428173,SUP-07,2023-01-01,186,50.51,purchase_order
RCV0001673,PO0001357,2804964,SUP-11,2023-01-01,62,16.22,purchase_order
RCV0001674,PO0001483,4476707,SUP-01,2023-01-01,418,41.39,purchase_order
RCV0001675,PO0001449,5027667,SUP-12,2023-01-01,43,51.06,purchase_order
RCV0001676,PO0001366,6693651,SUP-11,2023-01-01,110,13.72,purchase_order
RCV0001677,PO0001439,6854023,SUP-03,2023-01-01,153,59.47,purchase_order
RCV0001678,PO0001491,2299273,SUP-01,2023-01-02,48,9.93,purchase_order
RCV0001679,PO0001456,3004815,SUP-12,2023-01-02,69,30.19,purchase_order
RCV0001680,PO0001445,3781033,SUP-03,2023-01-02,66,19.71,purchase_order
RCV0001681,PO0001457,4194454,SUP-12,2023-01-02,377,26.53,purchase_order
RCV0001682,PO0001375,4356662,SUP-06,2023-01-02,40,105.8,purchase_order
RCV0001683,PO0001379,8795573,SUP-11,2023-01-02,200,12.67,purchase_order
RCV0001684,PO0001422,9036326,SUP-05,2023-01-02,408,3.16,purchase_order
RCV0001685,PO0001380,9800243,SUP-11,2023-01-02,304,35.56,purchase_order
RCV0001686,PO0001473,9938113,SUP-02,2023-01-02,32,27.87,purchase_order
RCV0001687,PO0001382,6960004,SUP-11,2023-01-03,88,16.62,purchase_order
RCV0001688,PO0001429,1080071,SUP-05,2023-01-04,36,18.07,purchase_order
RCV0001689,PO0001351,9198161,SUP-10,2023-01-04,45,65.96,purchase_order
RCV0001690,PO0001410,2565553,SUP-08,2023-01-05,59,7.5,purchase_order
RCV0001691,PO0001417,3289377,SUP-07,2023-01-05,64,31.22,purchase_order
RCV0001692,PO0001404,4143393,SUP-09,2023-01-05,81,100.85,purchase_order
RCV0001693,PO0001419,5599767,SUP-07,2023-01-05,93,6.16,purchase_order
RCV0001694,PO0001383,8488816,SUP-10,2023-01-05,60,28.42,purchase_order
RCV0001695,PO0001471,5250988,SUP-03,2023-01-06,40,11.2,purchase_order
RCV0001696,PO0001408,6637675,SUP-09,2023-01-06,50,16.23,purchase_order
RCV0001697,PO0001505,7801595,SUP-01,2023-01-06,48,44.03,purchase_order
RCV0001698,PO0001490,9388289,SUP-12,2023-01-06,109,33.96,purchase_order
RCV0001699,PO0001430,3330012,SUP-06,2023-01-07,48,9.45,purchase_order
RCV0001700,PO0001431,3648094,SUP-07,2023-01-07,56,17.22,purchase_order
RCV0001701,PO0001477,6460385,SUP-03,2023-01-07,44,53.53,purchase_order
RCV0001702,PO0001478,6976349,SUP-03,2023-01-07,274,20.29,purchase_order
RCV0001703,PO0001438,6695684,SUP-07,2023-01-08,56,23.38,purchase_order
RCV0001704,PO0001440,6944057,SUP-06,2023-01-08,33,21.17,purchase_order
RCV0001705,PO0001442,7729308,SUP-06,2023-01-08,310,18.55,purchase_order
RCV0001706,PO0001444,9110019,SUP-06,2023-01-08,50,17.05,purchase_order
RCV0001707,PO0001502,9351656,SUP-02,2023-01-08,46,10.36,purchase_order
RCV0001708,PO0001398,1383693,SUP-11,2023-01-09,103,17.61,purchase_order
RCV0001709,PO0001517,2731345,SUP-01,2023-01-09,121,25.59,purchase_order
RCV0001710,PO0001492,3428363,SUP-04,2023-01-09,223,27.96,purchase_order
RCV0001711,PO0001446,6079235,SUP-06,2023-01-09,234,3.86,purchase_order
RCV0001712,PO0001509,4994348,SUP-02,2023-01-10,137,22.36,purchase_order
RCV0001713,PO0001412,7871485,SUP-10,2023-01-10,27,8.81,purchase_order
RCV0001714,PO0001497,8838340,SUP-03,2023-01-10,37,15.62,purchase_order
RCV0001715,PO0001453,9746038,SUP-07,2023-01-10,32,16.55,purchase_order
RCV0001716,PO0001413,2337045,SUP-05,2023-01-11,68,9.03,purchase_order
RCV0001717,PO0001455,2645378,SUP-07,2023-01-11,43,3.43,purchase_order
RCV0001718,PO0001507,1196740,SUP-12,2023-01-12,55,30.73,purchase_order
RCV0001719,PO0001463,1854723,SUP-07,2023-01-12,44,23.28,purchase_order
RCV0001720,PO0001464,2287051,SUP-07,2023-01-12,46,9.52,purchase_order
RCV0001721,PO0001421,7941277,SUP-09,2023-01-12,35,18.54,purchase_order
RCV0001722,PO0001470,3689249,SUP-07,2023-01-13,74,16.76,purchase_order
RCV0001723,PO0001503,4646091,SUP-04,2023-01-13,66,30.38,purchase_order
RCV0001724,PO0001516,6474782,SUP-12,2023-01-13,70,36.64,purchase_order
RCV0001725,PO0001416,6543834,SUP-10,2023-01-13,39,5.65,purchase_order
RCV0001726,PO0001460,8746636,SUP-05,2023-01-13,103,28.66,purchase_order
RCV0001727,PO0001508,3124731,SUP-04,2023-01-14,56,13.62,purchase_order
RCV0001728,PO0001476,6026055,SUP-06,2023-01-14,36,24.03,purchase_order
RCV0001729,PO0001479,7255659,SUP-07,2023-01-14,54,40.69,purchase_order
RCV0001730,PO0001451,7567958,SUP-08,2023-01-14,107,45.24,purchase_order
RCV0001731,PO0001454,2292183,SUP-08,2023-01-15,58,5.67,purchase_order
RCV0001732,PO0001475,3006131,SUP-06,2023-01-15,32,61.58,purchase_order
RCV0001733,PO0001458,5068008,SUP-08,2023-01-15,106,8.2,purchase_order
RCV0001734,PO0001484,5509792,SUP-07,2023-01-15,40,35.99,purchase_order
RCV0001735,PO0001485,5530296,SUP-07,2023-01-15,87,12.64,purchase_order
RCV0001736,PO0001433,7427053,SUP-05,2023-01-15,59,28.49,purchase_order
RCV0001737,PO0001487,8634461,SUP-06,2023-01-15,2768,10.6,purchase_order
RCV0001738,PO0001541,9065490,SUP-01,2023-01-15,127,46.23,purchase_order
RCV0001739,PO0001488,9118832,SUP-06,2023-01-15,214,78.89,purchase_order
RCV0001740,PO0001427,9355705,SUP-06,2023-01-15,30,39.96,purchase_order
RCV0001741,PO0001499,4236332,SUP-05,2023-01-16,69,15.64,purchase_order
RCV0001742,PO0001432,5781989,SUP-10,2023-01-16,31,37.69,purchase_order
RCV0001743,PO0001494,7201529,SUP-06,2023-01-16,110,35.8,purchase_order
RCV0001744,PO0001414,7826018,SUP-11,2023-01-16,44,5.47,purchase_order
RCV0001745,PO0001472,6938043,SUP-08,2023-01-17,30,20.17,purchase_order
RCV0001746,PO0001496,7171122,SUP-07,2023-01-17,48,27.61,purchase_order
RCV0001747,PO0001452,7954298,SUP-09,2023-01-17,39,33.13,purchase_order
RCV0001748,PO0001498,7448961,SUP-07,2023-01-18,92,5.17,purchase_order
RCV0001749,PO0001480,7622260,SUP-08,2023-01-18,37,39.5,purchase_order
RCV0001750,PO0001489,9248008,SUP-07,2023-01-18,53,33.57,purchase_order
RCV0001751,PO0001462,1522015,SUP-06,2023-01-19,75,59.57,purchase_order
RCV0001752,PO0001474,2875921,SUP-06,2023-01-19,434,82.49,purchase_order
RCV0001753,PO0001558,3503816,SUP-01,2023-01-19,36,9.62,purchase_order
RCV0001754,PO0001500,4663963,SUP-07,2023-01-19,74,14.42,purchase_order
RCV0001755,PO0001418,4720552,SUP-11,2023-01-19,94,7.77,purchase_order
RCV0001756,PO0001514,5234930,SUP-05,2023-01-19,84,90.19,purchase_order
RCV0001757,PO0001561,7180258,SUP-01,2023-01-19,37,32.26,purchase_order
RCV0001758,PO0001524,7212311,SUP-03,2023-01-19,68,14.17,purchase_order
RCV0001759,PO0001529,4895822,SUP-03,2023-01-20,47,23.36,purchase_order
RCV0001760,PO0001530,5131367,SUP-04,2023-01-20,44,10.54,purchase_order
RCV0001761,PO0001465,6245368,SUP-08,2023-01-20,106,11.41,purchase_order
RCV0001762,PO0001461,8800984,SUP-05,2023-01-20,97,7.97,purchase_order
RCV0001763,PO0001513,5092850,SUP-12,2023-01-21,55,7.84,purchase_order
RCV0001764,PO0001520,6280890,SUP-05,2023-01-21,44,12.17,purchase_order
RCV0001765,PO0001436,2377662,SUP-11,2023-01-22,65,46.07,purchase_order
RCV0001766,PO0001518,4870730,SUP-05,2023-01-22,40,11.51,purchase_order
RCV0001767,PO0001486,5599030,SUP-09,2023-01-22,47,9.0,purchase_order
RCV0001768,PO0001443,8218381,SUP-11,2023-01-22,31,13.84,purchase_order
RCV0001769,PO0001468,9841830,SUP-10,2023-01-22,297,5.43,purchase_order
RCV0001770,PO0001515,5520674,SUP-12,2023-01-23,56,13.49,purchase_order
RCV0001771,PO0001555,9721204,SUP-12,2023-01-23,36,22.31,purchase_order
RCV0001772,PO0001581,2380478,SUP-01,2023-01-24,71,24.53,purchase_order
RCV0001773,PO0001582,2527689,SUP-01,2023-01-24,41,15.8,purchase_order
RCV0001774,PO0001482,4123600,SUP-10,2023-01-24,110,71.47,purchase_order
RCV0001775,PO0001448,4958034,SUP-11,2023-01-24,40,17.24,purchase_order
RCV0001776,PO0001534,5186154,SUP-03,2023-01-24,44,43.24,purchase_order
RCV0001777,PO0001560,5495706,SUP-12,2023-01-24,29,62.93,purchase_order
RCV0001778,PO0001571,9118281,SUP-02,2023-01-24,58,8.1,purchase_order
RCV0001779,PO0001506,1038403,SUP-08,2023-01-25,45,26.6,purchase_order
RCV0001780,PO0001532,2931280,SUP-05,2023-01-25,63,13.4,purchase_order
RCV0001781,PO0001562,3206674,SUP-12,2023-01-25,49,12.19,purchase_order
RCV0001782,PO0001574,5409305,SUP-02,2023-01-25,40,49.51,purchase_order
RCV0001783,PO0001586,5553390,SUP-01,2023-01-25,23,26.78,purchase_order
RCV0001784,PO0001459,7047405,SUP-11,2023-01-25,48,12.07,purchase_order
RCV0001785,PO0001522,7390450,SUP-07,2023-01-25,98,17.71,purchase_order
RCV0001786,PO0001538,7474821,SUP-12,2023-01-25,28,20.97,purchase_order
RCV0001787,PO0001512,1959257,SUP-08,2023-01-26,36,7.25,purchase_order
RCV0001788,PO0001493,4708009,SUP-10,2023-01-26,40,48.68,purchase_order
RCV0001789,PO0001501,7279985,SUP-09,2023-01-26,41,53.57,purchase_order
RCV0001790,PO0001536,7346335,SUP-12,2023-01-26,63,28.75,purchase_order
RCV0001791,PO0001466,7814384,SUP-11,2023-01-26,104,30.22,purchase_order
RCV0001792,PO0001467,9739117,SUP-11,2023-01-26,61,19.6,purchase_order
RCV0001793,PO0001469,2317989,SUP-11,2023-01-27,35,24.06,purchase_order
RCV0001794,PO0001523,3301602,SUP-12,2023-01-27,57,16.19,purchase_order
RCV0001795,PO0001563,6338037,SUP-04,2023-01-27,453,18.09,purchase_order
RCV0001796,PO0001531,1079923,SUP-07,2023-01-28,69,47.13,purchase_order
RCV0001797,PO0001567,4411802,SUP-03,2023-01-28,52,23.96,purchase_order
RCV0001798,PO0001568,5822751,SUP-03,2023-01-28,74,29.63,purchase_order
RCV0001799,PO0001510,6000495,SUP-06,2023-01-28,36,23.68,purchase_order
RCV0001800,PO0001481,1029072,SUP-11,2023-01-29,81,23.43,purchase_order
RCV0001801,PO0001595,3583619,SUP-01,2023-01-29,53,9.41,purchase_order
RCV0001802,PO0001589,4123413,SUP-02,2023-01-29,53,22.26,purchase_order
RCV0001803,PO0001545,4648994,SUP-05,2023-01-29,57,10.16,purchase_order
RCV0001804,PO0001591,7946407,SUP-02,2023-01-29,37,29.55,purchase_order
RCV0001805,PO0001556,1910407,SUP-05,2023-01-30,35,30.72,purchase_order
RCV0001806,PO0001544,6529231,SUP-07,2023-01-30,43,12.53,purchase_order
RCV0001807,PO0001557,3243048,SUP-05,2023-01-31,649,19.31,purchase_order
RCV0001808,PO0001543,3852546,SUP-06,2023-01-31,124,33.5,purchase_order
RCV0001809,PO0001548,7275086,SUP-07,2023-01-31,95,27.21,purchase_order
RCV0001810,PO0001549,7433330,SUP-07,2023-01-31,40,6.52,purchase_order
RCV0001811,PO0001495,8511889,SUP-06,2023-01-31,56,31.35,purchase_order
RCV0001812,PO0001533,4705110,SUP-08,2023-02-01,172,10.26,purchase_order
RCV0001813,PO0001546,5466720,SUP-06,2023-02-01,64,49.13,purchase_order
RCV0001814,PO0001537,7429245,SUP-08,2023-02-01,71,7.48,purchase_order
RCV0001815,PO0001550,8926382,SUP-03,2023-02-01,34,14.44,purchase_order
RCV0001816,PO0001585,2993399,SUP-02,2023-02-02,36,45.24,purchase_order
RCV0001817,PO0001590,6155600,SUP-03,2023-02-02,33,18.45,purchase_order
RCV0001818,PO0001600,8110966,SUP-02,2023-02-02,34,8.67,purchase_order
RCV0001819,PO0001528,2704704,SUP-09,2023-02-03,67,51.64,purchase_order
RCV0001820,PO0001521,7106580,SUP-10,2023-02-03,28,15.24,purchase_order
RCV0001821,PO0001504,7310073,SUP-11,2023-02-03,31,37.97,purchase_order
RCV0001822,PO0001565,1072276,SUP-07,2023-02-04,33,20.84,purchase_order
RCV0001823,PO0001551,1111123,SUP-06,2023-02-04,29,19.97,purchase_order
RCV0001824,PO0001614,2154101,SUP-01,2023-02-04,116,6.1,purchase_order
RCV0001825,PO0001519,5114384,SUP-06,2023-02-04,249,10.38,purchase_order
RCV0001826,PO0001569,7660389,SUP-07,2023-02-04,304,9.4,purchase_order
RCV0001827,PO0001572,9172205,SUP-06,2023-02-04,24,8.21,purchase_order
RCV0001828,PO0001621,3318117,SUP-01,2023-02-05,37,22.3,purchase_order
RCV0001829,PO0001594,3487534,SUP-03,2023-02-05,38,10.37,purchase_order
RCV0001830,PO0001539,4076320,SUP-09,2023-02-05,38,5.08,purchase_order
RCV0001831,PO0001573,4365384,SUP-07,2023-02-05,40,89.22,purchase_order
RCV0001832,PO0001575,5425967,SUP-06,2023-02-05,36,45.68,purchase_order
RCV0001833,PO0001540,5852256,SUP-09,2023-02-05,53,18.59,purchase_order
RCV0001834,PO0001511,6351542,SUP-11,2023-02-05,40,14.54,purchase_order
RCV0001835,PO0001576,8721483,SUP-07,2023-02-05,56,14.23,purchase_order
RCV0001836,PO0001587,1083413,SUP-05,2023-02-06,88,35.64,purchase_order
RCV0001837,PO0001578,2404737,SUP-06,2023-02-06,22,31.49,purchase_order
RCV0001838,PO0001629,5908484,SUP-01,2023-02-06,196,98.81,purchase_order
RCV0001839,PO0001583,4356662,SUP-06,2023-02-07,48,110.57,purchase_order
RCV0001840,PO0001547,5847380,SUP-09,2023-02-07,57,19.76,purchase_order
RCV0001841,PO0001535,6380274,SUP-10,2023-02-07,87,93.42,purchase_order
RCV0001842,PO0001608,6810241,SUP-12,2023-02-07,120,7.51,purchase_order
RCV0001843,PO0001542,9198161,SUP-10,2023-02-07,61,65.37,purchase_order
RCV0001844,PO0001584,9554682,SUP-07,2023-02-07,40,46.15,purchase_order
RCV0001845,PO0001527,1601049,SUP-09,2023-02-08,35,11.87,purchase_order
RCV0001846,PO0001644,4059984,SUP-01,2023-02-08,25,16.64,purchase_order
RCV0001847,PO0001552,6520765,SUP-09,2023-02-08,28,29.92,purchase_order
RCV0001848,PO0001554,9315482,SUP-09,2023-02-08,44,27.97,purchase_order
RCV0001849,PO0001588,3554832,SUP-07,2023-02-09,141,26.31,purchase_order
RCV0001850,PO0001559,4143393,SUP-09,2023-02-09,102,99.42,purchase_order
RCV0001851,PO0001615,5862621,SUP-12,2023-02-09,147,17.81,purchase_order
RCV0001852,PO0001579,6953807,SUP-06,2023-02-09,65,5.78,purchase_order
RCV0001853,PO0001526,9111330,SUP-11,2023-02-09,52,79.04,purchase_order
RCV0001854,PO0001593,1260475,SUP-06,2023-02-10,1090,87.83,purchase_order
RCV0001855,PO0001636,3383881,SUP-02,2023-02-10,28,61.39,purchase_order
RCV0001856,PO0001625,8016491,SUP-12,2023-02-10,35,73.31,purchase_order
RCV0001857,PO0001553,9040237,SUP-10,2023-02-10,81,55.88,purchase_order
RCV0001858,PO0001525,9075437,SUP-11,2023-02-10,65,12.33,purchase_order
RCV0001859,PO0001564,9319849,SUP-09,2023-02-10,492,78.71,purchase_order
RCV0001860,PO0001628,3211935,SUP-12,2023-02-11,29,23.34,purchase_order
RCV0001861,PO0001663,5678537,SUP-01,2023-02-11,135,63.75,purchase_order
RCV0001862,PO0001616,6497266,SUP-03,2023-02-11,118,4.22,purchase_order
RCV0001863,PO0001647,7182700,SUP-02,2023-02-11,1178,45.71,purchase_order
RCV0001864,PO0001602,5711182,SUP-05,2023-02-12,460,39.18,purchase_order
RCV0001865,PO0001640,7373415,SUP-12,2023-02-12,40,13.03,purchase_order
RCV0001866,PO0001630,6024870,SUP-03,2023-02-13,70,16.42,purchase_order
RCV0001867,PO0001570,7871485,SUP-10,2023-02-13,38,8.86,purchase_order
RCV0001868,PO0001648,8728798,SUP-12,2023-02-13,289,6.43,purchase_order
RCV0001869,PO0001658,8966163,SUP-02,2023-02-13,2953,31.39,purchase_order
RCV0001870,PO0001633,9691291,SUP-03,2023-02-13,172,23.59,purchase_order
RCV0001871,PO0001580,1204442,SUP-09,2023-02-14,35,51.21,purchase_order
RCV0001872,PO0001598,3533080,SUP-03,2023-02-14,25,46.18,purchase_order
RCV0001873,PO0001599,7949185,SUP-06,2023-02-14,28,11.92,purchase_order
RCV0001874,PO0001643,3124731,SUP-04,2023-02-15,66,13.64,purchase_order
RCV0001875,PO0001667,8903471,SUP-02,2023-02-15,145,9.92,purchase_order
RCV0001876,PO0001604,9355705,SUP-06,2023-02-15,36,39.96,purchase_order
RCV0001877,PO0001605,1099410,SUP-07,2023-02-16,290,6.38,purchase_order
RCV0001878,PO0001612,1189654,SUP-05,2023-02-16,41,13.21,purchase_order
RCV0001879,PO0001606,1428173,SUP-07,2023-02-16,179,49.31,purchase_order
RCV0001880,PO0001620,2337045,SUP-05,2023-02-16,74,9.02,purchase_order
RCV0001881,PO0001624,6517467,SUP-05,2023-02-16,100,41.04,purchase_order
RCV0001882,PO0001631,7620070,SUP-12,2023-02-16,38,30.44,purchase_order
RCV0001883,PO0001596,8089253,SUP-07,2023-02-16,64,44.38,purchase_order
RCV0001884,PO0001609,8754194,SUP-06,2023-02-16,211,23.24,purchase_order
RCV0001885,PO0001664,3004815,SUP-12,2023-02-17,77,30.54,purchase_order
RCV0001886,PO0001641,9829417,SUP-03,2023-02-17,578,65.67,purchase_order
RCV0001887,PO0001682,9938113,SUP-02,2023-02-17,36,27.7,purchase_order
RCV0001888,PO0001697,2731345,SUP-01,2023-02-18,129,25.92,purchase_order
RCV0001889,PO0001610,3157737,SUP-06,2023-02-18,58,40.57,purchase_order
RCV0001890,PO0001637,3676700,SUP-05,2023-02-18,101,26.73,purchase_order
RCV0001891,PO0001671,4194454,SUP-12,2023-02-18,359,26.35,purchase_order
RCV0001892,PO0001566,4200826,SUP-11,2023-02-18,33,10.71,purchase_order
RCV0001893,PO0001638,4870730,SUP-05,2023-02-18,57,11.62,purchase_order
RCV0001894,PO0001662,5027667,SUP-12,2023-02-18,48,50.28,purchase_order
RCV0001895,PO0001622,4098324,SUP-07,2023-02-19,245,8.82,purchase_order
RCV0001896,PO0001676,5092850,SUP-12,2023-02-19,67,7.85,purchase_order
RCV0001897,PO0001627,1430298,SUP-06,2023-02-20,36,62.0,purchase_order
RCV0001898,PO0001619,1517547,SUP-03,2023-02-20,37,11.23,purchase_order
RCV0001899,PO0001718,2299273,SUP-01,2023-02-20,48,10.02,purchase_order
RCV0001900,PO0001694,7062170,SUP-02,2023-02-20,27,15.57,purchase_order
RCV0001901,PO0001577,8758486,SUP-11,2023-02-20,77,36.61,purchase_order
RCV0001902,PO0001611,8832573,SUP-07,2023-02-20,32,40.04,purchase_order
RCV0001903,PO0001634,9746038,SUP-07,2023-02-20,36,16.54,purchase_order
RCV0001904,PO0001652,1080071,SUP-05,2023-02-21,35,18.01,purchase_order
RCV0001905,PO0001690,4489659,SUP-12,2023-02-21,177,26.91,purchase_order
RCV0001906,PO0001681,6854023,SUP-03,2023-02-21,139,59.13,purchase_order
RCV0001907,PO0001653,1778504,SUP-05,2023-02-22,30,30.29,purchase_order
RCV0001908,PO0001646,6362414,SUP-07,2023-02-22,163,9.73,purchase_order
RCV0001909,PO0001659,9036326,SUP-05,2023-02-22,374,3.11,purchase_order
RCV0001910,PO0001660,9261290,SUP-05,2023-02-22,191,33.53,purchase_order
RCV0001911,PO0001617,6938043,SUP-08,2023-02-23,36,20.29,purchase_order
RCV0001912,PO0001626,8536600,SUP-08,2023-02-23,30,9.27,purchase_order
RCV0001913,PO0001601,9110019,SUP-06,2023-02-23,57,17.16,purchase_order
RCV0001914,PO0001592,9800243,SUP-11,2023-02-23,311,36.88,purchase_order
RCV0001915,PO0001642,1092786,SUP-05,2023-02-24,53,4.37,purchase_order
RCV0001916,PO0001607,2292183,SUP-08,2023-02-24,66,5.65,purchase_order
RCV0001917,PO0001665,5234930,SUP-05,2023-02-24,87,90.36,purchase_order
RCV0001918,PO0001651,7729308,SUP-06,2023-02-24,255,18.44,purchase_order
RCV0001919,PO0001661,1356979,SUP-07,2023-02-25,559,13.18,purchase_order
RCV0001920,PO0001635,1640473,SUP-08,2023-02-25,28,12.36,purchase_order
RCV0001921,PO0001699,3240903,SUP-03,2023-02-25,52,27.74,purchase_order
RCV0001922,PO0001723,7496477,SUP-12,2023-02-25,30,46.63,purchase_order
RCV0001923,PO0001708,8838340,SUP-03,2023-02-25,40,15.42,purchase_order
RCV0001924,PO0001713,5822751,SUP-03,2023-02-26,99,29.38,purchase_order
RCV0001925,PO0001751,7180258,SUP-01,2023-02-26,39,32.35,purchase_order
RCV0001926,PO0001715,9940011,SUP-03,2023-02-26,190,19.47,purchase_order
RCV0001927,PO0001668,1367097,SUP-06,2023-02-27,32,24.11,purchase_order
RCV0001928,PO0001717,1850756,SUP-03,2023-02-27,36,20.39,purchase_order
RCV0001929,PO0001669,2287051,SUP-07,2023-02-27,48,9.71,purchase_order
RCV0001930,PO0001734,9388289,SUP-12,2023-02-27,102,33.6,purchase_order
RCV0001931,PO0001689,2931280,SUP-05,2023-02-28,73,13.61,purchase_order
RCV0001932,PO0001670,3006131,SUP-06,2023-02-28,36,61.76,purchase_order
RCV0001933,PO0001674,3166872,SUP-06,2023-02-28,44,17.21,purchase_order
RCV0001934,PO0001712,3428363,SUP-04,2023-02-28,221,28.04,purchase_order
RCV0001935,PO0001740,4994348,SUP-02,2023-02-28,126,22.48,purchase_order
RCV0001936,PO0001727,5315329,SUP-04,2023-02-28,40,18.68,purchase_order
RCV0001937,PO0001618,7303637,SUP-10,,57,36.94,purchase_order
RCV0001938,PO0001656,7567958,SUP-08,2023-02-28,109,45.19,purchase_order
RCV0001939,PO0001695,9645778,SUP-05,2023-02-28,617,12.61,purchase_order
RCV0001940,PO0001730,4646091,SUP-04,2023-03-01,66,30.78,purchase_order
RCV0001941,PO0001677,6079235,SUP-06,2023-03-01,219,3.85,purchase_order
RCV0001942,PO0001731,6460385,SUP-03,2023-03-01,41,53.08,purchase_order
RCV0001943,PO0001736,6474782,SUP-12,2023-03-01,67,36.7,purchase_order
RCV0001944,PO0001683,6944057,SUP-06,2023-03-01,33,21.12,purchase_order
RCV0001945,PO0001684,7171122,SUP-07,2023-03-01,50,28.26,purchase_order
RCV0001946,PO0001686,7630387,SUP-07,2023-03-01,32,13.46,purchase_order
RCV0001947,PO0001657,8261390,SUP-08,2023-03-01,27,77.05,purchase_order
RCV0001948,PO0001597,8795573,SUP-11,2023-03-01,184,13.22,purchase_order
RCV0001949,PO0001649,1385609,SUP-09,2023-03-02,35,55.13,purchase_order
RCV0001950,PO0001777,5553390,SUP-01,2023-03-02,28,26.91,purchase_order
RCV0001951,PO0001691,5599767,SUP-07,2023-03-02,82,6.16,purchase_order
RCV0001952,PO0001639,6543834,SUP-10,2023-03-02,40,5.68,purchase_order
RCV0001953,PO0001603,6693651,SUP-11,2023-03-02,96,14.22,purchase_order
RCV0001954,PO0001693,5530296,SUP-07,2023-03-03,90,12.69,purchase_order
RCV0001955,PO0001780,7801595,SUP-01,2023-03-03,43,43.95,purchase_order
RCV0001956,PO0001771,9065490,SUP-01,2023-03-03,117,46.65,purchase_order
RCV0001957,PO0001613,1383693,SUP-11,2023-03-04,93,18.6,purchase_order
RCV0001958,PO0001782,2380478,SUP-01,2023-03-04,77,24.51,purchase_order
RCV0001959,PO0001700,3346010,SUP-07,2023-03-04,425,10.12,purchase_order
RCV0001960,PO0001701,3689249,SUP-07,2023-03-04,73,16.78,purchase_order
RCV0001961,PO0001741,6155600,SUP-03,2023-03-04,47,18.45,purchase_order
RCV0001962,PO0001743,7212311,SUP-03,2023-03-04,66,14.26,purchase_order
RCV0001963,PO0001704,7255659,SUP-07,2023-03-04,54,41.07,purchase_order
RCV0001964,PO0001706,7448961,SUP-07,2023-03-04,97,5.14,purchase_order
RCV0001965,PO0001709,9118832,SUP-06,2023-03-04,215,79.12,purchase_order
RCV0001966,PO0001702,4170752,SUP-06,2023-03-05,856,95.46,purchase_order
RCV0001967,PO0001623,4720552,SUP-11,2023-03-05,95,7.99,purchase_order
RCV0001968,PO0001749,5186154,SUP-03,2023-03-05,48,43.62,purchase_order
RCV0001969,PO0001678,6245368,SUP-08,2023-03-05,114,11.42,purchase_order
RCV0001970,PO0001728,6280890,SUP-05,2023-03-05,48,12.27,purchase_order
RCV0001971,PO0001763,7474821,SUP-12,2023-03-05,28,21.06,purchase_order
RCV0001972,PO0001772,9118281,SUP-02,2023-03-05,64,8.13,purchase_order
RCV0001973,PO0001716,1079923,SUP-07,2023-03-06,74,46.99,purchase_order
RCV0001974,PO0001688,1959257,SUP-08,2023-03-06,35,7.42,purchase_order
RCV0001975,PO0001710,2404737,SUP-06,2023-03-06,30,31.92,purchase_order
RCV0001976,PO0001719,3289377,SUP-07,2023-03-06,54,31.33,purchase_order
RCV0001977,PO0001672,4236332,SUP-05,2023-03-06,85,15.8,purchase_order
RCV0001978,PO0001754,4411802,SUP-03,2023-03-06,58,23.73,purchase_order
RCV0001979,PO0001650,6637675,SUP-09,2023-03-06,48,16.61,purchase_order
RCV0001980,PO0001685,7622260,SUP-08,2023-03-06,38,38.77,purchase_order
RCV0001981,PO0001632,7826018,SUP-11,2023-03-06,43,5.72,purchase_order
RCV0001982,PO0001724,1854723,SUP-07,2023-03-07,40,22.71,purchase_order
RCV0001983,PO0001783,2993399,SUP-02,2023-03-07,42,45.46,purchase_order
RCV0001984,PO0001726,5212958,SUP-03,2023-03-07,24,41.35,purchase_order
RCV0001985,PO0001786,3383881,SUP-02,2023-03-08,39,61.51,purchase_order
RCV0001986,PO0001803,3583619,SUP-01,2023-03-08,61,9.38,purchase_order
RCV0001987,PO0001703,5068008,SUP-08,2023-03-08,100,8.35,purchase_order
RCV0001988,PO0001732,7390450,SUP-07,2023-03-08,106,17.52,purchase_order
RCV0001989,PO0001737,7427053,SUP-05,2023-03-08,48,28.28,purchase_order
RCV0001990,PO0001746,1910407,SUP-05,2023-03-09,40,31.3,purchase_order
RCV0001991,PO0001711,2565553,SUP-08,2023-03-09,52,7.43,purchase_order
RCV0001992,PO0001675,3330012,SUP-06,2023-03-09,40,9.32,purchase_order
RCV0001993,PO0001680,6380274,SUP-10,2023-03-09,122,92.1,purchase_order
RCV0001994,PO0001778,8926382,SUP-03,2023-03-09,38,14.46,purchase_order
RCV0001995,PO0001747,4648994,SUP-05,2023-03-10,61,10.18,purchase_order
RCV0001996,PO0001645,5781989,SUP-10,2023-03-10,30,37.13,purchase_order
RCV0001997,PO0001654,6960004,SUP-11,2023-03-10,75,17.69,purchase_order
RCV0001998,PO0001735,8746636,SUP-05,2023-03-10,90,29.11,purchase_order
RCV0001999,PO0001738,9554682,SUP-07,2023-03-10,51,45.95,purchase_order
RCV0002000,PO0001687,9841830,SUP-10,2023-03-10,328,5.51,purchase_order
RCV0002001,PO0001816,2527689,SUP-01,2023-03-11,44,16.1,purchase_order
RCV0002002,PO0001757,3243048,SUP-05,2023-03-11,692,19.64,purchase_order
RCV0002003,PO0001742,7201529,SUP-06,2023-03-11,100,36.39,purchase_order
RCV0002004,PO0001768,3206674,SUP-12,2023-03-12,49,11.87,purchase_order
RCV0002005,PO0001787,3781033,SUP-03,2023-03-12,50,19.73,purchase_order
RCV0002006,PO0001789,5131367,SUP-04,2023-03-12,47,10.56,purchase_order
RCV0002007,PO0001714,6520765,SUP-09,2023-03-12,38,30.77,purchase_order
RCV0002008,PO0001750,6529231,SUP-07,2023-03-12,47,12.24,purchase_order
RCV0002009,PO0001811,9351656,SUP-02,2023-03-12,40,10.16,purchase_order
RCV0002010,PO0001765,9721204,SUP-12,2023-03-12,36,22.87,purchase_order
RCV0002011,PO0001834,4059984,SUP-01,2023-03-13,32,16.71,purchase_order
RCV0002012,PO0001673,7814384,SUP-11,2023-03-13,104,31.2,purchase_order
RCV0002013,PO0001666,8004216,SUP-11,2023-03-13,39,16.82,purchase_order
RCV0002014,PO0001770,8800984,SUP-05,2023-03-13,81,7.89,purchase_order
RCV0002015,PO0001756,9172205,SUP-06,2023-03-13,28,8.17,purchase_order
RCV0002016,PO0001725,2704704,SUP-09,2023-03-14,72,52.3,purchase_order
RCV0002017,PO0001839,3503816,SUP-01,2023-03-14,32,9.58,purchase_order
RCV0002018,PO0001758,3852546,SUP-06,2023-03-14,130,33.77,purchase_order
RCV0002019,PO0001799,4895822,SUP-03,2023-03-14,44,23.71,purchase_order
RCV0002020,PO0001679,6351542,SUP-11,2023-03-14,46,14.74,purchase_order
RCV0002021,PO0001800,6497266,SUP-03,2023-03-14,151,4.16,purchase_order
RCV0002022,PO0001762,6695684,SUP-07,2023-03-14,46,23.76,purchase_order
RCV0002023,PO0001809,6810241,SUP-12,2023-03-14,160,7.51,purchase_order
RCV0002024,PO0001810,7346335,SUP-12,2023-03-14,58,29.06,purchase_order
RCV0002025,PO0001707,8488816,SUP-10,2023-03-14,48,27.65,purchase_order
RCV0002026,PO0001729,9315482,SUP-09,2023-03-14,53,28.72,purchase_order
RCV0002027,PO0001804,5250988,SUP-03,2023-03-15,33,11.51,purchase_order
RCV0002028,PO0001825,5409305,SUP-02,2023-03-15,44,49.39,purchase_order
RCV0002029,PO0001759,5466720,SUP-06,2023-03-15,64,48.34,purchase_order
RCV0002030,PO0001829,7946407,SUP-02,2023-03-15,40,29.5,purchase_order
RCV0002031,PO0001696,1522015,SUP-06,2023-03-16,70,60.81,purchase_order
RCV0002032,PO0001849,2154101,SUP-01,2023-03-16,138,6.11,purchase_order
RCV0002033,PO0001818,3301602,SUP-12,2023-03-16,58,16.4,purchase_order
RCV0002034,PO0001720,4123600,SUP-10,2023-03-16,107,70.88,purchase_order
RCV0002035,PO0001774,4663963,SUP-07,2023-03-16,66,14.44,purchase_order
RCV0002036,PO0001721,4708009,SUP-10,2023-03-16,36,48.77,purchase_order
RCV0002037,PO0001776,5114384,SUP-06,2023-03-16,266,10.46,purchase_order
RCV0002038,PO0001821,5862621,SUP-12,2023-03-16,179,17.62,purchase_order
RCV0002039,PO0001851,5908484,SUP-01,2023-03-16,244,98.71,purchase_order
RCV0002040,PO0001692,7047405,SUP-11,2023-03-16,48,12.39,purchase_order
RCV0002041,PO0001853,3318117,SUP-01,2023-03-17,45,22.13,purchase_order
RCV0002042,PO0001722,5425967,SUP-06,2023-03-17,40,45.73,purchase_order
RCV0002043,PO0001826,5495706,SUP-12,2023-03-17,32,62.0,purchase_order
RCV0002044,PO0001779,5509792,SUP-07,2023-03-17,36,35.53,purchase_order
RCV0002045,PO0001655,7106580,SUP-10,2023-03-17,44,15.25,purchase_order
RCV0002046,PO0001830,8016491,SUP-12,2023-03-17,44,73.98,purchase_order
RCV0002047,PO0001784,3648094,SUP-07,2023-03-18,45,16.92,purchase_order
RCV0002048,PO0001739,4076320,SUP-09,2023-03-18,40,5.37,purchase_order
RCV0002049,PO0001705,7310073,SUP-11,2023-03-18,35,39.7,purchase_order
RCV0002050,PO0001745,1601049,SUP-09,2023-03-19,36,12.45,purchase_order
RCV0002051,PO0001698,2804964,SUP-11,2023-03-19,51,16.93,purchase_order
RCV0002052,PO0001802,3487534,SUP-03,2023-03-19,48,10.76,purchase_order
RCV0002053,PO0001773,3817121,SUP-07,2023-03-19,32,33.44,purchase_order
RCV0002054,PO0001752,7941277,SUP-09,2023-03-19,30,18.85,purchase_order
RCV0002055,PO0001775,4705110,SUP-08,2023-03-20,168,10.04,purchase_order
RCV0002056,PO0001844,5520674,SUP-12,2023-03-20,46,13.5,purchase_order
RCV0002057,PO0001845,7620070,SUP-12,2023-03-20,44,30.12,purchase_order
RCV0002058,PO0001794,9248008,SUP-07,2023-03-20,44,33.97,purchase_order
RCV0002059,PO0001793,1111123,SUP-06,2023-03-21,34,20.2,purchase_order
RCV0002060,PO0001796,2645378,SUP-07,2023-03-21,35,3.43,purchase_order
RCV0002061,PO0001797,2738486,SUP-07,2023-03-21,36,10.01,purchase_order
RCV0002062,PO0001798,4356662,SUP-06,2023-03-21,53,110.15,purchase_order
RCV0002063,PO0001760,5847380,SUP-09,2023-03-21,62,20.29,purchase_order
RCV0002064,PO0001767,9939190,SUP-09,2023-03-21,226,22.71,purchase_order
RCV0002065,PO0001842,3124731,SUP-04,2023-03-22,89,13.57,purchase_order
RCV0002066,PO0001801,6953807,SUP-06,2023-03-22,68,5.93,purchase_order
RCV0002067,PO0001863,7182700,SUP-02,2023-03-22,1345,45.61,purchase_order
RCV0002068,PO0001806,7275086,SUP-07,2023-03-22,89,27.63,purchase_order
RCV0002069,PO0001769,7279985,SUP-09,2023-03-22,39,54.73,purchase_order
RCV0002070,PO0001807,8721483,SUP-07,2023-03-22,65,14.45,purchase_order
RCV0002071,PO0001892,5678537,SUP-01,2023-03-23,158,63.99,purchase_order
RCV0002072,PO0001733,9075437,SUP-11,2023-03-23,71,12.26,purchase_order
RCV0002073,PO0001785,1038403,SUP-08,2023-03-24,40,25.88,purchase_order
RCV0002074,PO0001893,2299273,SUP-01,2023-03-24,60,10.04,purchase_order
RCV0002075,PO0001744,7429245,SUP-08,2023-03-24,72,7.49,purchase_order
RCV0002076,PO0001813,8089253,SUP-07,2023-03-24,78,45.0,purchase_order
RCV0002077,PO0001832,1189654,SUP-05,2023-03-25,52,13.81,purchase_order
RCV0002078,PO0001815,1196740,SUP-12,2023-03-25,45,30.92,purchase_order
RCV0002079,PO0001819,4098324,SUP-07,2023-03-25,324,8.85,purchase_order
RCV0002080,PO0001820,4365384,SUP-07,2023-03-25,40,88.87,purchase_order
RCV0002081,PO0001812,6000495,SUP-06,2023-03-25,32,23.37,purchase_order
RCV0002082,PO0001761,6026055,SUP-06,2023-03-25,32,23.33,purchase_order
RCV0002083,PO0001824,1072276,SUP-07,2023-03-26,32,20.63,purchase_order
RCV0002084,PO0001817,3157737,SUP-06,2023-03-26,72,40.62,purchase_order
RCV0002085,PO0001788,4143393,SUP-09,2023-03-26,102,101.39,purchase_order
RCV0002086,PO0001877,5092850,SUP-12,2023-03-26,84,7.74,purchase_order
RCV0002087,PO0001906,5553390,SUP-01,2023-03-26,40,27.22,purchase_order
RCV0002088,PO0001828,7433330,SUP-07,2023-03-26,37,6.52,purchase_order
RCV0002089,PO0001791,7954298,SUP-09,2023-03-26,35,33.53,purchase_order
RCV0002090,PO0001888,8966163,SUP-02,2023-03-26,3349,32.05,purchase_order
RCV0002091,PO0001792,9319849,SUP-09,2023-03-26,503,82.21,purchase_order
RCV0002092,PO0001867,9829417,SUP-03,2023-03-26,681,67.97,purchase_order
RCV0002093,PO0001753,1029072,SUP-11,2023-03-27,73,23.81,purchase_order
RCV0002094,PO0001869,3240903,SUP-03,2023-03-27,67,28.63,purchase_order
RCV0002095,PO0001883,4489659,SUP-12,2023-03-27,216,27.29,purchase_order
RCV0002096,PO0001748,4958034,SUP-11,2023-03-27,34,17.57,purchase_order
RCV0002097,PO0001831,8754194,SUP-06,2023-03-27,247,23.22,purchase_order
RCV0002098,PO0001781,9040237,SUP-10,2023-03-27,84,56.44,purchase_order
RCV0002099,PO0001848,1092786,SUP-05,2023-03-28,75,4.6,purchase_order
RCV0002100,PO0001838,1099410,SUP-07,2023-03-28,346,6.4,purchase_order
RCV0002101,PO0001919,2731345,SUP-01,2023-03-28,151,25.82,purchase_order
RCV0002102,PO0001833,3676700,SUP-05,2023-03-28,123,28.55,purchase_order
RCV0002103,PO0001840,6362414,SUP-07,2023-03-28,207,9.85,purchase_order
RCV0002104,PO0001790,7871485,SUP-10,2023-03-28,40,8.82,purchase_order
RCV0002105,PO0001764,8218381,SUP-11,2023-03-28,28,14.14,purchase_order
RCV0002106,PO0001881,8903471,SUP-02,2023-03-28,171,9.92,purchase_order
RCV0002107,PO0001755,9111330,SUP-11,2023-03-28,54,79.3,purchase_order
RCV0002108,PO0001860,3533080,SUP-03,2023-03-29,28,47.96,purchase_order
RCV0002109,PO0001903,4123413,SUP-02,2023-03-29,44,22.57,purchase_order
RCV0002110,PO0001805,5852256,SUP-09,2023-03-29,51,19.34,purchase_order
RCV0002111,PO0001841,1430298,SUP-06,2023-03-30,41,63.05,purchase_order
RCV0002112,PO0001846,7729308,SUP-06,2023-03-30,350,18.67,purchase_order
RCV0002113,PO0001858,1083413,SUP-05,2023-03-31,83,36.56,purchase_order
RCV0002114,PO0001902,3211935,SUP-12,2023-03-31,27,23.33,purchase_order
RCV0002115,PO0001878,5212958,SUP-03,2023-03-31,41,42.43,purchase_order
RCV0002116,PO0001922,7062170,SUP-02,2023-03-31,33,15.89,purchase_order
RCV0002117,PO0001875,1517547,SUP-03,2023-04-01,48,11.61,purchase_order
RCV0002118,PO0001870,5234930,SUP-05,2023-04-01,113,93.47,purchase_order
RCV0002119,PO0001871,6854023,SUP-03,2023-04-01,171,60.93,purchase_order
RCV0002120,PO0001915,7373415,SUP-12,2023-04-01,43,13.19,purchase_order
RCV0002121,PO0001766,9739117,SUP-11,2023-04-01,53,20.27,purchase_order
RCV0002122,PO0001854,1428173,SUP-07,2023-04-02,196,49.35,purchase_order
RCV0002123,PO0001861,3554832,SUP-07,2023-04-02,134,26.9,purchase_order
RCV0002124,PO0001862,4747587,SUP-07,2023-04-02,6957,31.63,purchase_order
RCV0002125,PO0001835,5599030,SUP-09,2023-04-03,38,9.18,purchase_order
RCV0002126,PO0001912,6024870,SUP-03,2023-04-03,61,16.9,purchase_order
RCV0002127,PO0001847,8536600,SUP-08,2023-04-03,37,9.23,purchase_order
RCV0002128,PO0001873,8832573,SUP-07,2023-04-03,38,39.13,purchase_order
RCV0002129,PO0001930,3004815,SUP-12,2023-04-04,62,30.62,purchase_order
RCV0002130,PO0001932,7496477,SUP-12,2023-04-04,37,46.19,purchase_order
RCV0002131,PO0001942,9938113,SUP-02,2023-04-04,37,27.44,purchase_order
RCV0002132,PO0001795,1383693,SUP-11,2023-04-05,117,18.26,purchase_order
RCV0002133,PO0001859,1778504,SUP-05,2023-04-05,30,31.71,purchase_order
RCV0002134,PO0001852,2292183,SUP-08,2023-04-05,72,5.77,purchase_order
RCV0002135,PO0001876,2404737,SUP-06,2023-04-05,40,31.67,purchase_order
RCV0002136,PO0001904,4194454,SUP-12,2023-04-05,388,26.53,purchase_order
RCV0002137,PO0001947,4994348,SUP-02,2023-04-05,152,22.49,purchase_order
RCV0002138,PO0001956,7180258,SUP-01,2023-04-05,47,32.66,purchase_order
RCV0002139,PO0001961,9065490,SUP-01,2023-04-05,141,45.62,purchase_order
RCV0002140,PO0001882,9355705,SUP-06,2023-04-05,44,40.09,purchase_order
RCV0002141,PO0001889,9746038,SUP-07,2023-04-05,38,16.19,purchase_order
RCV0002142,PO0001891,2287051,SUP-07,2023-04-06,57,9.63,purchase_order
RCV0002143,PO0001808,4200826,SUP-11,2023-04-07,33,10.88,purchase_order
RCV0002144,PO0001948,5027667,SUP-12,2023-04-07,52,50.47,purchase_order
RCV0002145,PO0001936,5464062,SUP-03,2023-04-07,347,7.69,purchase_order
RCV0002146,PO0001895,1079923,SUP-07,2023-04-08,90,46.8,purchase_order
RCV0002147,PO0001940,3428363,SUP-04,2023-04-08,254,27.65,purchase_order
RCV0002148,PO0001898,5599767,SUP-07,2023-04-08,98,6.17,purchase_order
RCV0002149,PO0001855,6637675,SUP-09,2023-04-08,57,16.7,purchase_order
RCV0002150,PO0001916,7427053,SUP-05,2023-04-08,66,30.07,purchase_order
RCV0002151,PO0001814,8795573,SUP-11,2023-04-08,213,13.28,purchase_order
RCV0002152,PO0001977,2380478,SUP-01,2023-04-09,93,24.63,purchase_order
RCV0002153,PO0001949,6460385,SUP-03,2023-04-09,44,55.18,purchase_order
RCV0002154,PO0001827,6693651,SUP-11,2023-04-09,108,13.99,purchase_order
RCV0002155,PO0001822,7047405,SUP-11,2023-04-09,65,12.5,purchase_order
RCV0002156,PO0001823,8758486,SUP-11,2023-04-09,79,36.62,purchase_order
RCV0002157,PO0001868,1385609,SUP-09,2023-04-10,41,54.98,purchase_order
RCV0002158,PO0001890,1959257,SUP-08,2023-04-10,45,7.33,purchase_order
RCV0002159,PO0001910,3289377,SUP-07,2023-04-10,62,31.03,purchase_order
RCV0002160,PO0001911,3689249,SUP-07,2023-04-10,89,16.73,purchase_order
RCV0002161,PO0001951,3781033,SUP-03,2023-04-10,67,20.12,purchase_order
RCV0002162,PO0001928,6280890,SUP-05,2023-04-10,57,12.71,purchase_order
RCV0002163,PO0001959,7474821,SUP-12,2023-04-10,37,20.96,purchase_order
RCV0002164,PO0001836,7826018,SUP-11,2023-04-10,53,5.77,purchase_order
RCV0002165,PO0001907,7949185,SUP-06,2023-04-10,22,12.22,purchase_order
RCV0002166,PO0001874,1204442,SUP-09,2023-04-11,32,52.73,purchase_order
RCV0002167,PO0001963,3206674,SUP-12,2023-04-11,69,12.03,purchase_order
RCV0002168,PO0001920,5530296,SUP-07,2023-04-11,94,12.67,purchase_order
RCV0002169,PO0001921,6079235,SUP-06,2023-04-11,238,3.8,purchase_order
RCV0002170,PO0001923,7630387,SUP-07,2023-04-11,38,13.38,purchase_order
RCV0002171,PO0001976,8110966,SUP-02,2023-04-11,27,8.65,purchase_order
RCV0002172,PO0001887,8261390,SUP-08,2023-04-11,30,77.37,purchase_order
RCV0002173,PO0001918,8511889,SUP-06,2023-04-11,36,31.26,purchase_order
RCV0002174,PO0001837,9800243,SUP-11,2023-04-11,251,37.42,purchase_order
RCV0002175,PO0001954,4646091,SUP-04,2023-04-12,69,30.74,purchase_order
RCV0002176,PO0001885,6517467,SUP-05,2023-04-12,98,43.22,purchase_order
RCV0002177,PO0001864,7303637,SUP-10,2023-04-12,62,36.65,purchase_order
RCV0002178,PO0001925,9118832,SUP-06,2023-04-12,195,79.18,purchase_order
RCV0002179,PO0001926,3006131,SUP-06,2023-04-13,38,62.68,purchase_order
RCV0002180,PO0001985,3383881,SUP-02,2023-04-13,50,61.16,purchase_order
RCV0002181,PO0001843,4720552,SUP-11,2023-04-13,111,8.07,purchase_order
RCV0002182,PO0001967,7212311,SUP-03,2023-04-13,80,14.55,purchase_order
RCV0002183,PO0001899,7567958,SUP-08,2023-04-13,116,45.08,purchase_order
RCV0002184,PO0001865,9036326,SUP-05,2023-04-13,453,3.3,purchase_order
RCV0002185,PO0001943,1910407,SUP-05,2023-04-14,48,33.03,purchase_order
RCV0002186,PO0001969,2295523,SUP-03,2023-04-14,1966,20.13,purchase_order
RCV0002187,PO0001850,2317989,SUP-11,2023-04-14,30,24.76,purchase_order
RCV0002188,PO0001927,4236332,SUP-05,2023-04-14,108,16.82,purchase_order
RCV0002189,PO0001897,5068008,SUP-08,2023-04-14,127,8.19,purchase_order
RCV0002190,PO0001884,5781989,SUP-10,2023-04-14,37,37.9,purchase_order
RCV0002191,PO0001879,6543834,SUP-10,2023-04-14,44,5.69,purchase_order
RCV0002192,PO0001937,7255659,SUP-07,2023-04-14,61,40.12,purchase_order
RCV0002193,PO0001934,9110019,SUP-06,2023-04-14,54,17.26,purchase_order
RCV0002194,PO0001901,9755526,SUP-08,2023-04-14,4146,35.03,purchase_order
RCV0002195,PO0002007,2527689,SUP-01,2023-04-15,55,15.69,purchase_order
RCV0002196,PO0001975,5186154,SUP-03,2023-04-15,54,45.07,purchase_order
RCV0002197,PO0001913,6245368,SUP-08,2023-04-15,122,11.21,purchase_order
RCV0002198,PO0001886,7622260,SUP-08,2023-04-15,51,39.62,purchase_order
RCV0002199,PO0001952,1080071,SUP-05,2023-04-16,27,18.62,purchase_order
RCV0002200,PO0001998,2993399,SUP-02,2023-04-16,51,45.5,purchase_order
RCV0002201,PO0001946,4663963,SUP-07,2023-04-16,78,14.46,purchase_order
RCV0002202,PO0001980,5822751,SUP-03,2023-04-16,101,30.49,purchase_order
RCV0002203,PO0001856,6768228,SUP-11,2023-04-16,445,8.91,purchase_order
RCV0002204,PO0001857,7864641,SUP-11,2023-04-16,414,6.84,purchase_order
RCV0002205,PO0001984,8838340,SUP-03,2023-04-16,44,15.94,purchase_order
RCV0002206,PO0001995,9388289,SUP-12,2023-04-16,106,33.48,purchase_order
RCV0002207,PO0001939,3166872,SUP-06,2023-04-17,48,16.86,purchase_order
RCV0002208,PO0001914,6520765,SUP-09,2023-04-17,48,31.06,purchase_order
RCV0002209,PO0002020,7801595,SUP-01,2023-04-17,46,43.6,purchase_order
RCV0002210,PO0001917,7941277,SUP-09,2023-04-17,44,19.08,purchase_order
RCV0002211,PO0001872,8004216,SUP-11,2023-04-17,47,16.73,purchase_order
RCV0002212,PO0001997,2102225,SUP-12,2023-04-18,10158,15.91,purchase_order
RCV0002213,PO0001953,2337045,SUP-05,2023-04-18,64,9.58,purchase_order
RCV0002214,PO0001964,3243048,SUP-05,2023-04-18,798,20.26,purchase_order
RCV0002215,PO0001945,3330012,SUP-06,2023-04-18,49,9.45,purchase_order
RCV0002216,PO0002021,3503816,SUP-01,2023-04-18,38,9.51,purchase_order
RCV0002217,PO0001993,5315329,SUP-04,2023-04-18,44,18.72,purchase_order
RCV0002218,PO0001880,6960004,SUP-11,2023-04-18,84,17.68,purchase_order
RCV0002219,PO0001960,8800984,SUP-05,2023-04-18,102,8.35,purchase_order
RCV0002220,PO0002012,9351656,SUP-02,2023-04-18,48,10.1,purchase_order
RCV0002221,PO0001931,6944057,SUP-06,2023-04-19,42,20.8,purchase_order
RCV0002222,PO0001957,7390450,SUP-07,2023-04-19,113,17.3,purchase_order
RCV0002223,PO0001908,9841830,SUP-10,2023-04-19,355,5.52,purchase_order
RCV0002224,PO0001938,1522015,SUP-06,2023-04-20,98,61.08,purchase_order
RCV0002225,PO0001965,3817121,SUP-07,2023-04-20,40,32.92,purchase_order
RCV0002226,PO0001929,2565553,SUP-08,2023-04-21,60,7.33,purchase_order
RCV0002227,PO0001970,3002277,SUP-07,2023-04-21,368,16.56,purchase_order
RCV0002228,PO0002014,5520674,SUP-12,2023-04-21,55,13.47,purchase_order
RCV0002229,PO0001966,7201529,SUP-06,2023-04-21,114,36.24,purchase_order
RCV0002230,PO0001958,7448961,SUP-07,2023-04-21,101,5.11,purchase_order
RCV0002231,PO0001973,9248008,SUP-07,2023-04-21,55,33.87,purchase_order
RCV0002232,PO0002006,1850756,SUP-03,2023-04-22,34,20.82,purchase_order
RCV0002233,PO0001974,1854723,SUP-07,2023-04-22,43,23.26,purchase_order
RCV0002234,PO0001971,3852546,SUP-06,2023-04-22,147,33.36,purchase_order
RCV0002235,PO0002019,7346335,SUP-12,2023-04-22,73,29.15,purchase_order
RCV0002236,PO0001941,9315482,SUP-09,2023-04-22,60,28.67,purchase_order
RCV0002237,PO0001896,2377662,SUP-11,2023-04-23,53,47.4,purchase_order
RCV0002238,PO0001944,2704704,SUP-09,2023-04-23,81,52.44,purchase_order
RCV0002239,PO0002039,5409305,SUP-02,2023-04-23,46,49.25,purchase_order
RCV0002240,PO0002023,5862621,SUP-12,2023-04-23,199,18.01,purchase_order
RCV0002241,PO0001900,8218381,SUP-11,2023-04-23,37,14.2,purchase_order
RCV0002242,PO0001950,1640473,SUP-08,2023-04-24,26,12.29,purchase_order
RCV0002243,PO0002016,3487534,SUP-03,2023-04-24,54,10.5,purchase_order
RCV0002244,PO0001905,4958034,SUP-11,2023-04-24,45,17.91,purchase_order
RCV0002245,PO0002032,6474782,SUP-12,2023-04-24,60,36.35,purchase_order
RCV0002246,PO0001988,7275086,SUP-07,2023-04-24,110,28.03,purchase_order
RCV0002247,PO0002069,3583619,SUP-01,2023-04-25,61,9.19,purchase_order
RCV0002248,PO0001935,4123600,SUP-10,2023-04-25,122,70.38,purchase_order
RCV0002249,PO0001986,5466720,SUP-06,2023-04-25,73,49.25,purchase_order
RCV0002250,PO0001987,6026055,SUP-06,2023-04-25,48,24.0,purchase_order
RCV0002251,PO0002010,6497266,SUP-03,2023-04-25,173,4.26,purchase_order
RCV0002252,PO0001866,9198161,SUP-10,2023-04-25,45,66.6,purchase_order
RCV0002253,PO0001909,2804964,SUP-11,2023-04-26,60,16.76,purchase_order
RCV0002254,PO0002046,3301602,SUP-12,2023-04-26,62,16.23,purchase_order
RCV0002255,PO0002030,5250988,SUP-03,2023-04-26,41,11.36,purchase_order
RCV0002256,PO0002075,5678537,SUP-01,2023-04-26,187,63.14,purchase_order
RCV0002257,PO0002063,7946407,SUP-02,2023-04-26,45,29.44,purchase_order
RCV0002258,PO0002036,8926382,SUP-03,2023-04-26,40,14.79,purchase_order
RCV0002259,PO0001996,5425967,SUP-06,2023-04-27,44,45.78,purchase_order
RCV0002260,PO0001981,6938043,SUP-08,2023-04-27,32,20.43,purchase_order
RCV0002261,PO0002000,8721483,SUP-07,2023-04-27,70,14.88,purchase_order
RCV0002262,PO0002068,9118281,SUP-02,2023-04-27,56,8.14,purchase_order
RCV0002263,PO0002003,2118773,SUP-07,2023-04-28,237,15.08,purchase_order
RCV0002264,PO0002058,3004815,SUP-12,2023-04-28,90,30.52,purchase_order
RCV0002265,PO0002008,4648994,SUP-05,2023-04-28,62,10.65,purchase_order
RCV0002266,PO0001978,4705110,SUP-08,2023-04-28,181,10.12,purchase_order
RCV0002267,PO0002047,5131367,SUP-04,2023-04-28,48,10.61,purchase_order
RCV0002268,PO0002084,5908484,SUP-01,2023-04-28,254,99.54,purchase_order
RCV0002269,PO0001982,7429245,SUP-08,2023-04-28,96,7.55,purchase_order
RCV0002270,PO0001933,9075437,SUP-11,2023-04-28,88,12.23,purchase_order
RCV0002271,PO0002086,2154101,SUP-01,2023-04-29,135,6.08,purchase_order
RCV0002272,PO0002009,4762867,SUP-07,2023-04-29,1151,7.46,purchase_order
RCV0002273,PO0001999,6000495,SUP-06,2023-04-29,43,23.77,purchase_order
RCV0002274,PO0002067,6810241,SUP-12,2023-04-29,156,7.46,purchase_order
RCV0002275,PO0002011,7620070,SUP-12,2023-04-29,61,30.56,purchase_order
RCV0002276,PO0002078,4123413,SUP-02,2023-04-30,57,22.68,purchase_order
RCV0002277,PO0001994,7093987,SUP-08,2023-04-30,407,17.3,purchase_order
RCV0002278,PO0002013,1430298,SUP-06,2023-05-01,53,61.64,purchase_order
RCV0002279,PO0002074,5495706,SUP-12,2023-05-01,32,62.73,purchase_order
RCV0002280,PO0001894,6380274,SUP-10,2023-05-01,145,92.27,purchase_order
RCV0002281,PO0001990,8746636,SUP-05,2023-05-01,89,29.75,purchase_order
RCV0002282,PO0002076,1196740,SUP-12,2023-05-02,45,30.49,purchase_order
RCV0002283,PO0001992,4076320,SUP-09,2023-05-02,43,5.27,purchase_order
RCV0002284,PO0002017,5114384,SUP-06,2023-05-02,266,10.52,purchase_order
RCV0002285,PO0002022,5509792,SUP-07,2023-05-02,37,36.76,purchase_order
RCV0002286,PO0002015,6953807,SUP-06,2023-05-02,76,5.91,purchase_order
RCV0002287,PO0002092,7182700,SUP-02,2023-05-02,1445,45.74,purchase_order
RCV0002288,PO0001924,7814384,SUP-11,2023-05-02,113,31.28,purchase_order
RCV0002289,PO0002026,1072276,SUP-07,2023-05-03,37,21.09,purchase_order
RCV0002290,PO0001968,1367097,SUP-06,2023-05-03,32,24.06,purchase_order
RCV0002291,PO0002045,2931280,SUP-05,2023-05-03,61,14.36,purchase_order
RCV0002292,PO0002028,4365384,SUP-07,2023-05-03,45,92.13,purchase_order
RCV0002293,PO0001983,8488816,SUP-10,2023-05-03,48,29.29,purchase_order
RCV0002294,PO0002103,8903471,SUP-02,2023-05-03,189,10.16,purchase_order
RCV0002295,PO0002027,1111123,SUP-06,2023-05-04,31,20.18,purchase_order
RCV0002296,PO0001979,4708009,SUP-10,2023-05-04,37,51.02,purchase_order
RCV0002297,PO0002042,6529231,SUP-07,2023-05-04,46,12.54,purchase_order
RCV0002298,PO0002106,8966163,SUP-02,2023-05-04,3575,31.52,purchase_order
RCV0002299,PO0002001,9319849,SUP-09,2023-05-04,498,83.35,purchase_order
RCV0002300,PO0001962,1029072,SUP-11,2023-05-05,87,23.9,purchase_order
RCV0002301,PO0002097,4489659,SUP-12,2023-05-05,241,26.66,purchase_order
RCV0002302,PO0002048,7171122,SUP-07,2023-05-05,42,28.69,purchase_order
RCV0002303,PO0002049,7433330,SUP-07,2023-05-05,44,6.77,purchase_order
RCV0002304,PO0002102,7496477,SUP-12,2023-05-05,46,45.65,purchase_order
RCV0002305,PO0001972,9172205,SUP-06,2023-05-05,33,8.06,purchase_order
RCV0002306,PO0002005,9679390,SUP-09,2023-05-05,383,8.59,purchase_order
RCV0002307,PO0002088,3533080,SUP-03,2023-05-06,34,48.62,purchase_order
RCV0002308,PO0002091,6024870,SUP-03,2023-05-06,84,16.84,purchase_order
RCV0002309,PO0002053,9554682,SUP-07,2023-05-06,44,46.23,purchase_order
RCV0002310,PO0002095,9829417,SUP-03,2023-05-06,736,68.31,purchase_order
RCV0002311,PO0002054,1099410,SUP-07,2023-05-07,355,6.69,purchase_order
RCV0002312,PO0002056,1428173,SUP-07,2023-05-07,215,51.24,purchase_order
RCV0002313,PO0002059,4098324,SUP-07,2023-05-07,336,9.13,purchase_order
RCV0002314,PO0002099,4895822,SUP-03,2023-05-07,40,24.51,purchase_order
RCV0002315,PO0002060,6362414,SUP-07,2023-05-07,224,10.05,purchase_order
RCV0002316,PO0002105,5212958,SUP-03,2023-05-08,47,41.78,purchase_order
RCV0002317,PO0002018,5847380,SUP-09,2023-05-08,62,20.59,purchase_order
RCV0002318,PO0002108,1517547,SUP-03,2023-05-09,51,11.4,purchase_order
RCV0002319,PO0002110,4411802,SUP-03,2023-05-09,47,24.48,purchase_order
RCV0002320,PO0002117,5027667,SUP-12,2023-05-09,65,50.08,purchase_order
RCV0002321,PO0002144,5553390,SUP-01,2023-05-09,47,26.83,purchase_order
RCV0002322,PO0002132,7062170,SUP-02,2023-05-09,40,15.79,purchase_order
RCV0002323,PO0002064,7949185,SUP-06,2023-05-09,30,12.13,purchase_order
RCV0002324,PO0002121,8016491,SUP-12,2023-05-09,41,73.51,purchase_order
RCV0002325,PO0002037,1038403,SUP-08,2023-05-10,44,26.53,purchase_order
RCV0002326,PO0002080,1083413,SUP-05,2023-05-10,82,36.91,purchase_order
RCV0002327,PO0002082,1189654,SUP-05,2023-05-10,55,13.93,purchase_order
RCV0002328,PO0002044,2292183,SUP-08,2023-05-10,85,5.74,purchase_order
RCV0002329,PO0002113,6155600,SUP-03,2023-05-10,37,18.96,purchase_order
RCV0002330,PO0001989,7310073,SUP-11,2023-05-10,33,39.69,purchase_order
RCV0002331,PO0002038,1601049,SUP-09,2023-05-11,36,12.21,purchase_order
RCV0002332,PO0001991,2317989,SUP-11,2023-05-11,37,25.27,purchase_order
RCV0002333,PO0002073,3211935,SUP-12,2023-05-11,36,23.75,purchase_order
RCV0002334,PO0002152,3318117,SUP-01,2023-05-11,42,22.41,purchase_order
RCV0002335,PO0002077,3676700,SUP-05,2023-05-11,128,27.88,purchase_order
RCV0002336,PO0002070,4356662,SUP-06,2023-05-11,53,111.65,purchase_order
RCV0002337,PO0002029,4870730,SUP-05,2023-05-11,45,12.29,purchase_order
RCV0002338,PO0002040,5599030,SUP-09,2023-05-11,42,9.21,purchase_order
RCV0002339,PO0002041,5852256,SUP-09,2023-05-11,52,18.91,purchase_order
RCV0002340,PO0002134,9721204,SUP-12,2023-05-11,31,22.73,purchase_order
RCV0002341,PO0002155,2731345,SUP-01,2023-05-12,157,26.04,purchase_order
RCV0002342,PO0002083,3554832,SUP-07,2023-05-12,140,26.96,purchase_order
RCV0002343,PO0002050,7954298,SUP-09,2023-05-12,36,34.06,purchase_order
RCV0002344,PO0002002,9739117,SUP-11,2023-05-12,56,20.52,purchase_order
RCV0002345,PO0002087,2738486,SUP-07,2023-05-13,35,10.15,purchase_order
RCV0002346,PO0002004,4200826,SUP-11,2023-05-13,40,10.91,purchase_order
RCV0002347,PO0002131,6854023,SUP-03,2023-05-13,170,61.22,purchase_order
RCV0002348,PO0001955,7106580,SUP-10,2023-05-13,41,15.18,purchase_order
RCV0002349,PO0002162,7180258,SUP-01,2023-05-13,53,32.82,purchase_order
RCV0002350,PO0002071,8754194,SUP-06,2023-05-13,253,23.36,purchase_order
RCV0002351,PO0002081,1162680,SUP-06,2023-05-14,6039,95.63,purchase_order
RCV0002352,PO0002043,1778504,SUP-05,2023-05-14,40,32.14,purchase_order
RCV0002353,PO0002100,6695684,SUP-07,2023-05-14,40,24.36,purchase_order
RCV0002354,PO0002085,9118832,SUP-06,2023-05-14,277,78.93,purchase_order
RCV0002355,PO0002142,3781033,SUP-03,2023-05-15,78,20.31,purchase_order
RCV0002356,PO0002066,6637675,SUP-09,2023-05-15,69,16.29,purchase_order
RCV0002357,PO0002158,8110966,SUP-02,2023-05-15,36,8.73,purchase_order
RCV0002358,PO0002109,3289377,SUP-07,2023-05-16,75,31.78,purchase_order
RCV0002359,PO0002161,4994348,SUP-02,2023-05-16,166,22.29,purchase_order
RCV0002360,PO0002072,1204442,SUP-09,2023-05-17,39,52.07,purchase_order
RCV0002361,PO0002180,4059984,SUP-01,2023-05-17,26,16.37,purchase_order
RCV0002362,PO0002061,7303637,SUP-10,2023-05-17,77,38.48,purchase_order
RCV0002363,PO0002024,9111330,SUP-11,2023-05-17,50,80.82,purchase_order
RCV0002364,PO0002125,1080071,SUP-05,2023-05-18,36,18.8,purchase_order
RCV0002365,PO0002183,2299273,SUP-01,2023-05-18,53,9.78,purchase_order
RCV0002366,PO0002151,3240903,SUP-03,2023-05-18,63,28.36,purchase_order
RCV0002367,PO0002118,5234930,SUP-05,2023-05-18,123,93.38,purchase_order
RCV0002368,PO0002031,6351542,SUP-11,2023-05-18,40,14.79,purchase_order
RCV0002369,PO0002163,7373415,SUP-12,2023-05-18,45,13.52,purchase_order
RCV0002370,PO0002093,7729308,SUP-06,2023-05-18,359,18.32,purchase_order
RCV0002371,PO0002035,8795573,SUP-11,2023-05-18,237,13.2,purchase_order
RCV0002372,PO0002025,9800243,SUP-11,2023-05-18,310,37.04,purchase_order
RCV0002373,PO0002116,4194454,SUP-12,2023-05-19,449,26.22,purchase_order
RCV0002374,PO0002167,5092850,SUP-12,2023-05-19,75,7.99,purchase_order
RCV0002375,PO0002033,7047405,SUP-11,2023-05-19,81,12.31,purchase_order
RCV0002376,PO0002034,8758486,SUP-11,2023-05-19,87,36.89,purchase_order
RCV0002377,PO0002123,9110019,SUP-06,2023-05-19,64,16.99,purchase_order
RCV0002378,PO0002089,4143393,SUP-09,2023-05-20,93,101.56,purchase_order
RCV0002379,PO0002129,4663963,SUP-07,2023-05-20,100,14.69,purchase_order
RCV0002380,PO0002133,8089253,SUP-07,,69,44.63,purchase_order
RCV0002381,PO0002122,8511889,SUP-06,2023-05-20,42,31.6,purchase_order
RCV0002382,PO0002198,9065490,SUP-01,2023-05-20,155,46.3,purchase_order
RCV0002383,PO0002135,9748139,SUP-07,2023-05-20,1779,7.51,purchase_order
RCV0002384,PO0002096,1385609,SUP-09,2023-05-21,46,54.94,purchase_order
RCV0002385,PO0002115,2404737,SUP-06,2023-05-21,35,32.04,purchase_order
RCV0002386,PO0002166,3428363,SUP-04,2023-05-21,264,27.44,purchase_order
RCV0002387,PO0002130,6079235,SUP-06,2023-05-21,267,3.8,purchase_order
RCV0002388,PO0002051,6693651,SUP-11,2023-05-21,116,14.07,purchase_order
RCV0002389,PO0002052,8218381,SUP-11,2023-05-21,49,14.51,purchase_order
RCV0002390,PO0002065,9040237,SUP-10,2023-05-21,80,60.59,purchase_order
RCV0002391,PO0002055,1383693,SUP-11,2023-05-22,118,18.73,purchase_order
RCV0002392,PO0002057,2377662,SUP-11,2023-05-22,68,47.85,purchase_order
RCV0002393,PO0002140,2645378,SUP-07,2023-05-22,29,3.47,purchase_order
RCV0002394,PO0002146,6517467,SUP-05,2023-05-22,113,44.36,purchase_order
RCV0002395,PO0002111,8261390,SUP-08,2023-05-22,34,77.01,purchase_order
RCV0002396,PO0002094,9355705,SUP-06,2023-05-22,50,40.87,purchase_order
RCV0002397,PO0002185,3206674,SUP-12,2023-05-23,77,12.45,purchase_order
RCV0002398,PO0002143,3648094,SUP-07,2023-05-23,38,17.29,purchase_order
RCV0002399,PO0002145,5599767,SUP-07,2023-05-23,100,6.26,purchase_order
RCV0002400,PO0002178,5822751,SUP-03,2023-05-23,117,30.87,purchase_order
RCV0002401,PO0002153,7427053,SUP-05,2023-05-23,69,29.71,purchase_order
RCV0002402,PO0002062,7826018,SUP-11,2023-05-23,46,5.7,purchase_order
RCV0002403,PO0002126,1959257,SUP-08,2023-05-24,42,7.31,purchase_order
RCV0002404,PO0002090,5781989,SUP-10,2023-05-24,44,39.48,purchase_order
RCV0002405,PO0002119,6245368,SUP-08,2023-05-24,135,11.37,purchase_order
RCV0002406,PO0002127,6280890,SUP-05,2023-05-24,65,12.62,purchase_order
RCV0002407,PO0002114,7941277,SUP-09,2023-05-24,53,18.76,purchase_order
RCV0002408,PO0002148,1079923,SUP-07,2023-05-25,93,47.48,purchase_order
RCV0002409,PO0002184,3124731,SUP-04,2023-05-25,71,13.7,purchase_order
RCV0002410,PO0002219,3503816,SUP-01,2023-05-25,48,9.55,purchase_order
RCV0002411,PO0002186,4646091,SUP-04,2023-05-25,74,30.19,purchase_order
RCV0002412,PO0002188,6460385,SUP-03,2023-05-25,46,54.54,purchase_order
RCV0002413,PO0002128,7567958,SUP-08,2023-05-25,125,45.07,purchase_order
RCV0002414,PO0002154,2337045,SUP-05,2023-05-26,80,9.52,purchase_order
RCV0002415,PO0002160,4236332,SUP-05,2023-05-26,116,16.45,purchase_order
RCV0002416,PO0002157,5530296,SUP-07,2023-05-26,102,12.96,purchase_order
RCV0002417,PO0002139,6938043,SUP-08,2023-05-26,44,20.22,purchase_order
RCV0002418,PO0002079,8004216,SUP-11,2023-05-26,53,16.62,purchase_order
RCV0002419,PO0002165,9036326,SUP-05,2023-05-26,400,3.31,purchase_order
RCV0002420,PO0002159,9746038,SUP-07,2023-05-26,37,16.8,purchase_order
RCV0002421,PO0002136,1640473,SUP-08,2023-05-27,37,12.22,purchase_order
RCV0002422,PO0002150,3166872,SUP-06,2023-05-27,53,18.01,purchase_order
RCV0002423,PO0002204,6474782,SUP-12,2023-05-27,72,37.87,purchase_order
RCV0002424,PO0002208,1196740,SUP-12,2023-05-28,65,31.38,purchase_order
RCV0002425,PO0002199,1850756,SUP-03,2023-05-28,41,21.09,purchase_order
RCV0002426,PO0002171,1910407,SUP-05,2023-05-28,48,32.43,purchase_order
RCV0002427,PO0002098,4720552,SUP-11,2023-05-28,112,7.97,purchase_order
RCV0002428,PO0002168,7390450,SUP-07,2023-05-28,132,17.81,purchase_order
RCV0002429,PO0002112,9841830,SUP-10,2023-05-28,441,5.77,purchase_order
RCV0002430,PO0002138,3006131,SUP-06,2023-05-29,39,62.4,purchase_order
RCV0002431,PO0002205,7212311,SUP-03,2023-05-29,78,14.43,purchase_order
RCV0002432,PO0002213,7474821,SUP-12,2023-05-29,33,21.8,purchase_order
RCV0002433,PO0002182,8746636,SUP-05,2023-05-29,94,29.96,purchase_order
RCV0002434,PO0002215,9388289,SUP-12,2023-05-29,117,34.61,purchase_order
RCV0002435,PO0002176,2287051,SUP-07,2023-05-30,54,9.7,purchase_order
RCV0002436,PO0002149,2565553,SUP-08,2023-05-30,69,7.39,purchase_order
RCV0002437,PO0002104,3157737,SUP-06,2023-05-30,69,40.35,purchase_order
RCV0002438,PO0002101,6960004,SUP-11,2023-05-30,94,17.4,purchase_order
RCV0002439,PO0002174,7201529,SUP-06,2023-05-30,129,37.46,purchase_order
RCV0002440,PO0002107,9739117,SUP-11,2023-05-30,74,20.5,purchase_order
RCV0002441,PO0002172,3330012,SUP-06,2023-05-31,55,9.89,purchase_order
RCV0002442,PO0002225,5520674,SUP-12,2023-05-31,66,13.86,purchase_order
RCV0002443,PO0002181,7448961,SUP-07,2023-05-31,121,5.22,purchase_order
RCV0002444,PO0002214,8838340,SUP-03,2023-05-31,47,16.26,purchase_order
RCV0002445,PO0002193,1092786,SUP-05,2023-06-01,55,4.58,purchase_order
RCV0002446,PO0002228,3004815,SUP-12,2023-06-01,117,31.23,purchase_order
RCV0002447,PO0002218,3487534,SUP-03,2023-06-01,65,10.68,purchase_order
RCV0002448,PO0002141,3698437,SUP-10,2023-06-01,375,29.72,purchase_order
RCV0002449,PO0002156,5068008,SUP-08,2023-06-01,122,8.19,purchase_order
RCV0002450,PO0002264,7801595,SUP-01,2023-06-02,51,42.97,purchase_order
RCV0002451,PO0002191,8832573,SUP-07,2023-06-02,34,39.86,purchase_order
RCV0002452,PO0002195,5509792,SUP-07,2023-06-03,50,36.79,purchase_order
RCV0002453,PO0002196,7255659,SUP-07,2023-06-03,58,41.53,purchase_order
RCV0002454,PO0002252,9351656,SUP-02,2023-06-03,50,10.34,purchase_order
RCV0002455,PO0002200,3243048,SUP-05,2023-06-04,818,20.62,purchase_order
RCV0002456,PO0002202,7171122,SUP-07,2023-06-04,57,28.19,purchase_order
RCV0002457,PO0002137,2804964,SUP-11,2023-06-05,65,16.53,purchase_order
RCV0002458,PO0002261,3383881,SUP-02,2023-06-05,45,62.42,purchase_order
RCV0002459,PO0002280,3583619,SUP-01,2023-06-05,73,9.29,purchase_order
RCV0002460,PO0002201,3852546,SUP-06,2023-06-05,153,36.04,purchase_order
RCV0002461,PO0002177,4705110,SUP-08,2023-06-05,216,10.32,purchase_order
RCV0002462,PO0002206,7275086,SUP-07,2023-06-05,119,28.27,purchase_order
RCV0002463,PO0002209,2931280,SUP-05,2023-06-06,71,14.24,purchase_order
RCV0002464,PO0002210,3817121,SUP-07,2023-06-06,41,33.97,purchase_order
RCV0002465,PO0002242,5131367,SUP-04,2023-06-06,41,10.48,purchase_order
RCV0002466,PO0002243,5315329,SUP-04,2023-06-06,47,18.74,purchase_order
RCV0002467,PO0002194,5466720,SUP-06,2023-06-06,77,52.38,purchase_order
RCV0002468,PO0002179,6520765,SUP-09,2023-06-06,47,30.55,purchase_order
RCV0002469,PO0002272,9118281,SUP-02,2023-06-06,68,8.11,purchase_order
RCV0002470,PO0002274,9938113,SUP-02,2023-06-06,32,27.61,purchase_order
RCV0002471,PO0002260,3301602,SUP-12,2023-06-07,67,17.1,purchase_order
RCV0002472,PO0002276,4123413,SUP-02,,69,22.53,purchase_order
RCV0002473,PO0002147,7692382,SUP-11,2023-06-07,579,21.22,purchase_order
RCV0002474,PO0002294,5678537,SUP-01,2023-06-08,204,63.91,purchase_order
RCV0002475,PO0002257,6155600,SUP-03,2023-06-08,52,18.96,purchase_order
RCV0002476,PO0002212,6944057,SUP-06,2023-06-08,41,22.41,purchase_order
RCV0002477,PO0002227,8800984,SUP-05,2023-06-08,99,8.46,purchase_order
RCV0002478,PO0002124,9198161,SUP-10,2023-06-08,57,69.54,purchase_order
RCV0002479,PO0002221,9248008,SUP-07,2023-06-08,58,34.41,purchase_order
RCV0002480,PO0002189,9319849,SUP-09,2023-06-08,627,82.27,purchase_order
RCV0002481,PO0002190,3163829,SUP-09,2023-06-09,1121,18.22,purchase_order
RCV0002482,PO0002223,3689249,SUP-07,2023-06-09,76,17.45,purchase_order
RCV0002483,PO0002216,1111123,SUP-06,2023-06-10,40,21.29,purchase_order
RCV0002484,PO0002256,2993399,SUP-02,2023-06-10,50,45.98,purchase_order
RCV0002485,PO0002173,4123600,SUP-10,2023-06-10,131,75.35,purchase_order
RCV0002486,PO0002267,4895822,SUP-03,2023-06-10,49,24.26,purchase_order
RCV0002487,PO0002220,5114384,SUP-06,2023-06-10,302,11.19,purchase_order
RCV0002488,PO0002238,6497266,SUP-03,2023-06-10,187,4.34,purchase_order
RCV0002489,PO0002197,7279985,SUP-09,2023-06-10,28,55.79,purchase_order
RCV0002490,PO0002231,7630387,SUP-07,2023-06-10,32,13.87,purchase_order
RCV0002491,PO0002222,1430298,SUP-06,2023-06-11,63,65.84,purchase_order
RCV0002492,PO0002310,2527689,SUP-01,2023-06-11,48,16.24,purchase_order
RCV0002493,PO0002285,3211935,SUP-12,2023-06-11,44,24.58,purchase_order
RCV0002494,PO0002187,4708009,SUP-10,2023-06-11,44,50.38,purchase_order
RCV0002495,PO0002169,9315482,SUP-09,2023-06-11,67,28.73,purchase_order
RCV0002496,PO0002164,7814384,SUP-11,2023-06-12,122,31.24,purchase_order
RCV0002497,PO0002301,7946407,SUP-02,2023-06-12,52,29.81,purchase_order
RCV0002498,PO0002207,8536600,SUP-08,2023-06-12,29,9.13,purchase_order
RCV0002499,PO0002240,8721483,SUP-07,2023-06-12,70,14.63,purchase_order
RCV0002500,PO0002170,1029072,SUP-11,2023-06-13,99,24.25,purchase_order
RCV0002501,PO0002175,1367097,SUP-06,2023-06-13,46,25.94,purchase_order
RCV0002502,PO0002320,2380478,SUP-01,2023-06-13,53,24.8,purchase_order
RCV0002503,PO0002295,5862621,SUP-12,2023-06-13,190,18.14,purchase_order
RCV0002504,PO0002296,7346335,SUP-12,2023-06-13,65,30.24,purchase_order
RCV0002505,PO0002120,7871485,SUP-10,2023-06-13,36,9.38,purchase_order
RCV0002506,PO0002244,9554682,SUP-07,2023-06-13,51,46.9,purchase_order
RCV0002507,PO0002246,1099410,SUP-07,2023-06-14,408,6.57,purchase_order
RCV0002508,PO0002323,2154101,SUP-01,2023-06-14,141,6.21,purchase_order
RCV0002509,PO0002241,4648994,SUP-05,2023-06-14,69,10.46,purchase_order
RCV0002510,PO0002248,4870730,SUP-05,2023-06-14,51,12.14,purchase_order
RCV0002511,PO0002211,5847380,SUP-09,2023-06-14,73,20.38,purchase_order
RCV0002512,PO0002313,7182700,SUP-02,2023-06-14,1517,46.15,purchase_order
RCV0002513,PO0002203,8488816,SUP-10,2023-06-14,59,29.64,purchase_order
RCV0002514,PO0002316,8966163,SUP-02,2023-06-14,3907,31.89,purchase_order
RCV0002515,PO0002255,1854723,SUP-07,2023-06-15,40,23.21,purchase_order
RCV0002516,PO0002217,2704704,SUP-09,2023-06-15,77,53.56,purchase_order
RCV0002517,PO0002328,4059984,SUP-01,2023-06-15,32,17.08,purchase_order
RCV0002518,PO0002306,5495706,SUP-12,2023-06-15,34,63.95,purchase_order
RCV0002519,PO0002332,5908484,SUP-01,2023-06-15,245,102.99,purchase_order
RCV0002520,PO0002281,6810241,SUP-12,2023-06-15,165,7.56,purchase_order
RCV0002521,PO0002315,8903471,SUP-02,2023-06-15,203,10.1,purchase_order
RCV0002522,PO0002245,1083413,SUP-05,2023-06-16,101,37.05,purchase_order
RCV0002523,PO0002298,3533080,SUP-03,2023-06-16,37,47.58,purchase_order
RCV0002524,PO0002311,4489659,SUP-12,2023-06-16,267,27.76,purchase_order
RCV0002525,PO0002226,7429245,SUP-08,2023-06-16,97,7.37,purchase_order
RCV0002526,PO0002251,7949185,SUP-06,2023-06-16,36,12.94,purchase_order
RCV0002527,PO0002303,8926382,SUP-03,2023-06-16,39,14.57,purchase_order
RCV0002528,PO0002239,1038403,SUP-08,2023-06-17,51,25.99,purchase_order
RCV0002529,PO0002254,1522015,SUP-06,2023-06-17,73,63.0,purchase_order
RCV0002530,PO0002229,5852256,SUP-09,2023-06-17,62,18.91,purchase_order
RCV0002531,PO0002266,1189654,SUP-05,2023-06-18,52,14.07,purchase_order
RCV0002532,PO0002233,1601049,SUP-09,2023-06-18,40,12.31,purchase_order
RCV0002533,PO0002275,3554832,SUP-07,2023-06-18,165,27.03,purchase_order
RCV0002534,PO0002287,5186154,SUP-03,2023-06-18,47,44.28,purchase_order
RCV0002535,PO0002330,5409305,SUP-02,2023-06-18,42,48.77,purchase_order
RCV0002536,PO0002235,5599030,SUP-09,2023-06-18,50,9.26,purchase_order
RCV0002537,PO0002268,6026055,SUP-06,2023-06-18,44,24.76,purchase_order
RCV0002538,PO0002192,9075437,SUP-11,2023-06-18,87,12.43,purchase_order
RCV0002539,PO0002290,9721204,SUP-12,2023-06-18,42,23.61,purchase_order
RCV0002540,PO0002317,9829417,SUP-03,2023-06-18,748,68.61,purchase_order
RCV0002541,PO0002236,6000495,SUP-06,2023-06-19,44,25.08,purchase_order
RCV0002542,PO0002263,6953807,SUP-06,2023-06-19,78,6.15,purchase_order
RCV0002543,PO0002327,7620070,SUP-12,2023-06-19,55,31.23,purchase_order
RCV0002544,PO0002283,1428173,SUP-07,2023-06-20,231,51.45,purchase_order
RCV0002545,PO0002348,2299273,SUP-01,2023-06-20,66,10.2,purchase_order
RCV0002546,PO0002284,2645378,SUP-07,2023-06-20,39,3.43,purchase_order
RCV0002547,PO0002288,6529231,SUP-07,2023-06-20,50,12.52,purchase_order
RCV0002548,PO0002273,9172205,SUP-06,2023-06-20,24,8.63,purchase_order
RCV0002549,PO0002247,4076320,SUP-09,2023-06-21,41,5.23,purchase_order
RCV0002550,PO0002292,6695684,SUP-07,2023-06-21,48,23.77,purchase_order
RCV0002551,PO0002293,1072276,SUP-07,2023-06-22,37,20.99,purchase_order
RCV0002552,PO0002224,5425967,SUP-06,2023-06-22,41,47.83,purchase_order
RCV0002553,PO0002230,6380274,SUP-10,2023-06-22,140,98.01,purchase_order
RCV0002554,PO0002259,1204442,SUP-09,2023-06-23,45,51.74,purchase_order
RCV0002555,PO0002336,1517547,SUP-03,2023-06-23,57,11.54,purchase_order
RCV0002556,PO0002299,4365384,SUP-07,2023-06-23,43,92.13,purchase_order
RCV0002557,PO0002304,1080071,SUP-05,2023-06-24,45,18.82,purchase_order
RCV0002558,PO0002305,2738486,SUP-07,2023-06-24,36,10.32,purchase_order
RCV0002559,PO0002360,3318117,SUP-01,2023-06-24,44,22.6,purchase_order
RCV0002560,PO0002339,4411802,SUP-03,2023-06-24,45,24.68,purchase_order
RCV0002561,PO0002343,5092850,SUP-12,2023-06-24,88,8.01,purchase_order
RCV0002562,PO0002340,6024870,SUP-03,2023-06-24,81,16.81,purchase_order
RCV0002563,PO0002307,6362414,SUP-07,2023-06-24,216,10.04,purchase_order
RCV0002564,PO0002270,7622260,SUP-08,2023-06-24,38,38.81,purchase_order
RCV0002565,PO0002277,4143393,SUP-09,2023-06-25,113,103.39,purchase_order
RCV0002566,PO0002371,2731345,SUP-01,2023-06-26,153,26.12,purchase_order
RCV0002567,PO0002345,3781033,SUP-03,2023-06-26,89,20.15,purchase_order
RCV0002568,PO0002237,6351542,SUP-11,2023-06-26,48,15.0,purchase_order
RCV0002569,PO0002297,8754194,SUP-06,2023-06-26,265,24.92,purchase_order
RCV0002570,PO0002232,9111330,SUP-11,2023-06-26,57,80.38,purchase_order
RCV0002571,PO0002350,5212958,SUP-03,2023-06-27,44,42.74,purchase_order
RCV0002572,PO0002262,6543834,SUP-10,2023-06-27,34,6.02,purchase_order
RCV0002573,PO0002265,9040237,SUP-10,2023-06-27,98,59.12,purchase_order
RCV0002574,PO0002234,2317989,SUP-11,2023-06-28,42,25.16,purchase_order
RCV0002575,PO0002324,3676700,SUP-05,2023-06-28,126,28.05,purchase_order
RCV0002576,PO0002325,4098324,SUP-07,2023-06-28,307,9.12,purchase_order
RCV0002577,PO0002338,5234930,SUP-05,2023-06-28,123,94.68,purchase_order
RCV0002578,PO0002337,1778504,SUP-05,2023-06-29,40,31.76,purchase_order
RCV0002579,PO0002326,6517467,SUP-05,2023-06-29,130,43.88,purchase_order
RCV0002580,PO0002363,8016491,SUP-12,2023-06-29,43,75.6,purchase_order
RCV0002581,PO0002253,9800243,SUP-11,2023-06-29,343,37.13,purchase_order
RCV0002582,PO0002354,5027667,SUP-12,2023-06-30,65,52.07,purchase_order
RCV0002583,PO0002388,5553390,SUP-01,2023-06-30,45,27.84,purchase_order
RCV0002584,PO0002367,6474782,SUP-12,2023-06-30,90,37.92,purchase_order
RCV0002585,PO0002300,6637675,SUP-09,2023-06-30,73,16.61,purchase_order
RCV0002586,PO0002308,8261390,SUP-08,2023-06-30,38,76.83,purchase_order
RCV0002587,PO0002359,3240903,SUP-03,2023-07-01,67,28.94,purchase_order
RCV0002588,PO0002249,4958034,SUP-11,2023-07-01,40,17.9,purchase_order
RCV0002589,PO0002362,6854023,SUP-03,2023-07-01,165,60.46,purchase_order
RCV0002590,PO0002258,7310073,SUP-11,2023-07-01,32,39.62,purchase_order
RCV0002591,PO0002341,8089253,SUP-07,2023-07-01,74,44.66,purchase_order
RCV0002592,PO0002282,8511889,SUP-06,2023-07-01,57,33.21,purchase_order
RCV0002593,PO0002309,1959257,SUP-08,2023-07-02,42,7.23,purchase_order
RCV0002594,PO0002365,3428363,SUP-04,2023-07-02,275,27.41,purchase_order
RCV0002595,PO0002269,6693651,SUP-11,2023-07-02,123,14.04,purchase_order
RCV0002596,PO0002250,7106580,SUP-10,2023-07-02,48,15.84,purchase_order
RCV0002597,PO0002314,7567958,SUP-08,2023-07-02,151,44.42,purchase_order
RCV0002598,PO0002335,7729308,SUP-06,2023-07-02,375,19.83,purchase_order
RCV0002599,PO0002271,8795573,SUP-11,2023-07-02,248,13.06,purchase_order
RCV0002600,PO0002318,2292183,SUP-08,2023-07-03,80,5.8,purchase_order
RCV0002601,PO0002372,5131367,SUP-04,2023-07-03,62,10.71,purchase_order
RCV0002602,PO0002346,5599767,SUP-07,2023-07-03,112,6.19,purchase_order
RCV0002603,PO0002384,4194454,SUP-12,2023-07-04,445,26.68,purchase_order
RCV0002604,PO0002278,7826018,SUP-11,2023-07-04,60,5.76,purchase_order
RCV0002605,PO0002286,4200826,SUP-11,2023-07-05,39,10.8,purchase_order
RCV0002606,PO0002400,4994348,SUP-02,2023-07-05,154,22.23,purchase_order
RCV0002607,PO0002279,7871485,SUP-10,2023-07-05,52,9.43,purchase_order
RCV0002608,PO0002355,9036326,SUP-05,2023-07-05,495,3.28,purchase_order
RCV0002609,PO0002342,2404737,SUP-06,2023-07-06,45,33.51,purchase_order
RCV0002610,PO0002385,5822751,SUP-03,2023-07-06,122,30.54,purchase_order
RCV0002611,PO0002333,6079235,SUP-06,2023-07-06,286,4.12,purchase_order
RCV0002612,PO0002398,7474821,SUP-12,2023-07-06,36,21.91,purchase_order
RCV0002613,PO0002402,8110966,SUP-02,2023-07-06,33,8.57,purchase_order
RCV0002614,PO0002289,8758486,SUP-11,2023-07-06,88,37.23,purchase_order
RCV0002615,PO0002351,9110019,SUP-06,2023-07-06,68,18.0,purchase_order
RCV0002616,PO0002352,9118832,SUP-06,2023-07-06,176,83.36,purchase_order
RCV0002617,PO0002357,9746038,SUP-07,2023-07-06,40,16.48,purchase_order
RCV0002618,PO0002386,3124731,SUP-04,2023-07-07,77,13.57,purchase_order
RCV0002619,PO0002358,3648094,SUP-07,2023-07-07,40,17.21,purchase_order
RCV0002620,PO0002334,6245368,SUP-08,2023-07-07,150,11.42,purchase_order
RCV0002621,PO0002401,7496477,SUP-12,2023-07-07,38,46.96,purchase_order
RCV0002622,PO0002405,9388289,SUP-12,2023-07-07,124,34.76,purchase_order
RCV0002623,PO0002353,3157737,SUP-06,2023-07-08,85,42.76,purchase_order
RCV0002624,PO0002427,7180258,SUP-01,2023-07-08,46,32.7,purchase_order
RCV0002625,PO0002408,7373415,SUP-12,2023-07-08,44,13.7,purchase_order
RCV0002626,PO0002291,2377662,SUP-11,2023-07-09,73,48.04,purchase_order
RCV0002627,PO0002368,7433330,SUP-07,2023-07-09,38,6.74,purchase_order
RCV0002628,PO0002302,8218381,SUP-11,2023-07-09,53,14.28,purchase_order
RCV0002629,PO0002435,9065490,SUP-01,2023-07-09,139,46.97,purchase_order
RCV0002630,PO0002412,1196740,SUP-12,2023-07-10,77,31.27,purchase_order
RCV0002631,PO0002349,2565553,SUP-08,2023-07-10,73,7.34,purchase_order
RCV0002632,PO0002356,3006131,SUP-06,2023-07-10,46,65.29,purchase_order
RCV0002633,PO0002373,5530296,SUP-07,2023-07-10,100,12.75,purchase_order
RCV0002634,PO0002361,6280890,SUP-05,2023-07-10,71,12.64,purchase_order
RCV0002635,PO0002312,6960004,SUP-11,2023-07-10,103,17.54,purchase_order
RCV0002636,PO0002444,2380478,SUP-01,2023-07-11,79,25.04,purchase_order
RCV0002637,PO0002364,3330012,SUP-06,2023-07-11,57,9.77,purchase_order
RCV0002638,PO0002331,5781989,SUP-10,2023-07-11,46,39.58,purchase_order
RCV0002639,PO0002379,3289377,SUP-07,2023-07-12,66,32.2,purchase_order
RCV0002640,PO0002377,7427053,SUP-05,2023-07-12,72,29.52,purchase_order
RCV0002641,PO0002381,7448961,SUP-07,2023-07-12,129,5.24,purchase_order
RCV0002642,PO0002383,8832573,SUP-07,2023-07-12,39,39.84,purchase_order
RCV0002643,PO0002319,1383693,SUP-11,2023-07-13,114,18.65,purchase_order
RCV0002644,PO0002442,7062170,SUP-02,2023-07-13,32,16.4,purchase_order
RCV0002645,PO0002378,9355705,SUP-06,2023-07-13,38,42.71,purchase_order
RCV0002646,PO0002419,1850756,SUP-03,2023-07-14,45,21.27,purchase_order
RCV0002647,PO0002392,2337045,SUP-05,2023-07-14,81,9.52,purchase_order
RCV0002648,PO0002321,2804964,SUP-11,2023-07-14,78,16.69,purchase_order
RCV0002649,PO0002387,3689249,SUP-07,2023-07-14,88,17.0,purchase_order
RCV0002650,PO0002329,4720552,SUP-11,2023-07-14,116,8.02,purchase_order
RCV0002651,PO0002322,7047405,SUP-11,2023-07-14,75,12.63,purchase_order
RCV0002652,PO0002394,2931280,SUP-05,2023-07-15,96,14.19,purchase_order
RCV0002653,PO0002375,4356662,SUP-06,2023-07-15,43,116.42,purchase_order
RCV0002654,PO0002404,8746636,SUP-05,2023-07-15,112,29.97,purchase_order
RCV0002655,PO0002473,2527689,SUP-01,2023-07-16,61,16.3,purchase_order
RCV0002656,PO0002389,7201529,SUP-06,2023-07-16,114,38.31,purchase_order
RCV0002657,PO0002433,7212311,SUP-03,2023-07-16,75,14.41,purchase_order
RCV0002658,PO0002370,7941277,SUP-09,2023-07-16,49,19.18,purchase_order
RCV0002659,PO0002450,3206674,SUP-12,2023-07-17,60,12.49,purchase_order
RCV0002660,PO0002438,5315329,SUP-04,2023-07-17,51,18.53,purchase_order
RCV0002661,PO0002397,6944057,SUP-06,2023-07-17,48,22.01,purchase_order
RCV0002662,PO0002374,7279985,SUP-09,2023-07-17,33,54.43,purchase_order
RCV0002663,PO0002459,9938113,SUP-02,2023-07-17,33,28.01,purchase_order
RCV0002664,PO0002445,5250988,SUP-03,2023-07-18,25,11.4,purchase_order
RCV0002665,PO0002411,7390450,SUP-07,2023-07-18,127,18.12,purchase_order
RCV0002666,PO0002399,1092786,SUP-05,2023-07-19,58,4.48,purchase_order
RCV0002667,PO0002406,3166872,SUP-06,2023-07-19,51,18.06,purchase_order
RCV0002668,PO0002413,3817121,SUP-07,2023-07-19,43,33.57,purchase_order
RCV0002669,PO0002451,4646091,SUP-04,2023-07-19,67,30.65,purchase_order
RCV0002670,PO0002382,7954298,SUP-09,2023-07-19,31,33.82,purchase_order
RCV0002671,PO0002391,1640473,SUP-08,2023-07-20,35,12.47,purchase_order
RCV0002672,PO0002415,2287051,SUP-07,2023-07-20,53,9.78,purchase_order
RCV0002673,PO0002344,8004216,SUP-11,2023-07-20,53,16.4,purchase_order
RCV0002674,PO0002418,8721483,SUP-07,2023-07-20,86,14.68,purchase_order
RCV0002675,PO0002474,3301602,SUP-12,2023-07-21,70,16.91,purchase_order
RCV0002676,PO0002422,7171122,SUP-07,2023-07-21,59,28.83,purchase_order
RCV0002677,PO0002503,2154101,SUP-01,2023-07-22,153,6.26,purchase_order
RCV0002678,PO0002393,2704704,SUP-09,2023-07-22,82,52.75,purchase_order
RCV0002679,PO0002416,3243048,SUP-05,2023-07-22,838,20.59,purchase_order
RCV0002680,PO0002484,3383881,SUP-02,2023-07-22,45,63.49,purchase_order
RCV0002681,PO0002366,4708009,SUP-10,2023-07-22,49,50.24,purchase_order
RCV0002682,PO0002464,5186154,SUP-03,2023-07-22,54,44.08,purchase_order
RCV0002683,PO0002414,5425967,SUP-06,2023-07-22,61,48.34,purchase_order
RCV0002684,PO0002431,6460385,SUP-03,2023-07-22,46,54.54,purchase_order
RCV0002685,PO0002428,7255659,SUP-07,2023-07-22,60,41.66,purchase_order
RCV0002686,PO0002468,8838340,SUP-03,2023-07-22,44,16.11,purchase_order
RCV0002687,PO0002512,3583619,SUP-01,2023-07-23,71,9.55,purchase_order
RCV0002688,PO0002513,4059984,SUP-01,2023-07-23,40,16.95,purchase_order
RCV0002689,PO0002420,4236332,SUP-05,2023-07-23,107,16.62,purchase_order
RCV0002690,PO0002453,4895822,SUP-03,2023-07-23,57,24.3,purchase_order
RCV0002691,PO0002434,7630387,SUP-07,2023-07-23,33,13.72,purchase_order
RCV0002692,PO0002403,8536600,SUP-08,2023-07-23,32,9.12,purchase_order
RCV0002693,PO0002437,1072276,SUP-07,2023-07-24,47,20.9,purchase_order
RCV0002694,PO0002410,1910407,SUP-05,2023-07-24,47,32.65,purchase_order
RCV0002695,PO0002441,6529231,SUP-07,2023-07-24,59,12.81,purchase_order
RCV0002696,PO0002486,7346335,SUP-12,2023-07-24,69,30.3,purchase_order
RCV0002697,PO0002429,7949185,SUP-06,2023-07-24,40,12.91,purchase_order
RCV0002698,PO0002409,9319849,SUP-09,2023-07-24,583,82.81,purchase_order
RCV0002699,PO0002515,4476707,SUP-01,2023-07-25,476,41.87,purchase_order
RCV0002700,PO0002407,5068008,SUP-08,2023-07-25,113,8.31,purchase_order
RCV0002701,PO0002491,5862621,SUP-12,2023-07-25,187,18.14,purchase_order
RCV0002702,PO0002446,7275086,SUP-07,2023-07-25,118,27.59,purchase_order
RCV0002703,PO0002498,3211935,SUP-12,2023-07-26,47,24.29,purchase_order
RCV0002704,PO0002529,3503816,SUP-01,2023-07-26,37,9.77,purchase_order
RCV0002705,PO0002452,4663963,SUP-07,2023-07-26,82,14.53,purchase_order
RCV0002706,PO0002421,4705110,SUP-08,2023-07-26,200,10.23,purchase_order
RCV0002707,PO0002517,7182700,SUP-02,2023-07-26,1570,46.82,purchase_order
RCV0002708,PO0002369,7814384,SUP-11,2023-07-26,136,31.46,purchase_order
RCV0002709,PO0002487,8926382,SUP-03,2023-07-26,47,14.71,purchase_order
RCV0002710,PO0002347,9841830,SUP-10,2023-07-26,430,5.84,purchase_order
RCV0002711,PO0002463,3487534,SUP-03,2023-07-27,60,10.67,purchase_order
RCV0002712,PO0002507,5027667,SUP-12,2023-07-27,88,52.22,purchase_order
RCV0002713,PO0002492,6155600,SUP-03,2023-07-27,53,18.98,purchase_order
RCV0002714,PO0002457,9248008,SUP-07,2023-07-27,55,33.99,purchase_order
RCV0002715,PO0002458,3554832,SUP-07,2023-07-28,179,27.49,purchase_order
RCV0002716,PO0002538,5678537,SUP-01,2023-07-28,188,64.56,purchase_order
RCV0002717,PO0002432,6938043,SUP-08,2023-07-28,37,20.9,purchase_order
RCV0002718,PO0002462,1189654,SUP-05,2023-07-29,66,13.67,purchase_order
RCV0002719,PO0002424,1601049,SUP-09,2023-07-29,44,12.43,purchase_order
RCV0002720,PO0002476,4648994,SUP-05,2023-07-29,70,10.51,purchase_order
RCV0002721,PO0002456,4870730,SUP-05,2023-07-29,61,12.16,purchase_order
RCV0002722,PO0002426,5852256,SUP-09,2023-07-29,66,19.41,purchase_order
RCV0002723,PO0002376,7310073,SUP-11,2023-07-29,42,40.3,purchase_order
RCV0002724,PO0002443,9172205,SUP-06,2023-07-29,32,8.68,purchase_order
RCV0002725,PO0002521,9351656,SUP-02,2023-07-29,46,10.4,purchase_order
RCV0002726,PO0002448,1079923,SUP-07,2023-07-30,78,47.35,purchase_order
RCV0002727,PO0002472,1854723,SUP-07,2023-07-30,43,23.15,purchase_order
RCV0002728,PO0002524,3004815,SUP-12,2023-07-30,98,31.41,purchase_order
RCV0002729,PO0002511,3533080,SUP-03,2023-07-30,39,48.62,purchase_order
RCV0002730,PO0002475,4365384,SUP-07,2023-07-30,54,91.85,purchase_order
RCV0002731,PO0002526,5495706,SUP-12,2023-07-30,29,64.86,purchase_order
RCV0002732,PO0002478,8800984,SUP-05,2023-07-30,93,8.24,purchase_order
RCV0002733,PO0002439,5847380,SUP-09,2023-07-31,73,20.67,purchase_order
RCV0002734,PO0002530,6810241,SUP-12,2023-07-31,154,7.56,purchase_order
RCV0002735,PO0002390,9075437,SUP-11,2023-07-31,93,12.25,purchase_order
RCV0002736,PO0002480,1099410,SUP-07,2023-08-01,401,6.67,purchase_order
RCV0002737,PO0002525,4411802,SUP-03,2023-08-01,52,24.47,purchase_order
RCV0002738,PO0002396,4958034,SUP-11,2023-08-01,51,17.99,purchase_order
RCV0002739,PO0002481,6695684,SUP-07,2023-08-01,52,23.94,purchase_order
RCV0002740,PO0002380,7303637,SUP-10,2023-08-01,60,39.23,purchase_order
RCV0002741,PO0002542,8966163,SUP-02,2023-08-01,3741,32.85,purchase_order
RCV0002742,PO0002543,9118281,SUP-02,2023-08-01,60,8.33,purchase_order
RCV0002743,PO0002449,1522015,SUP-06,2023-08-02,81,63.37,purchase_order
RCV0002744,PO0002532,9829417,SUP-03,2023-08-02,762,69.22,purchase_order
RCV0002745,PO0002455,1959257,SUP-08,2023-08-03,60,7.74,purchase_order
RCV0002746,PO0002488,2738486,SUP-07,2023-08-03,45,10.12,purchase_order
RCV0002747,PO0002489,5509792,SUP-07,2023-08-03,41,36.63,purchase_order
RCV0002748,PO0002490,5520674,SUP-12,2023-08-03,58,13.87,purchase_order
RCV0002749,PO0002466,6000495,SUP-06,2023-08-03,47,25.45,purchase_order
RCV0002750,PO0002541,7620070,SUP-12,2023-08-03,58,31.48,purchase_order
RCV0002751,PO0002417,8488816,SUP-10,2023-08-03,57,29.37,purchase_order
RCV0002752,PO0002495,9554682,SUP-07,2023-08-03,52,46.06,purchase_order
RCV0002753,PO0002553,2993399,SUP-02,2023-08-04,40,47.42,purchase_order
RCV0002754,PO0002505,3676700,SUP-05,2023-08-04,149,28.11,purchase_order
RCV0002755,PO0002425,5114384,SUP-06,2023-08-04,311,11.02,purchase_order
RCV0002756,PO0002563,5908484,SUP-01,2023-08-04,232,102.07,purchase_order
RCV0002757,PO0002499,6362414,SUP-07,2023-08-04,237,10.09,purchase_order
RCV0002758,PO0002555,8110966,SUP-02,2023-08-04,43,8.88,purchase_order
RCV0002759,PO0002460,1038403,SUP-08,2023-08-05,55,27.32,purchase_order
RCV0002760,PO0002566,2299273,SUP-01,2023-08-05,65,10.24,purchase_order
RCV0002761,PO0002567,2731345,SUP-01,2023-08-05,162,26.55,purchase_order
RCV0002762,PO0002506,4098324,SUP-07,2023-08-05,339,8.98,purchase_order
RCV0002763,PO0002544,5092850,SUP-12,2023-08-05,102,8.13,purchase_order
RCV0002764,PO0002465,5599030,SUP-09,2023-08-05,51,9.14,purchase_order
RCV0002765,PO0002500,6497266,SUP-03,2023-08-05,178,4.31,purchase_order
RCV0002766,PO0002470,9315482,SUP-09,2023-08-05,58,28.35,purchase_order
RCV0002767,PO0002551,9721204,SUP-12,2023-08-05,42,23.15,purchase_order
RCV0002768,PO0002510,1428173,SUP-07,2023-08-06,231,50.89,purchase_order
RCV0002769,PO0002572,3318117,SUP-01,2023-08-06,46,22.6,purchase_order
RCV0002770,PO0002522,1080071,SUP-05,2023-08-07,46,18.94,purchase_order
RCV0002771,PO0002549,6854023,SUP-03,2023-08-07,194,61.1,purchase_order
RCV0002772,PO0002482,7429245,SUP-08,2023-08-07,92,7.74,purchase_order
RCV0002773,PO0002467,7622260,SUP-08,2023-08-07,45,40.73,purchase_order
RCV0002774,PO0002423,1367097,SUP-06,2023-08-08,47,25.47,purchase_order
RCV0002775,PO0002485,5466720,SUP-06,2023-08-08,65,51.77,purchase_order
RCV0002776,PO0002574,7801595,SUP-01,2023-08-08,40,44.55,purchase_order
RCV0002777,PO0002537,1083413,SUP-05,,88,36.64,purchase_order
RCV0002778,PO0002430,3852546,SUP-06,2023-08-09,148,35.84,purchase_order
RCV0002779,PO0002502,8754194,SUP-06,2023-08-09,276,24.49,purchase_order
RCV0002780,PO0002509,9118832,SUP-06,2023-08-09,252,84.42,purchase_order
RCV0002781,PO0002535,5530296,SUP-07,2023-08-10,134,12.78,purchase_order
RCV0002782,PO0002454,6351542,SUP-11,2023-08-10,48,14.87,purchase_order
RCV0002783,PO0002436,9198161,SUP-10,2023-08-10,51,71.05,purchase_order
RCV0002784,PO0002447,9800243,SUP-11,2023-08-10,369,37.1,purchase_order
RCV0002785,PO0002561,3240903,SUP-03,2023-08-11,75,28.7,purchase_order
RCV0002786,PO0002568,4489659,SUP-12,2023-08-11,236,27.92,purchase_order
RCV0002787,PO0002479,6953807,SUP-06,2023-08-11,84,6.15,purchase_order
RCV0002788,PO0002531,8511889,SUP-06,2023-08-11,61,33.24,purchase_order
RCV0002789,PO0002496,2292183,SUP-08,2023-08-12,96,6.0,purchase_order
RCV0002790,PO0002508,6520765,SUP-09,2023-08-12,39,30.95,purchase_order
RCV0002791,PO0002461,1111123,SUP-06,2023-08-13,40,20.96,purchase_order
RCV0002792,PO0002395,4123600,SUP-10,2023-08-13,127,74.62,purchase_order
RCV0002793,PO0002477,6543834,SUP-10,2023-08-13,34,6.04,purchase_order
RCV0002794,PO0002565,8903471,SUP-02,2023-08-13,175,10.35,purchase_order
RCV0002795,PO0002539,6026055,SUP-06,2023-08-14,40,24.93,purchase_order
RCV0002796,PO0002548,6517467,SUP-05,2023-08-14,133,43.48,purchase_order
RCV0002797,PO0002581,7496477,SUP-12,2023-08-14,47,47.86,purchase_order
RCV0002798,PO0002469,9111330,SUP-11,2023-08-14,56,80.26,purchase_order
RCV0002799,PO0002552,9746038,SUP-07,2023-08-14,45,16.48,purchase_order
RCV0002800,PO0002585,7474821,SUP-12,2023-08-15,45,21.69,purchase_order
RCV0002801,PO0002471,1029072,SUP-11,2023-08-16,83,24.14,purchase_order
RCV0002802,PO0002528,1204442,SUP-09,2023-08-16,43,52.3,purchase_order
RCV0002803,PO0002545,5234930,SUP-05,2023-08-16,132,94.05,purchase_order
RCV0002804,PO0002592,5409305,SUP-02,2023-08-16,38,50.37,purchase_order
RCV0002805,PO0002527,7567958,SUP-08,2023-08-16,157,46.78,purchase_order
RCV0002806,PO0002550,9355705,SUP-06,2023-08-16,52,42.36,purchase_order
RCV0002807,PO0002533,1385609,SUP-09,2023-08-17,19,55.95,purchase_order
RCV0002808,PO0002557,3648094,SUP-07,2023-08-17,45,17.35,purchase_order
RCV0002809,PO0002516,7106580,SUP-10,2023-08-17,39,16.12,purchase_order
RCV0002810,PO0002483,7826018,SUP-11,2023-08-17,64,5.65,purchase_order
RCV0002811,PO0002562,3289377,SUP-07,2023-08-18,70,31.95,purchase_order
RCV0002812,PO0002595,8016491,SUP-12,2023-08-18,43,75.6,purchase_order
RCV0002813,PO0002494,9040237,SUP-10,2023-08-18,98,60.32,purchase_order
RCV0002814,PO0002587,3124731,SUP-04,2023-08-19,79,13.37,purchase_order
RCV0002815,PO0002589,3428363,SUP-04,2023-08-19,270,27.95,purchase_order
RCV0002816,PO0002556,4356662,SUP-06,2023-08-19,60,118.46,purchase_order
RCV0002817,PO0002569,5599767,SUP-07,2023-08-19,113,6.13,purchase_order
RCV0002818,PO0002440,6380274,SUP-10,2023-08-19,145,98.29,purchase_order
RCV0002819,PO0002540,7279985,SUP-09,2023-08-19,41,55.68,purchase_order
RCV0002820,PO0002571,7433330,SUP-07,2023-08-19,41,6.62,purchase_order
RCV0002821,PO0002518,8261390,SUP-08,2023-08-19,40,79.1,purchase_order
RCV0002822,PO0002622,9065490,SUP-01,2023-08-19,157,46.47,purchase_order
RCV0002823,PO0002560,1778504,SUP-05,2023-08-20,40,31.44,purchase_order
RCV0002824,PO0002593,6024870,SUP-03,2023-08-20,70,16.83,purchase_order
RCV0002825,PO0002611,4123413,SUP-02,2023-08-21,53,23.04,purchase_order
RCV0002826,PO0002493,6693651,SUP-11,2023-08-21,122,14.04,purchase_order
RCV0002827,PO0002603,4194454,SUP-12,2023-08-22,421,26.81,purchase_order
RCV0002828,PO0002514,4200826,SUP-11,2023-08-22,39,10.7,purchase_order
RCV0002829,PO0002558,6079235,SUP-06,2023-08-22,306,4.11,purchase_order
RCV0002830,PO0002501,6960004,SUP-11,2023-08-22,108,17.72,purchase_order
RCV0002831,PO0002554,7954298,SUP-09,2023-08-22,39,33.74,purchase_order
RCV0002832,PO0002575,8089253,SUP-07,2023-08-22,70,44.68,purchase_order
RCV0002833,PO0002583,2337045,SUP-05,2023-08-23,89,10.17,purchase_order
RCV0002834,PO0002504,2377662,SUP-11,2023-08-23,76,48.56,purchase_order
RCV0002835,PO0002633,2380478,SUP-01,2023-08-23,85,24.94,purchase_order
RCV0002836,PO0002600,5186154,SUP-03,2023-08-23,68,45.28,purchase_order
RCV0002837,PO0002601,5212958,SUP-03,2023-08-23,39,43.0,purchase_order
RCV0002838,PO0002602,5250988,SUP-03,2023-08-23,31,11.3,purchase_order
RCV0002839,PO0002534,1430298,SUP-06,2023-08-24,53,65.95,purchase_order
RCV0002840,PO0002520,4720552,SUP-11,2023-08-24,131,8.04,purchase_order
RCV0002841,PO0002519,8758486,SUP-11,2023-08-24,89,36.74,purchase_order
RCV0002842,PO0002523,1383693,SUP-11,2023-08-25,120,18.46,purchase_order
RCV0002843,PO0002497,2317989,SUP-11,2023-08-26,42,25.19,purchase_order
RCV0002844,PO0002627,3206674,SUP-12,2023-08-26,75,12.44,purchase_order
RCV0002845,PO0002628,6474782,SUP-12,2023-08-26,66,37.67,purchase_order
RCV0002846,PO0002559,8536600,SUP-08,2023-08-26,43,9.59,purchase_order
RCV0002847,PO0002652,3503816,SUP-01,2023-08-27,48,9.97,purchase_order
RCV0002848,PO0002618,4994348,SUP-02,2023-08-27,153,22.88,purchase_order
RCV0002849,PO0002598,7427053,SUP-05,2023-08-27,69,31.17,purchase_order
RCV0002850,PO0002596,9036326,SUP-05,2023-08-27,447,3.41,purchase_order
RCV0002851,PO0002588,3157737,SUP-06,2023-08-28,67,42.98,purchase_order
RCV0002852,PO0002597,3689249,SUP-07,2023-08-28,92,17.44,purchase_order
RCV0002853,PO0002573,4076320,SUP-09,2023-08-28,34,5.31,purchase_order
RCV0002854,PO0002570,6245368,SUP-08,2023-08-28,146,11.67,purchase_order
RCV0002855,PO0002660,7180258,SUP-01,2023-08-28,41,32.92,purchase_order
RCV0002856,PO0002638,9388289,SUP-12,2023-08-28,115,34.75,purchase_order
RCV0002857,PO0002536,9739117,SUP-11,2023-08-28,56,20.11,purchase_order
RCV0002858,PO0002630,1517547,SUP-03,2023-08-29,40,11.65,purchase_order
RCV0002859,PO0002619,5822751,SUP-03,2023-08-29,110,31.05,purchase_order
RCV0002860,PO0002586,7201529,SUP-06,2023-08-29,129,38.48,purchase_order
RCV0002861,PO0002634,3781033,SUP-03,2023-08-30,71,20.18,purchase_order
RCV0002862,PO0002578,4143393,SUP-09,2023-08-30,90,101.95,purchase_order
RCV0002863,PO0002546,7047405,SUP-11,2023-08-30,76,12.58,purchase_order
RCV0002864,PO0002654,7062170,SUP-02,2023-08-30,36,16.17,purchase_order
RCV0002865,PO0002656,7946407,SUP-02,2023-08-30,36,30.71,purchase_order
RCV0002866,PO0002547,2804964,SUP-11,2023-08-31,78,16.77,purchase_order
RCV0002867,PO0002649,5495706,SUP-12,2023-08-31,41,63.42,purchase_order
RCV0002868,PO0002605,6460385,SUP-03,2023-08-31,57,54.28,purchase_order
RCV0002869,PO0002584,6637675,SUP-09,2023-08-31,61,16.53,purchase_order
RCV0002870,PO0002576,1640473,SUP-08,2023-09-01,38,12.83,purchase_order
RCV0002871,PO0002582,7729308,SUP-06,2023-09-01,327,19.79,purchase_order
RCV0002872,PO0002646,1850756,SUP-03,2023-09-02,45,20.95,purchase_order
RCV0002873,PO0002648,4646091,SUP-04,2023-09-02,68,30.44,purchase_order
RCV0002874,PO0002590,5068008,SUP-08,2023-09-02,142,8.74,purchase_order
RCV0002875,PO0002626,1079923,SUP-07,2023-09-04,89,48.32,purchase_order
RCV0002876,PO0002610,1910407,SUP-05,2023-09-04,42,33.92,purchase_order
RCV0002877,PO0002687,2527689,SUP-01,2023-09-04,58,16.2,purchase_order
RCV0002878,PO0002671,2993399,SUP-02,2023-09-04,51,46.19,purchase_order
RCV0002879,PO0002579,4708009,SUP-10,2023-09-04,54,50.78,purchase_order
RCV0002880,PO0002632,6280890,SUP-05,2023-09-04,61,13.34,purchase_order
RCV0002881,PO0002606,6944057,SUP-06,2023-09-04,50,22.28,purchase_order
RCV0002882,PO0002629,7255659,SUP-07,2023-09-04,67,41.24,purchase_order
RCV0002883,PO0002694,5553390,SUP-01,2023-09-05,32,27.42,purchase_order
RCV0002884,PO0002564,8795573,SUP-11,2023-09-05,207,12.97,purchase_order
RCV0002885,PO0002616,9172205,SUP-06,2023-09-05,39,8.65,purchase_order
RCV0002886,PO0002577,3330012,SUP-06,2023-09-06,61,9.94,purchase_order
RCV0002887,PO0002635,4236332,SUP-05,2023-09-06,107,17.45,purchase_order
RCV0002888,PO0002667,7212311,SUP-03,2023-09-06,73,14.36,purchase_order
RCV0002889,PO0002625,7275086,SUP-07,2023-09-06,125,28.02,purchase_order
RCV0002890,PO0002636,7448961,SUP-07,2023-09-06,113,5.22,purchase_order
RCV0002891,PO0002615,9110019,SUP-06,2023-09-06,59,18.39,purchase_order
RCV0002892,PO0002639,3817121,SUP-07,2023-09-07,43,34.27,purchase_order
RCV0002893,PO0002668,5131367,SUP-04,2023-09-07,53,10.56,purchase_order
RCV0002894,PO0002679,9351656,SUP-02,2023-09-07,51,10.62,purchase_order
RCV0002895,PO0002681,3004815,SUP-12,2023-09-08,108,31.54,purchase_order
RCV0002896,PO0002620,6938043,SUP-08,2023-09-08,41,21.0,purchase_order
RCV0002897,PO0002613,7941277,SUP-09,2023-09-08,47,18.83,purchase_order
RCV0002898,PO0002608,9319849,SUP-09,2023-09-08,604,81.19,purchase_order
RCV0002899,PO0002644,1092786,SUP-05,2023-09-09,56,4.84,purchase_order
RCV0002900,PO0002580,7303637,SUP-10,2023-09-09,81,39.11,purchase_order
RCV0002901,PO0002650,8721483,SUP-07,2023-09-09,82,14.74,purchase_order
RCV0002902,PO0002651,8800984,SUP-05,2023-09-09,102,8.78,purchase_order
RCV0002903,PO0002623,2704704,SUP-09,2023-09-10,83,52.79,purchase_order
RCV0002904,PO0002703,3383881,SUP-02,2023-09-10,43,62.79,purchase_order
RCV0002905,PO0002682,3487534,SUP-03,2023-09-10,65,10.53,purchase_order
RCV0002906,PO0002683,3533080,SUP-03,2023-09-10,45,47.87,purchase_order
RCV0002907,PO0002684,4895822,SUP-03,2023-09-10,53,24.05,purchase_order
RCV0002908,PO0002614,8746636,SUP-05,2023-09-10,109,31.88,purchase_order
RCV0002909,PO0002640,4663963,SUP-07,2023-09-11,84,14.85,purchase_order
RCV0002910,PO0002612,4705110,SUP-08,2023-09-11,221,10.57,purchase_order
RCV0002911,PO0002688,5315329,SUP-04,2023-09-11,45,18.75,purchase_order
RCV0002912,PO0002661,7660389,SUP-07,2023-09-11,450,9.54,purchase_order
RCV0002913,PO0002642,3243048,SUP-05,2023-09-12,850,21.42,purchase_order
RCV0002914,PO0002731,3318117,SUP-01,2023-09-12,50,22.92,purchase_order
RCV0002915,PO0002704,5520674,SUP-12,2023-09-12,65,13.61,purchase_order
RCV0002916,PO0002631,5852256,SUP-09,2023-09-12,69,19.29,purchase_order
RCV0002917,PO0002637,7622260,SUP-08,2023-09-12,50,41.42,purchase_order
RCV0002918,PO0002664,7630387,SUP-07,2023-09-12,32,13.55,purchase_order
RCV0002919,PO0002657,7949185,SUP-06,2023-09-12,31,12.85,purchase_order
RCV0002920,PO0002698,9940011,SUP-03,2023-09-12,222,20.46,purchase_order
RCV0002921,PO0002738,2154101,SUP-01,2023-09-13,139,6.3,purchase_order
RCV0002922,PO0002647,2404737,SUP-06,2023-09-13,36,33.94,purchase_order
RCV0002923,PO0002665,2645378,SUP-07,2023-09-13,24,3.42,purchase_order
RCV0002924,PO0002741,3583619,SUP-01,2023-09-13,65,9.58,purchase_order
RCV0002925,PO0002708,5862621,SUP-12,2023-09-13,178,18.51,purchase_order
RCV0002926,PO0002653,6801451,SUP-05,2023-09-13,277,16.9,purchase_order
RCV0002927,PO0002710,7346335,SUP-12,2023-09-13,69,29.84,purchase_order
RCV0002928,PO0002744,7801595,SUP-01,2023-09-13,50,44.16,purchase_order
RCV0002929,PO0002591,3166872,SUP-06,2023-09-14,61,17.94,purchase_order
RCV0002930,PO0002599,7814384,SUP-11,2023-09-14,130,32.84,purchase_order
RCV0002931,PO0002705,8926382,SUP-03,2023-09-14,45,14.83,purchase_order
RCV0002932,PO0002724,6810241,SUP-12,2023-09-15,159,7.68,purchase_order
RCV0002933,PO0002734,7182700,SUP-02,2023-09-15,1449,47.08,purchase_order
RCV0002934,PO0002594,8004216,SUP-11,2023-09-15,48,17.47,purchase_order
RCV0002935,PO0002645,1385609,SUP-09,2023-09-16,28,55.82,purchase_order
RCV0002936,PO0002675,2287051,SUP-07,2023-09-16,46,9.87,purchase_order
RCV0002937,PO0002760,5678537,SUP-01,2023-09-16,175,64.67,purchase_order
RCV0002938,PO0002604,5781989,SUP-10,2023-09-16,41,39.66,purchase_order
RCV0002939,PO0002621,8488816,SUP-10,2023-09-16,65,30.09,purchase_order
RCV0002940,PO0002745,9118281,SUP-02,2023-09-16,62,8.38,purchase_order
RCV0002941,PO0002680,1072276,SUP-07,2023-09-17,43,21.16,purchase_order
RCV0002942,PO0002662,1522015,SUP-06,2023-09-17,89,64.42,purchase_order
RCV0002943,PO0002771,4059984,SUP-01,2023-09-17,36,17.01,purchase_order
RCV0002944,PO0002722,4411802,SUP-03,2023-09-17,39,24.02,purchase_order
RCV0002945,PO0002772,5908484,SUP-01,2023-09-17,229,101.15,purchase_order
RCV0002946,PO0002685,8832573,SUP-07,2023-09-17,29,40.21,purchase_order
RCV0002947,PO0002659,1601049,SUP-09,2023-09-18,47,12.37,purchase_order
RCV0002948,PO0002739,3211935,SUP-12,2023-09-18,43,24.4,purchase_order
RCV0002949,PO0002740,3301602,SUP-12,2023-09-18,58,16.83,purchase_order
RCV0002950,PO0002690,6529231,SUP-07,2023-09-18,53,12.54,purchase_order
RCV0002951,PO0002624,6543834,SUP-10,2023-09-18,46,6.02,purchase_order
RCV0002952,PO0002607,7310073,SUP-11,2023-09-18,46,42.16,purchase_order
RCV0002953,PO0002617,2565553,SUP-08,2023-09-19,64,7.63,purchase_order
RCV0002954,PO0002691,3554832,SUP-07,2023-09-19,170,27.27,purchase_order
RCV0002955,PO0002663,5599030,SUP-09,2023-09-19,51,9.04,purchase_order
RCV0002956,PO0002762,8110966,SUP-02,2023-09-19,48,8.99,purchase_order
RCV0002957,PO0002609,9841830,SUP-10,2023-09-19,445,5.89,purchase_order
RCV0002958,PO0002753,4489659,SUP-12,2023-09-20,252,27.39,purchase_order
RCV0002959,PO0002677,5114384,SUP-06,2023-09-20,238,11.18,purchase_order
RCV0002960,PO0002743,6497266,SUP-03,2023-09-20,170,4.34,purchase_order
RCV0002961,PO0002700,7390450,SUP-07,2023-09-20,99,17.88,purchase_order
RCV0002962,PO0002701,9554682,SUP-07,2023-09-20,53,46.93,purchase_order
RCV0002963,PO0002746,1196740,SUP-12,2023-09-21,57,31.47,purchase_order
RCV0002964,PO0002693,4648994,SUP-05,2023-09-21,68,11.17,purchase_order
RCV0002965,PO0002689,5425967,SUP-06,2023-09-21,52,48.22,purchase_order
RCV0002966,PO0002695,5711182,SUP-05,2023-09-21,545,44.1,purchase_order
RCV0002967,PO0002736,8966163,SUP-02,2023-09-21,3721,32.53,purchase_order
RCV0002968,PO0002697,9645778,SUP-05,2023-09-21,809,13.59,purchase_order
RCV0002969,PO0002749,9829417,SUP-03,2023-09-21,717,67.73,purchase_order
RCV0002970,PO0002706,1099410,SUP-07,2023-09-22,335,6.61,purchase_order
RCV0002971,PO0002709,7171122,SUP-07,2023-09-22,48,28.83,purchase_order
RCV0002972,PO0002673,9315482,SUP-09,2023-09-22,64,28.71,purchase_order
RCV0002973,PO0002674,1204442,SUP-09,2023-09-23,48,51.9,purchase_order
RCV0002974,PO0002758,5250988,SUP-03,2023-09-23,41,11.3,purchase_order
RCV0002975,PO0002755,7373415,SUP-12,2023-09-23,32,13.44,purchase_order
RCV0002976,PO0002718,9248008,SUP-07,2023-09-23,48,34.82,purchase_order
RCV0002977,PO0002719,1428173,SUP-07,2023-09-24,224,50.6,purchase_order
RCV0002978,PO0002769,3240903,SUP-03,2023-09-24,74,29.2,purchase_order
RCV0002979,PO0002774,6976349,SUP-03,2023-09-24,315,20.86,purchase_order
RCV0002980,PO0002781,9721204,SUP-12,2023-09-24,41,23.15,purchase_order
RCV0002981,PO0002784,7620070,SUP-12,2023-09-25,54,31.28,purchase_order
RCV0002982,PO0002643,8218381,SUP-11,2023-09-25,37,14.95,purchase_order
RCV0002983,PO0002777,1517547,SUP-03,2023-09-26,57,11.42,purchase_order
RCV0002984,PO0002778,5212958,SUP-03,2023-09-26,45,42.91,purchase_order
RCV0002985,PO0002729,5464062,SUP-03,2023-09-26,556,7.68,purchase_order
RCV0002986,PO0002804,8903471,SUP-02,2023-09-26,172,10.48,purchase_order
RCV0002987,PO0002641,9075437,SUP-11,2023-09-26,87,12.98,purchase_order
RCV0002988,PO0002821,2731345,SUP-01,2023-09-27,149,26.28,purchase_order
RCV0002989,PO0002742,3648094,SUP-07,2023-09-27,50,17.34,purchase_order
RCV0002990,PO0002721,3852546,SUP-06,2023-09-27,143,35.62,purchase_order
RCV0002991,PO0002714,4870730,SUP-05,2023-09-27,54,12.94,purchase_order
RCV0002992,PO0002783,6155600,SUP-03,2023-09-27,46,18.78,purchase_order
RCV0002993,PO0002795,6474782,SUP-12,2023-09-27,85,37.93,purchase_order
RCV0002994,PO0002699,7279985,SUP-09,2023-09-27,47,55.77,purchase_order
RCV0002995,PO0002717,9118832,SUP-06,2023-09-27,252,84.48,purchase_order
RCV0002996,PO0002658,1029072,SUP-11,2023-09-28,88,24.87,purchase_order
RCV0002997,PO0002711,1111123,SUP-06,2023-09-28,39,21.25,purchase_order
RCV0002998,PO0002830,2299273,SUP-01,2023-09-28,59,10.15,purchase_order
RCV0002999,PO0002812,4123413,SUP-02,2023-09-28,57,23.37,purchase_order
RCV0003000,PO0002789,6024870,SUP-03,2023-09-28,79,16.59,purchase_order
RCV0003001,PO0002817,9938113,SUP-02,2023-09-28,27,28.46,purchase_order
RCV0003002,PO0002750,1189654,SUP-05,2023-09-29,54,14.39,purchase_order
RCV0003003,PO0002832,3503816,SUP-01,2023-09-29,61,9.86,purchase_order
RCV0003004,PO0002707,3676700,SUP-05,2023-09-29,143,29.93,purchase_order
RCV0003005,PO0002792,3781033,SUP-03,2023-09-29,64,20.42,purchase_order
RCV0003006,PO0002752,4098324,SUP-07,2023-09-29,302,9.1,purchase_order
RCV0003007,PO0002676,4123600,SUP-10,2023-09-29,120,76.13,purchase_order
RCV0003008,PO0002696,7429245,SUP-08,2023-09-29,89,7.67,purchase_order
RCV0003009,PO0002716,8634461,SUP-06,2023-09-29,3222,11.13,purchase_order
RCV0003010,PO0002670,9198161,SUP-10,2023-09-29,53,69.3,purchase_order
RCV0003011,PO0002765,1083413,SUP-05,2023-09-30,80,39.23,purchase_order
RCV0003012,PO0002759,5599767,SUP-07,2023-09-30,118,6.18,purchase_order
RCV0003013,PO0002715,5847380,SUP-09,2023-09-30,62,20.73,purchase_order
RCV0003014,PO0002761,8089253,SUP-07,2023-09-30,73,44.65,purchase_order
RCV0003015,PO0002726,8754194,SUP-06,2023-09-30,258,24.64,purchase_order
RCV0003016,PO0002803,8838340,SUP-03,2023-09-30,31,15.96,purchase_order
RCV0003017,PO0002768,1854723,SUP-07,2023-10-01,37,23.23,purchase_order
RCV0003018,PO0002770,3289377,SUP-07,2023-10-01,77,31.95,purchase_order
RCV0003019,PO0002805,3428363,SUP-04,2023-10-01,267,28.62,purchase_order
RCV0003020,PO0002773,6362414,SUP-07,2023-10-01,199,9.95,purchase_order
RCV0003021,PO0002678,7106580,SUP-10,2023-10-01,47,15.8,purchase_order
RCV0003022,PO0002669,9111330,SUP-11,2023-10-01,55,82.74,purchase_order
RCV0003023,PO0002823,4194454,SUP-12,2023-10-02,443,26.88,purchase_order
RCV0003024,PO0002672,4958034,SUP-11,2023-10-02,46,18.85,purchase_order
RCV0003025,PO0002666,6351542,SUP-11,2023-10-02,50,15.81,purchase_order
RCV0003026,PO0002827,7496477,SUP-12,2023-10-02,46,48.06,purchase_order
RCV0003027,PO0002728,1038403,SUP-08,2023-10-03,48,27.62,purchase_order
RCV0003028,PO0002747,1910407,SUP-05,2023-10-03,62,34.53,purchase_order
RCV0003029,PO0002818,5822751,SUP-03,2023-10-03,130,31.05,purchase_order
RCV0003030,PO0002780,7433330,SUP-07,2023-10-03,47,6.63,purchase_order
RCV0003031,PO0002757,1080071,SUP-05,2023-10-04,43,19.63,purchase_order
RCV0003032,PO0002702,2931280,SUP-05,2023-10-04,71,15.2,purchase_order
RCV0003033,PO0002732,5466720,SUP-06,2023-10-04,61,52.11,purchase_order
RCV0003034,PO0002735,8261390,SUP-08,2023-10-04,45,79.38,purchase_order
RCV0003035,PO0002764,9261290,SUP-05,2023-10-04,216,36.39,purchase_order
RCV0003036,PO0002686,9800243,SUP-11,2023-10-04,339,39.45,purchase_order
RCV0003037,PO0002720,1959257,SUP-08,2023-10-05,53,7.74,purchase_order
RCV0003038,PO0002751,2875921,SUP-06,2023-10-05,420,87.15,purchase_order
RCV0003039,PO0002692,4200826,SUP-11,2023-10-05,41,11.35,purchase_order
RCV0003040,PO0002788,5509792,SUP-07,2023-10-05,36,36.12,purchase_order
RCV0003041,PO0002655,7871485,SUP-10,2023-10-05,43,9.47,purchase_order
RCV0003042,PO0002865,2380478,SUP-01,2023-10-06,90,24.46,purchase_order
RCV0003043,PO0002838,5027667,SUP-12,2023-10-06,65,51.6,purchase_order
RCV0003044,PO0002796,6695684,SUP-07,2023-10-06,38,24.3,purchase_order
RCV0003045,PO0002754,6953807,SUP-06,2023-10-06,72,6.27,purchase_order
RCV0003046,PO0002766,1430298,SUP-06,2023-10-07,57,66.69,purchase_order
RCV0003047,PO0002798,4365384,SUP-07,2023-10-07,44,90.45,purchase_order
RCV0003048,PO0002856,4994348,SUP-02,2023-10-07,152,22.78,purchase_order
RCV0003049,PO0002850,5495706,SUP-12,2023-10-07,34,64.01,purchase_order
RCV0003050,PO0002723,6380274,SUP-10,2023-10-07,151,99.58,purchase_order
RCV0003051,PO0002790,2337045,SUP-05,2023-10-08,94,9.94,purchase_order
RCV0003052,PO0002836,3124731,SUP-04,2023-10-08,71,13.7,purchase_order
RCV0003053,PO0002815,9036326,SUP-05,2023-10-08,347,3.45,purchase_order
RCV0003054,PO0002845,9691291,SUP-03,2023-10-08,137,24.67,purchase_order
RCV0003055,PO0002809,9746038,SUP-07,2023-10-08,41,16.64,purchase_order
RCV0003056,PO0002791,3006131,SUP-06,2023-10-09,29,66.68,purchase_order
RCV0003057,PO0002811,3817121,SUP-07,2023-10-09,53,34.36,purchase_order
RCV0003058,PO0002775,4143393,SUP-09,2023-10-09,102,101.88,purchase_order
RCV0003059,PO0002808,5092850,SUP-12,2023-10-09,88,7.97,purchase_order
RCV0003060,PO0002849,5315329,SUP-04,2023-10-09,58,19.03,purchase_order
RCV0003061,PO0002813,5530296,SUP-07,2023-10-09,112,12.87,purchase_order
RCV0003062,PO0002779,6245368,SUP-08,2023-10-09,147,11.71,purchase_order
RCV0003063,PO0002873,7946407,SUP-02,2023-10-09,38,31.03,purchase_order
RCV0003064,PO0002737,9040237,SUP-10,2023-10-09,93,60.51,purchase_order
RCV0003065,PO0002767,1640473,SUP-08,2023-10-10,45,12.92,purchase_order
RCV0003066,PO0002713,2317989,SUP-11,2023-10-10,40,26.48,purchase_order
RCV0003067,PO0002852,5186154,SUP-03,2023-10-10,69,44.73,purchase_order
RCV0003068,PO0002887,5553390,SUP-01,2023-10-10,38,27.37,purchase_order
RCV0003069,PO0002794,6079235,SUP-06,2023-10-10,302,4.1,purchase_order
RCV0003070,PO0002825,6854023,SUP-03,2023-10-10,135,62.14,purchase_order
RCV0003071,PO0002725,6960004,SUP-11,2023-10-10,110,18.29,purchase_order
RCV0003072,PO0002776,7567958,SUP-08,2023-10-10,105,46.25,purchase_order
RCV0003073,PO0002863,9388289,SUP-12,2023-10-10,116,34.44,purchase_order
RCV0003074,PO0002855,1850756,SUP-03,2023-10-11,49,20.96,purchase_order
RCV0003075,PO0002820,2645378,SUP-07,2023-10-11,32,3.47,purchase_order
RCV0003076,PO0002810,2738486,SUP-07,2023-10-11,39,10.23,purchase_order
RCV0003077,PO0002797,3157737,SUP-06,2023-10-11,75,42.67,purchase_order
RCV0003078,PO0002799,5234930,SUP-05,2023-10-11,124,98.79,purchase_order
RCV0003079,PO0002826,7448961,SUP-07,2023-10-11,128,5.24,purchase_order
RCV0003080,PO0002785,7941277,SUP-09,2023-10-11,59,19.16,purchase_order
RCV0003081,PO0002712,1383693,SUP-11,2023-10-12,126,19.28,purchase_order
RCV0003082,PO0002814,6000495,SUP-06,2023-10-12,33,25.14,purchase_order
RCV0003083,PO0002730,6026055,SUP-06,2023-10-12,47,25.07,purchase_order
RCV0003084,PO0002733,6693651,SUP-11,2023-10-12,113,15.06,purchase_order
RCV0003085,PO0002883,7062170,SUP-02,2023-10-12,38,16.43,purchase_order
RCV0003086,PO0002727,9739117,SUP-11,2023-10-12,61,21.3,purchase_order
RCV0003087,PO0002793,4076320,SUP-09,2023-10-13,36,5.27,purchase_order
RCV0003088,PO0002867,4646091,SUP-04,2023-10-13,76,31.21,purchase_order
RCV0003089,PO0002903,7180258,SUP-01,2023-10-13,45,33.36,purchase_order
RCV0003090,PO0002871,7212311,SUP-03,2023-10-13,86,14.38,purchase_order
RCV0003091,PO0002905,9065490,SUP-01,2023-10-13,136,46.46,purchase_order
RCV0003092,PO0002907,2527689,SUP-01,2023-10-14,67,16.32,purchase_order
RCV0003093,PO0002874,5131367,SUP-04,2023-10-14,63,10.95,purchase_order
RCV0003094,PO0002800,6637675,SUP-09,2023-10-14,62,16.56,purchase_order
RCV0003095,PO0002801,7729308,SUP-06,2023-10-14,284,19.77,purchase_order
RCV0003096,PO0002748,8795573,SUP-11,2023-10-14,237,13.87,purchase_order
RCV0003097,PO0002828,9355705,SUP-06,2023-10-14,46,43.5,purchase_order
RCV0003098,PO0002835,1079923,SUP-07,2023-10-15,98,47.66,purchase_order
RCV0003099,PO0002822,3330012,SUP-06,2023-10-15,70,9.78,purchase_order
RCV0003100,PO0002888,5862621,SUP-12,2023-10-15,235,18.47,purchase_order
RCV0003101,PO0002840,7427053,SUP-05,2023-10-15,71,31.63,purchase_order
RCV0003102,PO0002843,8832573,SUP-07,2023-10-15,39,39.91,purchase_order
RCV0003103,PO0002819,9110019,SUP-06,2023-10-15,65,18.13,purchase_order
RCV0003104,PO0002816,9172205,SUP-06,2023-10-15,46,8.57,purchase_order
RCV0003105,PO0002786,7954298,SUP-09,2023-10-16,38,33.27,purchase_order
RCV0003106,PO0002895,8016491,SUP-12,2023-10-16,37,75.9,purchase_order
RCV0003107,PO0002834,2404737,SUP-06,2023-10-17,46,33.88,purchase_order
RCV0003108,PO0002885,4411802,SUP-03,2023-10-17,55,24.66,purchase_order
RCV0003109,PO0002763,8758486,SUP-11,2023-10-17,81,38.55,purchase_order
RCV0003110,PO0002880,3206674,SUP-12,2023-10-18,73,12.5,purchase_order
RCV0003111,PO0002756,8511889,SUP-06,2023-10-18,59,33.4,purchase_order
RCV0003112,PO0002858,1072276,SUP-07,2023-10-19,57,21.1,purchase_order
RCV0003113,PO0002831,2292183,SUP-08,2023-10-19,73,6.04,purchase_order
RCV0003114,PO0002861,8721483,SUP-07,2023-10-19,89,14.64,purchase_order
RCV0003115,PO0002782,1367097,SUP-06,2023-10-20,38,25.88,purchase_order
RCV0003116,PO0002829,1778504,SUP-05,2023-10-20,38,33.14,purchase_order
RCV0003117,PO0002936,3318117,SUP-01,2023-10-20,58,22.96,purchase_order
RCV0003118,PO0002937,3583619,SUP-01,2023-10-20,77,9.61,purchase_order
RCV0003119,PO0002851,3689249,SUP-07,2023-10-20,88,17.39,purchase_order
RCV0003120,PO0002866,4236332,SUP-05,2023-10-20,111,17.45,purchase_order
RCV0003121,PO0002868,4663963,SUP-07,2023-10-20,90,14.53,purchase_order
RCV0003122,PO0002807,5068008,SUP-08,2023-10-20,151,8.63,purchase_order
RCV0003123,PO0002919,5409305,SUP-02,2023-10-20,30,50.74,purchase_order
RCV0003124,PO0002839,6280890,SUP-05,2023-10-20,66,13.25,purchase_order
RCV0003125,PO0002913,7373415,SUP-12,2023-10-20,41,13.79,purchase_order
RCV0003126,PO0002921,9118281,SUP-02,2023-10-20,71,8.42,purchase_order
RCV0003127,PO0002923,9938113,SUP-02,2023-10-20,27,28.14,purchase_order
RCV0003128,PO0002833,1385609,SUP-09,2023-10-21,36,55.09,purchase_order
RCV0003129,PO0002787,2377662,SUP-11,2023-10-21,65,51.01,purchase_order
RCV0003130,PO0002857,6517467,SUP-05,2023-10-21,106,46.27,purchase_order
RCV0003131,PO0002918,6810241,SUP-12,2023-10-21,179,7.65,purchase_order
RCV0003132,PO0002929,2154101,SUP-01,2023-10-22,159,6.31,purchase_order
RCV0003133,PO0002837,4170752,SUP-06,2023-10-22,1178,100.69,purchase_order
RCV0003134,PO0002933,7182700,SUP-02,2023-10-22,1705,47.17,purchase_order
RCV0003135,PO0002844,9319849,SUP-09,2023-10-22,615,81.54,purchase_order
RCV0003136,PO0002847,2704704,SUP-09,2023-10-23,89,52.36,purchase_order
RCV0003137,PO0002846,2565553,SUP-08,2023-10-24,85,7.7,purchase_order
RCV0003138,PO0002930,3301602,SUP-12,2023-10-24,68,16.95,purchase_order
RCV0003139,PO0002824,4356662,SUP-06,2023-10-24,53,117.09,purchase_order
RCV0003140,PO0002920,6338037,SUP-04,2023-10-24,425,18.41,purchase_order
RCV0003141,PO0002882,8800984,SUP-05,2023-10-24,112,8.7,purchase_order
RCV0003142,PO0002948,3383881,SUP-02,2023-10-25,36,62.76,purchase_order
RCV0003143,PO0002806,4720552,SUP-11,2023-10-25,113,8.56,purchase_order
RCV0003144,PO0002925,6460385,SUP-03,2023-10-25,47,55.58,purchase_order
RCV0003145,PO0002892,6529231,SUP-07,2023-10-25,59,12.82,purchase_order
RCV0003146,PO0002894,7390450,SUP-07,2023-10-25,124,17.75,purchase_order
RCV0003147,PO0002860,7949185,SUP-06,2023-10-25,41,12.89,purchase_order
RCV0003148,PO0002864,1260475,SUP-06,2023-10-26,1241,92.38,purchase_order
RCV0003149,PO0002859,5852256,SUP-09,2023-10-26,70,19.18,purchase_order
RCV0003150,PO0002900,7275086,SUP-07,2023-10-26,114,27.65,purchase_order
RCV0003151,PO0002947,3004815,SUP-12,2023-10-27,91,31.43,purchase_order
RCV0003152,PO0002870,6944057,SUP-06,2023-10-27,52,22.02,purchase_order
RCV0003153,PO0002904,7255659,SUP-07,2023-10-27,64,41.68,purchase_order
RCV0003154,PO0002802,7826018,SUP-11,2023-10-27,48,6.02,purchase_order
RCV0003155,PO0002906,1099410,SUP-07,2023-10-28,354,6.57,purchase_order
RCV0003156,PO0002879,1522015,SUP-06,2023-10-28,116,64.48,purchase_order
RCV0003157,PO0002945,6497266,SUP-03,2023-10-28,192,4.35,purchase_order
RCV0003158,PO0002908,7630387,SUP-07,2023-10-28,37,13.71,purchase_order
RCV0003159,PO0002909,9248008,SUP-07,2023-10-28,57,34.0,purchase_order
RCV0003160,PO0002910,3002277,SUP-07,2023-10-29,571,16.92,purchase_order
RCV0003161,PO0002911,3243048,SUP-05,2023-10-29,853,21.42,purchase_order
RCV0003162,PO0002912,3554832,SUP-07,2023-10-29,191,26.96,purchase_order
RCV0003163,PO0002991,5908484,SUP-01,2023-10-29,252,102.93,purchase_order
RCV0003164,PO0002992,7801595,SUP-01,2023-10-29,55,44.59,purchase_order
RCV0003165,PO0002853,8488816,SUP-10,2023-10-29,69,29.72,purchase_order
RCV0003166,PO0002971,1196740,SUP-12,2023-10-30,64,31.66,purchase_order
RCV0003167,PO0002915,2287051,SUP-07,2023-10-30,48,9.85,purchase_order
RCV0003168,PO0002956,4895822,SUP-03,2023-10-30,48,24.48,purchase_order
RCV0003169,PO0002961,3781033,SUP-03,2023-10-31,93,20.21,purchase_order
RCV0003170,PO0002890,6520765,SUP-09,2023-10-31,26,31.76,purchase_order
RCV0003171,PO0002896,8536600,SUP-08,2023-10-31,36,9.62,purchase_order
RCV0003172,PO0002985,8966163,SUP-02,2023-10-31,4156,32.81,purchase_order
RCV0003173,PO0002987,9351656,SUP-02,2023-10-31,46,10.4,purchase_order
RCV0003174,PO0002970,9829417,SUP-03,2023-10-31,801,67.77,purchase_order
RCV0003175,PO0002972,3240903,SUP-03,2023-11-01,82,28.7,purchase_order
RCV0003176,PO0002893,7201529,SUP-06,2023-11-01,106,38.12,purchase_order
RCV0003177,PO0002966,7474821,SUP-12,2023-11-01,32,21.82,purchase_order
RCV0003178,PO0002995,8903471,SUP-02,2023-11-01,219,10.37,purchase_order
RCV0003179,PO0002898,9315482,SUP-09,2023-11-01,66,29.67,purchase_order
RCV0003180,PO0002854,1092786,SUP-05,2023-11-02,63,4.8,purchase_order
RCV0003181,PO0003016,4059984,SUP-01,2023-11-02,34,16.91,purchase_order
RCV0003182,PO0002932,6695684,SUP-07,2023-11-02,54,24.19,purchase_order
RCV0003183,PO0002984,7346335,SUP-12,2023-11-02,69,29.93,purchase_order
RCV0003184,PO0002978,7620070,SUP-12,2023-11-02,65,30.75,purchase_order
RCV0003185,PO0002959,8838340,SUP-03,2023-11-02,42,15.98,purchase_order
RCV0003186,PO0002979,8926382,SUP-03,2023-11-02,44,14.93,purchase_order
RCV0003187,PO0002938,4098324,SUP-07,2023-11-03,353,8.89,purchase_order
RCV0003188,PO0002990,4489659,SUP-12,2023-11-03,268,27.81,purchase_order
RCV0003189,PO0002980,5250988,SUP-03,2023-11-03,48,11.52,purchase_order
RCV0003190,PO0003020,5678537,SUP-01,2023-11-03,174,64.38,purchase_order
RCV0003191,PO0003022,2299273,SUP-01,2023-11-04,73,10.22,purchase_order
RCV0003192,PO0002902,4705110,SUP-08,2023-11-04,202,10.46,purchase_order
RCV0003193,PO0002943,5520674,SUP-12,2023-11-04,71,13.74,purchase_order
RCV0003194,PO0002983,6155600,SUP-03,2023-11-04,49,18.55,purchase_order
RCV0003195,PO0002944,6362414,SUP-07,2023-11-04,237,9.93,purchase_order
RCV0003196,PO0002946,1428173,SUP-07,2023-11-05,240,50.56,purchase_order
RCV0003197,PO0002848,2804964,SUP-11,2023-11-05,69,17.75,purchase_order
RCV0003198,PO0002939,4648994,SUP-05,2023-11-05,76,11.0,purchase_order
RCV0003199,PO0002872,7310073,SUP-11,2023-11-05,45,42.0,purchase_order
RCV0003200,PO0002841,7814384,SUP-11,2023-11-05,129,32.84,purchase_order
RCV0003201,PO0002842,8004216,SUP-11,2023-11-05,47,17.3,purchase_order
RCV0003202,PO0003008,8728798,SUP-12,2023-11-05,257,6.53,purchase_order
RCV0003203,PO0002999,3487534,SUP-03,2023-11-06,57,10.63,purchase_order
RCV0003204,PO0002884,4123600,SUP-10,2023-11-06,151,74.61,purchase_order
RCV0003205,PO0002917,5847380,SUP-09,2023-11-06,69,21.1,purchase_order
RCV0003206,PO0002996,9721204,SUP-12,2023-11-06,42,23.42,purchase_order
RCV0003207,PO0002940,1083413,SUP-05,2023-11-07,104,39.08,purchase_order
RCV0003208,PO0002941,1189654,SUP-05,2023-11-07,79,14.69,purchase_order
RCV0003209,PO0002963,5509792,SUP-07,2023-11-07,47,36.68,purchase_order
RCV0003210,PO0002869,5781989,SUP-10,2023-11-07,40,39.74,purchase_order
RCV0003211,PO0002964,7171122,SUP-07,2023-11-07,49,28.78,purchase_order
RCV0003212,PO0002881,7303637,SUP-10,2023-11-07,72,39.08,purchase_order
RCV0003213,PO0003027,2993399,SUP-02,2023-11-08,40,47.32,purchase_order
RCV0003214,PO0002924,3166872,SUP-06,2023-11-08,59,17.95,purchase_order
RCV0003215,PO0003013,5212958,SUP-03,2023-11-08,50,41.82,purchase_order
RCV0003216,PO0002875,6543834,SUP-10,2023-11-08,37,6.02,purchase_order
RCV0003217,PO0002877,8218381,SUP-11,2023-11-08,40,15.06,purchase_order
RCV0003218,PO0002878,9841830,SUP-10,2023-11-08,468,5.9,purchase_order
RCV0003219,PO0002927,9939190,SUP-09,2023-11-08,301,23.05,purchase_order
RCV0003220,PO0002928,1385609,SUP-09,2023-11-09,42,57.64,purchase_order
RCV0003221,PO0002942,5466720,SUP-06,2023-11-09,85,52.39,purchase_order
RCV0003222,PO0002977,5599767,SUP-07,2023-11-09,134,6.23,purchase_order
RCV0003223,PO0002897,8746636,SUP-05,2023-11-09,110,31.46,purchase_order
RCV0003224,PO0002862,9075437,SUP-11,2023-11-09,105,12.75,purchase_order
RCV0003225,PO0003034,9938113,SUP-02,2023-11-09,47,28.69,purchase_order
RCV0003226,PO0002935,1038403,SUP-08,2023-11-10,60,27.39,purchase_order
RCV0003227,PO0002960,1111123,SUP-06,2023-11-10,44,20.89,purchase_order
RCV0003228,PO0003029,4194454,SUP-12,2023-11-10,504,26.95,purchase_order
RCV0003229,PO0002886,5114384,SUP-06,2023-11-10,316,11.01,purchase_order
RCV0003230,PO0002969,9118832,SUP-06,2023-11-10,278,83.57,purchase_order
RCV0003231,PO0002949,3852546,SUP-06,2023-11-11,166,35.99,purchase_order
RCV0003232,PO0003032,6474782,SUP-12,2023-11-11,89,38.14,purchase_order
RCV0003233,PO0003025,6854023,SUP-03,2023-11-11,196,60.88,purchase_order
RCV0003234,PO0003033,9388289,SUP-12,2023-11-11,149,34.5,purchase_order
RCV0003235,PO0002988,9746038,SUP-07,2023-11-11,53,16.6,purchase_order
RCV0003236,PO0003028,3428363,SUP-04,2023-11-12,288,28.77,purchase_order
RCV0003237,PO0002989,3648094,SUP-07,2023-11-12,53,17.26,purchase_order
RCV0003238,PO0003031,6024870,SUP-03,2023-11-12,84,16.43,purchase_order
RCV0003239,PO0002993,8089253,SUP-07,2023-11-12,85,44.72,purchase_order
RCV0003240,PO0002957,5425967,SUP-06,2023-11-13,51,48.07,purchase_order
RCV0003241,PO0002926,7429245,SUP-08,2023-11-13,95,7.67,purchase_order
RCV0003242,PO0002967,8754194,SUP-06,2023-11-13,297,24.84,purchase_order
RCV0003243,PO0002997,1854723,SUP-07,2023-11-14,43,23.09,purchase_order
RCV0003244,PO0003058,2731345,SUP-01,2023-11-14,144,26.29,purchase_order
RCV0003245,PO0002962,4143393,SUP-09,2023-11-14,115,105.57,purchase_order
RCV0003246,PO0002889,6351542,SUP-11,2023-11-14,61,15.58,purchase_order
RCV0003247,PO0002965,7279985,SUP-09,2023-11-14,48,57.03,purchase_order
RCV0003248,PO0003009,9554682,SUP-07,2023-11-14,48,46.89,purchase_order
RCV0003249,PO0002998,2337045,SUP-05,2023-11-15,109,10.01,purchase_order
RCV0003250,PO0003011,2738486,SUP-07,2023-11-15,46,10.25,purchase_order
RCV0003251,PO0002976,2931280,SUP-05,2023-11-15,89,14.84,purchase_order
RCV0003252,PO0002954,3006131,SUP-06,2023-11-15,33,66.2,purchase_order
RCV0003253,PO0002975,6637675,SUP-09,2023-11-15,79,17.0,purchase_order
RCV0003254,PO0002952,7567958,SUP-08,2023-11-15,147,46.47,purchase_order
RCV0003255,PO0002958,7622260,SUP-08,2023-11-15,42,41.04,purchase_order
RCV0003256,PO0002891,1029072,SUP-11,2023-11-16,92,25.55,purchase_order
RCV0003257,PO0003045,2102225,SUP-12,2023-11-16,11863,16.35,purchase_order
RCV0003258,PO0002916,2317989,SUP-11,2023-11-16,50,25.91,purchase_order
RCV0003259,PO0003054,4123413,SUP-02,2023-11-16,57,22.92,purchase_order
RCV0003260,PO0003055,4994348,SUP-02,2023-11-16,166,22.84,purchase_order
RCV0003261,PO0003017,5530296,SUP-07,2023-11-16,126,12.72,purchase_order
RCV0003262,PO0002876,7047405,SUP-11,2023-11-16,58,13.21,purchase_order
RCV0003263,PO0002922,9198161,SUP-10,2023-11-16,62,69.88,purchase_order
RCV0003264,PO0002982,1080071,SUP-05,2023-11-17,47,19.52,purchase_order
RCV0003265,PO0002950,6380274,SUP-10,2023-11-17,163,97.84,purchase_order
RCV0003266,PO0002914,9800243,SUP-11,2023-11-17,380,38.81,purchase_order
RCV0003267,PO0003023,3289377,SUP-07,2023-11-18,75,31.74,purchase_order
RCV0003268,PO0003024,4365384,SUP-07,2023-11-18,48,92.86,purchase_order
RCV0003269,PO0002899,4708009,SUP-10,2023-11-18,44,50.74,purchase_order
RCV0003270,PO0003046,5822751,SUP-03,2023-11-18,136,30.2,purchase_order
RCV0003271,PO0003048,1850756,SUP-03,2023-11-19,61,21.23,purchase_order
RCV0003272,PO0002931,4958034,SUP-11,2023-11-19,48,18.91,purchase_order
RCV0003273,PO0003021,6953807,SUP-06,2023-11-19,81,6.29,purchase_order
RCV0003274,PO0003067,8110966,SUP-02,,40,8.97,purchase_order
RCV0003275,PO0003051,1517547,SUP-03,2023-11-20,53,11.67,purchase_order
RCV0003276,PO0003052,2295523,SUP-03,2023-11-20,2257,19.76,purchase_order
RCV0003277,PO0003072,2380478,SUP-01,2023-11-20,90,24.6,purchase_order
RCV0003278,PO0002974,4870730,SUP-05,2023-11-20,62,12.74,purchase_order
RCV0003279,PO0003000,5599030,SUP-09,2023-11-20,44,9.49,purchase_order
RCV0003280,PO0003056,7212311,SUP-03,2023-11-20,98,14.48,purchase_order
RCV0003281,PO0002901,9111330,SUP-11,2023-11-20,64,83.91,purchase_order
RCV0003282,PO0003012,3157737,SUP-06,2023-11-21,87,42.96,purchase_order
RCV0003283,PO0002973,4076320,SUP-09,2023-11-21,48,5.46,purchase_order
RCV0003284,PO0003035,4663963,SUP-07,2023-11-21,114,14.73,purchase_order
RCV0003285,PO0003064,5027667,SUP-12,2023-11-21,69,51.51,purchase_order
RCV0003286,PO0003065,5495706,SUP-12,2023-11-21,43,64.06,purchase_order
RCV0003287,PO0002934,7826018,SUP-11,2023-11-21,61,5.93,purchase_order
RCV0003288,PO0003007,7941277,SUP-09,2023-11-21,67,19.31,purchase_order
RCV0003289,PO0003004,1959257,SUP-08,2023-11-22,52,7.66,purchase_order
RCV0003290,PO0003040,2645378,SUP-07,2023-11-22,36,3.46,purchase_order
RCV0003291,PO0003014,7729308,SUP-06,2023-11-22,387,19.74,purchase_order
RCV0003292,PO0003015,1204442,SUP-09,2023-11-23,43,53.72,purchase_order
RCV0003293,PO0003026,1430298,SUP-06,2023-11-23,60,66.07,purchase_order
RCV0003294,PO0003068,3211935,SUP-12,2023-11-23,36,24.57,purchase_order
RCV0003295,PO0003069,5092850,SUP-12,2023-11-23,79,8.06,purchase_order
RCV0003296,PO0003001,6938043,SUP-08,2023-11-23,32,20.84,purchase_order
RCV0003297,PO0003043,1356979,SUP-07,2023-11-24,627,13.63,purchase_order
RCV0003298,PO0003042,3676700,SUP-05,2023-11-24,126,30.85,purchase_order
RCV0003299,PO0003036,5234930,SUP-05,2023-11-24,143,98.12,purchase_order
RCV0003300,PO0003018,6245368,SUP-08,2023-11-24,160,11.86,purchase_order
RCV0003301,PO0003059,3533080,SUP-03,2023-11-25,34,48.17,purchase_order
RCV0003302,PO0002955,4720552,SUP-11,2023-11-25,143,8.53,purchase_order
RCV0003303,PO0002951,6693651,SUP-11,2023-11-25,130,14.88,purchase_order
RCV0003304,PO0003090,9065490,SUP-01,2023-11-25,146,46.8,purchase_order
RCV0003305,PO0002953,9739117,SUP-11,2023-11-25,70,21.2,purchase_order
RCV0003306,PO0003039,1367097,SUP-06,2023-11-26,49,25.48,purchase_order
RCV0003307,PO0003041,6000495,SUP-06,2023-11-26,36,25.02,purchase_order
RCV0003308,PO0003050,7448961,SUP-07,2023-11-26,134,5.18,purchase_order
RCV0003309,PO0002981,9040237,SUP-10,2023-11-26,98,59.71,purchase_order
RCV0003310,PO0003073,3124731,SUP-04,2023-11-27,68,13.82,purchase_order
RCV0003311,PO0003053,3689249,SUP-07,2023-11-27,100,17.44,purchase_order
RCV0003312,PO0003057,7433330,SUP-07,2023-11-27,43,6.67,purchase_order
RCV0003313,PO0003060,7496477,SUP-12,2023-11-27,42,47.34,purchase_order
RCV0003314,PO0003079,4411802,SUP-03,2023-11-28,64,24.35,purchase_order
RCV0003315,PO0003037,6520765,SUP-09,2023-11-28,41,31.83,purchase_order
RCV0003316,PO0003099,7180258,SUP-01,2023-11-28,48,32.69,purchase_order
RCV0003317,PO0002968,8795573,SUP-11,2023-11-28,277,13.87,purchase_order
RCV0003318,PO0003049,6026055,SUP-06,2023-11-29,46,25.37,purchase_order
RCV0003319,PO0003044,6079235,SUP-06,2023-11-29,298,4.04,purchase_order
RCV0003320,PO0003003,7106580,SUP-10,2023-11-29,44,16.09,purchase_order
RCV0003321,PO0003094,7946407,SUP-02,2023-11-29,39,30.96,purchase_order
RCV0003322,PO0002994,8758486,SUP-11,2023-11-29,88,39.02,purchase_order
RCV0003323,PO0002986,9036326,SUP-05,2023-11-29,535,3.43,purchase_order
RCV0003324,PO0003086,3004815,SUP-12,2023-11-30,114,31.51,purchase_order
RCV0003325,PO0003120,2154101,SUP-01,2023-12-01,164,6.3,purchase_order
RCV0003326,PO0003005,2377662,SUP-11,2023-12-01,73,50.05,purchase_order
RCV0003327,PO0003124,3503816,SUP-01,2023-12-01,45,9.96,purchase_order
RCV0003328,PO0003129,5553390,SUP-01,2023-12-01,33,27.2,purchase_order
RCV0003329,PO0003062,7427053,SUP-05,2023-12-01,76,32.4,purchase_order
RCV0003330,PO0003148,2527689,SUP-01,2023-12-02,62,16.16,purchase_order
RCV0003331,PO0003103,5409305,SUP-02,2023-12-02,33,50.07,purchase_order
RCV0003332,PO0003002,7047405,SUP-11,2023-12-02,77,13.17,purchase_order
RCV0003333,PO0003010,1383693,SUP-11,2023-12-03,119,19.65,purchase_order
RCV0003334,PO0003047,1601049,SUP-09,2023-12-03,35,12.73,purchase_order
RCV0003335,PO0003098,3206674,SUP-12,2023-12-03,68,12.29,purchase_order
RCV0003336,PO0003171,3318117,SUP-01,2023-12-03,61,22.7,purchase_order
RCV0003337,PO0003108,3383881,SUP-02,2023-12-03,44,63.63,purchase_order
RCV0003338,PO0003174,4059984,SUP-01,2023-12-03,48,16.69,purchase_order
RCV0003339,PO0003070,6529231,SUP-07,2023-12-03,66,12.46,purchase_order
RCV0003340,PO0003006,6960004,SUP-11,2023-12-03,102,18.5,purchase_order
RCV0003341,PO0003189,3583619,SUP-01,2023-12-04,80,9.48,purchase_order
RCV0003342,PO0003074,3817121,SUP-07,2023-12-04,47,33.51,purchase_order
RCV0003343,PO0003105,7062170,SUP-02,2023-12-04,37,16.16,purchase_order
RCV0003344,PO0003201,5908484,SUP-01,2023-12-05,282,103.23,purchase_order
RCV0003345,PO0003114,7474821,SUP-12,2023-12-05,40,21.93,purchase_order
RCV0003346,PO0003130,5862621,SUP-12,2023-12-06,210,18.46,purchase_order
RCV0003347,PO0003132,6810241,SUP-12,2023-12-06,184,7.76,purchase_order
RCV0003348,PO0003181,7182700,SUP-02,2023-12-06,1734,46.95,purchase_order
RCV0003349,PO0003135,7373415,SUP-12,2023-12-06,48,13.56,purchase_order
RCV0003350,PO0003019,7871485,SUP-10,2023-12-06,37,9.49,purchase_order
RCV0003351,PO0003071,9110019,SUP-06,2023-12-06,62,18.13,purchase_order
RCV0003352,PO0003182,9118281,SUP-02,2023-12-06,76,8.42,purchase_order
RCV0003353,PO0003184,9351656,SUP-02,2023-12-06,53,10.39,purchase_order
RCV0003354,PO0003061,2292183,SUP-08,2023-12-07,79,5.96,purchase_order
RCV0003355,PO0003063,2704704,SUP-09,2023-12-07,87,55.32,purchase_order
RCV0003356,PO0003109,5131367,SUP-04,2023-12-07,54,10.98,purchase_order
RCV0003357,PO0003110,6460385,SUP-03,2023-12-07,50,55.41,purchase_order
RCV0003358,PO0003161,8016491,SUP-12,2023-12-07,36,75.47,purchase_order
RCV0003359,PO0003083,1099410,SUP-07,2023-12-08,400,6.55,purchase_order
RCV0003360,PO0003078,3330012,SUP-06,2023-12-08,64,9.74,purchase_order
RCV0003361,PO0003126,4646091,SUP-04,2023-12-08,65,30.81,purchase_order
RCV0003362,PO0003128,4895822,SUP-03,2023-12-08,55,24.59,purchase_order
RCV0003363,PO0003141,8926382,SUP-03,2023-12-08,49,14.85,purchase_order
RCV0003364,PO0003150,3240903,SUP-03,2023-12-09,93,28.97,purchase_order
RCV0003365,PO0003087,3346010,SUP-07,2023-12-09,531,10.34,purchase_order
RCV0003366,PO0003081,4236332,SUP-05,2023-12-09,110,17.96,purchase_order
RCV0003367,PO0003194,7620070,SUP-12,2023-12-09,73,30.92,purchase_order
RCV0003368,PO0003038,9355705,SUP-06,2023-12-09,53,43.42,purchase_order
RCV0003369,PO0003093,1778504,SUP-05,2023-12-10,35,34.76,purchase_order
RCV0003370,PO0003030,4200826,SUP-11,2023-12-10,36,11.38,purchase_order
RCV0003371,PO0003084,6517467,SUP-05,2023-12-10,110,47.07,purchase_order
RCV0003372,PO0003224,7801595,SUP-01,2023-12-10,58,43.81,purchase_order
RCV0003373,PO0003186,9829417,SUP-03,2023-12-10,854,69.03,purchase_order
RCV0003374,PO0003209,2993399,SUP-02,2023-12-11,46,46.6,purchase_order
RCV0003375,PO0003188,3487534,SUP-03,2023-12-11,69,10.55,purchase_order
RCV0003376,PO0003096,7275086,SUP-07,2023-12-11,114,28.19,purchase_order
RCV0003377,PO0003211,8966163,SUP-02,2023-12-11,4399,32.55,purchase_order
RCV0003378,PO0003077,9319849,SUP-09,2023-12-11,588,84.1,purchase_order
RCV0003379,PO0003207,9721204,SUP-12,2023-12-12,52,23.19,purchase_order
RCV0003380,PO0003204,6497266,SUP-03,2023-12-13,192,4.29,purchase_order
RCV0003381,PO0003205,8838340,SUP-03,2023-12-13,47,15.86,purchase_order
RCV0003382,PO0003106,1079923,SUP-07,2023-12-14,83,47.97,purchase_order
RCV0003383,PO0003107,2287051,SUP-07,2023-12-14,48,9.76,purchase_order
RCV0003384,PO0003214,3301602,SUP-12,2023-12-14,65,16.97,purchase_order
RCV0003385,PO0003075,4356662,SUP-06,2023-12-14,57,115.23,purchase_order
RCV0003386,PO0003118,8832573,SUP-07,2023-12-14,36,40.41,purchase_order
RCV0003387,PO0003119,9248008,SUP-07,2023-12-14,58,34.8,purchase_order
RCV0003388,PO0003210,5186154,SUP-03,2023-12-15,53,45.07,purchase_order
RCV0003389,PO0003220,6474782,SUP-12,2023-12-15,102,38.31,purchase_order
RCV0003390,PO0003134,7171122,SUP-07,2023-12-15,56,28.97,purchase_order
RCV0003391,PO0003223,7346335,SUP-12,2023-12-15,69,29.63,purchase_order
RCV0003392,PO0003136,7390450,SUP-07,2023-12-15,114,17.91,purchase_order
RCV0003393,PO0003138,7630387,SUP-07,2023-12-15,37,13.81,purchase_order
RCV0003394,PO0003145,1428173,SUP-07,2023-12-16,245,50.47,purchase_order
RCV0003395,PO0003146,2118773,SUP-07,2023-12-16,363,15.08,purchase_order
RCV0003396,PO0003151,4365384,SUP-07,2023-12-16,61,92.17,purchase_order
RCV0003397,PO0003152,4747587,SUP-07,2023-12-16,8015,32.48,purchase_order
RCV0003398,PO0003154,5509792,SUP-07,2023-12-16,51,36.44,purchase_order
RCV0003399,PO0003217,6024870,SUP-03,2023-12-16,104,16.52,purchase_order
RCV0003400,PO0003158,6695684,SUP-07,2023-12-16,58,24.36,purchase_order
RCV0003401,PO0003159,7255659,SUP-07,2023-12-16,59,41.15,purchase_order
RCV0003402,PO0003117,8721483,SUP-07,2023-12-16,78,14.87,purchase_order
RCV0003403,PO0003172,3554832,SUP-07,2023-12-17,185,26.93,purchase_order
RCV0003404,PO0003175,4098324,SUP-07,2023-12-17,372,9.0,purchase_order
RCV0003405,PO0003227,4489659,SUP-12,2023-12-17,272,27.5,purchase_order
RCV0003406,PO0003180,6362414,SUP-07,2023-12-17,257,9.84,purchase_order
RCV0003407,PO0003082,8261390,SUP-08,2023-12-17,36,79.4,purchase_order
RCV0003408,PO0003234,8903471,SUP-02,2023-12-17,216,10.39,purchase_order
RCV0003409,PO0003102,1910407,SUP-05,2023-12-18,45,35.9,purchase_order
RCV0003410,PO0003121,2404737,SUP-06,2023-12-18,39,33.47,purchase_order
RCV0003411,PO0003225,5212958,SUP-03,2023-12-18,54,42.17,purchase_order
RCV0003412,PO0003131,6280890,SUP-05,2023-12-18,56,14.01,purchase_order
RCV0003413,PO0003113,7201529,SUP-06,2023-12-18,109,37.89,purchase_order
RCV0003414,PO0003089,8536600,SUP-08,2023-12-18,38,9.5,purchase_order
RCV0003415,PO0003232,1196740,SUP-12,2023-12-19,60,31.19,purchase_order
RCV0003416,PO0003242,4123413,SUP-02,2023-12-19,71,23.2,purchase_order
RCV0003417,PO0003101,8511889,SUP-06,2023-12-19,48,33.86,purchase_order
RCV0003418,PO0003140,8800984,SUP-05,2023-12-19,102,9.0,purchase_order
RCV0003419,PO0003202,2738486,SUP-07,2023-12-20,56,10.11,purchase_order
RCV0003420,PO0003203,4762867,SUP-07,2023-12-20,1609,7.51,purchase_order
RCV0003421,PO0003245,4994348,SUP-02,2023-12-20,199,22.92,purchase_order
RCV0003422,PO0003256,5678537,SUP-01,2023-12-20,168,64.4,purchase_order
RCV0003423,PO0003104,5852256,SUP-09,2023-12-20,65,19.83,purchase_order
RCV0003424,PO0003066,7310073,SUP-11,2023-12-20,51,41.69,purchase_order
RCV0003425,PO0003187,1080071,SUP-05,2023-12-21,65,20.52,purchase_order
RCV0003426,PO0003085,2565553,SUP-08,2023-12-21,80,7.73,purchase_order
RCV0003427,PO0003258,2731345,SUP-01,2023-12-21,162,26.18,purchase_order
RCV0003428,PO0003149,3166872,SUP-06,2023-12-21,73,18.21,purchase_order
RCV0003429,PO0003206,3289377,SUP-07,2023-12-21,89,32.45,purchase_order
RCV0003430,PO0003178,4648994,SUP-05,2023-12-21,79,11.56,purchase_order
RCV0003431,PO0003153,5466720,SUP-06,2023-12-21,93,51.23,purchase_order
RCV0003432,PO0003076,7814384,SUP-11,2023-12-21,133,32.27,purchase_order
RCV0003433,PO0003115,7954298,SUP-09,2023-12-21,33,34.2,purchase_order
RCV0003434,PO0003208,2645378,SUP-07,2023-12-22,44,3.42,purchase_order
RCV0003435,PO0003080,2804964,SUP-11,2023-12-22,71,17.48,purchase_order
RCV0003436,PO0003236,3428363,SUP-04,2023-12-22,308,28.24,purchase_order
RCV0003437,PO0003238,3781033,SUP-03,2023-12-22,87,20.36,purchase_order
RCV0003438,PO0003173,3852546,SUP-06,2023-12-22,176,35.99,purchase_order
RCV0003439,PO0003239,5315329,SUP-04,2023-12-22,45,18.93,purchase_order
RCV0003440,PO0003097,1522015,SUP-06,2023-12-23,93,64.62,purchase_order
RCV0003441,PO0003122,3006131,SUP-06,2023-12-23,45,65.49,purchase_order
RCV0003442,PO0003156,5847380,SUP-09,2023-12-23,72,21.31,purchase_order
RCV0003443,PO0003160,7941277,SUP-09,2023-12-23,76,19.6,purchase_order
RCV0003444,PO0003163,8746636,SUP-05,2023-12-23,122,32.54,purchase_order
RCV0003445,PO0003167,9315482,SUP-09,2023-12-23,61,29.85,purchase_order
RCV0003446,PO0003144,1111123,SUP-06,2023-12-24,38,20.95,purchase_order
RCV0003447,PO0003169,1385609,SUP-09,2023-12-24,55,57.4,purchase_order
RCV0003448,PO0003092,1640473,SUP-08,2023-12-24,35,13.04,purchase_order
RCV0003449,PO0003170,1959257,SUP-08,2023-12-24,69,7.58,purchase_order
RCV0003450,PO0003176,4143393,SUP-09,2023-12-24,121,105.96,purchase_order
RCV0003451,PO0003095,5068008,SUP-08,2023-12-24,130,8.52,purchase_order
RCV0003452,PO0003112,6944057,SUP-06,2023-12-24,52,22.16,purchase_order
RCV0003453,PO0003139,7949185,SUP-06,2023-12-24,36,12.66,purchase_order
RCV0003454,PO0003254,4194454,SUP-12,2023-12-25,512,26.92,purchase_order
RCV0003455,PO0003168,1038403,SUP-08,2023-12-26,61,27.4,purchase_order
RCV0003456,PO0003143,1092786,SUP-05,2023-12-26,76,4.89,purchase_order
RCV0003457,PO0003272,2299273,SUP-01,2023-12-26,65,10.23,purchase_order
RCV0003458,PO0003228,5530296,SUP-07,2023-12-26,143,12.41,purchase_order
RCV0003459,PO0003192,7429245,SUP-08,2023-12-26,98,7.74,purchase_order
RCV0003460,PO0003229,9746038,SUP-07,2023-12-26,53,16.43,purchase_order
RCV0003461,PO0003198,1083413,SUP-05,2023-12-27,114,40.5,purchase_order
RCV0003462,PO0003260,3211935,SUP-12,2023-12-27,44,24.48,purchase_order
RCV0003463,PO0003257,6854023,SUP-03,2023-12-27,192,61.22,purchase_order
RCV0003464,PO0003100,7303637,SUP-10,2023-12-27,70,39.28,purchase_order
RCV0003465,PO0003195,8754194,SUP-06,2023-12-27,329,24.84,purchase_order
RCV0003466,PO0003259,3533080,SUP-03,2023-12-28,44,47.43,purchase_order
RCV0003467,PO0003133,6938043,SUP-08,2023-12-28,43,21.22,purchase_order
RCV0003468,PO0003142,9841830,SUP-10,2023-12-28,452,5.8,purchase_order
RCV0003469,PO0003212,1189654,SUP-05,2023-12-29,79,15.21,purchase_order
RCV0003470,PO0003283,2380478,SUP-01,2023-12-29,105,24.82,purchase_order
RCV0003471,PO0003237,3648094,SUP-07,2023-12-29,54,16.84,purchase_order
RCV0003472,PO0003127,4705110,SUP-08,2023-12-29,204,10.49,purchase_order
RCV0003473,PO0003137,7622260,SUP-08,2023-12-29,49,41.02,purchase_order
RCV0003474,PO0003165,9172205,SUP-06,2023-12-29,37,8.65,purchase_order
RCV0003475,PO0003241,1072276,SUP-07,2023-12-30,45,20.35,purchase_order
RCV0003476,PO0003213,1204442,SUP-09,2023-12-30,46,53.58,purchase_order
RCV0003477,PO0003235,2931280,SUP-05,2023-12-30,87,15.71,purchase_order
RCV0003478,PO0003125,4123600,SUP-10,2023-12-30,138,76.14,purchase_order
RCV0003479,PO0003215,4870730,SUP-05,2023-12-30,74,13.46,purchase_order
RCV0003480,PO0003280,5409305,SUP-02,2023-12-30,42,49.85,purchase_order
RCV0003481,PO0003216,5599030,SUP-09,2023-12-30,50,9.34,purchase_order
RCV0003482,PO0003219,7279985,SUP-09,2023-12-30,48,56.5,purchase_order
RCV0003483,PO0003088,8004216,SUP-11,2023-12-30,36,17.66,purchase_order
RCV0003484,PO0003162,8488816,SUP-10,2023-12-30,62,29.4,purchase_order
RCV0003485,PO0003183,9118832,SUP-06,2023-12-30,282,82.32,purchase_order
RCV0003486,PO0003091,1029072,SUP-11,2023-12-31,111,25.57,purchase_order
RCV0003487,PO0003221,6637675,SUP-09,2023-12-31,82,17.07,purchase_order
RCV0003488,PO0003193,7567958,SUP-08,2023-12-31,159,47.01,purchase_order
RCV0003489,PO0003248,8089253,SUP-07,2023-12-31,81,44.85,purchase_order
RCV0003490,PO0003278,3206674,SUP-12,2024-01-01,95,12.22,purchase_order
RCV0003491,PO0003251,5599767,SUP-07,2024-01-01,125,6.02,purchase_order
RCV0003492,PO0003285,5520674,SUP-12,2024-01-02,57,13.83,purchase_order
RCV0003493,PO0003275,6155600,SUP-03,2024-01-02,43,18.74,purchase_order
RCV0003494,PO0003218,6245368,SUP-08,2024-01-02,179,11.66,purchase_order
RCV0003495,PO0003305,9065490,SUP-01,2024-01-02,162,46.47,purchase_order
RCV0003496,PO0003166,9198161,SUP-10,2024-01-02,63,70.83,purchase_order
RCV0003497,PO0003287,9388289,SUP-12,2024-01-02,135,34.44,purchase_order
RCV0003498,PO0003147,2317989,SUP-11,2024-01-03,49,26.25,purchase_order
RCV0003499,PO0003123,3243048,SUP-05,2024-01-03,846,22.52,purchase_order
RCV0003500,PO0003190,6380274,SUP-10,2024-01-03,175,98.38,purchase_order
RCV0003501,PO0003247,7729308,SUP-06,2024-01-03,393,20.66,purchase_order
RCV0003502,PO0003116,8218381,SUP-11,2024-01-03,39,14.87,purchase_order
RCV0003503,PO0003185,9800243,SUP-11,2024-01-03,373,38.96,purchase_order
RCV0003504,PO0003295,5027667,SUP-12,2024-01-04,69,51.91,purchase_order
RCV0003505,PO0003179,5114384,SUP-06,2024-01-04,350,11.3,purchase_order
RCV0003506,PO0003111,6543834,SUP-10,2024-01-04,38,5.91,purchase_order
RCV0003507,PO0003230,1430298,SUP-06,2024-01-05,65,70.83,purchase_order
RCV0003508,PO0003199,2377662,SUP-11,2024-01-05,92,51.16,purchase_order
RCV0003509,PO0003157,6351542,SUP-11,2024-01-05,59,15.78,purchase_order
RCV0003510,PO0003281,7212311,SUP-03,2024-01-05,104,14.71,purchase_order
RCV0003511,PO0003296,5822751,SUP-03,2024-01-06,131,31.03,purchase_order
RCV0003512,PO0003246,6000495,SUP-06,2024-01-06,45,26.25,purchase_order
RCV0003513,PO0003297,6460385,SUP-03,2024-01-06,66,54.15,purchase_order
RCV0003514,PO0003191,6693651,SUP-11,2024-01-07,133,15.1,purchase_order
RCV0003515,PO0003222,7106580,SUP-10,2024-01-07,57,16.16,purchase_order
RCV0003516,PO0003164,9075437,SUP-11,2024-01-07,89,13.0,purchase_order
RCV0003517,PO0003266,9554682,SUP-07,2024-01-07,46,45.89,purchase_order
RCV0003518,PO0003233,3157737,SUP-06,2024-01-08,95,45.89,purchase_order
RCV0003519,PO0003244,3676700,SUP-05,2024-01-08,142,30.77,purchase_order
RCV0003520,PO0003267,4663963,SUP-07,2024-01-08,113,14.48,purchase_order
RCV0003521,PO0003255,5234930,SUP-05,2024-01-08,155,103.08,purchase_order
RCV0003522,PO0003197,9739117,SUP-11,2024-01-08,77,21.45,purchase_order
RCV0003523,PO0003268,5092850,SUP-12,2024-01-09,88,7.98,purchase_order
RCV0003524,PO0003307,5495706,SUP-12,2024-01-09,40,64.67,purchase_order
RCV0003525,PO0003253,1601049,SUP-09,2024-01-10,42,12.5,purchase_order
RCV0003526,PO0003177,4200826,SUP-11,2024-01-10,46,11.4,purchase_order
RCV0003527,PO0003262,6026055,SUP-06,2024-01-10,56,26.79,purchase_order
RCV0003528,PO0003282,7433330,SUP-07,2024-01-10,50,6.67,purchase_order
RCV0003529,PO0003310,7474821,SUP-12,2024-01-10,48,22.1,purchase_order
RCV0003530,PO0003314,9938113,SUP-02,2024-01-10,39,28.52,purchase_order
RCV0003531,PO0003306,1517547,SUP-03,2024-01-11,50,11.37,purchase_order
RCV0003532,PO0003284,3689249,SUP-07,2024-01-11,107,16.83,purchase_order
RCV0003533,PO0003200,4958034,SUP-11,2024-01-11,48,18.53,purchase_order
RCV0003534,PO0003286,7448961,SUP-07,2024-01-11,134,5.2,purchase_order
RCV0003535,PO0003196,9111330,SUP-11,2024-01-11,60,82.51,purchase_order
RCV0003536,PO0003289,3817121,SUP-07,,57,33.8,purchase_order
RCV0003537,PO0003270,1367097,SUP-06,2024-01-13,53,27.66,purchase_order
RCV0003538,PO0003231,4708009,SUP-10,2024-01-13,39,50.31,purchase_order
RCV0003539,PO0003328,5553390,SUP-01,2024-01-13,41,27.22,purchase_order
RCV0003540,PO0003298,9748139,SUP-07,2024-01-13,2297,7.4,purchase_order
RCV0003541,PO0003320,3383881,SUP-02,2024-01-14,53,64.84,purchase_order
RCV0003542,PO0003264,4076320,SUP-09,2024-01-14,42,5.51,purchase_order
RCV0003543,PO0003311,5131367,SUP-04,2024-01-14,65,11.03,purchase_order
RCV0003544,PO0003155,5781989,SUP-10,2024-01-14,38,40.2,purchase_order
RCV0003545,PO0003292,2287051,SUP-07,2024-01-15,63,9.53,purchase_order
RCV0003546,PO0003324,7946407,SUP-02,2024-01-15,46,31.23,purchase_order
RCV0003547,PO0003249,9040237,SUP-10,2024-01-15,105,59.89,purchase_order
RCV0003548,PO0003303,1079923,SUP-07,2024-01-16,106,47.66,purchase_order
RCV0003549,PO0003263,6953807,SUP-06,2024-01-16,72,6.63,purchase_order
RCV0003550,PO0003279,3330012,SUP-06,2024-01-17,79,10.57,purchase_order
RCV0003551,PO0003250,5425967,SUP-06,2024-01-17,48,51.43,purchase_order
RCV0003552,PO0003352,7180258,SUP-01,2024-01-17,48,33.0,purchase_order
RCV0003553,PO0003335,8110966,SUP-02,2024-01-17,34,9.14,purchase_order
RCV0003554,PO0003226,6960004,SUP-11,2024-01-18,122,18.49,purchase_order
RCV0003555,PO0003269,9755526,SUP-08,2024-01-18,4950,36.59,purchase_order
RCV0003556,PO0003274,6079235,SUP-06,2024-01-19,320,4.31,purchase_order
RCV0003557,PO0003291,9319849,SUP-09,2024-01-19,659,83.52,purchase_order
RCV0003558,PO0003366,2154101,SUP-01,2024-01-20,167,6.24,purchase_order
RCV0003559,PO0003294,2704704,SUP-09,2024-01-20,89,55.12,purchase_order
RCV0003560,PO0003325,3124731,SUP-04,2024-01-20,73,13.77,purchase_order
RCV0003561,PO0003368,4059984,SUP-01,2024-01-20,57,17.15,purchase_order
RCV0003562,PO0003302,4236332,SUP-05,2024-01-20,138,18.3,purchase_order
RCV0003563,PO0003327,4646091,SUP-04,2024-01-20,69,30.98,purchase_order
RCV0003564,PO0003340,7496477,SUP-12,2024-01-20,45,46.98,purchase_order
RCV0003565,PO0003304,9036326,SUP-05,2024-01-20,431,3.54,purchase_order
RCV0003566,PO0003277,9110019,SUP-06,2024-01-20,81,19.43,purchase_order
RCV0003567,PO0003288,2337045,SUP-05,2024-01-21,91,10.46,purchase_order
RCV0003568,PO0003299,6517467,SUP-05,2024-01-21,141,47.74,purchase_order
RCV0003569,PO0003384,2527689,SUP-01,2024-01-22,65,16.4,purchase_order
RCV0003570,PO0003252,2804964,SUP-11,2024-01-22,89,17.66,purchase_order
RCV0003571,PO0003316,7255659,SUP-07,2024-01-22,69,40.37,purchase_order
RCV0003572,PO0003353,8016491,SUP-12,2024-01-22,42,75.99,purchase_order
RCV0003573,PO0003243,8758486,SUP-11,2024-01-22,93,38.47,purchase_order
RCV0003574,PO0003345,8926382,SUP-03,2024-01-22,48,14.83,purchase_order
RCV0003575,PO0003293,2292183,SUP-08,2024-01-23,81,5.95,purchase_order
RCV0003576,PO0003373,7062170,SUP-02,2024-01-23,40,16.57,purchase_order
RCV0003577,PO0003317,1854723,SUP-07,2024-01-24,34,22.82,purchase_order
RCV0003578,PO0003379,7182700,SUP-02,2024-01-24,1738,48.81,purchase_order
RCV0003579,PO0003318,7390450,SUP-07,2024-01-24,138,17.35,purchase_order
RCV0003580,PO0003301,7954298,SUP-09,2024-01-24,43,34.29,purchase_order
RCV0003581,PO0003319,1099410,SUP-07,2024-01-25,408,6.46,purchase_order
RCV0003582,PO0003357,4411802,SUP-03,2024-01-25,57,24.69,purchase_order
RCV0003583,PO0003358,4895822,SUP-03,2024-01-25,58,24.67,purchase_order
RCV0003584,PO0003371,5862621,SUP-12,2024-01-25,200,18.24,purchase_order
RCV0003585,PO0003398,3583619,SUP-01,2024-01-26,80,9.47,purchase_order
RCV0003586,PO0003362,5250988,SUP-03,2024-01-26,32,11.33,purchase_order
RCV0003587,PO0003378,6810241,SUP-12,2024-01-26,186,7.69,purchase_order
RCV0003588,PO0003323,7275086,SUP-07,2024-01-26,120,27.01,purchase_order
RCV0003589,PO0003240,7871485,SUP-10,2024-01-26,47,9.26,purchase_order
RCV0003590,PO0003390,2993399,SUP-02,2024-01-27,54,48.06,purchase_order
RCV0003591,PO0003385,3301602,SUP-12,2024-01-27,76,16.88,purchase_order
RCV0003592,PO0003273,4720552,SUP-11,2024-01-28,102,8.54,purchase_order
RCV0003593,PO0003261,8795573,SUP-11,2024-01-28,252,13.62,purchase_order
RCV0003594,PO0003339,6529231,SUP-07,2024-01-29,59,12.53,purchase_order
RCV0003595,PO0003341,7630387,SUP-07,2024-01-29,38,13.32,purchase_order
RCV0003596,PO0003344,8832573,SUP-07,2024-01-29,44,39.9,purchase_order
RCV0003597,PO0003346,1428173,SUP-07,2024-01-30,258,49.92,purchase_order
RCV0003598,PO0003332,1910407,SUP-05,2024-01-30,58,38.38,purchase_order
RCV0003599,PO0003334,7427053,SUP-05,2024-01-30,77,35.24,purchase_order
RCV0003600,PO0003349,8721483,SUP-07,2024-01-30,89,14.53,purchase_order
RCV0003601,PO0003350,9248008,SUP-07,2024-01-30,57,34.13,purchase_order
RCV0003602,PO0003351,1072276,SUP-07,2024-01-31,62,20.53,purchase_order
RCV0003603,PO0003370,5186154,SUP-03,2024-01-31,60,44.43,purchase_order
RCV0003604,PO0003419,5908484,SUP-01,2024-01-31,231,103.21,purchase_order
RCV0003605,PO0003265,7047405,SUP-11,2024-01-31,83,13.17,purchase_order
RCV0003606,PO0003271,1383693,SUP-11,2024-02-01,114,19.49,purchase_order
RCV0003607,PO0003315,1640473,SUP-08,2024-02-01,47,12.89,purchase_order
RCV0003608,PO0003422,3503816,SUP-01,2024-02-01,34,9.69,purchase_order
RCV0003609,PO0003408,9118281,SUP-02,2024-02-01,63,8.57,purchase_order
RCV0003610,PO0003404,3004815,SUP-12,2024-02-02,83,31.61,purchase_order
RCV0003611,PO0003400,6497266,SUP-03,2024-02-02,200,4.32,purchase_order
RCV0003612,PO0003321,6520765,SUP-09,2024-02-02,35,31.83,purchase_order
RCV0003613,PO0003363,7171122,SUP-07,2024-02-02,60,27.89,purchase_order
RCV0003614,PO0003313,8536600,SUP-08,2024-02-02,48,9.38,purchase_order
RCV0003615,PO0003414,8903471,SUP-02,2024-02-02,205,10.52,purchase_order
RCV0003616,PO0003401,1850756,SUP-03,2024-02-03,41,20.75,purchase_order
RCV0003617,PO0003402,3487534,SUP-03,2024-02-03,67,10.61,purchase_order
RCV0003618,PO0003435,5678537,SUP-01,2024-02-03,164,64.19,purchase_order
RCV0003619,PO0003276,7826018,SUP-11,2024-02-03,59,6.0,purchase_order
RCV0003620,PO0003330,9679390,SUP-09,2024-02-03,442,8.74,purchase_order
RCV0003621,PO0003347,1778504,SUP-05,2024-02-04,36,37.04,purchase_order
RCV0003622,PO0003412,7373415,SUP-12,2024-02-04,38,13.61,purchase_order
RCV0003623,PO0003354,1522015,SUP-06,2024-02-05,115,68.59,purchase_order
RCV0003624,PO0003338,5852256,SUP-09,2024-02-05,61,19.87,purchase_order
RCV0003625,PO0003329,6280890,SUP-05,2024-02-05,73,15.06,purchase_order
RCV0003626,PO0003300,7814384,SUP-11,2024-02-05,152,33.12,purchase_order
RCV0003627,PO0003409,9829417,SUP-03,2024-02-05,694,68.33,purchase_order
RCV0003628,PO0003460,4476707,SUP-01,2024-02-06,506,41.49,purchase_order
RCV0003629,PO0003389,6695684,SUP-07,2024-02-06,60,23.8,purchase_order
RCV0003630,PO0003427,7346335,SUP-12,2024-02-06,62,29.89,purchase_order
RCV0003631,PO0003438,8966163,SUP-02,2024-02-06,3640,32.96,purchase_order
RCV0003632,PO0003431,4489659,SUP-12,2024-02-07,238,27.99,purchase_order
RCV0003633,PO0003417,5315329,SUP-04,2024-02-07,44,19.07,purchase_order
RCV0003634,PO0003432,6474782,SUP-12,2024-02-07,92,37.66,purchase_order
RCV0003635,PO0003337,2404737,SUP-06,2024-02-08,42,35.43,purchase_order
RCV0003636,PO0003356,4356662,SUP-06,2024-02-08,53,124.58,purchase_order
RCV0003637,PO0003309,7303637,SUP-10,2024-02-08,90,38.9,purchase_order
RCV0003638,PO0003336,9355705,SUP-06,2024-02-08,54,46.16,purchase_order
RCV0003639,PO0003331,1111123,SUP-06,2024-02-09,55,22.74,purchase_order
RCV0003640,PO0003469,2731345,SUP-01,2024-02-09,147,26.38,purchase_order
RCV0003641,PO0003429,3240903,SUP-03,2024-02-09,72,28.62,purchase_order
RCV0003642,PO0003391,4098324,SUP-07,2024-02-09,363,8.82,purchase_order
RCV0003643,PO0003399,6362414,SUP-07,2024-02-09,238,9.89,purchase_order
RCV0003644,PO0003322,6543834,SUP-10,2024-02-09,49,6.51,purchase_order
RCV0003645,PO0003308,7201529,SUP-06,2024-02-09,150,40.13,purchase_order
RCV0003646,PO0003455,4194454,SUP-12,2024-02-10,472,27.19,purchase_order
RCV0003647,PO0003361,5068008,SUP-08,2024-02-10,155,8.67,purchase_order
RCV0003648,PO0003436,6854023,SUP-03,2024-02-10,191,61.65,purchase_order
RCV0003649,PO0003437,8838340,SUP-03,2024-02-10,42,15.89,purchase_order
RCV0003650,PO0003374,9315482,SUP-09,2024-02-10,60,29.8,purchase_order
RCV0003651,PO0003376,1092786,SUP-05,2024-02-11,72,5.39,purchase_order
RCV0003652,PO0003448,6024870,SUP-03,2024-02-11,89,16.56,purchase_order
RCV0003653,PO0003290,6768228,SUP-11,2024-02-11,497,9.3,purchase_order
RCV0003654,PO0003359,8511889,SUP-06,2024-02-11,51,35.4,purchase_order
RCV0003655,PO0003465,9351656,SUP-02,2024-02-11,40,10.85,purchase_order
RCV0003656,PO0003326,4123600,SUP-10,2024-02-12,167,81.86,purchase_order
RCV0003657,PO0003471,4994348,SUP-02,2024-02-12,176,23.32,purchase_order
RCV0003658,PO0003407,5509792,SUP-07,2024-02-12,44,35.69,purchase_order
RCV0003659,PO0003386,5847380,SUP-09,2024-02-12,72,21.07,purchase_order
RCV0003660,PO0003364,7949185,SUP-06,2024-02-12,41,13.53,purchase_order
RCV0003661,PO0003312,8004216,SUP-11,2024-02-12,50,17.41,purchase_order
RCV0003662,PO0003420,9721204,SUP-12,2024-02-12,47,23.32,purchase_order
RCV0003663,PO0003367,3852546,SUP-06,2024-02-13,191,38.07,purchase_order
RCV0003664,PO0003377,4705110,SUP-08,2024-02-13,232,10.67,purchase_order
RCV0003665,PO0003462,5212958,SUP-03,2024-02-13,48,42.21,purchase_order
RCV0003666,PO0003468,1196740,SUP-12,2024-02-14,53,31.44,purchase_order
RCV0003667,PO0003459,1517547,SUP-03,2024-02-14,57,11.61,purchase_order
RCV0003668,PO0003393,7279985,SUP-09,2024-02-14,49,55.91,purchase_order
RCV0003669,PO0003343,8261390,SUP-08,2024-02-14,38,79.54,purchase_order
RCV0003670,PO0003421,2645378,SUP-07,2024-02-15,40,3.33,purchase_order
RCV0003671,PO0003423,3554832,SUP-07,2024-02-15,147,26.98,purchase_order
RCV0003672,PO0003416,3781033,SUP-03,2024-02-15,83,20.42,purchase_order
RCV0003673,PO0003457,5520674,SUP-12,2024-02-15,59,13.81,purchase_order
RCV0003674,PO0003365,9172205,SUP-06,2024-02-15,44,9.23,purchase_order
RCV0003675,PO0003410,1162680,SUP-06,2024-02-16,6137,108.12,purchase_order
RCV0003676,PO0003500,2299273,SUP-01,2024-02-16,64,10.17,purchase_order
RCV0003677,PO0003372,6938043,SUP-08,2024-02-16,47,21.06,purchase_order
RCV0003678,PO0003413,8089253,SUP-07,2024-02-16,85,44.62,purchase_order
RCV0003679,PO0003434,2738486,SUP-07,2024-02-17,47,10.0,purchase_order
RCV0003680,PO0003505,3318117,SUP-01,2024-02-17,44,22.55,purchase_order
RCV0003681,PO0003491,4123413,SUP-02,2024-02-17,57,23.48,purchase_order
RCV0003682,PO0003394,4143393,SUP-09,2024-02-17,127,106.46,purchase_order
RCV0003683,PO0003439,9554682,SUP-07,2024-02-17,48,45.27,purchase_order
RCV0003684,PO0003440,9746038,SUP-07,2024-02-17,50,16.19,purchase_order
RCV0003685,PO0003443,3648094,SUP-07,2024-02-18,52,16.95,purchase_order
RCV0003686,PO0003484,5092850,SUP-12,2024-02-18,88,7.99,purchase_order
RCV0003687,PO0003446,5599767,SUP-07,2024-02-18,118,6.0,purchase_order
RCV0003688,PO0003395,6245368,SUP-08,2024-02-18,192,11.71,purchase_order
RCV0003689,PO0003486,7620070,SUP-12,2024-02-18,57,30.68,purchase_order
RCV0003690,PO0003380,7622260,SUP-08,2024-02-18,53,41.39,purchase_order
RCV0003691,PO0003512,7801595,SUP-01,2024-02-18,44,44.03,purchase_order
RCV0003692,PO0003492,5027667,SUP-12,2024-02-19,71,51.53,purchase_order
RCV0003693,PO0003481,6155600,SUP-03,2024-02-19,44,18.51,purchase_order
RCV0003694,PO0003333,7310073,SUP-11,2024-02-19,44,41.71,purchase_order
RCV0003695,PO0003426,6953807,SUP-06,2024-02-20,78,6.6,purchase_order
RCV0003696,PO0003501,3211935,SUP-12,2024-02-21,40,24.12,purchase_order
RCV0003697,PO0003490,3428363,SUP-04,2024-02-21,249,28.23,purchase_order
RCV0003698,PO0003418,5599030,SUP-09,2024-02-21,47,9.51,purchase_order
RCV0003699,PO0003369,4708009,SUP-10,2024-02-22,57,55.17,purchase_order
RCV0003700,PO0003528,5553390,SUP-01,2024-02-22,44,27.32,purchase_order
RCV0003701,PO0003396,7429245,SUP-08,2024-02-22,102,7.75,purchase_order
RCV0003702,PO0003516,8110966,SUP-02,2024-02-22,39,8.99,purchase_order
RCV0003703,PO0003406,8800984,SUP-05,2024-02-22,91,9.86,purchase_order
RCV0003704,PO0003529,9065490,SUP-01,2024-02-22,155,47.17,purchase_order
RCV0003705,PO0003509,9388289,SUP-12,2024-02-22,134,34.22,purchase_order
RCV0003706,PO0003355,2317989,SUP-11,2024-02-23,53,26.25,purchase_order
RCV0003707,PO0003531,7180258,SUP-01,2024-02-23,53,32.98,purchase_order
RCV0003708,PO0003472,7448961,SUP-07,2024-02-23,137,5.17,purchase_order
RCV0003709,PO0003503,7474821,SUP-12,2024-02-23,53,21.56,purchase_order
RCV0003710,PO0003348,7864641,SUP-11,2024-02-23,530,7.17,purchase_order
RCV0003711,PO0003342,8218381,SUP-11,2024-02-23,41,15.2,purchase_order
RCV0003712,PO0003521,9938113,SUP-02,2024-02-23,42,29.3,purchase_order
RCV0003713,PO0003428,3166872,SUP-06,2024-02-24,57,19.12,purchase_order
RCV0003714,PO0003476,4365384,SUP-07,2024-02-24,47,89.0,purchase_order
RCV0003715,PO0003461,4870730,SUP-05,2024-02-24,65,14.18,purchase_order
RCV0003716,PO0003453,9118832,SUP-06,2024-02-24,255,88.82,purchase_order
RCV0003717,PO0003450,6637675,SUP-09,2024-02-25,74,16.9,purchase_order
RCV0003718,PO0003403,7567958,SUP-08,2024-02-25,159,46.16,purchase_order
RCV0003719,PO0003519,8016491,SUP-12,2024-02-25,48,75.26,purchase_order
RCV0003720,PO0003381,8488816,SUP-10,2024-02-25,67,32.2,purchase_order
RCV0003721,PO0003360,9841830,SUP-10,2024-02-25,442,6.21,purchase_order
RCV0003722,PO0003480,1854723,SUP-07,2024-02-26,38,23.13,purchase_order
RCV0003723,PO0003425,4648994,SUP-05,2024-02-26,67,12.58,purchase_order
RCV0003724,PO0003411,6944057,SUP-06,2024-02-26,42,23.94,purchase_order
RCV0003725,PO0003382,9075437,SUP-11,2024-02-26,99,13.0,purchase_order
RCV0003726,PO0003383,9111330,SUP-11,2024-02-26,65,82.68,purchase_order
RCV0003727,PO0003388,9739117,SUP-11,2024-02-26,84,21.37,purchase_order
RCV0003728,PO0003375,9800243,SUP-11,2024-02-26,387,38.94,purchase_order
RCV0003729,PO0003454,2565553,SUP-08,2024-02-27,57,7.79,purchase_order
RCV0003730,PO0003415,3006131,SUP-06,2024-02-27,40,69.94,purchase_order
RCV0003731,PO0003526,3206674,SUP-12,2024-02-27,80,12.22,purchase_order
RCV0003732,PO0003532,3383881,SUP-02,2024-02-27,55,63.92,purchase_order
RCV0003733,PO0003533,5409305,SUP-02,2024-02-27,36,51.8,purchase_order
RCV0003734,PO0003387,6693651,SUP-11,2024-02-27,140,14.73,purchase_order
RCV0003735,PO0003464,1204442,SUP-09,2024-02-28,41,53.51,purchase_order
RCV0003736,PO0003558,2380478,SUP-01,2024-02-28,83,24.92,purchase_order
RCV0003737,PO0003430,3243048,SUP-05,2024-02-28,845,23.62,purchase_order
RCV0003738,PO0003477,3289377,SUP-07,2024-02-28,72,31.92,purchase_order
RCV0003739,PO0003523,4646091,SUP-04,2024-02-28,73,30.92,purchase_order
RCV0003740,PO0003524,5250988,SUP-03,2024-02-28,40,11.39,purchase_order
RCV0003741,PO0003405,6351542,SUP-11,2024-02-28,53,15.58,purchase_order
RCV0003742,PO0003540,7062170,SUP-02,2024-02-28,45,16.47,purchase_order
RCV0003743,PO0003442,1038403,SUP-08,2024-02-29,38,27.54,purchase_order
RCV0003744,PO0003433,1083413,SUP-05,2024-02-29,97,43.25,purchase_order
RCV0003745,PO0003447,6000495,SUP-06,2024-02-29,49,26.85,purchase_order
RCV0003746,PO0003397,9198161,SUP-10,2024-02-29,61,76.11,purchase_order
