event_time,event_type,product_id,category_id,category_code,brand,price,user_id,user_session
2022-03-01 11:39:41 UTC,view,9748139,1594728468612408249,accessories.jewelry,Ferncastle,21.66,500000001,84635f813baac4e702a35db26c17e6b0
2022-03-01 11:52:19 UTC,view,9829417,1546390003792228747,,Bellcroft,133.96,500000001,84635f813baac4e702a35db26c17e6b0
2022-03-01 11:55:05 UTC,view,6497266,1558430393367643133,accessories.hats,Doverly,11.17,500000001,84635f813baac4e702a35db26c17e6b0
2022-03-01 11:58:33 UTC,view,9800243,1492821164472423496,apparel.men.jeans,Palewick,86.15,500000001,84635f813baac4e702a35db26c17e6b0
2022-03-01 12:03:07 UTC,view,3163829,1558364261414932063,,Marlow Row,42.89,500000001,84635f813baac4e702a35db26c17e6b0
2022-03-01 12:07:16 UTC,view,6245368,1558430393367643133,accessories.hats,Ashgrove,25.96,500000001,84635f813baac4e702a35db26c17e6b0
2022-03-02 13:58:02 UTC,view,8758486,1516173523019626745,apparel.women.dress,,81.16,500000001,16b54050456c2f28890bd7359ccf4061
2022-03-02 14:12:22 UTC,view,9198161,1546390003792228747,footwear.sneakers,Wrenfield,126.39,500000001,16b54050456c2f28890bd7359ccf4061
2022-03-02 21:25:39 UTC,view,9841830,1508136215129873133,apparel.kids.top,,12.49,500000009,e8c4cda360c3da089b860ddf740f2c34
2022-03-02 21:26:31 UTC,view,9355705,1516173523019626745,apparel.women.dress,Bramholt,99.0,500000009,e8c4cda360c3da089b860ddf740f2c34
2022-03-02 21:32:49 UTC,view,3852546,1482972250706899052,apparel.women.pants,Bramholt,76.51,500000009,e8c4cda360c3da089b860ddf740f2c34
2022-03-02 21:33:35 UTC,view,8966163,1549623645531932356,accessories.bags,Solmara,79.34,500000009,e8c4cda360c3da089b860ddf740f2c34
2022-03-03 07:38:43 UTC,view,8966163,1549623645531932356,accessories.bags,Solmara,78.64,500000006,c46c16a2c3f73bdfb91011a957744c7d
2022-03-03 19:04:46 UTC,view,3346010,1558430393367643133,accessories.hats,,26.25,500000001,01d800f976c73ae25d32201e1d6554ba
2022-03-03 19:24:09 UTC,view,2292183,1508136215129873133,apparel.kids.top,,15.34,500000001,01d800f976c73ae25d32201e1d6554ba
2022-03-04 10:34:30 UTC,view,1196740,1516173523019626745,apparel.women.dress,,68.27,500000001,2e4bb167a2ee8b97fe817169257e0aaa
2022-03-04 10:41:55 UTC,view,1854723,1429628030847824846,,Greymont,45.11,500000001,2e4bb167a2ee8b97fe817169257e0aaa
2022-03-04 16:16:38 UTC,view,4747587,1482972250706899052,,,76.76,500000223,d4240204b22381727770b33ac12cfb18
2022-03-04 16:19:59 UTC,view,8634461,1428548884811402817,apparel.men.shirt,Kestrel & Co,22.55,500000223,d4240204b22381727770b33ac12cfb18
2022-03-04 18:04:02 UTC,view,2102225,1516173523019626745,,Vantree,37.47,500000001,5f06caed910f989df07d575d6597b7e8
2022-03-04 18:04:02 UTC,cart,8966163,1549623645531932356,accessories.bags,,82.25,500000001,5f06caed910f989df07d575d6597b7e8
2022-03-04 18:09:41 UTC,view,5520674,1428548884811402817,apparel.men.shirt,,30.62,500000001,5f06caed910f989df07d575d6597b7e8
2022-03-04 18:10:31 UTC,view,1428173,1589407324608544585,,,118.36,500000001,5f06caed910f989df07d575d6597b7e8
2022-03-04 18:12:00 UTC,purchase,8966163,1549623645531932356,accessories.bags,,80.87,500000001,5f06caed910f989df07d575d6597b7e8
04/03/2022 18:13,view,9748139,1594728468612408249,accessories.jewelry,Ferncastle,20.3,500000001,5f06caed910f989df07d575d6597b7e8
2022-03-04 18:17:38 UTC,view,4648994,1482972250706899052,apparel.women.pants,,27.19,500000001,5f06caed910f989df07d575d6597b7e8
2022-03-05 18:01:03 UTC,view,4194454,1482972250706899052,apparel.women.pants,Vantree,69.73,500000001,4ebc21450b3ed58546114791761b00e7
2022-03-05 18:04:56 UTC,view,2295523,1516173523019626745,apparel.women.dress,,47.14,500000001,4ebc21450b3ed58546114791761b00e7
2022-03-05 18:14:59 UTC,view,3676700,1558186846391920988,apparel.kids.outerwear,,71.07,500000001,4ebc21450b3ed58546114791761b00e7
2022-03-05 18:18:04 UTC,view,4194454,1482972250706899052,apparel.women.pants,Vantree,71.59,500000001,4ebc21450b3ed58546114791761b00e7
2022-03-05 18:25:32 UTC,view,7182700,1492821164472423496,apparel.men.jeans,,82.2,500000001,4ebc21450b3ed58546114791761b00e7
2022-03-05 18:26:04 UTC,view,8966163,1549623645531932356,accessories.bags,Solmara,79.52,500000001,4ebc21450b3ed58546114791761b00e7
2022-03-05 18:27:03 UTC,view,8758486,1516173523019626745,apparel.women.dress,,86.78,500000001,4ebc21450b3ed58546114791761b00e7
2022-03-07 19:09:35 UTC,view,1099410,1558430393367643133,accessories.hats,Norlend,17.88,500000072,10f47e980b4e6e3ef077d4e3b229c1be
2022-03-07 19:19:26 UTC,view,9036326,1558430393367643133,,,7.86,500000072,10f47e980b4e6e3ef077d4e3b229c1be
2022-03-07 19:21:44 UTC,view,4747587,1482972250706899052,apparel.women.pants,,79.66,500000072,10f47e980b4e6e3ef077d4e3b229c1be
2022-03-08 12:47:39 UTC,view,6517467,1516173523019626745,apparel.women.dress,Thistlewood,93.07,500000004,22d84530a6b4425ecfaf3e8d68b93571
2022-03-08 12:52:13 UTC,view,2731345,1428548884811402817,apparel.men.shirt,Aldyne,54.07,500000004,22d84530a6b4425ecfaf3e8d68b93571
2022-03-08 12:58:05 UTC,cart,9036326,1558430393367643133,accessories.hats,,7.75,500000004,22d84530a6b4425ecfaf3e8d68b93571
2022-03-08 12:58:52 UTC,purchase,9036326,1558430393367643133,accessories.hats,,7.62,500000004,22d84530a6b4425ecfaf3e8d68b93571
2022-03-08 12:59:01 UTC,view,3428363,1516173523019626745,apparel.women.dress,,66.23,500000004,22d84530a6b4425ecfaf3e8d68b93571
2022-03-08 12:59:06 UTC,view,1099410,1558430393367643133,accessories.hats,Norlend,17.67,500000004,22d84530a6b4425ecfaf3e8d68b93571
2022-03-08 13:01:17 UTC,view,7275086,1558186846391920988,apparel.kids.outerwear,,58.49,500000004,22d84530a6b4425ecfaf3e8d68b93571
2022-03-08 13:05:04 UTC,view,9829417,1546390003792228747,footwear.sneakers,,122.0,500000004,22d84530a6b4425ecfaf3e8d68b93571
2022-03-09 21:06:37 UTC,view,8966163,1549623645531932356,accessories.bags,,84.66,500000001,74613a32c6bfdddd9d5433ca102469b7
2022-03-09 21:12:14 UTC,view,4098324,1558364261414932063,apparel.women.top,Norlend,20.26,500000001,74613a32c6bfdddd9d5433ca102469b7
2022-03-09 21:25:17 UTC,view,5131367,1549623645531932356,accessories.bags,,30.76,500000001,74613a32c6bfdddd9d5433ca102469b7
2022-03-09 21:26:27 UTC,view,7182700,1492821164472423496,,,91.64,500000001,74613a32c6bfdddd9d5433ca102469b7
2022-03-10 18:21:39 UTC,view,4720552,1428548884811402817,apparel.men.shirt,Palewick,17.68,500000001,b4dfb6487325e5b3e0dac93e11c6acce
2022-03-10 18:26:05 UTC,view,8721483,1558364261414932063,apparel.women.top,,36.86,500000001,b4dfb6487325e5b3e0dac93e11c6acce
2022-03-10 18:48:37 UTC,view,9748139,1594728468612408249,accessories.jewelry,,20.82,500000001,b4dfb6487325e5b3e0dac93e11c6acce
2022-03-13 17:29:31 UTC,view,2102225,1516173523019626745,apparel.women.dress,Vantree,32.63,500000002,672d8c157ec7d8aab43881625869940f
2022-03-13 17:36:41 UTC,view,8966163,1549623645531932356,accessories.bags,Solmara,91.95,500000002,672d8c157ec7d8aab43881625869940f
2022-03-13 17:38:02 UTC,view,3002277,1558364261414932063,apparel.women.top,Harlow Vale,45.05,500000002,672d8c157ec7d8aab43881625869940f
2022-03-13 20:18:12 UTC,view,1099410,1558430393367643133,accessories.hats,Norlend,16.14,500000003,c51be572b722878d4ce377c74c3d1813
2022-03-13 20:23:45 UTC,view,9829417,1546390003792228747,footwear.sneakers,Bellcroft,116.85,500000003,c51be572b722878d4ce377c74c3d1813
2022-03-13 20:27:00 UTC,view,9829417,1546390003792228747,footwear.sneakers,Bellcroft,123.84,500000003,c51be572b722878d4ce377c74c3d1813
2022-03-13 20:31:13 UTC,view,4059984,1428548884811402817,apparel.men.shirt,,38.5,500000003,c51be572b722878d4ce377c74c3d1813
2022-03-13 20:32:06 UTC,view,6695684,1516173523019626745,,,48.25,500000003,c51be572b722878d4ce377c74c3d1813
2022-03-13 20:33:56 UTC,view,9036326,1558430393367643133,accessories.hats,,8.88,500000003,c51be572b722878d4ce377c74c3d1813
2022-03-13 22:25:05 UTC,view,2875921,1546390003792228747,footwear.sneakers,,145.87,500000001,0b894af363e44f776f3edabd718aafd4
2022-03-13 22:25:57 UTC,view,8966163,1549623645531932356,accessories.bags,Solmara,84.73,500000001,0b894af363e44f776f3edabd718aafd4
2022-03-13 22:32:17 UTC,view,1517547,1558364261414932063,apparel.women.top,Bellcroft,23.12,500000001,0b894af363e44f776f3edabd718aafd4
2022-03-13 22:38:17 UTC,view,8966163,1549623645531932356,accessories.bags,,86.78,500000001,0b894af363e44f776f3edabd718aafd4
2022-03-14 11:08:54 UTC,view,8966163,1549623645531932356,accessories.bags,Solmara,91.94,500000001,99969e90076588e831bb77f7b0c245fb
2022-03-14 11:17:03 UTC,view,8754194,1482972250706899052,apparel.women.pants,Kestrel & Co,49.11,500000001,99969e90076588e831bb77f7b0c245fb
2022-03-14 11:21:48 UTC,view,6953807,1558364261414932063,apparel.women.top,Kestrel & Co,13.19,500000001,99969e90076588e831bb77f7b0c245fb
2022-03-14 19:59:44 UTC,view,8966163,1549623645531932356,,Solmara,93.08,500000003,9d69e1bb80aa429479dbd134ed75b112
2022-03-14 20:14:47 UTC,view,7692382,1429628030847824846,footwear.sandals,,39.9,500000003,9d69e1bb80aa429479dbd134ed75b112
2022-03-14 20:24:05 UTC,view,9036326,1558430393367643133,accessories.hats,,7.84,500000003,9d69e1bb80aa429479dbd134ed75b112
2022-03-15 12:19:51 UTC,view,7729308,1482972250706899052,apparel.women.pants,Ruskin & Fable,40.7,500000002,cf41c8523b4a611c4b1f15ee373de941
15/03/2022 12:36,view,3006131,1546390003792228747,footwear.sneakers,,115.48,500000002,cf41c8523b4a611c4b1f15ee373de941
2022-03-15 12:36:50 UTC,view,2875921,1546390003792228747,footwear.sneakers,,161.17,500000002,cf41c8523b4a611c4b1f15ee373de941
2022-03-15 12:40:23 UTC,view,3243048,1558364261414932063,apparel.women.top,,45.63,500000002,cf41c8523b4a611c4b1f15ee373de941
2022-03-15 12:41:45 UTC,cart,5464062,1508136215129873133,apparel.kids.top,,17.67,500000002,cf41c8523b4a611c4b1f15ee373de941
2022-03-15 12:51:26 UTC,purchase,5464062,1508136215129873133,apparel.kids.top,Bellcroft,18.62,500000002,cf41c8523b4a611c4b1f15ee373de941
2022-03-15 17:01:18 UTC,view,4200826,1428548884811402817,apparel.men.shirt,,21.18,500000001,5c501b8b4fbc91b82bcf3e7eb289844e
2022-03-15 17:02:29 UTC,view,4648994,1482972250706899052,apparel.women.pants,,25.47,500000001,5c501b8b4fbc91b82bcf3e7eb289844e
2022-03-15 17:17:16 UTC,view,1850756,1428548884811402817,apparel.men.shirt,Doverly,50.94,500000001,5c501b8b4fbc91b82bcf3e7eb289844e
2022-03-15 17:19:25 UTC,cart,6245368,1558430393367643133,accessories.hats,Ashgrove,28.67,500000001,5c501b8b4fbc91b82bcf3e7eb289844e
2022-03-15 17:20:21 UTC,purchase,6245368,1558430393367643133,accessories.hats,Ashgrove,28.99,500000001,5c501b8b4fbc91b82bcf3e7eb289844e
2022-03-15 17:26:28 UTC,view,5114384,1558186846391920988,apparel.kids.outerwear,Kestrel & Co,26.0,500000001,5c501b8b4fbc91b82bcf3e7eb289844e
2022-03-15 17:27:33 UTC,view,5862621,1492821164472423496,apparel.men.jeans,,46.13,500000001,5c501b8b4fbc91b82bcf3e7eb289844e
2022-03-15 17:29:34 UTC,view,4411802,1594728468612408249,accessories.jewelry,,70.79,500000001,5c501b8b4fbc91b82bcf3e7eb289844e
2022-03-16 13:47:46 UTC,view,7692382,1429628030847824846,footwear.sandals,Palewick,41.2,500000001,771c2600fa59842918ad6d8203a722c7
2022-03-16 13:49:43 UTC,view,8966163,1549623645531932356,accessories.bags,Solmara,91.18,500000001,771c2600fa59842918ad6d8203a722c7
2022-03-16 13:50:51 UTC,view,6960004,1549623645531932356,accessories.bags,,49.57,500000001,771c2600fa59842918ad6d8203a722c7
2022-03-16 13:53:51 UTC,cart,1072276,1558364261414932063,apparel.women.top,Ferncastle,45.0,500000001,771c2600fa59842918ad6d8203a722c7
2022-03-16 13:57:26 UTC,purchase,1072276,1558364261414932063,apparel.women.top,Ferncastle,46.74,500000001,771c2600fa59842918ad6d8203a722c7
2022-03-16 14:00:13 UTC,view,9746038,1516173523019626745,apparel.women.dress,,37.29,500000001,771c2600fa59842918ad6d8203a722c7
2022-03-17 12:00:22 UTC,view,7275086,1558186846391920988,apparel.kids.outerwear,,62.53,500000001,57275ce73935303e5cb157286f97f8db
2022-03-17 12:17:26 UTC,view,5908484,1589407324608544585,apparel.women.outerwear,,193.58,500000001,57275ce73935303e5cb157286f97f8db
2022-03-17 12:22:34 UTC,view,2295523,1516173523019626745,apparel.women.dress,,43.54,500000001,57275ce73935303e5cb157286f97f8db
2022-03-17 12:24:28 UTC,view,5068008,1558364261414932063,apparel.women.top,,15.66,500000001,57275ce73935303e5cb157286f97f8db
2022-03-17 12:25:06 UTC,view,3676700,1558186846391920988,apparel.kids.outerwear,Oakspire,68.68,500000001,57275ce73935303e5cb157286f97f8db
2022-03-17 22:06:34 UTC,view,9755526,1589407324608544585,apparel.women.outerwear,Ashgrove,75.99,500026448,b48ad64063b76348eaf7053826946be1
2022-03-17 22:07:13 UTC,view,3346010,1558430393367643133,accessories.hats,Ferncastle,29.73,500026448,b48ad64063b76348eaf7053826946be1
2022-03-17 22:12:46 UTC,view,4720552,1428548884811402817,apparel.men.shirt,Palewick,15.91,500026448,b48ad64063b76348eaf7053826946be1
2022-03-17 22:13:34 UTC,cart,2102225,1516173523019626745,apparel.women.dress,Vantree,32.45,500026448,b48ad64063b76348eaf7053826946be1
2022-03-17 22:16:28 UTC,purchase,2102225,1516173523019626745,apparel.women.dress,Vantree,36.8,500026448,b48ad64063b76348eaf7053826946be1
2022-03-17 22:27:30 UTC,view,1099410,1558430393367643133,accessories.hats,Norlend,17.87,500026448,b48ad64063b76348eaf7053826946be1
2022-03-17 22:30:40 UTC,view,7496477,1519748099762056932,apparel.men.outerwear,Milbrook,112.21,500026448,b48ad64063b76348eaf7053826946be1
2022-03-17 22:33:16 UTC,view,2295523,1516173523019626745,apparel.women.dress,,48.49,500026448,b48ad64063b76348eaf7053826946be1
2022-03-18 11:17:48 UTC,view,9118281,1558364261414932063,apparel.women.top,,15.68,500000037,bf794d8fb1b6512ecf26e4d034d6c051
2022-03-18 11:17:48 UTC,cart,7275086,1558186846391920988,apparel.kids.outerwear,,61.58,500000037,bf794d8fb1b6512ecf26e4d034d6c051
18/03/2022 11:18,purchase,7275086,1558186846391920988,apparel.kids.outerwear,,66.19,500000037,bf794d8fb1b6512ecf26e4d034d6c051
2022-03-18 22:18:33 UTC,view,6338037,1492821164472423496,apparel.men.jeans,,41.51,500000025,333586e5bfe561aad26099b77a0041eb
2022-03-18 22:22:14 UTC,view,8634461,1428548884811402817,apparel.men.shirt,Kestrel & Co,21.52,500000025,333586e5bfe561aad26099b77a0041eb
2022-03-18 22:23:00 UTC,view,9800243,1492821164472423496,,Palewick,88.81,500000025,333586e5bfe561aad26099b77a0041eb
2022-03-18 22:24:38 UTC,view,3243048,1558364261414932063,apparel.women.top,,47.55,500000025,333586e5bfe561aad26099b77a0041eb
2022-03-19 12:01:35 UTC,view,5822751,1492821164472423496,apparel.men.jeans,Doverly,68.56,500000002,3dab2c45d82fd240c185404a04d836c6
2022-03-19 12:03:53 UTC,view,3301602,1594728468612408249,,Vantree,45.76,500000002,3dab2c45d82fd240c185404a04d836c6
2022-03-19 12:10:42 UTC,view,9319849,1472209747072745335,footwear.boots,Marlow Row,146.4,500000002,3dab2c45d82fd240c185404a04d836c6
2022-03-19 12:25:34 UTC,cart,7182700,1492821164472423496,apparel.men.jeans,,97.43,500000002,3dab2c45d82fd240c185404a04d836c6
2022-03-19 12:27:21 UTC,purchase,7182700,1492821164472423496,,,91.31,500000002,3dab2c45d82fd240c185404a04d836c6
2022-03-19 18:20:23 UTC,view,6976349,1482972250706899052,,,44.03,500000003,ba22ed74448e6765c0cb3da149c32915
2022-03-19 18:20:23 UTC,cart,9755526,1589407324608544585,,Ashgrove,85.21,500000003,ba22ed74448e6765c0cb3da149c32915
2022-03-19 18:21:17 UTC,view,3346010,1558430393367643133,accessories.hats,Ferncastle,29.04,500000003,ba22ed74448e6765c0cb3da149c32915
2022-03-19 18:24:59 UTC,purchase,9755526,1589407324608544585,apparel.women.outerwear,Ashgrove,84.69,500000003,ba22ed74448e6765c0cb3da149c32915
2022-03-19 18:26:07 UTC,view,3781033,1558364261414932063,apparel.women.top,Bellcroft,44.84,500000003,ba22ed74448e6765c0cb3da149c32915
2022-03-19 18:32:06 UTC,view,7660389,1508136215129873133,,,28.12,500000003,ba22ed74448e6765c0cb3da149c32915
2022-03-19 18:33:33 UTC,view,3428363,1516173523019626745,apparel.women.dress,,65.68,500000003,ba22ed74448e6765c0cb3da149c32915
2022-03-20 22:45:57 UTC,view,4170752,1519748099762056932,apparel.men.outerwear,Bramholt,208.68,500000001,d1027305feb71e93804f4a474754bcab
2022-03-20 23:01:17 UTC,view,9755526,1589407324608544585,,Ashgrove,85.09,500000001,d1027305feb71e93804f4a474754bcab
2022-03-20 23:01:17 UTC,view,7429245,1428548884811402817,apparel.men.shirt,Ashgrove,15.11,500000001,d1027305feb71e93804f4a474754bcab
2022-03-20 23:10:37 UTC,view,9829417,1546390003792228747,footwear.sneakers,Bellcroft,118.02,500000001,d1027305feb71e93804f4a474754bcab
2022-03-20 23:13:17 UTC,view,1367097,1482972250706899052,apparel.women.pants,Kestrel & Co,52.85,500000001,d1027305feb71e93804f4a474754bcab
2022-03-21 10:32:16 UTC,view,2299273,1558364261414932063,apparel.women.top,Aldyne,25.97,500000001,78b99ff6f1a38a1d1a5b20a5c8576987
2022-03-21 10:32:16 UTC,cart,6245368,1558430393367643133,accessories.hats,Ashgrove,27.57,500000001,78b99ff6f1a38a1d1a5b20a5c8576987
2022-03-21 10:34:47 UTC,purchase,6245368,1558430393367643133,accessories.hats,Ashgrove,26.4,500000001,78b99ff6f1a38a1d1a5b20a5c8576987
2022-03-21 10:37:05 UTC,view,5862621,1492821164472423496,apparel.men.jeans,Vantree,42.5,500000001,78b99ff6f1a38a1d1a5b20a5c8576987
2022-03-21 10:38:46 UTC,view,2102225,1516173523019626745,apparel.women.dress,Vantree,35.37,500000001,78b99ff6f1a38a1d1a5b20a5c8576987
2022-03-23 17:27:55 UTC,view,7567958,1516173523019626745,,,100.37,500000003,12b562ff24153c3cb56cdb5c9592e5ba
2022-03-23 17:36:54 UTC,view,8966163,1549623645531932356,accessories.bags,Solmara,86.5,500000003,12b562ff24153c3cb56cdb5c9592e5ba
2022-03-23 17:43:03 UTC,view,9841830,1508136215129873133,apparel.kids.top,,11.28,500000003,12b562ff24153c3cb56cdb5c9592e5ba
2022-03-23 17:47:29 UTC,view,2102225,1516173523019626745,apparel.women.dress,Vantree,38.77,500000003,12b562ff24153c3cb56cdb5c9592e5ba
2022-03-24 22:30:43 UTC,view,6079235,1508136215129873133,apparel.kids.top,Bramholt,9.63,500000133,2ae9c59e8673d675421122e984b78a26
2022-03-24 22:35:38 UTC,view,2102225,1516173523019626745,apparel.women.dress,Vantree,32.07,500000133,2ae9c59e8673d675421122e984b78a26
2022-03-24 22:40:13 UTC,view,3689249,1428548884811402817,apparel.men.shirt,,37.69,500000133,2ae9c59e8673d675421122e984b78a26
2022-03-24 22:46:28 UTC,view,1162680,1589407324608544585,apparel.women.outerwear,Kestrel & Co,226.38,500000133,2ae9c59e8673d675421122e984b78a26
2022-03-24 22:50:42 UTC,view,6280890,1482972250706899052,apparel.women.pants,Oakspire,27.15,500000133,2ae9c59e8673d675421122e984b78a26
2022-03-24 22:50:51 UTC,cart,2102225,1516173523019626745,apparel.women.dress,,37.58,500000133,2ae9c59e8673d675421122e984b78a26
2022-03-24 22:53:25 UTC,purchase,2102225,1516173523019626745,,Vantree,35.11,500000133,2ae9c59e8673d675421122e984b78a26
2022-03-25 17:28:33 UTC,view,8488816,1429628030847824846,footwear.sandals,Wrenfield,60.14,500000001,3ebae1ec9b79b173b8aa5496d34fbcc0
25/03/2022 17:35,view,4143393,1519748099762056932,apparel.men.outerwear,Marlow Row,196.86,500000001,3ebae1ec9b79b173b8aa5496d34fbcc0
2022-03-25 17:37:36 UTC,view,7346335,1594728468612408249,accessories.jewelry,,64.74,500000001,3ebae1ec9b79b173b8aa5496d34fbcc0
2022-03-26 19:57:36 UTC,view,2154101,1558430393367643133,accessories.hats,,15.12,500000002,094b920fc7f79ded13e680bbc42ed02c
2022-03-26 20:10:00 UTC,view,3004815,1482972250706899052,apparel.women.pants,,66.46,500000002,094b920fc7f79ded13e680bbc42ed02c
2022-03-27 11:31:53 UTC,view,7303637,1516173523019626745,apparel.women.dress,Wrenfield,80.78,500000001,760b5937246b90b0e4a3c22f2c4d841e
2022-03-27 11:44:34 UTC,view,3346010,1558430393367643133,accessories.hats,Ferncastle,29.55,500000001,760b5937246b90b0e4a3c22f2c4d841e
2022-03-27 11:49:21 UTC,view,4747587,1482972250706899052,apparel.women.pants,,79.21,500000001,760b5937246b90b0e4a3c22f2c4d841e
2022-03-27 11:51:34 UTC,cart,5711182,1546390003792228747,footwear.sneakers,Oakspire,81.16,500000001,760b5937246b90b0e4a3c22f2c4d841e
2022-03-27 11:52:32 UTC,view,4123413,1589407324608544585,apparel.women.outerwear,Solmara,62.28,500000001,760b5937246b90b0e4a3c22f2c4d841e
2022-03-27 11:53:39 UTC,view,5466720,1519748099762056932,apparel.men.outerwear,Bramholt,93.14,500000001,760b5937246b90b0e4a3c22f2c4d841e
2022-03-27 11:55:43 UTC,purchase,5711182,1546390003792228747,footwear.sneakers,Oakspire,89.95,500000001,760b5937246b90b0e4a3c22f2c4d841e
2022-03-27 19:11:47 UTC,view,5068008,1558364261414932063,apparel.women.top,Ashgrove,18.34,500000002,3d6a118863be37aa19c849a85fa803f3
2022-03-27 19:12:28 UTC,view,1099410,1558430393367643133,accessories.hats,Norlend,17.91,500000002,3d6a118863be37aa19c849a85fa803f3
2022-03-27 19:27:27 UTC,view,2102225,1516173523019626745,apparel.women.dress,,34.2,500000002,3d6a118863be37aa19c849a85fa803f3
2022-03-27 19:31:03 UTC,cart,2875921,1546390003792228747,,,165.75,500000002,3d6a118863be37aa19c849a85fa803f3
2022-03-27 19:32:37 UTC,purchase,2875921,1546390003792228747,footwear.sneakers,,140.64,500000002,3d6a118863be37aa19c849a85fa803f3
2022-03-27 19:37:10 UTC,view,7047405,1482972250706899052,apparel.women.pants,Palewick,26.87,500000002,3d6a118863be37aa19c849a85fa803f3
2022-03-27 19:38:03 UTC,view,7427053,1519748099762056932,apparel.men.outerwear,Thistlewood,61.28,500000002,3d6a118863be37aa19c849a85fa803f3
2022-03-28 12:40:02 UTC,view,8634461,1428548884811402817,apparel.men.shirt,,22.51,500000001,5b64b6b3440427d401415ad8f79048ab
2022-03-28 12:53:09 UTC,view,8966163,1549623645531932356,accessories.bags,,87.09,500000001,5b64b6b3440427d401415ad8f79048ab
2022-03-28 13:04:31 UTC,view,4098324,1558364261414932063,,Norlend,22.84,500000001,5b64b6b3440427d401415ad8f79048ab
2022-03-28 14:01:52 UTC,view,8966163,1549623645531932356,accessories.bags,,85.66,500000001,c3f6f2ca5894635a5e9c6ee00a778cf2
2022-03-28 14:05:18 UTC,view,8795573,1482972250706899052,apparel.women.pants,,29.32,500000001,c3f6f2ca5894635a5e9c6ee00a778cf2
2022-03-28 14:07:04 UTC,view,8966163,1549623645531932356,,Solmara,79.63,500000001,c3f6f2ca5894635a5e9c6ee00a778cf2
2022-03-28 14:10:13 UTC,view,8966163,1549623645531932356,accessories.bags,,92.74,500000001,c3f6f2ca5894635a5e9c6ee00a778cf2
2022-03-28 14:10:20 UTC,view,8488816,1429628030847824846,footwear.sandals,Wrenfield,55.9,500000001,c3f6f2ca5894635a5e9c6ee00a778cf2
2022-03-28 14:17:21 UTC,view,9036326,1558430393367643133,accessories.hats,,8.29,500000001,c3f6f2ca5894635a5e9c6ee00a778cf2
2022-03-30 11:28:40 UTC,view,9065490,1516173523019626745,,Aldyne,107.48,500000043,0e86f275d340d68b2a06b56fe1c9ac63
2022-03-30 11:33:55 UTC,view,8966163,1549623645531932356,,Solmara,82.97,500000043,0e86f275d340d68b2a06b56fe1c9ac63
2022-03-30 11:41:19 UTC,view,6517467,1516173523019626745,apparel.women.dress,Thistlewood,80.47,500000043,0e86f275d340d68b2a06b56fe1c9ac63
2022-03-30 11:41:38 UTC,view,8966163,1549623645531932356,accessories.bags,Solmara,84.26,500000043,0e86f275d340d68b2a06b56fe1c9ac63
2022-03-30 11:43:10 UTC,view,6517467,1516173523019626745,apparel.women.dress,Thistlewood,78.65,500000043,0e86f275d340d68b2a06b56fe1c9ac63
2022-03-31 20:55:29 UTC,view,5114384,1558186846391920988,apparel.kids.outerwear,Kestrel & Co,25.66,500000001,8de69827b7daad5d95fb367cc93692e5
2022-03-31 20:57:30 UTC,view,8838340,1492821164472423496,apparel.men.jeans,,35.97,500000001,8de69827b7daad5d95fb367cc93692e5
2022-03-31 21:07:47 UTC,view,2704704,1546390003792228747,footwear.sneakers,,95.89,500000001,8de69827b7daad5d95fb367cc93692e5
2022-04-01 14:45:57 UTC,view,8966163,1549623645531932356,,,76.39,500000001,b92bc0b4908eda9b5c3ebeb5c63cb080
2022-04-01 14:49:35 UTC,view,4747587,1482972250706899052,apparel.women.pants,,81.97,500000001,b92bc0b4908eda9b5c3ebeb5c63cb080
2022-04-01 14:51:30 UTC,view,9036326,1558430393367643133,accessories.hats,,8.37,500000001,b92bc0b4908eda9b5c3ebeb5c63cb080
2022-04-01 14:52:20 UTC,view,7814384,1482972250706899052,apparel.women.pants,,81.01,500000001,b92bc0b4908eda9b5c3ebeb5c63cb080
2022-04-02 14:19:56 UTC,view,9829417,1546390003792228747,footwear.sneakers,Bellcroft,125.86,500000001,13e5feae0f95b18f52bfe6028c197169
2022-04-02 14:22:27 UTC,view,8966163,1549623645531932356,accessories.bags,Solmara,87.76,500000001,13e5feae0f95b18f52bfe6028c197169
2022-04-02 14:28:55 UTC,view,7182700,1492821164472423496,apparel.men.jeans,,95.09,500000001,13e5feae0f95b18f52bfe6028c197169
2022-04-02 14:32:40 UTC,view,8966163,1549623645531932356,accessories.bags,Solmara,86.63,500000001,13e5feae0f95b18f52bfe6028c197169
2022-04-03 10:55:08 UTC,view,8966163,1549623645531932356,accessories.bags,Solmara,84.38,500000001,1f5826885d88552d643484882c37afba
2022-04-03 11:03:25 UTC,cart,8966163,1549623645531932356,accessories.bags,Solmara,78.27,500000001,1f5826885d88552d643484882c37afba
2022-04-03 11:06:42 UTC,purchase,8966163,1549623645531932356,accessories.bags,Solmara,81.39,500000001,1f5826885d88552d643484882c37afba
2022-04-03 12:19:24 UTC,view,9319849,1472209747072745335,footwear.boots,,162.46,500000033,c5461b95db45eabf9eb120698edf7d22
2022-04-03 12:19:24 UTC,cart,4747587,1482972250706899052,apparel.women.pants,,80.95,500000033,c5461b95db45eabf9eb120698edf7d22
2022-04-03 12:22:13 UTC,view,5908484,1589407324608544585,apparel.women.outerwear,Aldyne,224.68,500000033,c5461b95db45eabf9eb120698edf7d22
2022-04-03 12:28:24 UTC,view,2102225,1516173523019626745,apparel.women.dress,,36.63,500000033,c5461b95db45eabf9eb120698edf7d22
2022-04-03 12:28:48 UTC,view,5092850,1508136215129873133,apparel.kids.top,Milbrook,21.19,500000033,c5461b95db45eabf9eb120698edf7d22
03/04/2022 12:31,view,2731345,1428548884811402817,,,48.59,500000033,c5461b95db45eabf9eb120698edf7d22
2022-04-03 12:52:54 UTC,view,9036326,1558430393367643133,accessories.hats,,8.79,500000001,ba426c7b8e62f3cd8d519c3e2f012e7a
2022-04-03 13:01:46 UTC,view,4098324,1558364261414932063,apparel.women.top,Norlend,22.07,500000001,ba426c7b8e62f3cd8d519c3e2f012e7a
2022-04-03 13:06:40 UTC,view,9829417,1546390003792228747,footwear.sneakers,Bellcroft,133.31,500000001,ba426c7b8e62f3cd8d519c3e2f012e7a
2022-04-03 13:07:03 UTC,view,8966163,1549623645531932356,accessories.bags,Solmara,77.38,500000001,ba426c7b8e62f3cd8d519c3e2f012e7a
2022-04-03 13:07:21 UTC,view,8218381,1516173523019626745,apparel.women.dress,,29.28,500000001,ba426c7b8e62f3cd8d519c3e2f012e7a
2022-04-03 13:11:53 UTC,view,6362414,1558364261414932063,apparel.women.top,Ferncastle,23.04,500000001,ba426c7b8e62f3cd8d519c3e2f012e7a
2022-04-04 11:39:51 UTC,view,6854023,1549623645531932356,,Doverly,138.29,500000001,d2bded55ee2908215a423b90ec4aae75
2022-04-04 11:40:38 UTC,view,7941277,1594728468612408249,accessories.jewelry,,46.19,500000001,d2bded55ee2908215a423b90ec4aae75
2022-04-04 11:45:01 UTC,view,3487534,1429628030847824846,,,22.36,500000001,d2bded55ee2908215a423b90ec4aae75
2022-04-04 11:55:27 UTC,view,3301602,1594728468612408249,accessories.jewelry,Vantree,45.16,500000001,d2bded55ee2908215a423b90ec4aae75
2022-04-05 10:29:55 UTC,view,5822751,1492821164472423496,apparel.men.jeans,Doverly,70.78,500000004,43b94b9e771bcb50aaf7ad12ad44a21e
2022-04-05 10:30:12 UTC,view,3243048,1558364261414932063,apparel.women.top,Thistlewood,44.06,500000004,43b94b9e771bcb50aaf7ad12ad44a21e
2022-04-05 10:37:29 UTC,view,7182700,1492821164472423496,apparel.men.jeans,,91.46,500000004,43b94b9e771bcb50aaf7ad12ad44a21e
2022-04-05 10:42:11 UTC,cart,7949185,1590725883499271729,accessories.belts,Kestrel & Co,38.66,500000004,43b94b9e771bcb50aaf7ad12ad44a21e
2022-04-05 10:54:43 UTC,purchase,7949185,1590725883499271729,accessories.belts,,39.6,500000004,43b94b9e771bcb50aaf7ad12ad44a21e
2022-04-05 14:39:56 UTC,view,4170752,1519748099762056932,apparel.men.outerwear,Bramholt,214.4,500000095,2f3a0691d84d61bf3bb09a12ef96a268
2022-04-05 14:46:32 UTC,view,3243048,1558364261414932063,apparel.women.top,Thistlewood,48.25,500000095,2f3a0691d84d61bf3bb09a12ef96a268
2022-04-05 14:49:54 UTC,view,5678537,1472209747072745335,footwear.boots,Aldyne,129.22,500000095,2f3a0691d84d61bf3bb09a12ef96a268
2022-04-05 15:26:49 UTC,view,1189654,1428548884811402817,apparel.men.shirt,,30.96,500000001,54e426d305d2c45b05e0ecfa834e2e7e
2022-04-05 15:41:08 UTC,view,2299273,1558364261414932063,apparel.women.top,Aldyne,24.98,500000001,54e426d305d2c45b05e0ecfa834e2e7e
2022-04-05 15:41:23 UTC,view,7474821,1428548884811402817,,Milbrook,45.07,500000001,54e426d305d2c45b05e0ecfa834e2e7e
2022-04-06 10:12:30 UTC,view,2102225,1516173523019626745,apparel.women.dress,Vantree,33.82,500000003,be379691253d0ea00288d377e51d0e09
2022-04-06 10:16:03 UTC,view,7567958,1516173523019626745,apparel.women.dress,,86.04,500000003,be379691253d0ea00288d377e51d0e09
2022-04-06 10:17:15 UTC,view,3243048,1558364261414932063,,,41.08,500000003,be379691253d0ea00288d377e51d0e09
2022-04-06 10:20:19 UTC,view,9319849,1472209747072745335,,Marlow Row,163.25,500000003,be379691253d0ea00288d377e51d0e09
2022-04-06 10:25:59 UTC,view,8966163,1549623645531932356,,Solmara,85.51,500000003,be379691253d0ea00288d377e51d0e09
2022-04-06 10:30:22 UTC,cart,3243048,1558364261414932063,apparel.women.top,Thistlewood,40.06,500000003,be379691253d0ea00288d377e51d0e09
2022-04-06 10:34:05 UTC,purchase,3243048,1558364261414932063,apparel.women.top,Thistlewood,47.61,500000003,be379691253d0ea00288d377e51d0e09
2022-04-06 23:29:09 UTC,view,4747587,1482972250706899052,apparel.women.pants,,80.97,500000001,42c81354c27005e27a5c741f5f2669d2
2022-04-06 23:31:17 UTC,view,7941277,1594728468612408249,accessories.jewelry,,56.32,500000001,42c81354c27005e27a5c741f5f2669d2
2022-04-06 23:33:03 UTC,view,8966163,1549623645531932356,accessories.bags,Solmara,82.4,500000001,42c81354c27005e27a5c741f5f2669d2
2022-04-06 23:43:37 UTC,view,8903471,1428548884811402817,apparel.men.shirt,,20.16,500000001,42c81354c27005e27a5c741f5f2669d2
2022-04-06 23:54:58 UTC,view,9829417,1546390003792228747,footwear.sneakers,Bellcroft,137.05,500000001,42c81354c27005e27a5c741f5f2669d2
2022-04-07 14:42:26 UTC,view,1080071,1429628030847824846,footwear.sandals,,38.35,500000001,6dc0d328337ecc71c956bb8f2b86f984
2022-04-07 14:43:33 UTC,view,3240903,1549623645531932356,accessories.bags,,69.57,500000001,6dc0d328337ecc71c956bb8f2b86f984
2022-04-07 14:47:28 UTC,view,6079235,1508136215129873133,apparel.kids.top,Bramholt,8.94,500000001,6dc0d328337ecc71c956bb8f2b86f984
2022-04-07 15:01:50 UTC,view,1522015,1546390003792228747,,Bramholt,122.55,500000001,6dc0d328337ecc71c956bb8f2b86f984
2022-04-07 15:02:43 UTC,view,6854023,1549623645531932356,accessories.bags,,140.9,500000001,6dc0d328337ecc71c956bb8f2b86f984
2022-04-07 17:44:56 UTC,view,4200826,1428548884811402817,apparel.men.shirt,,24.02,500000002,ac6ab2f4dff4f7d55846a262623329e4
2022-04-07 17:45:56 UTC,cart,8800984,1558364261414932063,apparel.women.top,,17.74,500000002,ac6ab2f4dff4f7d55846a262623329e4
2022-04-07 17:50:25 UTC,purchase,8800984,1558364261414932063,,,15.74,500000002,ac6ab2f4dff4f7d55846a262623329e4
2022-04-07 17:56:28 UTC,view,7182700,1492821164472423496,apparel.men.jeans,,98.31,500000002,ac6ab2f4dff4f7d55846a262623329e4
2022-04-07 18:07:01 UTC,view,4720552,1428548884811402817,apparel.men.shirt,Palewick,17.11,500000002,ac6ab2f4dff4f7d55846a262623329e4
2022-04-08 10:00:34 UTC,view,4194454,1482972250706899052,apparel.women.pants,Vantree,63.98,500000001,3a3946a3f31dd517ea4643496f1d0ea7
2022-04-08 10:11:43 UTC,view,3554832,1428548884811402817,apparel.men.shirt,,56.62,500000001,3a3946a3f31dd517ea4643496f1d0ea7
2022-04-08 10:13:50 UTC,view,8966163,1549623645531932356,accessories.bags,Solmara,87.29,500000001,3a3946a3f31dd517ea4643496f1d0ea7
2022-04-08 10:14:49 UTC,view,4476707,1492821164472423496,apparel.men.jeans,Aldyne,100.07,500000001,3a3946a3f31dd517ea4643496f1d0ea7
2022-04-08 10:21:27 UTC,view,9748139,1594728468612408249,,,19.77,500000001,3a3946a3f31dd517ea4643496f1d0ea7
2022-04-08 10:23:42 UTC,view,9755526,1589407324608544585,apparel.women.outerwear,Ashgrove,82.93,500000001,3a3946a3f31dd517ea4643496f1d0ea7
2022-04-08 10:23:58 UTC,view,1162680,1589407324608544585,,,200.74,500000001,3a3946a3f31dd517ea4643496f1d0ea7
2022-04-08 11:30:46 UTC,view,9065490,1516173523019626745,apparel.women.dress,Aldyne,118.66,500000001,08ca57f2ff198f03463f0d68d3593621
2022-04-08 11:34:46 UTC,view,2102225,1516173523019626745,apparel.women.dress,Vantree,38.29,500000001,08ca57f2ff198f03463f0d68d3593621
2022-04-08 11:35:36 UTC,view,2738486,1594728468612408249,accessories.jewelry,Ferncastle,31.36,500000001,08ca57f2ff198f03463f0d68d3593621
2022-04-08 11:36:43 UTC,view,2102225,1516173523019626745,apparel.women.dress,Vantree,38.09,500000001,08ca57f2ff198f03463f0d68d3593621
2022-04-08 11:45:12 UTC,view,4059984,1428548884811402817,apparel.men.shirt,,35.38,500000001,08ca57f2ff198f03463f0d68d3593621
2022-04-08 11:54:06 UTC,view,2287051,1508136215129873133,apparel.kids.top,Norlend,23.33,500000001,08ca57f2ff198f03463f0d68d3593621
2022-04-08 11:59:31 UTC,cart,4994348,1549623645531932356,accessories.bags,,62.68,500000001,08ca57f2ff198f03463f0d68d3593621
2022-04-08 12:00:18 UTC,purchase,4994348,1549623645531932356,accessories.bags,,66.68,500000001,08ca57f2ff198f03463f0d68d3593621
2022-04-08 14:23:57 UTC,view,8754194,1482972250706899052,apparel.women.pants,,58.91,500000001,b173e3584ad37df40c13bc527bbc7fc3
2022-04-08 14:25:50 UTC,view,8966163,1549623645531932356,,Solmara,86.33,500000001,b173e3584ad37df40c13bc527bbc7fc3
2022-04-08 14:30:43 UTC,cart,8004216,1482972250706899052,apparel.women.pants,Cinderfox,40.19,500000001,b173e3584ad37df40c13bc527bbc7fc3
2022-04-08 14:31:14 UTC,view,3240903,1549623645531932356,accessories.bags,,73.89,500000001,b173e3584ad37df40c13bc527bbc7fc3
2022-04-08 14:35:00 UTC,view,8966163,1549623645531932356,accessories.bags,Solmara,92.64,500000001,b173e3584ad37df40c13bc527bbc7fc3
2022-04-08 14:39:16 UTC,purchase,8004216,1482972250706899052,,Cinderfox,38.55,500000001,b173e3584ad37df40c13bc527bbc7fc3
2022-04-08 14:39:36 UTC,view,9319849,1472209747072745335,footwear.boots,,158.22,500000001,b173e3584ad37df40c13bc527bbc7fc3
2022-04-08 14:48:33 UTC,view,7275086,1558186846391920988,apparel.kids.outerwear,,57.59,500000001,b173e3584ad37df40c13bc527bbc7fc3
2022-04-08 16:14:26 UTC,view,5852256,1594728468612408249,accessories.jewelry,,55.14,500000003,c51a78a2a06875b560823b9a9009a9a7
2022-04-08 16:17:30 UTC,view,9319849,1472209747072745335,footwear.boots,,135.77,500000003,c51a78a2a06875b560823b9a9009a9a7
2022-04-08 16:23:02 UTC,view,9040237,1472209747072745335,footwear.boots,Wrenfield,111.7,500000003,c51a78a2a06875b560823b9a9009a9a7
2022-04-08 16:27:22 UTC,view,8926382,1558186846391920988,apparel.kids.outerwear,,40.61,500000003,c51a78a2a06875b560823b9a9009a9a7
2022-04-08 16:38:28 UTC,view,4705110,1428548884811402817,apparel.men.shirt,Ashgrove,18.73,500000003,c51a78a2a06875b560823b9a9009a9a7
2022-04-08 16:41:17 UTC,view,2295523,1516173523019626745,apparel.women.dress,,42.3,500000003,c51a78a2a06875b560823b9a9009a9a7
2022-04-08 16:41:29 UTC,view,9829417,1546390003792228747,footwear.sneakers,Bellcroft,123.33,500000003,c51a78a2a06875b560823b9a9009a9a7
2022-04-08 20:55:17 UTC,view,7182700,1492821164472423496,,,82.61,500000001,f6ef49b4fe260bb50d4166b8eebdfe2f
2022-04-08 21:08:01 UTC,view,7814384,1482972250706899052,apparel.women.pants,Palewick,75.15,500000001,f6ef49b4fe260bb50d4166b8eebdfe2f
2022-04-09 03:08:02 UTC,view,1356979,1482972250706899052,apparel.women.pants,Ferncastle,34.49,500005050,d8128d708cc55ced2106902fd5519688
2022-04-09 03:08:13 UTC,view,8966163,1549623645531932356,accessories.bags,Solmara,87.02,500005050,d8128d708cc55ced2106902fd5519688
2022-04-09 03:13:56 UTC,view,8966163,1549623645531932356,accessories.bags,,88.7,500005050,d8128d708cc55ced2106902fd5519688
09/04/2022 03:15,view,8004216,1482972250706899052,apparel.women.pants,,38.8,500005050,d8128d708cc55ced2106902fd5519688
2022-04-09 03:26:40 UTC,view,3583619,1558430393367643133,accessories.hats,,25.17,500005050,d8128d708cc55ced2106902fd5519688
2022-04-09 03:35:41 UTC,cart,7182700,1492821164472423496,,,82.72,500005050,d8128d708cc55ced2106902fd5519688
2022-04-09 03:37:17 UTC,purchase,7182700,1492821164472423496,apparel.men.jeans,,99.18,500005050,d8128d708cc55ced2106902fd5519688
2022-04-09 11:03:14 UTC,view,5530296,1558364261414932063,apparel.women.top,Greymont,31.18,500000010,a6a7c8763a1676cf64e83f96700269ee
2022-04-09 11:03:59 UTC,purchase,4489659,1516173523019626745,apparel.women.dress,Milbrook,57.93,500000010,a6a7c8763a1676cf64e83f96700269ee
2022-04-09 11:04:46 UTC,view,7182700,1492821164472423496,apparel.men.jeans,,96.69,500000010,a6a7c8763a1676cf64e83f96700269ee
2022-04-09 11:06:28 UTC,view,2295523,1516173523019626745,,,41.51,500000010,a6a7c8763a1676cf64e83f96700269ee
2022-04-09 16:06:52 UTC,view,5027667,1546390003792228747,footwear.sneakers,Milbrook,102.08,500000001,40e91bec741a6d7a790d4762e29b2b64
2022-04-09 16:07:17 UTC,view,1522015,1546390003792228747,footwear.sneakers,Bramholt,115.77,500000001,40e91bec741a6d7a790d4762e29b2b64
2022-04-09 16:11:20 UTC,cart,1260475,1589407324608544585,apparel.women.outerwear,Kestrel & Co,172.49,500000001,40e91bec741a6d7a790d4762e29b2b64
2022-04-09 16:11:42 UTC,purchase,1260475,1589407324608544585,apparel.women.outerwear,,183.12,500000001,40e91bec741a6d7a790d4762e29b2b64
2022-04-09 16:15:00 UTC,view,9118832,1589407324608544585,apparel.women.outerwear,Ruskin & Fable,155.66,500000001,40e91bec741a6d7a790d4762e29b2b64
2022-04-09 16:15:46 UTC,view,1260475,1589407324608544585,apparel.women.outerwear,Kestrel & Co,172.88,500000001,40e91bec741a6d7a790d4762e29b2b64
2022-04-09 18:52:05 UTC,view,6497266,1558430393367643133,,Doverly,11.0,500000001,695ca2b6cc106e5bf7aa11d11afa7985
2022-04-09 18:52:18 UTC,cart,2292183,1508136215129873133,apparel.kids.top,,14.99,500000001,695ca2b6cc106e5bf7aa11d11afa7985
2022-04-09 19:00:19 UTC,view,8966163,1549623645531932356,accessories.bags,Solmara,76.64,500000001,695ca2b6cc106e5bf7aa11d11afa7985
2022-04-09 19:07:00 UTC,purchase,2292183,1508136215129873133,apparel.kids.top,,13.29,500000001,695ca2b6cc106e5bf7aa11d11afa7985
2022-04-09 22:13:14 UTC,view,3852546,1482972250706899052,apparel.women.pants,Bramholt,80.37,500000002,a7aa5d3a7352ba44e19d13b57bca2c18
2022-04-09 22:15:43 UTC,view,2295523,1516173523019626745,apparel.women.dress,,43.57,500000002,a7aa5d3a7352ba44e19d13b57bca2c18
2022-04-09 22:16:19 UTC,cart,3211935,1482972250706899052,apparel.women.pants,Vantree,60.22,500000002,a7aa5d3a7352ba44e19d13b57bca2c18
2022-04-09 22:17:43 UTC,purchase,3211935,1482972250706899052,apparel.women.pants,Vantree,55.07,500000002,a7aa5d3a7352ba44e19d13b57bca2c18
2022-04-09 22:27:07 UTC,view,7106580,1428548884811402817,apparel.men.shirt,Wrenfield,35.42,500000002,a7aa5d3a7352ba44e19d13b57bca2c18
2022-04-09 22:28:49 UTC,view,2102225,1516173523019626745,apparel.women.dress,Vantree,36.73,500000002,a7aa5d3a7352ba44e19d13b57bca2c18
2022-04-10 18:02:32 UTC,view,9829417,1546390003792228747,footwear.sneakers,,118.37,500000003,4adf51847dfc489ffdc1b27371afedf7
2022-04-10 18:18:30 UTC,view,4994348,1549623645531932356,accessories.bags,,59.84,500000003,4adf51847dfc489ffdc1b27371afedf7
2022-04-10 18:21:06 UTC,view,9841830,1508136215129873133,,Wrenfield,12.49,500000003,4adf51847dfc489ffdc1b27371afedf7
2022-04-10 18:28:13 UTC,view,7620070,1546390003792228747,footwear.sneakers,,60.11,500000003,4adf51847dfc489ffdc1b27371afedf7
2022-04-10 18:28:13 UTC,cart,7182700,1492821164472423496,apparel.men.jeans,,100.21,500000003,4adf51847dfc489ffdc1b27371afedf7
2022-04-10 18:29:18 UTC,purchase,7182700,1492821164472423496,apparel.men.jeans,,82.64,500000003,4adf51847dfc489ffdc1b27371afedf7
2022-04-11 19:22:47 UTC,view,2404737,1516173523019626745,,,68.17,500000004,12cb8f38d55c4d5646a5d5951b41af23
2022-04-11 19:32:08 UTC,view,8966163,1549623645531932356,accessories.bags,Solmara,87.34,500000004,12cb8f38d55c4d5646a5d5951b41af23
2022-04-11 19:46:50 UTC,cart,4762867,1594728468612408249,accessories.jewelry,Greymont,16.21,500000004,12cb8f38d55c4d5646a5d5951b41af23
2022-04-11 19:47:34 UTC,purchase,4762867,1594728468612408249,accessories.jewelry,Greymont,16.11,500000004,12cb8f38d55c4d5646a5d5951b41af23
2022-04-12 12:56:02 UTC,view,7182700,1492821164472423496,apparel.men.jeans,,93.43,500000003,a8495528eac28407a5086b7c014ca339
2022-04-12 13:02:32 UTC,view,9645778,1558186846391920988,apparel.kids.outerwear,,29.83,500000003,a8495528eac28407a5086b7c014ca339
2022-04-12 13:05:28 UTC,cart,9118281,1558364261414932063,apparel.women.top,,17.73,500000003,a8495528eac28407a5086b7c014ca339
2022-04-12 13:07:49 UTC,view,2102225,1516173523019626745,apparel.women.dress,Vantree,38.08,500000003,a8495528eac28407a5086b7c014ca339
2022-04-12 13:10:27 UTC,purchase,9118281,1558364261414932063,apparel.women.top,,16.74,500000003,a8495528eac28407a5086b7c014ca339
2022-04-12 13:10:30 UTC,view,8800984,1558364261414932063,apparel.women.top,Oakspire,18.74,500000003,a8495528eac28407a5086b7c014ca339
2022-04-12 13:14:01 UTC,view,2102225,1516173523019626745,apparel.women.dress,,31.96,500000003,a8495528eac28407a5086b7c014ca339
2022-04-12 17:14:51 UTC,view,8746636,1482972250706899052,apparel.women.pants,,56.43,500000001,febf751c6b84b34008df6f6c9b434f9e
2022-04-12 17:15:07 UTC,view,5862621,1492821164472423496,apparel.men.jeans,Vantree,48.08,500000001,febf751c6b84b34008df6f6c9b434f9e
2022-04-12 17:18:13 UTC,view,7814384,1482972250706899052,apparel.women.pants,Palewick,67.47,500000001,febf751c6b84b34008df6f6c9b434f9e
2022-04-12 17:19:27 UTC,view,1162680,1589407324608544585,apparel.women.outerwear,,206.4,500000001,febf751c6b84b34008df6f6c9b434f9e
2022-04-12 17:36:29 UTC,view,8966163,1549623645531932356,accessories.bags,Solmara,84.4,500000001,febf751c6b84b34008df6f6c9b434f9e
2022-04-12 18:45:25 UTC,view,9829417,1546390003792228747,footwear.sneakers,,125.4,500000009,6eb23184742b011fcc48f69cc3eb57f6
2022-04-12 18:56:00 UTC,view,9118832,1589407324608544585,apparel.women.outerwear,,182.24,500000009,6eb23184742b011fcc48f69cc3eb57f6
2022-04-12 19:12:27 UTC,view,7729308,1482972250706899052,apparel.women.pants,,38.43,500000009,6eb23184742b011fcc48f69cc3eb57f6
2022-04-12 20:55:55 UTC,view,3817121,1482972250706899052,apparel.women.pants,Ferncastle,67.34,500000012,46291748c7522783f885c792d1d73939
2022-04-12 21:04:12 UTC,cart,3243048,1558364261414932063,apparel.women.top,Thistlewood,48.35,500000012,46291748c7522783f885c792d1d73939
12/04/2022 21:04,view,6517467,1516173523019626745,,Thistlewood,81.79,500000012,46291748c7522783f885c792d1d73939
2022-04-12 21:05:20 UTC,purchase,3243048,1558364261414932063,apparel.women.top,Thistlewood,43.21,500000012,46291748c7522783f885c792d1d73939
2022-04-12 21:15:10 UTC,view,7182700,1492821164472423496,apparel.men.jeans,,87.06,500000012,46291748c7522783f885c792d1d73939
2022-04-13 07:52:58 UTC,view,3243048,1558364261414932063,,,44.3,500000015,56a28c14c03b79f64d74f7c479fe8528
2022-04-13 07:53:10 UTC,view,6362414,1558364261414932063,,Ferncastle,25.09,500000015,56a28c14c03b79f64d74f7c479fe8528
2022-04-13 08:01:48 UTC,view,7182700,1492821164472423496,apparel.men.jeans,,91.74,500000015,56a28c14c03b79f64d74f7c479fe8528
2022-04-13 08:03:17 UTC,cart,9829417,1546390003792228747,footwear.sneakers,Bellcroft,138.2,500000015,56a28c14c03b79f64d74f7c479fe8528
2022-04-13 08:04:58 UTC,purchase,9829417,1546390003792228747,,Bellcroft,114.02,500000015,56a28c14c03b79f64d74f7c479fe8528
2022-04-13 08:07:39 UTC,view,4170752,1519748099762056932,apparel.men.outerwear,Bramholt,209.3,500000015,56a28c14c03b79f64d74f7c479fe8528
2022-04-13 08:17:49 UTC,view,7182700,1492821164472423496,apparel.men.jeans,,97.01,500000015,56a28c14c03b79f64d74f7c479fe8528
2022-04-13 12:10:08 UTC,view,3163829,1558364261414932063,apparel.women.top,,40.52,500000001,f15e069470a836a4dab579b2bfaa55c9
2022-04-13 12:12:07 UTC,view,1162680,1589407324608544585,apparel.women.outerwear,Kestrel & Co,204.86,500000001,f15e069470a836a4dab579b2bfaa55c9
2022-04-13 12:17:25 UTC,view,9748139,1594728468612408249,accessories.jewelry,Ferncastle,19.56,500000001,f15e069470a836a4dab579b2bfaa55c9
2022-04-14 21:13:05 UTC,view,2102225,1516173523019626745,apparel.women.dress,Vantree,32.16,500000004,b4f8da8479847356dcfdf0a38a5aaed0
2022-04-15 14:07:26 UTC,view,1162680,1589407324608544585,apparel.women.outerwear,Kestrel & Co,227.49,500000002,26544edaa63f75d308611b2c99bc26a3
15/04/2022 14:14,view,8966163,1549623645531932356,,Solmara,87.35,500000002,26544edaa63f75d308611b2c99bc26a3
2022-04-15 14:26:08 UTC,view,9748139,1594728468612408249,accessories.jewelry,Ferncastle,22.84,500000002,26544edaa63f75d308611b2c99bc26a3
2022-04-16 13:44:30 UTC,view,9829417,1546390003792228747,footwear.sneakers,Bellcroft,119.74,500000001,124cb6b6380cc1f033f6c0a0d3e55515
2022-04-16 13:45:04 UTC,view,4663963,1428548884811402817,apparel.men.shirt,Greymont,36.89,500000001,124cb6b6380cc1f033f6c0a0d3e55515
2022-04-16 13:46:34 UTC,cart,9800243,1492821164472423496,apparel.men.jeans,Palewick,91.65,500000001,124cb6b6380cc1f033f6c0a0d3e55515
2022-04-16 13:49:18 UTC,purchase,9800243,1492821164472423496,apparel.men.jeans,,77.48,500000001,124cb6b6380cc1f033f6c0a0d3e55515
2022-04-17 06:15:02 UTC,view,2102225,1516173523019626745,apparel.women.dress,,33.88,500000004,48c66f564e4e89b62e09556956181ef2
2022-04-17 06:16:07 UTC,view,7182700,1492821164472423496,apparel.men.jeans,,85.4,500000004,48c66f564e4e89b62e09556956181ef2
2022-04-17 06:19:26 UTC,view,7182700,1492821164472423496,apparel.men.jeans,,95.54,500000004,48c66f564e4e89b62e09556956181ef2
2022-04-17 06:23:09 UTC,view,8966163,1549623645531932356,accessories.bags,Solmara,93.08,500000004,48c66f564e4e89b62e09556956181ef2
2022-04-17 06:26:26 UTC,view,8634461,1428548884811402817,apparel.men.shirt,Kestrel & Co,19.81,500000004,48c66f564e4e89b62e09556956181ef2
2022-04-17 06:32:15 UTC,view,7660389,1508136215129873133,apparel.kids.top,,26.09,500000004,48c66f564e4e89b62e09556956181ef2
2022-04-17 06:37:27 UTC,view,1162680,1589407324608544585,,Kestrel & Co,235.81,500000004,48c66f564e4e89b62e09556956181ef2
2022-04-17 23:15:33 UTC,view,8795573,1482972250706899052,apparel.women.pants,Palewick,26.77,500000002,0a26441a4f753ce077437c549d12e279
2022-04-17 23:22:46 UTC,cart,5822751,1492821164472423496,apparel.men.jeans,Doverly,69.04,500000002,0a26441a4f753ce077437c549d12e279
2022-04-17 23:23:03 UTC,view,3428363,1516173523019626745,,,66.47,500000002,0a26441a4f753ce077437c549d12e279
2022-04-17 23:23:58 UTC,view,8758486,1516173523019626745,apparel.women.dress,,84.74,500000002,0a26441a4f753ce077437c549d12e279
2022-04-17 23:24:37 UTC,purchase,5822751,1492821164472423496,,Doverly,60.33,500000002,0a26441a4f753ce077437c549d12e279
2022-04-17 23:25:25 UTC,view,9036326,1558430393367643133,accessories.hats,,7.89,500000002,0a26441a4f753ce077437c549d12e279
2022-04-17 23:34:12 UTC,view,7346335,1594728468612408249,accessories.jewelry,Milbrook,73.69,500000002,0a26441a4f753ce077437c549d12e279
2022-04-18 09:48:53 UTC,view,2380478,1429628030847824846,,Aldyne,48.82,500000031,372a80d7a12f047b8abf37f1ed698de3
2022-04-18 09:58:26 UTC,view,6380274,1472209747072745335,footwear.boots,Wrenfield,188.57,500000031,372a80d7a12f047b8abf37f1ed698de3
2022-04-18 09:58:54 UTC,view,9755526,1589407324608544585,apparel.women.outerwear,Ashgrove,88.46,500000031,372a80d7a12f047b8abf37f1ed698de3
2022-04-18 09:59:35 UTC,cart,9036326,1558430393367643133,accessories.hats,,8.36,500000031,372a80d7a12f047b8abf37f1ed698de3
2022-04-18 09:59:53 UTC,view,3243048,1558364261414932063,apparel.women.top,Thistlewood,44.27,500000031,372a80d7a12f047b8abf37f1ed698de3
2022-04-18 10:01:18 UTC,view,1162680,1589407324608544585,apparel.women.outerwear,Kestrel & Co,204.44,500000031,372a80d7a12f047b8abf37f1ed698de3
2022-04-18 10:04:25 UTC,view,9748139,1594728468612408249,accessories.jewelry,Ferncastle,22.57,500000031,372a80d7a12f047b8abf37f1ed698de3
2022-04-18 10:06:10 UTC,purchase,9036326,1558430393367643133,accessories.hats,,7.46,500000031,372a80d7a12f047b8abf37f1ed698de3
2022-04-18 23:23:27 UTC,view,7171122,1558186846391920988,apparel.kids.outerwear,,64.64,500000001,339e760c4d40bd355218cbb1bbc88d8e
2022-04-18 23:26:40 UTC,cart,3428363,1516173523019626745,apparel.women.dress,,72.17,500000001,339e760c4d40bd355218cbb1bbc88d8e
2022-04-18 23:28:47 UTC,purchase,3428363,1516173523019626745,apparel.women.dress,,70.65,500000001,339e760c4d40bd355218cbb1bbc88d8e
2022-04-18 23:46:57 UTC,view,5678537,1472209747072745335,footwear.boots,Aldyne,122.05,500000001,339e760c4d40bd355218cbb1bbc88d8e
2022-04-18 23:53:07 UTC,view,9036326,1558430393367643133,accessories.hats,,7.48,500000001,339e760c4d40bd355218cbb1bbc88d8e
2022-04-20 17:42:07 UTC,view,3852546,1482972250706899052,apparel.women.pants,,70.43,500000003,ed4d7abb8cd66e877e9a5e2d83e8d214
2022-04-20 17:54:22 UTC,view,2102225,1516173523019626745,apparel.women.dress,Vantree,34.6,500000003,ed4d7abb8cd66e877e9a5e2d83e8d214
2022-04-20 18:01:14 UTC,cart,5234930,1589407324608544585,apparel.women.outerwear,,198.51,500000003,ed4d7abb8cd66e877e9a5e2d83e8d214
2022-04-20 18:02:57 UTC,view,3301602,1594728468612408249,accessories.jewelry,Vantree,42.79,500000003,ed4d7abb8cd66e877e9a5e2d83e8d214
2022-04-20 18:03:16 UTC,purchase,5234930,1589407324608544585,apparel.women.outerwear,,201.84,500000003,ed4d7abb8cd66e877e9a5e2d83e8d214
2022-04-20 18:04:01 UTC,view,1099410,1558430393367643133,accessories.hats,Norlend,16.39,500000003,ed4d7abb8cd66e877e9a5e2d83e8d214
2022-04-20 18:04:43 UTC,view,3243048,1558364261414932063,apparel.women.top,,42.3,500000003,ed4d7abb8cd66e877e9a5e2d83e8d214
2022-04-20 18:07:38 UTC,view,4747587,1482972250706899052,apparel.women.pants,,73.7,500000003,ed4d7abb8cd66e877e9a5e2d83e8d214
2022-04-21 15:12:53 UTC,view,9841830,1508136215129873133,apparel.kids.top,Wrenfield,12.92,500000007,efbc2e8103de5a60875fdd6c944134c9
2022-04-21 15:36:40 UTC,view,9829417,1546390003792228747,footwear.sneakers,Bellcroft,120.27,500000007,efbc2e8103de5a60875fdd6c944134c9
2022-04-21 15:37:17 UTC,view,8966163,1549623645531932356,accessories.bags,Solmara,82.99,500000007,efbc2e8103de5a60875fdd6c944134c9
22/04/2022 23:38,view,1029072,1482972250706899052,apparel.women.pants,,47.75,500000003,482fc63311c30e9dee0262794da25899
2022-04-22 23:38:36 UTC,view,2102225,1516173523019626745,apparel.women.dress,Vantree,38.49,500000003,482fc63311c30e9dee0262794da25899
2022-04-25 09:45:29 UTC,view,8966163,1549623645531932356,,Solmara,79.24,500000035,481611476a700860d0c490125d255fba
2022-04-25 09:45:42 UTC,view,4194454,1482972250706899052,apparel.women.pants,Vantree,65.5,500000035,481611476a700860d0c490125d255fba
2022-04-25 09:50:03 UTC,cart,6976349,1482972250706899052,apparel.women.pants,,45.76,500000035,481611476a700860d0c490125d255fba
2022-04-25 09:54:06 UTC,remove_from_cart,6976349,1482972250706899052,apparel.women.pants,,42.13,500000035,481611476a700860d0c490125d255fba
2022-04-25 12:07:20 UTC,view,9829417,1546390003792228747,,,123.88,500000001,90b42dc1df5639d0a64443eac81be712
2022-04-25 12:14:03 UTC,view,8754194,1482972250706899052,apparel.women.pants,Kestrel & Co,49.5,500000001,90b42dc1df5639d0a64443eac81be712
2022-04-25 12:21:22 UTC,view,1356979,1482972250706899052,apparel.women.pants,,28.91,500000001,8469fd6c75def6d09de149886224d94b
25/04/2022 12:30,view,9755526,1589407324608544585,apparel.women.outerwear,Ashgrove,81.61,500000001,8469fd6c75def6d09de149886224d94b
2022-04-25 12:31:18 UTC,view,7182700,1492821164472423496,apparel.men.jeans,,99.85,500000001,8469fd6c75def6d09de149886224d94b
2022-04-26 08:45:19 UTC,view,3689249,1428548884811402817,apparel.men.shirt,,39.85,500000003,5754e1d97a7222de93fa9d4dc8e56a1b
2022-04-26 08:55:27 UTC,view,8966163,1549623645531932356,accessories.bags,Solmara,89.95,500000003,5754e1d97a7222de93fa9d4dc8e56a1b
2022-04-26 08:58:23 UTC,view,9065490,1516173523019626745,apparel.women.dress,Aldyne,108.25,500000003,5754e1d97a7222de93fa9d4dc8e56a1b
2022-04-26 09:06:07 UTC,view,2931280,1558364261414932063,apparel.women.top,,35.52,500000003,5754e1d97a7222de93fa9d4dc8e56a1b
2022-04-27 19:28:15 UTC,view,9829417,1546390003792228747,footwear.sneakers,Bellcroft,122.52,500000002,bf634d484f5daa48d1ba36eb4fe6986c
2022-04-27 19:37:19 UTC,view,2731345,1428548884811402817,apparel.men.shirt,Aldyne,52.24,500000002,bf634d484f5daa48d1ba36eb4fe6986c
2022-04-27 19:42:51 UTC,view,1162680,1589407324608544585,apparel.women.outerwear,Kestrel & Co,209.7,500000002,bf634d484f5daa48d1ba36eb4fe6986c
2022-04-27 19:45:10 UTC,view,2738486,1594728468612408249,accessories.jewelry,Ferncastle,26.63,500000002,bf634d484f5daa48d1ba36eb4fe6986c
2022-04-27 19:52:25 UTC,cart,9841830,1508136215129873133,apparel.kids.top,Wrenfield,13.44,500000002,bf634d484f5daa48d1ba36eb4fe6986c
2022-04-27 19:55:20 UTC,view,6801451,1594728468612408249,accessories.jewelry,,38.04,500000002,bf634d484f5daa48d1ba36eb4fe6986c
2022-04-27 19:56:24 UTC,purchase,9841830,1508136215129873133,,Wrenfield,13.3,500000002,bf634d484f5daa48d1ba36eb4fe6986c
2022-05-01 19:47:37 UTC,view,7182700,1492821164472423496,apparel.men.jeans,,91.46,500000002,16bfbf732dcbc8a38774c0355476dad1
2022-05-01 19:49:46 UTC,view,9829417,1546390003792228747,footwear.sneakers,Bellcroft,121.28,500000002,16bfbf732dcbc8a38774c0355476dad1
2022-05-01 20:01:23 UTC,view,9388289,1589407324608544585,apparel.women.outerwear,Milbrook,79.03,500000002,16bfbf732dcbc8a38774c0355476dad1
2022-05-01 20:01:59 UTC,view,7182700,1492821164472423496,apparel.men.jeans,,95.33,500000002,16bfbf732dcbc8a38774c0355476dad1
2022-05-01 20:06:47 UTC,view,2102225,1516173523019626745,apparel.women.dress,,34.76,500000002,16bfbf732dcbc8a38774c0355476dad1
2022-05-02 17:05:03 UTC,view,8634461,1428548884811402817,apparel.men.shirt,Kestrel & Co,22.48,500000001,2fb406b3a5989181eda7db63c0aa9529
2022-05-02 17:05:47 UTC,view,2102225,1516173523019626745,apparel.women.dress,Vantree,36.16,500000001,2fb406b3a5989181eda7db63c0aa9529
2022-05-02 17:09:01 UTC,view,1601049,1558364261414932063,apparel.women.top,,25.81,500000001,2fb406b3a5989181eda7db63c0aa9529
2022-05-02 17:10:26 UTC,view,9755526,1589407324608544585,apparel.women.outerwear,Ashgrove,79.31,500000001,2fb406b3a5989181eda7db63c0aa9529
2022-05-02 17:20:34 UTC,view,8754194,1482972250706899052,apparel.women.pants,Kestrel & Co,56.18,500000001,2fb406b3a5989181eda7db63c0aa9529
2022-05-03 15:30:14 UTC,view,6079235,1508136215129873133,apparel.kids.top,Bramholt,8.47,500000184,7c1eda143bfa034194205deb08fcbbd1
2022-05-03 15:36:53 UTC,view,8634461,1428548884811402817,apparel.men.shirt,Kestrel & Co,23.49,500000184,7c1eda143bfa034194205deb08fcbbd1
2022-05-03 15:49:38 UTC,view,1430298,1519748099762056932,apparel.men.outerwear,Ruskin & Fable,131.04,500000184,7c1eda143bfa034194205deb08fcbbd1
2022-05-05 10:29:37 UTC,view,3676700,1558186846391920988,apparel.kids.outerwear,Oakspire,65.09,500000003,ee5fb05d028459c07b2ea4a0f453680d
2022-05-06 07:26:01 UTC,view,7255659,1492821164472423496,apparel.men.jeans,,96.86,500000012,a19069ef6b15aff7b08d0efdbfd3e53d
2022-05-06 07:32:44 UTC,view,5852256,1594728468612408249,accessories.jewelry,,45.73,500000012,a19069ef6b15aff7b08d0efdbfd3e53d
2022-05-06 07:42:48 UTC,view,9355705,1516173523019626745,apparel.women.dress,,83.43,500000012,a19069ef6b15aff7b08d0efdbfd3e53d
2022-05-06 07:45:52 UTC,view,8634461,1428548884811402817,apparel.men.shirt,Kestrel & Co,23.39,500000012,a19069ef6b15aff7b08d0efdbfd3e53d
2022-05-06 17:36:46 UTC,view,7729308,1482972250706899052,apparel.women.pants,Ruskin & Fable,38.06,500000012,cff6cf71e63111aab27bf0e7e7839496
2022-05-06 17:38:02 UTC,view,1029072,1482972250706899052,apparel.women.pants,,50.36,500000012,cff6cf71e63111aab27bf0e7e7839496
2022-05-06 17:45:34 UTC,view,4143393,1519748099762056932,apparel.men.outerwear,Marlow Row,227.25,500000012,cff6cf71e63111aab27bf0e7e7839496
2022-05-06 17:52:40 UTC,view,5114384,1558186846391920988,apparel.kids.outerwear,Kestrel & Co,30.19,500000012,cff6cf71e63111aab27bf0e7e7839496
2022-05-06 17:54:01 UTC,view,5822751,1492821164472423496,apparel.men.jeans,,65.87,500000012,cff6cf71e63111aab27bf0e7e7839496
2022-05-06 17:54:34 UTC,view,6695684,1516173523019626745,apparel.women.dress,,48.42,500000012,cff6cf71e63111aab27bf0e7e7839496
2022-05-06 17:58:57 UTC,view,6517467,1516173523019626745,apparel.women.dress,,87.57,500000012,cff6cf71e63111aab27bf0e7e7839496
2022-05-07 11:10:24 UTC,view,9748139,1594728468612408249,accessories.jewelry,Ferncastle,22.11,500000002,3b40fa325b61b277af89ca4c81eadf19
2022-05-07 11:11:09 UTC,view,8966163,1549623645531932356,accessories.bags,Solmara,87.49,500000002,3b40fa325b61b277af89ca4c81eadf19
2022-05-07 11:16:55 UTC,view,8966163,1549623645531932356,accessories.bags,Solmara,84.71,500000002,3b40fa325b61b277af89ca4c81eadf19
2022-05-07 15:22:43 UTC,view,5678537,1472209747072745335,footwear.boots,Aldyne,119.85,500002907,710819e3e90067dbecd92f8f879cbdca
2022-05-07 15:22:43 UTC,cart,5862621,1492821164472423496,apparel.men.jeans,Vantree,48.11,500002907,710819e3e90067dbecd92f8f879cbdca
2022-05-07 15:24:05 UTC,view,9319849,1472209747072745335,footwear.boots,Marlow Row,148.38,500002907,710819e3e90067dbecd92f8f879cbdca
2022-05-07 15:28:23 UTC,view,5711182,1546390003792228747,footwear.sneakers,Oakspire,75.27,500002907,710819e3e90067dbecd92f8f879cbdca
2022-05-07 15:30:56 UTC,purchase,5862621,1492821164472423496,apparel.men.jeans,Vantree,48.52,500002907,710819e3e90067dbecd92f8f879cbdca
2022-05-07 18:46:41 UTC,view,4705110,1428548884811402817,apparel.men.shirt,Ashgrove,20.79,500000074,034f688a15eb29e82a1f020106146a70
07/05/2022 18:57,view,8903471,1428548884811402817,apparel.men.shirt,,20.51,500000074,034f688a15eb29e82a1f020106146a70
2022-05-07 19:00:30 UTC,view,5599767,1558364261414932063,apparel.women.top,Ferncastle,15.5,500000074,034f688a15eb29e82a1f020106146a70
2022-05-07 19:58:35 UTC,view,4705110,1428548884811402817,apparel.men.shirt,Ashgrove,19.39,500000004,1dac40ebad316c17225f2c585f1d7ed6
2022-05-07 19:58:35 UTC,cart,7182700,1492821164472423496,,,84.88,500000004,1dac40ebad316c17225f2c585f1d7ed6
2022-05-07 20:02:26 UTC,purchase,7182700,1492821164472423496,apparel.men.jeans,,86.9,500000004,1dac40ebad316c17225f2c585f1d7ed6
2022-05-07 20:08:19 UTC,view,3533080,1519748099762056932,,,110.63,500000004,1dac40ebad316c17225f2c585f1d7ed6
2022-05-07 20:14:47 UTC,view,2102225,1516173523019626745,apparel.women.dress,Vantree,36.56,500000004,1dac40ebad316c17225f2c585f1d7ed6
2022-05-08 11:28:23 UTC,view,9075437,1558364261414932063,apparel.women.top,,27.19,500000001,9b1e33f1ca2cf0db88e752488ff207fc
2022-05-08 11:32:42 UTC,view,1517547,1558364261414932063,,Bellcroft,25.31,500000001,9b1e33f1ca2cf0db88e752488ff207fc
2022-05-08 11:37:39 UTC,view,7182700,1492821164472423496,apparel.men.jeans,,83.04,500000001,9b1e33f1ca2cf0db88e752488ff207fc
2022-05-08 11:38:25 UTC,view,4646091,1516173523019626745,apparel.women.dress,,67.53,500000001,9b1e33f1ca2cf0db88e752488ff207fc
2022-05-08 11:45:17 UTC,view,8966163,1549623645531932356,accessories.bags,Solmara,78.06,500000001,9b1e33f1ca2cf0db88e752488ff207fc
2022-05-08 11:51:39 UTC,cart,1162680,1589407324608544585,apparel.women.outerwear,Kestrel & Co,207.73,500000001,9b1e33f1ca2cf0db88e752488ff207fc
2022-05-08 11:53:05 UTC,purchase,1162680,1589407324608544585,,Kestrel & Co,224.41,500000001,9b1e33f1ca2cf0db88e752488ff207fc
2022-05-11 10:32:54 UTC,view,5114384,1558186846391920988,apparel.kids.outerwear,Kestrel & Co,26.17,500000006,7365ab5b9c6950f0da626b3d5cb97a7e
2022-05-11 10:42:25 UTC,view,6517467,1516173523019626745,apparel.women.dress,Thistlewood,94.19,500000006,7365ab5b9c6950f0da626b3d5cb97a7e
2022-05-11 10:49:39 UTC,view,9065490,1516173523019626745,,Aldyne,106.1,500000006,7365ab5b9c6950f0da626b3d5cb97a7e
2022-05-11 15:00:10 UTC,view,9118832,1589407324608544585,apparel.women.outerwear,Ruskin & Fable,160.86,500000001,390ecdec0620cf10e537ab87a540d469
2022-05-11 15:07:18 UTC,view,9748139,1594728468612408249,,Ferncastle,22.96,500000001,390ecdec0620cf10e537ab87a540d469
2022-05-11 15:07:58 UTC,view,7448961,1590725883499271729,accessories.belts,Harlow Vale,17.61,500000001,390ecdec0620cf10e537ab87a540d469
2022-05-12 09:54:25 UTC,view,9118832,1589407324608544585,apparel.women.outerwear,,171.4,500000001,4ddf39fb2bd87ddbb1bdcbe014338d0a
2022-05-12 09:56:56 UTC,view,9036326,1558430393367643133,accessories.hats,,8.65,500000001,4ddf39fb2bd87ddbb1bdcbe014338d0a
2022-05-12 09:58:15 UTC,view,7448961,1590725883499271729,accessories.belts,Harlow Vale,18.11,500000001,4ddf39fb2bd87ddbb1bdcbe014338d0a
2022-05-12 19:14:31 UTC,view,8903471,1428548884811402817,apparel.men.shirt,,19.46,500000001,4304cc244be63d2c3a53d1971c8ae355
2022-05-12 19:23:50 UTC,view,4762867,1594728468612408249,,Greymont,17.27,500000001,4304cc244be63d2c3a53d1971c8ae355
2022-05-12 19:47:54 UTC,view,8754194,1482972250706899052,apparel.women.pants,,49.9,500000001,696a4d2edf1bb038a744cbab31f1fc68
2022-05-12 19:50:13 UTC,view,4762867,1594728468612408249,accessories.jewelry,Greymont,16.75,500000001,696a4d2edf1bb038a744cbab31f1fc68
2022-05-12 19:52:38 UTC,cart,2102225,1516173523019626745,apparel.women.dress,Vantree,33.04,500000001,696a4d2edf1bb038a744cbab31f1fc68
2022-05-12 19:54:23 UTC,purchase,2102225,1516173523019626745,apparel.women.dress,,35.53,500000001,696a4d2edf1bb038a744cbab31f1fc68
2022-05-12 19:57:21 UTC,view,7093987,1492821164472423496,,,34.56,500000001,696a4d2edf1bb038a744cbab31f1fc68
2022-05-12 20:04:55 UTC,view,4236332,1482972250706899052,apparel.women.pants,,36.87,500000001,696a4d2edf1bb038a744cbab31f1fc68
2022-05-12 20:14:39 UTC,view,6497266,1558430393367643133,accessories.hats,Doverly,10.8,500000001,696a4d2edf1bb038a744cbab31f1fc68
2022-05-12 22:58:34 UTC,view,1072276,1558364261414932063,apparel.women.top,Ferncastle,46.73,500000001,e59816a16b145bd424d40d66ba74f6b1
2022-05-12 23:01:36 UTC,view,8754194,1482972250706899052,apparel.women.pants,,55.08,500000001,e59816a16b145bd424d40d66ba74f6b1
2022-05-12 23:02:46 UTC,view,9739117,1428548884811402817,apparel.men.shirt,Cinderfox,39.57,500000001,e59816a16b145bd424d40d66ba74f6b1
2022-05-12 23:07:12 UTC,view,9111330,1589407324608544585,apparel.women.outerwear,,181.07,500000001,e59816a16b145bd424d40d66ba74f6b1
2022-05-12 23:08:22 UTC,cart,4747587,1482972250706899052,apparel.women.pants,,81.78,500000001,e59816a16b145bd424d40d66ba74f6b1
2022-05-12 23:09:15 UTC,purchase,4747587,1482972250706899052,apparel.women.pants,,74.85,500000001,e59816a16b145bd424d40d66ba74f6b1
2022-05-12 23:11:00 UTC,view,7448961,1590725883499271729,,Harlow Vale,17.54,500000001,e59816a16b145bd424d40d66ba74f6b1
2022-05-12 23:13:00 UTC,view,4123413,1589407324608544585,apparel.women.outerwear,Solmara,55.94,500000001,e59816a16b145bd424d40d66ba74f6b1
2022-05-13 16:52:22 UTC,view,7182700,1492821164472423496,apparel.men.jeans,,82.58,500000006,12ad495a9e45511e79d86e78cd51ba6e
2022-05-13 17:02:22 UTC,view,7182700,1492821164472423496,apparel.men.jeans,,93.47,500000006,12ad495a9e45511e79d86e78cd51ba6e
2022-05-13 17:13:17 UTC,view,9841830,1508136215129873133,apparel.kids.top,,12.64,500000006,12ad495a9e45511e79d86e78cd51ba6e
2022-05-14 08:44:52 UTC,view,3676700,1558186846391920988,apparel.kids.outerwear,Oakspire,63.45,500000006,6e3cd92865055ceef371606dea0db6b0
2022-05-14 08:46:03 UTC,view,9755526,1589407324608544585,apparel.women.outerwear,Ashgrove,91.25,500000006,6e3cd92865055ceef371606dea0db6b0
2022-05-14 08:54:28 UTC,view,2380478,1429628030847824846,,Aldyne,42.09,500000006,6e3cd92865055ceef371606dea0db6b0
2022-05-14 08:56:57 UTC,view,1910407,1482972250706899052,apparel.women.pants,,80.18,500000006,6e3cd92865055ceef371606dea0db6b0
2022-05-14 08:57:35 UTC,view,7864641,1508136215129873133,apparel.kids.top,,16.49,500000006,6e3cd92865055ceef371606dea0db6b0
2022-05-14 09:03:44 UTC,view,3004815,1482972250706899052,apparel.women.pants,,60.13,500000006,6e3cd92865055ceef371606dea0db6b0
2022-05-14 09:06:47 UTC,view,7814384,1482972250706899052,,Palewick,69.11,500000006,6e3cd92865055ceef371606dea0db6b0
2022-05-14 15:37:22 UTC,view,8966163,1549623645531932356,accessories.bags,Solmara,89.2,500000010,d8e1ee940ffab8c426777f8441646411
2022-05-14 15:45:41 UTC,cart,7946407,1519748099762056932,apparel.men.outerwear,Solmara,68.75,500000010,d8e1ee940ffab8c426777f8441646411
2022-05-14 15:46:21 UTC,view,8800984,1558364261414932063,apparel.women.top,Oakspire,17.67,500000010,d8e1ee940ffab8c426777f8441646411
2022-05-14 15:46:37 UTC,purchase,7946407,1519748099762056932,apparel.men.outerwear,Solmara,71.72,500000010,d8e1ee940ffab8c426777f8441646411
2022-05-14 15:46:55 UTC,view,5908484,1589407324608544585,,Aldyne,204.54,500000010,d8e1ee940ffab8c426777f8441646411
2022-05-14 20:39:30 UTC,view,7182700,1492821164472423496,apparel.men.jeans,,87.95,500000008,1c2c918df6bf2eaa1b3c4a6a66cb5780
2022-05-14 20:46:31 UTC,view,9065490,1516173523019626745,apparel.women.dress,Aldyne,116.22,500000008,1c2c918df6bf2eaa1b3c4a6a66cb5780
2022-05-14 21:03:12 UTC,view,2102225,1516173523019626745,apparel.women.dress,,38.44,500000008,1c2c918df6bf2eaa1b3c4a6a66cb5780
2022-05-14 21:05:01 UTC,view,2292183,1508136215129873133,apparel.kids.top,,14.47,500000008,1c2c918df6bf2eaa1b3c4a6a66cb5780
2022-05-14 21:05:20 UTC,view,4747587,1482972250706899052,apparel.women.pants,,71.73,500000008,1c2c918df6bf2eaa1b3c4a6a66cb5780
2022-05-14 22:13:49 UTC,view,8966163,1549623645531932356,accessories.bags,Solmara,87.67,500000003,ccb6be7d9f5a2e12e040266e91dc460f
2022-05-14 22:14:58 UTC,view,7954298,1516173523019626745,apparel.women.dress,Marlow Row,76.45,500000003,ccb6be7d9f5a2e12e040266e91dc460f
2022-05-14 22:20:37 UTC,view,2154101,1558430393367643133,accessories.hats,,15.02,500000003,ccb6be7d9f5a2e12e040266e91dc460f
2022-05-14 22:21:31 UTC,view,1189654,1428548884811402817,apparel.men.shirt,,30.31,500000003,ccb6be7d9f5a2e12e040266e91dc460f
,view,8966163,1549623645531932356,accessories.bags,Solmara,90.43,500000003,ccb6be7d9f5a2e12e040266e91dc460f
2022-05-14 22:29:38 UTC,cart,2295523,1516173523019626745,apparel.women.dress,,45.25,500000003,ccb6be7d9f5a2e12e040266e91dc460f
2022-05-14 22:34:33 UTC,view,8634461,1428548884811402817,apparel.men.shirt,Kestrel & Co,19.66,500000003,ccb6be7d9f5a2e12e040266e91dc460f
2022-05-14 22:34:48 UTC,purchase,2295523,1516173523019626745,apparel.women.dress,,48.32,500000003,ccb6be7d9f5a2e12e040266e91dc460f
2022-05-15 13:28:46 UTC,view,4747587,1482972250706899052,apparel.women.pants,,73.62,500000020,fb5cbd4136c0a4b024dbcc3632f021bd
2022-05-15 13:36:31 UTC,view,2102225,1516173523019626745,apparel.women.dress,,36.59,500000020,fb5cbd4136c0a4b024dbcc3632f021bd
2022-05-15 13:41:38 UTC,view,5027667,1546390003792228747,footwear.sneakers,Milbrook,111.23,500000020,fb5cbd4136c0a4b024dbcc3632f021bd
2022-05-16 18:20:04 UTC,view,9829417,1546390003792228747,,,123.23,500000063,d867c90bfe99db8a977ca26c85588a88
2022-05-16 18:21:33 UTC,view,6245368,1558430393367643133,accessories.hats,Ashgrove,27.79,500000063,d867c90bfe99db8a977ca26c85588a88
2022-05-16 18:30:29 UTC,cart,8754194,1482972250706899052,,Kestrel & Co,52.77,500000063,d867c90bfe99db8a977ca26c85588a88
2022-05-16 18:33:37 UTC,view,1959257,1590725883499271729,accessories.belts,Ashgrove,23.23,500000063,d867c90bfe99db8a977ca26c85588a88
2022-05-16 18:34:03 UTC,view,7182700,1492821164472423496,apparel.men.jeans,,97.26,500000063,d867c90bfe99db8a977ca26c85588a88
2022-05-16 18:37:09 UTC,view,6810241,1428548884811402817,apparel.men.shirt,,18.82,500000063,d867c90bfe99db8a977ca26c85588a88
2022-05-16 18:38:58 UTC,purchase,8754194,1482972250706899052,apparel.women.pants,,53.83,500000063,d867c90bfe99db8a977ca26c85588a88
2022-05-16 18:41:37 UTC,view,4123413,1589407324608544585,apparel.women.outerwear,Solmara,58.84,500000063,d867c90bfe99db8a977ca26c85588a88
2022-05-16 18:45:22 UTC,view,5425967,1546390003792228747,footwear.sneakers,Kestrel & Co,86.72,500000063,d867c90bfe99db8a977ca26c85588a88
2022-05-17 10:22:49 UTC,view,1099410,1558430393367643133,accessories.hats,Norlend,17.25,500000003,92713082c9a8d2f3410b921d25d63eed
2022-05-17 10:24:08 UTC,view,9829417,1546390003792228747,footwear.sneakers,,131.45,500000003,92713082c9a8d2f3410b921d25d63eed
2022-05-17 10:38:32 UTC,view,9829417,1546390003792228747,footwear.sneakers,Bellcroft,136.63,500000003,92713082c9a8d2f3410b921d25d63eed
2022-05-17 17:55:12 UTC,view,2565553,1590725883499271729,accessories.belts,,19.97,500000001,55e553cd856ba2d900077baa281304cf
2022-05-17 18:02:25 UTC,cart,6517467,1516173523019626745,apparel.women.dress,Thistlewood,84.73,500000001,55e553cd856ba2d900077baa281304cf
2022-05-17 18:05:42 UTC,purchase,6517467,1516173523019626745,,Thistlewood,93.22,500000001,55e553cd856ba2d900077baa281304cf
2022-05-17 18:08:21 UTC,view,7303637,1516173523019626745,apparel.women.dress,Wrenfield,71.5,500000001,55e553cd856ba2d900077baa281304cf
2022-05-17 18:12:45 UTC,view,5409305,1516173523019626745,apparel.women.dress,,111.89,500000001,55e553cd856ba2d900077baa281304cf
2022-05-17 18:14:18 UTC,view,2380478,1429628030847824846,footwear.sandals,Aldyne,43.34,500000001,55e553cd856ba2d900077baa281304cf
2022-05-18 17:21:53 UTC,view,9036326,1558430393367643133,accessories.hats,,7.62,500000001,90f3b0e79a26aeacd10eb737f77f4d0b
2022-05-18 17:21:53 UTC,cart,2102225,1516173523019626745,apparel.women.dress,Vantree,32.94,500000001,90f3b0e79a26aeacd10eb737f77f4d0b
2022-05-18 17:22:46 UTC,purchase,2102225,1516173523019626745,apparel.women.dress,,34.75,500000001,90f3b0e79a26aeacd10eb737f77f4d0b
2022-05-18 17:26:36 UTC,view,2102225,1516173523019626745,apparel.women.dress,Vantree,37.8,500000001,90f3b0e79a26aeacd10eb737f77f4d0b
2022-05-18 17:36:03 UTC,view,5530296,1558364261414932063,apparel.women.top,Greymont,28.94,500000001,90f3b0e79a26aeacd10eb737f77f4d0b
2022-05-18 17:40:40 UTC,view,2292183,1508136215129873133,apparel.kids.top,,15.07,500000001,90f3b0e79a26aeacd10eb737f77f4d0b
2022-05-18 17:47:29 UTC,view,3554832,1428548884811402817,apparel.men.shirt,Greymont,53.65,500000001,90f3b0e79a26aeacd10eb737f77f4d0b
2022-05-18 18:04:58 UTC,view,9679390,1558364261414932063,apparel.women.top,,19.49,500000001,b67cfa69855d4822559e0b0415212739
2022-05-18 18:06:26 UTC,view,3243048,1558364261414932063,apparel.women.top,Thistlewood,39.93,500000001,b67cfa69855d4822559e0b0415212739
2022-05-18 18:27:04 UTC,cart,3163829,1558364261414932063,apparel.women.top,Marlow Row,41.24,500000001,b67cfa69855d4822559e0b0415212739
2022-05-18 18:30:19 UTC,remove_from_cart,3163829,1558364261414932063,apparel.women.top,,38.97,500000001,b67cfa69855d4822559e0b0415212739
2022-05-19 21:21:24 UTC,view,8966163,1549623645531932356,accessories.bags,Solmara,79.33,500000001,0a50a063a1613bf56b6e43851c6728ed
2022-05-19 21:23:28 UTC,view,3689249,1428548884811402817,apparel.men.shirt,,40.18,500000001,0a50a063a1613bf56b6e43851c6728ed
2022-05-21 13:14:56 UTC,view,5781989,1482972250706899052,apparel.women.pants,Wrenfield,81.89,500000002,5b7dfaff071bf85415237637f0f7682e
2022-05-21 13:18:55 UTC,view,2102225,1516173523019626745,apparel.women.dress,,34.49,500000002,5b7dfaff071bf85415237637f0f7682e
2022-05-21 13:19:48 UTC,view,4236332,1482972250706899052,,,36.64,500000002,5b7dfaff071bf85415237637f0f7682e
2022-05-21 13:22:03 UTC,view,1260475,1589407324608544585,apparel.women.outerwear,Kestrel & Co,179.5,500000002,5b7dfaff071bf85415237637f0f7682e
2022-05-21 13:24:36 UTC,view,8966163,1549623645531932356,accessories.bags,,78.46,500000002,5b7dfaff071bf85415237637f0f7682e
2022-05-21 13:24:41 UTC,view,4194454,1482972250706899052,apparel.women.pants,Vantree,72.28,500000002,5b7dfaff071bf85415237637f0f7682e
2022-05-21 21:10:31 UTC,view,7182700,1492821164472423496,apparel.men.jeans,,93.46,500000001,e5f26b9d600559c6a86ede73702bacfb
2022-05-21 21:16:34 UTC,view,8966163,1549623645531932356,,Solmara,81.01,500000001,e5f26b9d600559c6a86ede73702bacfb
2022-05-21 21:26:05 UTC,view,9319849,1472209747072745335,footwear.boots,,137.69,500000001,e5f26b9d600559c6a86ede73702bacfb
2022-05-21 21:49:43 UTC,view,9645778,1558186846391920988,apparel.kids.outerwear,,27.97,500000001,a9be3f65f7d1535509ab701ecd16978a
2022-05-21 21:49:53 UTC,view,8634461,1428548884811402817,apparel.men.shirt,Kestrel & Co,22.6,500000001,a9be3f65f7d1535509ab701ecd16978a
2022-05-21 21:55:42 UTC,view,9065490,1516173523019626745,apparel.women.dress,,121.53,500000001,a9be3f65f7d1535509ab701ecd16978a
2022-05-21 22:06:59 UTC,view,4356662,1519748099762056932,apparel.men.outerwear,Bramholt,220.79,500000001,a9be3f65f7d1535509ab701ecd16978a
2022-05-22 14:49:16 UTC,view,8966163,1549623645531932356,accessories.bags,Solmara,86.8,500004140,8da4a30923bd78394b3b76cdd15f694a
2022-05-22 14:50:22 UTC,view,7814384,1482972250706899052,apparel.women.pants,,70.66,500004140,8da4a30923bd78394b3b76cdd15f694a
2022-05-22 15:01:22 UTC,view,8966163,1549623645531932356,,Solmara,85.13,500004140,8da4a30923bd78394b3b76cdd15f694a
2022-05-22 15:07:38 UTC,view,2102225,1516173523019626745,apparel.women.dress,Vantree,35.53,500004140,8da4a30923bd78394b3b76cdd15f694a
2022-05-22 15:12:35 UTC,view,7941277,1594728468612408249,accessories.jewelry,,50.77,500004140,8da4a30923bd78394b3b76cdd15f694a
2022-05-22 15:17:04 UTC,view,7567958,1516173523019626745,apparel.women.dress,,86.91,500004140,8da4a30923bd78394b3b76cdd15f694a
2022-05-22 15:38:55 UTC,view,1196740,1516173523019626745,apparel.women.dress,Vantree,62.98,500000001,a386c349ea7e1130734a106abccf7a4c
2022-05-22 15:54:05 UTC,view,8966163,1549623645531932356,accessories.bags,Solmara,85.12,500000001,a386c349ea7e1130734a106abccf7a4c
2022-05-24 18:44:57 UTC,view,4489659,1516173523019626745,apparel.women.dress,Milbrook,58.39,500000194,33361abfffc33b112566a6e30562de4c
2022-05-24 19:01:01 UTC,view,8966163,1549623645531932356,accessories.bags,Solmara,92.63,500000194,33361abfffc33b112566a6e30562de4c
2022-05-25 12:56:55 UTC,view,9841830,1508136215129873133,apparel.kids.top,Wrenfield,11.29,500000002,8929a6360411a47cb441cf000809a4ec
2022-05-25 13:06:50 UTC,cart,1080071,1429628030847824846,footwear.sandals,Oakspire,40.24,500000002,8929a6360411a47cb441cf000809a4ec
2022-05-25 13:08:24 UTC,purchase,1080071,1429628030847824846,footwear.sandals,Oakspire,40.8,500000002,8929a6360411a47cb441cf000809a4ec
2022-05-25 13:09:47 UTC,view,7182700,1492821164472423496,apparel.men.jeans,,90.32,500000002,8929a6360411a47cb441cf000809a4ec
2022-05-25 13:12:13 UTC,view,2102225,1516173523019626745,apparel.women.dress,Vantree,32.32,500000002,8929a6360411a47cb441cf000809a4ec
2022-05-25 13:14:30 UTC,view,8746636,1482972250706899052,apparel.women.pants,Oakspire,53.09,500000002,8929a6360411a47cb441cf000809a4ec
2022-05-25 13:25:03 UTC,view,5908484,1589407324608544585,apparel.women.outerwear,Aldyne,203.71,500000002,8929a6360411a47cb441cf000809a4ec
2022-05-26 22:20:02 UTC,view,1517547,1558364261414932063,apparel.women.top,Bellcroft,24.9,500000003,8d0e0f46ad1b5b64be1f7f8ee2805204
2022-05-26 22:22:29 UTC,view,1162680,1589407324608544585,apparel.women.outerwear,,211.43,500000003,8d0e0f46ad1b5b64be1f7f8ee2805204
2022-05-26 22:22:49 UTC,view,8966163,1549623645531932356,accessories.bags,,78.1,500000003,8d0e0f46ad1b5b64be1f7f8ee2805204
2022-05-26 22:23:39 UTC,view,9319849,1472209747072745335,,,0.0,500000003,8d0e0f46ad1b5b64be1f7f8ee2805204
2022-05-26 22:27:55 UTC,cart,2931280,1558364261414932063,apparel.women.top,,33.98,500000003,8d0e0f46ad1b5b64be1f7f8ee2805204
2022-05-26 22:28:16 UTC,purchase,2931280,1558364261414932063,,Thistlewood,33.56,500000003,8d0e0f46ad1b5b64be1f7f8ee2805204
2022-05-26 22:33:13 UTC,view,9388289,1589407324608544585,apparel.women.outerwear,Milbrook,70.46,500000003,8d0e0f46ad1b5b64be1f7f8ee2805204
2022-05-26 22:34:52 UTC,view,7660389,1508136215129873133,apparel.kids.top,,28.2,500000003,8d0e0f46ad1b5b64be1f7f8ee2805204
2022-05-26 22:36:51 UTC,view,3243048,1558364261414932063,apparel.women.top,Thistlewood,47.92,500000003,8d0e0f46ad1b5b64be1f7f8ee2805204
2022-05-26 22:43:11 UTC,view,3163829,1558364261414932063,apparel.women.top,Marlow Row,39.94,500000003,8d0e0f46ad1b5b64be1f7f8ee2805204
2022-05-27 08:58:24 UTC,view,8966163,1549623645531932356,accessories.bags,Solmara,81.42,500000006,e7d748095d5c6c335f3cc52c9a42e0c8
2022-05-27 09:06:21 UTC,view,6637675,1428548884811402817,apparel.men.shirt,,34.44,500000006,b518efd4e6041cd7fcd8d889cdb4f5ff
2022-05-27 09:09:00 UTC,view,4747587,1482972250706899052,apparel.women.pants,,79.17,500000006,b518efd4e6041cd7fcd8d889cdb4f5ff
2022-05-27 09:11:23 UTC,view,9940011,1546390003792228747,footwear.sneakers,Doverly,37.22,500000006,e7d748095d5c6c335f3cc52c9a42e0c8
2022-05-27 09:11:28 UTC,view,9755526,1589407324608544585,apparel.women.outerwear,Ashgrove,86.21,500000006,e7d748095d5c6c335f3cc52c9a42e0c8
2022-05-27 09:18:16 UTC,view,9829417,1546390003792228747,footwear.sneakers,,138.5,500000006,b518efd4e6041cd7fcd8d889cdb4f5ff
2022-05-27 09:22:29 UTC,view,9355705,1516173523019626745,apparel.women.dress,Bramholt,88.38,500000006,e7d748095d5c6c335f3cc52c9a42e0c8
2022-05-27 09:23:42 UTC,cart,1517547,1558364261414932063,apparel.women.top,Bellcroft,22.18,500000006,e7d748095d5c6c335f3cc52c9a42e0c8
2022-05-27 09:23:47 UTC,cart,7182700,1492821164472423496,apparel.men.jeans,,93.18,500000006,b518efd4e6041cd7fcd8d889cdb4f5ff
2022-05-27 09:24:11 UTC,purchase,7182700,1492821164472423496,apparel.men.jeans,,84.94,500000006,b518efd4e6041cd7fcd8d889cdb4f5ff
2022-05-27 09:25:16 UTC,purchase,1517547,1558364261414932063,apparel.women.top,Bellcroft,22.17,500000006,e7d748095d5c6c335f3cc52c9a42e0c8
2022-05-27 09:25:32 UTC,view,2875921,1546390003792228747,footwear.sneakers,,138.71,500000006,e7d748095d5c6c335f3cc52c9a42e0c8
2022-05-27 09:32:57 UTC,view,9755526,1589407324608544585,apparel.women.outerwear,,78.97,500000006,b518efd4e6041cd7fcd8d889cdb4f5ff
2022-05-28 14:22:44 UTC,view,2731345,1428548884811402817,apparel.men.shirt,,52.68,500000157,bb2a53c70c11c83a281e561bb39aaaaf
2022-05-28 14:27:02 UTC,view,4489659,1516173523019626745,apparel.women.dress,Milbrook,63.73,500000157,bb2a53c70c11c83a281e561bb39aaaaf
2022-05-28 14:29:45 UTC,view,7310073,1482972250706899052,apparel.women.pants,Palewick,77.94,500000157,bb2a53c70c11c83a281e561bb39aaaaf
2022-05-28 14:31:28 UTC,view,8926382,1558186846391920988,,,37.89,500000157,bb2a53c70c11c83a281e561bb39aaaaf
2022-05-28 14:40:24 UTC,view,7946407,1519748099762056932,apparel.men.outerwear,Solmara,68.62,500000157,bb2a53c70c11c83a281e561bb39aaaaf
2022-05-28 14:40:49 UTC,view,9319849,1472209747072745335,footwear.boots,Marlow Row,146.75,500000157,bb2a53c70c11c83a281e561bb39aaaaf
2022-05-30 15:33:00 UTC,view,8966163,1549623645531932356,accessories.bags,Solmara,88.08,500000001,ca069dc6ee15ba600e989c638c09ad8e
2022-05-30 15:38:11 UTC,view,8966163,1549623645531932356,accessories.bags,Solmara,86.84,500000001,ca069dc6ee15ba600e989c638c09ad8e
2022-05-30 15:42:36 UTC,view,1260475,1589407324608544585,,Kestrel & Co,199.52,500000001,ca069dc6ee15ba600e989c638c09ad8e
2022-05-30 15:47:36 UTC,view,7180258,1482972250706899052,apparel.women.pants,Aldyne,85.2,500000001,ca069dc6ee15ba600e989c638c09ad8e
2022-05-30 15:50:25 UTC,cart,4747587,1482972250706899052,apparel.women.pants,,69.78,500000001,ca069dc6ee15ba600e989c638c09ad8e
2022-05-30 15:55:04 UTC,purchase,4747587,1482972250706899052,,,80.97,500000001,ca069dc6ee15ba600e989c638c09ad8e
2022-05-31 11:00:56 UTC,view,8966163,1549623645531932356,accessories.bags,,82.54,500000001,f2ec77fc6076623774d0ae105776bbf3
2022-05-31 11:00:56 UTC,cart,2102225,1516173523019626745,apparel.women.dress,Vantree,36.9,500000001,f2ec77fc6076623774d0ae105776bbf3
31/05/2022 11:01,view,6517467,1516173523019626745,apparel.women.dress,Thistlewood,84.71,500000001,f2ec77fc6076623774d0ae105776bbf3
2022-05-31 11:03:54 UTC,purchase,2102225,1516173523019626745,apparel.women.dress,Vantree,38.59,500000001,f2ec77fc6076623774d0ae105776bbf3
2022-05-31 11:04:40 UTC,view,5466720,1519748099762056932,apparel.men.outerwear,Bramholt,102.21,500000001,f2ec77fc6076623774d0ae105776bbf3
2022-05-31 12:31:21 UTC,view,9319849,1472209747072745335,footwear.boots,Marlow Row,156.18,500000001,77a19773a86d0e8e154750190f06fab6
2022-05-31 12:43:14 UTC,cart,4143393,1519748099762056932,apparel.men.outerwear,Marlow Row,219.92,500000001,77a19773a86d0e8e154750190f06fab6
2022-05-31 12:44:56 UTC,view,2102225,1516173523019626745,apparel.women.dress,Vantree,35.45,500000001,77a19773a86d0e8e154750190f06fab6
2022-05-31 12:47:55 UTC,view,8721483,1558364261414932063,,Norlend,39.53,500000001,77a19773a86d0e8e154750190f06fab6
2022-05-31 12:49:54 UTC,purchase,4143393,1519748099762056932,apparel.men.outerwear,Marlow Row,223.39,500000001,77a19773a86d0e8e154750190f06fab6
2022-06-01 18:56:48 UTC,view,5425967,1546390003792228747,footwear.sneakers,,79.85,500000001,bb989898c50c9d3950616e4c862f5795
2022-06-01 18:56:48 UTC,cart,2295523,1516173523019626745,apparel.women.dress,,49.49,500000001,bb989898c50c9d3950616e4c862f5795
2022-06-01 18:59:26 UTC,view,7496477,1519748099762056932,apparel.men.outerwear,Milbrook,117.57,500000001,bb989898c50c9d3950616e4c862f5795
2022-06-01 18:59:49 UTC,purchase,2295523,1516173523019626745,apparel.women.dress,,44.7,500000001,bb989898c50c9d3950616e4c862f5795
2022-06-01 19:10:26 UTC,view,8966163,1549623645531932356,accessories.bags,Solmara,83.07,500000001,bb989898c50c9d3950616e4c862f5795
2022-06-02 17:14:08 UTC,view,6960004,1549623645531932356,accessories.bags,,48.0,500000011,c1ebb8c9d9850adcc40b15f20d567df1
2022-06-02 17:17:19 UTC,view,6854023,1549623645531932356,accessories.bags,Doverly,158.99,500000011,c1ebb8c9d9850adcc40b15f20d567df1
2022-06-02 17:18:49 UTC,view,3676700,1558186846391920988,apparel.kids.outerwear,Oakspire,68.1,500000011,c1ebb8c9d9850adcc40b15f20d567df1
2022-06-02 17:19:37 UTC,view,8966163,1549623645531932356,accessories.bags,Solmara,90.94,500000011,c1ebb8c9d9850adcc40b15f20d567df1
2022-06-02 17:26:53 UTC,view,7474821,1428548884811402817,apparel.men.shirt,,44.39,500000011,c1ebb8c9d9850adcc40b15f20d567df1
2022-06-02 17:33:38 UTC,view,9829417,1546390003792228747,footwear.sneakers,Bellcroft,115.95,500000011,c1ebb8c9d9850adcc40b15f20d567df1
2022-06-02 17:36:38 UTC,view,3163829,1558364261414932063,apparel.women.top,,41.31,500000011,c1ebb8c9d9850adcc40b15f20d567df1
2022-06-02 17:39:32 UTC,view,1430298,1519748099762056932,apparel.men.outerwear,Ruskin & Fable,136.64,500000011,c1ebb8c9d9850adcc40b15f20d567df1
2022-06-04 11:42:51 UTC,view,7429245,1428548884811402817,apparel.men.shirt,Ashgrove,15.01,500000002,1c9cfd0c803b1ebc392ecb0281d12bcc
2022-06-04 11:43:05 UTC,view,3289377,1546390003792228747,footwear.sneakers,Greymont,62.98,500000002,1c9cfd0c803b1ebc392ecb0281d12bcc
2022-06-04 11:59:12 UTC,view,9036326,1558430393367643133,,,7.77,500000002,1c9cfd0c803b1ebc392ecb0281d12bcc
2022-06-04 12:06:13 UTC,view,4747587,1482972250706899052,apparel.women.pants,,77.92,500000002,1c9cfd0c803b1ebc392ecb0281d12bcc
2022-06-05 06:26:37 UTC,view,9800243,1492821164472423496,apparel.men.jeans,Palewick,88.58,500012775,484fe536cab49d86f0cd8523e0dcb8b6
2022-06-05 06:30:49 UTC,view,8966163,1549623645531932356,,Solmara,92.8,500012775,484fe536cab49d86f0cd8523e0dcb8b6
2022-06-05 12:01:13 UTC,view,4098324,1558364261414932063,,,21.95,500000001,809d612ce572b7395dfab082e3d58261
2022-06-05 12:01:13 UTC,cart,3428363,1516173523019626745,apparel.women.dress,,69.83,500000001,809d612ce572b7395dfab082e3d58261
2022-06-05 12:04:20 UTC,purchase,3428363,1516173523019626745,apparel.women.dress,,76.89,500000001,809d612ce572b7395dfab082e3d58261
2022-06-05 12:10:36 UTC,view,1162680,1589407324608544585,apparel.women.outerwear,Kestrel & Co,232.49,500000001,809d612ce572b7395dfab082e3d58261
2022-06-05 17:24:44 UTC,view,5781989,1482972250706899052,apparel.women.pants,Wrenfield,74.6,500000001,7809dabc36e07636855ecb5feb59bead
2022-06-05 17:33:44 UTC,view,5711182,1546390003792228747,footwear.sneakers,Oakspire,78.14,500000001,7809dabc36e07636855ecb5feb59bead
2022-06-05 20:16:10 UTC,view,2295523,1516173523019626745,apparel.women.dress,,47.05,500000007,763899f64a027b2109978fe2aa0eeb06
2022-06-05 20:23:06 UTC,view,8634461,1428548884811402817,apparel.men.shirt,Kestrel & Co,19.88,500000007,763899f64a027b2109978fe2aa0eeb06
2022-06-05 22:09:05 UTC,view,8634461,1428548884811402817,apparel.men.shirt,Kestrel & Co,19.73,500000014,7e54a3043ec40e4369fbfceaef9a0207
2022-06-05 22:10:03 UTC,view,5530296,1558364261414932063,apparel.women.top,,27.54,500000014,7e54a3043ec40e4369fbfceaef9a0207
2022-06-05 22:11:53 UTC,view,8966163,1549623645531932356,accessories.bags,,86.59,500000014,7e54a3043ec40e4369fbfceaef9a0207
2022-06-05 22:15:45 UTC,view,3243048,1558364261414932063,,,41.39,500000014,7e54a3043ec40e4369fbfceaef9a0207
2022-06-07 08:23:11 UTC,view,4747587,1482972250706899052,apparel.women.pants,,76.82,500000001,a711f4b7baf8b7b0305ccb9ab0cf7be8
2022-06-07 08:35:15 UTC,view,9829417,1546390003792228747,footwear.sneakers,Bellcroft,116.72,500000001,a711f4b7baf8b7b0305ccb9ab0cf7be8
2022-06-07 08:37:37 UTC,view,6497266,1558430393367643133,accessories.hats,Doverly,11.3,500000001,a711f4b7baf8b7b0305ccb9ab0cf7be8
2022-06-07 08:44:37 UTC,view,2102225,1516173523019626745,apparel.women.dress,Vantree,32.61,500000001,a711f4b7baf8b7b0305ccb9ab0cf7be8
07/06/2022 08:44,view,9261290,1482972250706899052,apparel.women.pants,Thistlewood,88.02,500000001,a711f4b7baf8b7b0305ccb9ab0cf7be8
2022-06-08 20:29:58 UTC,view,6960004,1549623645531932356,accessories.bags,,45.34,500000011,dcf4dda0d07e1546dca3468a4343dfc5
2022-06-08 20:39:44 UTC,view,2931280,1558364261414932063,apparel.women.top,Thistlewood,32.06,500000011,dcf4dda0d07e1546dca3468a4343dfc5
2022-06-08 20:39:51 UTC,cart,1162680,1589407324608544585,apparel.women.outerwear,Kestrel & Co,216.31,500000011,dcf4dda0d07e1546dca3468a4343dfc5
2022-06-08 20:40:18 UTC,purchase,1162680,1589407324608544585,apparel.women.outerwear,Kestrel & Co,210.98,500000011,dcf4dda0d07e1546dca3468a4343dfc5
2022-06-08 20:47:48 UTC,view,4236332,1482972250706899052,apparel.women.pants,,38.61,500000011,dcf4dda0d07e1546dca3468a4343dfc5
2022-06-09 12:36:38 UTC,view,5908484,1589407324608544585,apparel.women.outerwear,,188.76,500000003,88aab2860d40eaaf3001f3cb3505275d
2022-06-09 12:36:38 UTC,cart,2731345,1428548884811402817,apparel.men.shirt,,51.77,500000003,88aab2860d40eaaf3001f3cb3505275d
2022-06-09 12:38:05 UTC,purchase,2731345,1428548884811402817,apparel.men.shirt,Aldyne,48.95,500000003,88aab2860d40eaaf3001f3cb3505275d
2022-06-09 12:41:30 UTC,view,6520765,1546390003792228747,footwear.sneakers,,67.05,500000003,88aab2860d40eaaf3001f3cb3505275d
2022-06-09 12:41:57 UTC,view,3503816,1428548884811402817,apparel.men.shirt,Aldyne,24.36,500000003,88aab2860d40eaaf3001f3cb3505275d
2022-06-09 12:43:41 UTC,view,3301602,1594728468612408249,accessories.jewelry,Vantree,43.87,500000003,88aab2860d40eaaf3001f3cb3505275d
2022-06-09 16:16:23 UTC,view,9355705,1516173523019626745,apparel.women.dress,Bramholt,98.54,500000002,328a5a1aac115c5f20e7a268af200179
2022-06-09 16:16:43 UTC,view,8754194,1482972250706899052,apparel.women.pants,Kestrel & Co,51.81,500000002,328a5a1aac115c5f20e7a268af200179
2022-06-09 16:17:24 UTC,view,9800243,1492821164472423496,,Palewick,87.65,500000002,328a5a1aac115c5f20e7a268af200179
2022-06-09 16:17:35 UTC,view,2118773,1428548884811402817,apparel.men.shirt,,31.71,500000002,328a5a1aac115c5f20e7a268af200179
2022-06-09 16:23:05 UTC,view,8966163,1549623645531932356,accessories.bags,Solmara,81.64,500000002,328a5a1aac115c5f20e7a268af200179
2022-06-09 16:25:56 UTC,view,8634461,1428548884811402817,,Kestrel & Co,23.71,500000002,328a5a1aac115c5f20e7a268af200179
2022-06-09 20:43:49 UTC,view,4747587,1482972250706899052,apparel.women.pants,,70.83,500000005,2e0022fc68b9e05ed3c37fb665a7de4c
2022-06-09 20:49:02 UTC,view,3002277,1558364261414932063,apparel.women.top,Harlow Vale,46.59,500000005,2e0022fc68b9e05ed3c37fb665a7de4c
2022-06-09 20:50:26 UTC,view,3676700,1558186846391920988,apparel.kids.outerwear,Oakspire,74.22,500000005,2e0022fc68b9e05ed3c37fb665a7de4c
2022-06-09 20:53:54 UTC,view,3243048,1558364261414932063,apparel.women.top,Thistlewood,47.97,500000005,2e0022fc68b9e05ed3c37fb665a7de4c
2022-06-09 21:01:54 UTC,view,6380274,1472209747072745335,footwear.boots,Wrenfield,166.74,500000005,2e0022fc68b9e05ed3c37fb665a7de4c
2022-06-09 21:02:26 UTC,view,7182700,1492821164472423496,apparel.men.jeans,,84.06,500000005,2e0022fc68b9e05ed3c37fb665a7de4c
2022-06-09 21:03:15 UTC,view,2875921,1546390003792228747,footwear.sneakers,,163.2,500000005,2e0022fc68b9e05ed3c37fb665a7de4c
2022-06-10 20:50:46 UTC,view,1428173,1589407324608544585,apparel.women.outerwear,,102.84,500000001,ef8ac8c94f7b79a5987241c3d332f8d8
2022-06-10 21:00:01 UTC,view,8721483,1558364261414932063,apparel.women.top,Norlend,39.1,500000001,ef8ac8c94f7b79a5987241c3d332f8d8
2022-06-10 21:00:52 UTC,view,5847380,1492821164472423496,apparel.men.jeans,,47.06,500000001,ef8ac8c94f7b79a5987241c3d332f8d8
2022-06-10 21:08:31 UTC,view,9319849,1472209747072745335,footwear.boots,Marlow Row,142.94,500000001,ef8ac8c94f7b79a5987241c3d332f8d8
2022-06-11 16:01:17 UTC,view,8634461,1428548884811402817,apparel.men.shirt,,20.85,500000096,7f7bd2042c22f5ba354df346694ef50d
2022-06-11 16:05:21 UTC,view,5495706,1589407324608544585,apparel.women.outerwear,Vantree,157.73,500000096,7f7bd2042c22f5ba354df346694ef50d
2022-06-12 09:03:11 UTC,view,3243048,1558364261414932063,apparel.women.top,Thistlewood,43.18,500000001,068c11d6d549e4e1f2682b16c4a02f8c
2022-06-12 09:03:11 UTC,cart,4705110,1428548884811402817,apparel.men.shirt,,21.02,500000001,068c11d6d549e4e1f2682b16c4a02f8c
2022-06-12 09:04:13 UTC,purchase,4705110,1428548884811402817,apparel.men.shirt,Ashgrove,18.59,500000001,068c11d6d549e4e1f2682b16c4a02f8c
2022-06-12 09:16:12 UTC,view,3243048,1558364261414932063,apparel.women.top,Thistlewood,41.5,500000001,42eb24c88f496ddbdc64d8795bfd63c6
2022-06-12 09:25:40 UTC,view,7622260,1516173523019626745,apparel.women.dress,Ashgrove,89.56,500000001,42eb24c88f496ddbdc64d8795bfd63c6
2022-06-12 09:31:25 UTC,view,4098324,1558364261414932063,apparel.women.top,Norlend,22.96,500000001,42eb24c88f496ddbdc64d8795bfd63c6
2022-06-12 09:42:49 UTC,view,8966163,1549623645531932356,accessories.bags,Solmara,81.06,500000003,8e92a7c41d272eff91da8c5a8a1aa295
2022-06-12 09:42:49 UTC,cart,7941277,1594728468612408249,accessories.jewelry,,51.22,500000003,8e92a7c41d272eff91da8c5a8a1aa295
2022-06-12 09:48:20 UTC,view,1517547,1558364261414932063,,Bellcroft,25.12,500000003,8e92a7c41d272eff91da8c5a8a1aa295
2022-06-12 09:50:39 UTC,view,8966163,1549623645531932356,accessories.bags,Solmara,82.95,500000003,8e92a7c41d272eff91da8c5a8a1aa295
2022-06-12 09:53:13 UTC,view,1099410,1558430393367643133,,,16.46,500000001,8d129bbba264d8c275df2018c3227d41
2022-06-12 09:55:18 UTC,view,7729308,1482972250706899052,apparel.women.pants,Ruskin & Fable,43.01,500000003,8e92a7c41d272eff91da8c5a8a1aa295
2022-06-12 09:57:41 UTC,cart,8634461,1428548884811402817,apparel.men.shirt,Kestrel & Co,20.77,500000001,8d129bbba264d8c275df2018c3227d41
2022-06-12 09:59:15 UTC,purchase,8634461,1428548884811402817,apparel.men.shirt,,20.29,500000001,8d129bbba264d8c275df2018c3227d41
2022-06-12 10:00:31 UTC,view,7182700,1492821164472423496,apparel.men.jeans,,99.37,500000001,8d129bbba264d8c275df2018c3227d41
2022-06-12 10:00:39 UTC,view,9829417,1546390003792228747,footwear.sneakers,Bellcroft,129.2,500000001,8d129bbba264d8c275df2018c3227d41
2022-06-12 10:08:40 UTC,view,8966163,1549623645531932356,accessories.bags,Solmara,77.95,500000001,8d129bbba264d8c275df2018c3227d41
2022-06-12 10:09:11 UTC,view,5852256,1594728468612408249,accessories.jewelry,,47.95,500000001,8d129bbba264d8c275df2018c3227d41
2022-06-12 10:12:43 UTC,view,4747587,1482972250706899052,apparel.women.pants,,79.46,500000001,8d129bbba264d8c275df2018c3227d41
2022-06-12 10:22:38 UTC,view,9829417,1546390003792228747,footwear.sneakers,Bellcroft,115.26,500000001,8d129bbba264d8c275df2018c3227d41
2022-06-12 12:22:17 UTC,view,7660389,1508136215129873133,apparel.kids.top,,25.58,500000001,48411af5335ce2de8dd8b489971bf157
2022-06-12 12:29:35 UTC,view,8634461,1428548884811402817,,Kestrel & Co,19.98,500000001,48411af5335ce2de8dd8b489971bf157
2022-06-12 12:33:36 UTC,cart,2102225,1516173523019626745,apparel.women.dress,Vantree,34.12,500000001,48411af5335ce2de8dd8b489971bf157
2022-06-12 12:34:25 UTC,purchase,2102225,1516173523019626745,apparel.women.dress,,32.27,500000001,48411af5335ce2de8dd8b489971bf157
2022-06-12 12:37:06 UTC,view,4747587,1482972250706899052,apparel.women.pants,,73.66,500000001,48411af5335ce2de8dd8b489971bf157
2022-06-12 12:46:04 UTC,view,9841830,1508136215129873133,apparel.kids.top,Wrenfield,11.15,500000001,48411af5335ce2de8dd8b489971bf157
2022-06-12 14:56:29 UTC,view,8966163,1549623645531932356,accessories.bags,Solmara,91.66,500000002,fb9c7034017baedc65054ebe73b4b99c
2022-06-12 14:57:14 UTC,view,7182700,1492821164472423496,apparel.men.jeans,,83.01,500000002,fb9c7034017baedc65054ebe73b4b99c
2022-06-12 15:12:10 UTC,view,7567958,1516173523019626745,,,95.29,500000002,fb9c7034017baedc65054ebe73b4b99c
2022-06-13 12:40:01 UTC,view,2102225,1516173523019626745,apparel.women.dress,,35.9,500000008,e128d0f31ab4e0ce80b256c67d8496d1
2022-06-13 12:48:25 UTC,view,2292183,1508136215129873133,apparel.kids.top,,14.01,500000008,e128d0f31ab4e0ce80b256c67d8496d1
2022-06-13 12:51:56 UTC,cart,4747587,1482972250706899052,apparel.women.pants,,78.9,500000008,e128d0f31ab4e0ce80b256c67d8496d1
2022-06-13 12:52:32 UTC,purchase,4747587,1482972250706899052,apparel.women.pants,,72.7,500000008,e128d0f31ab4e0ce80b256c67d8496d1
2022-06-13 12:54:51 UTC,view,2154101,1558430393367643133,accessories.hats,,15.16,500000008,e128d0f31ab4e0ce80b256c67d8496d1
2022-06-13 12:58:18 UTC,view,1162680,1589407324608544585,apparel.women.outerwear,Kestrel & Co,202.35,500000008,e128d0f31ab4e0ce80b256c67d8496d1
13/06/2022 13:02,view,5520674,1428548884811402817,apparel.men.shirt,,34.14,500000008,e128d0f31ab4e0ce80b256c67d8496d1
2022-06-13 13:07:10 UTC,view,7182700,1492821164472423496,apparel.men.jeans,,97.14,500000008,e128d0f31ab4e0ce80b256c67d8496d1
2022-06-13 13:09:14 UTC,view,8966163,1549623645531932356,accessories.bags,Solmara,79.96,500000008,e128d0f31ab4e0ce80b256c67d8496d1
2022-06-13 15:47:26 UTC,view,8488816,1429628030847824846,footwear.sandals,,56.75,500000113,a84953bdad2bd055b610820276e63d17
2022-06-13 15:50:19 UTC,view,1083413,1492821164472423496,,,73.9,500000113,a84953bdad2bd055b610820276e63d17
2022-06-13 15:51:29 UTC,cart,7182700,1492821164472423496,,,91.85,500000113,a84953bdad2bd055b610820276e63d17
2022-06-13 15:53:58 UTC,view,7182700,1492821164472423496,apparel.men.jeans,,94.85,500000003,a78875fb0c9315d100d179d7f0a94cf7
2022-06-13 15:54:10 UTC,view,7448961,1590725883499271729,accessories.belts,Harlow Vale,16.96,500000113,a84953bdad2bd055b610820276e63d17
2022-06-13 15:56:48 UTC,view,8966163,1549623645531932356,accessories.bags,Solmara,88.98,500000003,a78875fb0c9315d100d179d7f0a94cf7
2022-06-13 16:08:41 UTC,view,5186154,1516173523019626745,apparel.women.dress,Doverly,100.9,500000003,a78875fb0c9315d100d179d7f0a94cf7
2022-06-13 16:14:15 UTC,view,7182700,1492821164472423496,apparel.men.jeans,,84.06,500000003,a78875fb0c9315d100d179d7f0a94cf7
2022-06-13 16:16:06 UTC,view,7448961,1590725883499271729,accessories.belts,Harlow Vale,16.41,500000003,a78875fb0c9315d100d179d7f0a94cf7
2022-06-14 18:50:35 UTC,view,6362414,1558364261414932063,apparel.women.top,Ferncastle,22.69,500000002,a18e9ac176fc950594425fee46d2ff45
2022-06-14 18:59:46 UTC,view,8966163,1549623645531932356,accessories.bags,Solmara,76.9,500000002,a18e9ac176fc950594425fee46d2ff45
2022-06-14 19:02:00 UTC,cart,4098324,1558364261414932063,apparel.women.top,Norlend,22.3,500000002,a18e9ac176fc950594425fee46d2ff45
2022-06-14 19:02:21 UTC,view,9755526,1589407324608544585,apparel.women.outerwear,Ashgrove,88.95,500000002,a18e9ac176fc950594425fee46d2ff45
2022-06-14 19:04:10 UTC,purchase,4098324,1558364261414932063,apparel.women.top,,23.59,500000002,a18e9ac176fc950594425fee46d2ff45
2022-06-14 19:13:13 UTC,view,2102225,1516173523019626745,apparel.women.dress,Vantree,37.19,500000002,a18e9ac176fc950594425fee46d2ff45
2022-06-14 19:50:43 UTC,view,7182700,1492821164472423496,apparel.men.jeans,,86.48,500000002,ce986c09a580055fbd0742b2fa2a0ab4
2022-06-14 19:52:05 UTC,view,3166872,1428548884811402817,apparel.men.shirt,,37.67,500000002,ce986c09a580055fbd0742b2fa2a0ab4
2022-06-14 19:59:50 UTC,view,2731345,1428548884811402817,apparel.men.shirt,Aldyne,52.28,500000002,ce986c09a580055fbd0742b2fa2a0ab4
2022-06-14 20:01:32 UTC,view,2102225,1516173523019626745,,Vantree,35.18,500000002,ce986c09a580055fbd0742b2fa2a0ab4
2022-06-14 20:03:21 UTC,view,9841830,1508136215129873133,apparel.kids.top,,11.92,500000002,ce986c09a580055fbd0742b2fa2a0ab4
2022-06-16 17:37:30 UTC,view,1162680,1589407324608544585,apparel.women.outerwear,Kestrel & Co,214.61,500000003,ca5267f9c8e6d0ac6c7dcf198fdfb139
2022-06-16 17:47:54 UTC,cart,1038403,1519748099762056932,apparel.men.outerwear,,61.09,500000003,ca5267f9c8e6d0ac6c7dcf198fdfb139
2022-06-16 17:49:46 UTC,purchase,1038403,1519748099762056932,apparel.men.outerwear,,55.04,500000003,ca5267f9c8e6d0ac6c7dcf198fdfb139
2022-06-16 17:51:49 UTC,view,2404737,1516173523019626745,,,74.2,500000003,ca5267f9c8e6d0ac6c7dcf198fdfb139
2022-06-17 11:31:42 UTC,view,4194454,1482972250706899052,apparel.women.pants,Vantree,70.82,500000025,295c258402c07184d4d6eeb56ccda456
2022-06-17 11:35:41 UTC,cart,8966163,1549623645531932356,accessories.bags,,82.12,500000025,295c258402c07184d4d6eeb56ccda456
2022-06-17 11:36:42 UTC,purchase,8966163,1549623645531932356,accessories.bags,,88.73,500000025,295c258402c07184d4d6eeb56ccda456
2022-06-17 11:39:18 UTC,view,9748139,1594728468612408249,accessories.jewelry,Ferncastle,20.62,500000025,295c258402c07184d4d6eeb56ccda456
2022-06-17 11:50:36 UTC,view,8966163,1549623645531932356,accessories.bags,,85.14,500000025,295c258402c07184d4d6eeb56ccda456
2022-06-17 17:03:01 UTC,view,3166872,1428548884811402817,apparel.men.shirt,,35.72,500000041,3ac2c07fb23415f4ae342df684e69d19
2022-06-17 17:06:29 UTC,view,8795573,1482972250706899052,apparel.women.pants,,27.9,500000041,3ac2c07fb23415f4ae342df684e69d19
2022-06-17 17:10:55 UTC,view,6024870,1492821164472423496,apparel.men.jeans,Doverly,31.06,500000041,3ac2c07fb23415f4ae342df684e69d19
2022-06-17 17:19:11 UTC,view,3240903,1549623645531932356,accessories.bags,,70.37,500000041,3ac2c07fb23415f4ae342df684e69d19
2022-06-17 17:27:21 UTC,view,3698437,1492821164472423496,apparel.men.jeans,,58.1,500000041,3ac2c07fb23415f4ae342df684e69d19
2022-06-17 20:29:54 UTC,view,7814384,1482972250706899052,apparel.women.pants,Palewick,81.55,500000005,0d229b55fc547c41d6bd4cdde20d9b39
2022-06-17 20:30:15 UTC,view,2295523,1516173523019626745,apparel.women.dress,,49.01,500000005,0d229b55fc547c41d6bd4cdde20d9b39
2022-06-17 20:39:40 UTC,view,2102225,1516173523019626745,apparel.women.dress,Vantree,36.56,500000005,0d229b55fc547c41d6bd4cdde20d9b39
2022-06-17 21:57:46 UTC,view,4236332,1482972250706899052,apparel.women.pants,,36.82,500000004,d1e7abe0eb31bfd0236dee5f264b73a6
2022-06-17 21:57:46 UTC,cart,7448961,1590725883499271729,accessories.belts,Harlow Vale,17.91,500000004,d1e7abe0eb31bfd0236dee5f264b73a6
2022-06-17 21:58:21 UTC,view,7182700,1492821164472423496,,,84.46,500000004,d1e7abe0eb31bfd0236dee5f264b73a6
2022-06-17 22:01:56 UTC,purchase,7448961,1590725883499271729,accessories.belts,Harlow Vale,15.36,500000004,d1e7abe0eb31bfd0236dee5f264b73a6
2022-06-17 22:12:54 UTC,view,4236332,1482972250706899052,,,41.55,500000004,d1e7abe0eb31bfd0236dee5f264b73a6
2022-06-17 22:14:07 UTC,view,5711182,1546390003792228747,,Oakspire,88.89,500000004,d1e7abe0eb31bfd0236dee5f264b73a6
2022-06-17 22:15:44 UTC,view,3503816,1428548884811402817,apparel.men.shirt,Aldyne,21.35,500000004,d1e7abe0eb31bfd0236dee5f264b73a6
2022-06-18 12:41:48 UTC,view,4194454,1482972250706899052,apparel.women.pants,Vantree,61.66,500000001,92457d2c0f8b6ee946f10952579f6f9f
2022-06-18 12:41:48 UTC,cart,5186154,1516173523019626745,apparel.women.dress,Doverly,100.58,500000001,92457d2c0f8b6ee946f10952579f6f9f
2022-06-18 12:43:20 UTC,purchase,5186154,1516173523019626745,apparel.women.dress,,99.48,500000001,92457d2c0f8b6ee946f10952579f6f9f
2022-06-18 12:50:04 UTC,view,3163829,1558364261414932063,apparel.women.top,Marlow Row,43.94,500000001,92457d2c0f8b6ee946f10952579f6f9f
2022-06-18 12:58:53 UTC,view,4098324,1558364261414932063,apparel.women.top,,24.23,500000001,92457d2c0f8b6ee946f10952579f6f9f
2022-06-19 12:53:42 UTC,view,3163829,1558364261414932063,apparel.women.top,Marlow Row,42.46,500000005,791c260259a7402bca4d213ed8e78c37
2022-06-19 12:59:53 UTC,view,5711182,1546390003792228747,footwear.sneakers,Oakspire,85.69,500000005,791c260259a7402bca4d213ed8e78c37
2022-06-19 13:03:32 UTC,view,8754194,1482972250706899052,,Kestrel & Co,56.27,500000005,791c260259a7402bca4d213ed8e78c37
2022-06-19 13:08:24 UTC,cart,9198161,1546390003792228747,footwear.sneakers,Wrenfield,123.2,500000005,791c260259a7402bca4d213ed8e78c37
2022-06-19 13:11:07 UTC,purchase,9198161,1546390003792228747,footwear.sneakers,Wrenfield,117.01,500000005,791c260259a7402bca4d213ed8e78c37
2022-06-20 15:19:03 UTC,view,4747587,1482972250706899052,apparel.women.pants,,76.06,500000002,545c537a1a24bc55a12440d0255ab970
2022-06-20 15:19:03 UTC,cart,7047405,1482972250706899052,apparel.women.pants,Palewick,24.15,500000002,545c537a1a24bc55a12440d0255ab970
2022-06-20 15:28:30 UTC,purchase,7047405,1482972250706899052,apparel.women.pants,Palewick,26.13,500000002,545c537a1a24bc55a12440d0255ab970
2022-06-20 15:34:33 UTC,view,4123600,1519748099762056932,apparel.men.outerwear,,155.96,500000002,545c537a1a24bc55a12440d0255ab970
2022-06-20 15:39:45 UTC,view,4747587,1482972250706899052,apparel.women.pants,,73.19,500000002,545c537a1a24bc55a12440d0255ab970
2022-06-20 15:42:56 UTC,view,4747587,1482972250706899052,apparel.women.pants,,76.16,500000002,545c537a1a24bc55a12440d0255ab970
2022-06-21 15:38:19 UTC,view,3781033,1558364261414932063,apparel.women.top,Bellcroft,47.23,500000001,7815acc2ccb5846d252fcf01f795956c
2022-06-21 15:49:49 UTC,view,9841830,1508136215129873133,apparel.kids.top,Wrenfield,11.63,500000001,7815acc2ccb5846d252fcf01f795956c
2022-06-21 15:51:30 UTC,view,9829417,1546390003792228747,footwear.sneakers,Bellcroft,132.36,500000001,7815acc2ccb5846d252fcf01f795956c
2022-06-21 19:41:49 UTC,view,8966163,1549623645531932356,accessories.bags,Solmara,88.68,500000001,44db843c0fa41b1d01f6865ea8617fa5
2022-06-22 09:27:06 UTC,view,3240903,1549623645531932356,accessories.bags,,73.06,500000007,a6769fd18f42d532b1790a0647f6f913
2022-06-22 09:32:12 UTC,view,9388289,1589407324608544585,apparel.women.outerwear,Milbrook,78.12,500000007,a6769fd18f42d532b1790a0647f6f913
2022-06-22 09:41:13 UTC,view,3243048,1558364261414932063,apparel.women.top,,45.87,500000007,a6769fd18f42d532b1790a0647f6f913
2022-06-22 09:45:44 UTC,view,4648994,1482972250706899052,apparel.women.pants,,27.32,500000007,a6769fd18f42d532b1790a0647f6f913
2022-06-22 09:52:32 UTC,view,2292183,1508136215129873133,apparel.kids.top,,15.37,500000007,a6769fd18f42d532b1790a0647f6f913
2022-06-22 09:54:06 UTC,cart,9746038,1516173523019626745,apparel.women.dress,,37.98,500000007,a6769fd18f42d532b1790a0647f6f913
2022-06-22 10:00:58 UTC,purchase,9746038,1516173523019626745,,,37.91,500000007,a6769fd18f42d532b1790a0647f6f913
2022-06-22 10:23:50 UTC,view,5908484,1589407324608544585,,Aldyne,213.5,500000001,374b986cc3aefded0ca054a5a33626f0
2022-06-22 12:55:58 UTC,view,1162680,1589407324608544585,apparel.women.outerwear,,202.76,500000001,4834dec2987beb1e9c824fcc4d46fc79
2022-06-22 13:03:42 UTC,view,6362414,1558364261414932063,apparel.women.top,Ferncastle,22.78,500000001,4834dec2987beb1e9c824fcc4d46fc79
2022-06-22 13:05:36 UTC,view,8966163,1549623645531932356,accessories.bags,Solmara,77.08,500000001,4834dec2987beb1e9c824fcc4d46fc79
2022-06-22 13:11:21 UTC,cart,2102225,1516173523019626745,apparel.women.dress,Vantree,33.31,500000001,4834dec2987beb1e9c824fcc4d46fc79
2022-06-22 13:12:34 UTC,purchase,2102225,1516173523019626745,apparel.women.dress,Vantree,36.89,500000001,4834dec2987beb1e9c824fcc4d46fc79
2022-06-22 13:15:50 UTC,view,7622260,1516173523019626745,apparel.women.dress,Ashgrove,90.97,500000001,4834dec2987beb1e9c824fcc4d46fc79
2022-06-22 13:16:23 UTC,view,9721204,1546390003792228747,footwear.sneakers,Vantree,48.81,500000001,4834dec2987beb1e9c824fcc4d46fc79
2022-06-22 13:18:59 UTC,view,5908484,1589407324608544585,,,218.97,500000001,4834dec2987beb1e9c824fcc4d46fc79
2022-06-23 20:09:19 UTC,view,8634461,1428548884811402817,,Kestrel & Co,21.79,500000008,fadbb0b9be763013423b9a7dcde7293e
2022-06-23 20:11:07 UTC,view,2102225,1516173523019626745,apparel.women.dress,Vantree,35.94,500000008,fadbb0b9be763013423b9a7dcde7293e
2022-06-23 20:14:55 UTC,cart,9319849,1472209747072745335,footwear.boots,Marlow Row,159.64,500000008,fadbb0b9be763013423b9a7dcde7293e
2022-06-23 20:15:39 UTC,purchase,9319849,1472209747072745335,footwear.boots,Marlow Row,164.13,500000008,fadbb0b9be763013423b9a7dcde7293e
2022-06-23 20:21:07 UTC,view,1162680,1589407324608544585,,Kestrel & Co,196.03,500000008,fadbb0b9be763013423b9a7dcde7293e
2022-06-23 20:24:04 UTC,view,9800243,1492821164472423496,apparel.men.jeans,,91.71,500000008,fadbb0b9be763013423b9a7dcde7293e
2022-06-24 08:59:40 UTC,view,4200826,1428548884811402817,apparel.men.shirt,,20.98,500000001,7815adaae3760255695818f1b9a0a656
2022-06-24 08:59:46 UTC,cart,1162680,1589407324608544585,apparel.women.outerwear,,203.5,500000001,7815adaae3760255695818f1b9a0a656
2022-06-24 09:01:29 UTC,purchase,1162680,1589407324608544585,,Kestrel & Co,207.08,500000001,7815adaae3760255695818f1b9a0a656
2022-06-24 18:33:48 UTC,view,9829417,1546390003792228747,footwear.sneakers,,133.32,500000006,3173b9690f402ad8cc25539eebe5563b
2022-06-24 18:33:48 UTC,cart,1083413,1492821164472423496,apparel.men.jeans,Thistlewood,74.74,500000006,3173b9690f402ad8cc25539eebe5563b
2022-06-24 18:36:50 UTC,purchase,1083413,1492821164472423496,apparel.men.jeans,Thistlewood,72.11,500000006,3173b9690f402ad8cc25539eebe5563b
2022-06-24 18:36:59 UTC,view,8966163,1549623645531932356,accessories.bags,Solmara,82.52,500000006,3173b9690f402ad8cc25539eebe5563b
2022-06-24 18:40:30 UTC,view,7433330,1428548884811402817,,,15.44,500000006,3173b9690f402ad8cc25539eebe5563b
2022-06-24 18:43:15 UTC,view,4194454,1482972250706899052,,,63.28,500000006,3173b9690f402ad8cc25539eebe5563b
2022-06-24 18:44:03 UTC,view,9755526,1589407324608544585,apparel.women.outerwear,,80.48,500000006,3173b9690f402ad8cc25539eebe5563b
2022-06-24 18:45:11 UTC,view,8746636,1482972250706899052,,,60.93,500000006,3173b9690f402ad8cc25539eebe5563b
2022-06-24 18:46:05 UTC,view,7182700,1492821164472423496,apparel.men.jeans,,97.62,500000006,3173b9690f402ad8cc25539eebe5563b
2022-06-25 13:40:45 UTC,view,2102225,1516173523019626745,apparel.women.dress,,35.16,500000001,6ecb283610de86a454d7311bb633d8bc
2022-06-25 13:59:41 UTC,view,7692382,1429628030847824846,footwear.sandals,Palewick,40.68,500000001,6ecb283610de86a454d7311bb633d8bc
2022-06-25 20:56:29 UTC,view,4747587,1482972250706899052,apparel.women.pants,,81.54,500000001,e338f77726aaebb8d2bc2904ce97c586
2022-06-25 21:02:16 UTC,view,6693651,1482972250706899052,apparel.women.pants,Cinderfox,32.39,500000001,e338f77726aaebb8d2bc2904ce97c586
2022-06-25 21:02:55 UTC,view,8795573,1482972250706899052,apparel.women.pants,Palewick,28.2,500000001,e338f77726aaebb8d2bc2904ce97c586
2022-06-25 21:07:58 UTC,view,1162680,1589407324608544585,apparel.women.outerwear,Kestrel & Co,226.35,500000001,e338f77726aaebb8d2bc2904ce97c586
2022-06-25 21:11:26 UTC,view,4994348,1549623645531932356,accessories.bags,,59.92,500000001,e338f77726aaebb8d2bc2904ce97c586
2022-06-25 21:24:31 UTC,view,9748139,1594728468612408249,accessories.jewelry,Ferncastle,19.48,500000001,e338f77726aaebb8d2bc2904ce97c586
2022-06-26 12:31:06 UTC,view,7622260,1516173523019626745,apparel.women.dress,Ashgrove,105.84,500000003,fa6bdbb93c592146527462d11724569d
2022-06-26 12:31:06 UTC,cart,7182700,1492821164472423496,apparel.men.jeans,,94.51,500000003,fa6bdbb93c592146527462d11724569d
2022-06-26 12:33:56 UTC,view,3676700,1558186846391920988,apparel.kids.outerwear,Oakspire,67.0,500000003,fa6bdbb93c592146527462d11724569d
2022-06-26 12:41:44 UTC,view,7182700,1492821164472423496,apparel.men.jeans,,96.05,500000003,fa6bdbb93c592146527462d11724569d
2022-06-26 12:42:06 UTC,purchase,7182700,1492821164472423496,apparel.men.jeans,,89.04,500000003,fa6bdbb93c592146527462d11724569d
2022-06-26 12:45:36 UTC,view,4747587,1482972250706899052,apparel.women.pants,,70.69,500000003,fa6bdbb93c592146527462d11724569d
2022-06-26 20:08:05 UTC,view,9315482,1594728468612408249,accessories.jewelry,Marlow Row,70.4,500000987,e70feeb4efea2019e15fe4a77bd59986
2022-06-26 20:16:48 UTC,view,5862621,1492821164472423496,apparel.men.jeans,Vantree,41.62,500000987,e70feeb4efea2019e15fe4a77bd59986
2022-06-26 20:21:42 UTC,view,5599030,1558430393367643133,accessories.hats,,27.14,500000987,e70feeb4efea2019e15fe4a77bd59986
2022-06-27 19:51:17 UTC,view,9036326,1558430393367643133,accessories.hats,,7.61,500000001,c3f5444584eb0c5b66f0acbca79ce3c1
2022-06-27 19:52:01 UTC,cart,3002277,1558364261414932063,apparel.women.top,Harlow Vale,41.05,500000001,c3f5444584eb0c5b66f0acbca79ce3c1
2022-06-27 19:52:43 UTC,purchase,3002277,1558364261414932063,apparel.women.top,Harlow Vale,41.37,500000001,c3f5444584eb0c5b66f0acbca79ce3c1
2022-06-27 20:06:12 UTC,view,6768228,1428548884811402817,apparel.men.shirt,,19.38,500000001,c3f5444584eb0c5b66f0acbca79ce3c1
2022-06-27 20:13:29 UTC,view,2295523,1516173523019626745,apparel.women.dress,,43.14,500000001,c3f5444584eb0c5b66f0acbca79ce3c1
2022-06-27 20:15:54 UTC,view,3428363,1516173523019626745,apparel.women.dress,,73.7,500000001,c3f5444584eb0c5b66f0acbca79ce3c1
2022-06-28 13:41:27 UTC,view,6810241,1428548884811402817,apparel.men.shirt,Milbrook,19.59,500000006,7938bc8264e25e2628a2399928d518c3
2022-06-28 18:18:09 UTC,view,8966163,1549623645531932356,accessories.bags,Solmara,80.94,500000001,3b1b099339a15913305ce0bee8f95bc8
2022-06-28 18:18:09 UTC,cart,1428173,1589407324608544585,apparel.women.outerwear,,118.12,500000001,3b1b099339a15913305ce0bee8f95bc8
2022-06-28 18:23:38 UTC,purchase,1428173,1589407324608544585,apparel.women.outerwear,,116.85,500000001,3b1b099339a15913305ce0bee8f95bc8
2022-06-29 13:18:27 UTC,view,1099410,1558430393367643133,accessories.hats,Norlend,16.95,500000001,d0e70cd7b65b03860c275a7717762629
2022-06-29 13:19:37 UTC,view,6854023,1549623645531932356,accessories.bags,,148.49,500000001,d0e70cd7b65b03860c275a7717762629
2022-06-29 13:24:59 UTC,view,5599767,1558364261414932063,apparel.women.top,Ferncastle,17.09,500000001,d0e70cd7b65b03860c275a7717762629
2022-06-29 13:29:27 UTC,view,1162680,1589407324608544585,apparel.women.outerwear,Kestrel & Co,222.19,500000001,d0e70cd7b65b03860c275a7717762629
2022-06-29 13:31:57 UTC,view,2645378,1594728468612408249,accessories.jewelry,Harlow Vale,10.8,500000001,d0e70cd7b65b03860c275a7717762629
2022-07-01 06:21:39 UTC,view,5466720,1519748099762056932,,Bramholt,109.31,500000683,bcecb7ceb2dae0956cc71fbcdeeaf041
2022-07-01 06:32:31 UTC,view,8721483,1558364261414932063,apparel.women.top,,37.89,500000683,bcecb7ceb2dae0956cc71fbcdeeaf041
2022-07-01 06:39:27 UTC,view,8966163,1549623645531932356,accessories.bags,Solmara,79.56,500000683,bcecb7ceb2dae0956cc71fbcdeeaf041
2022-07-01 13:31:24 UTC,view,7182700,1492821164472423496,apparel.men.jeans,,86.92,500000018,ac640c4fd816f87c6bfca192d716a272
2022-07-01 13:31:38 UTC,view,3318117,1492821164472423496,apparel.men.jeans,,45.91,500000018,ac640c4fd816f87c6bfca192d716a272
2022-07-01 13:35:39 UTC,view,8634461,1428548884811402817,,Kestrel & Co,22.36,500000018,ac640c4fd816f87c6bfca192d716a272
2022-07-01 13:38:02 UTC,view,4194454,1482972250706899052,apparel.women.pants,Vantree,71.26,500000018,ac640c4fd816f87c6bfca192d716a272
2022-07-01 13:43:14 UTC,view,7474821,1428548884811402817,apparel.men.shirt,Milbrook,45.86,500000018,ac640c4fd816f87c6bfca192d716a272
2022-07-01 13:50:37 UTC,view,9829417,1546390003792228747,footwear.sneakers,Bellcroft,137.83,500000018,ac640c4fd816f87c6bfca192d716a272
2022-07-01 21:01:12 UTC,view,6245368,1558430393367643133,accessories.hats,,29.12,500000001,b022dc2e4ee8290a5f5f88abeffe9e63
2022-07-01 21:06:56 UTC,cart,6362414,1558364261414932063,apparel.women.top,Ferncastle,24.32,500000001,b022dc2e4ee8290a5f5f88abeffe9e63
2022-07-01 21:08:01 UTC,purchase,6362414,1558364261414932063,,,23.47,500000001,b022dc2e4ee8290a5f5f88abeffe9e63
2022-07-01 21:13:56 UTC,view,7941277,1594728468612408249,accessories.jewelry,,46.39,500000001,b022dc2e4ee8290a5f5f88abeffe9e63
2022-07-01 21:16:04 UTC,view,4720552,1428548884811402817,apparel.men.shirt,Palewick,16.83,500000001,b022dc2e4ee8290a5f5f88abeffe9e63
2022-07-01 21:19:40 UTC,view,3676700,1558186846391920988,apparel.kids.outerwear,Oakspire,68.44,500000001,b022dc2e4ee8290a5f5f88abeffe9e63
2022-07-01 22:25:39 UTC,view,7182700,1492821164472423496,,,96.15,500000001,6998866672d3089a1fb2a3ece50e9214
2022-07-01 22:31:09 UTC,cart,4170752,1519748099762056932,apparel.men.outerwear,Bramholt,218.37,500000001,6998866672d3089a1fb2a3ece50e9214
2022-07-01 22:33:07 UTC,purchase,4170752,1519748099762056932,apparel.men.outerwear,Bramholt,223.36,500000001,6998866672d3089a1fb2a3ece50e9214
2022-07-01 22:39:09 UTC,view,2317989,1482972250706899052,apparel.women.pants,Palewick,60.67,500000001,6998866672d3089a1fb2a3ece50e9214
2022-07-01 22:40:21 UTC,view,7182700,1492821164472423496,apparel.men.jeans,,85.36,500000001,6998866672d3089a1fb2a3ece50e9214
2022-07-01 23:40:01 UTC,view,9746038,1516173523019626745,apparel.women.dress,,35.75,500000001,44dbc80cf99b047b6b8599cd93008017
2022-07-01 23:42:35 UTC,view,8966163,1549623645531932356,accessories.bags,Solmara,80.52,500000001,44dbc80cf99b047b6b8599cd93008017
2022-07-01 23:50:46 UTC,view,8966163,1549623645531932356,accessories.bags,Solmara,76.37,500000001,44dbc80cf99b047b6b8599cd93008017
2022-07-01 23:56:23 UTC,view,6362414,1558364261414932063,apparel.women.top,,22.13,500000001,44dbc80cf99b047b6b8599cd93008017
2022-07-02 00:00:04 UTC,view,9036326,1558430393367643133,accessories.hats,,8.41,500000001,44dbc80cf99b047b6b8599cd93008017
2022-07-01 13:38:02 UTC,view,4194454,1482972250706899052,apparel.women.pants,Vantree,71.26,500000018,ac640c4fd816f87c6bfca192d716a272
2022-07-03 16:59:59 UTC,view,3243048,1558364261414932063,apparel.women.top,Thistlewood,40.86,500000002,e94fe7c1d0628e76b59b6d2c639da071
2022-07-03 16:59:59 UTC,cart,4747587,1482972250706899052,apparel.women.pants,,82.95,500000002,e94fe7c1d0628e76b59b6d2c639da071
2022-07-03 17:00:22 UTC,purchase,4747587,1482972250706899052,apparel.women.pants,,82.5,500000002,e94fe7c1d0628e76b59b6d2c639da071
2022-07-03 17:02:57 UTC,view,3163829,1558364261414932063,apparel.women.top,,45.29,500000002,e94fe7c1d0628e76b59b6d2c639da071
2022-07-03 17:05:58 UTC,view,7429245,1428548884811402817,apparel.men.shirt,,14.71,500000002,e94fe7c1d0628e76b59b6d2c639da071
2022-07-03 17:08:25 UTC,view,1099410,1558430393367643133,accessories.hats,Norlend,17.61,500000002,e94fe7c1d0628e76b59b6d2c639da071
2022-07-03 20:41:55 UTC,view,5599030,1558430393367643133,accessories.hats,Marlow Row,30.81,500000005,0579da45674f7a1cfc04f5346f5ae31b
2022-07-03 20:49:39 UTC,cart,1162680,1589407324608544585,apparel.women.outerwear,Kestrel & Co,202.81,500000005,0579da45674f7a1cfc04f5346f5ae31b
2022-07-03 20:58:23 UTC,purchase,1162680,1589407324608544585,apparel.women.outerwear,,230.6,500000005,0579da45674f7a1cfc04f5346f5ae31b
2022-07-03 21:04:07 UTC,view,7182700,1492821164472423496,apparel.men.jeans,,84.75,500000005,0579da45674f7a1cfc04f5346f5ae31b
2022-07-04 10:46:08 UTC,view,8966163,1549623645531932356,accessories.bags,Solmara,91.98,500000010,6b18c64dda4a512b391c7491f869d57b
2022-07-04 10:46:08 UTC,cart,9118832,1589407324608544585,apparel.women.outerwear,Ruskin & Fable,164.78,500000010,6b18c64dda4a512b391c7491f869d57b
2022-07-04 10:51:22 UTC,view,9319849,1472209747072745335,footwear.boots,,139.13,500000010,6b18c64dda4a512b391c7491f869d57b
2022-07-04 10:52:38 UTC,purchase,9118832,1589407324608544585,apparel.women.outerwear,Ruskin & Fable,152.84,500000010,6b18c64dda4a512b391c7491f869d57b
2022-07-04 10:55:56 UTC,view,8089253,1516173523019626745,apparel.women.dress,,119.46,500000010,6b18c64dda4a512b391c7491f869d57b
2022-07-04 10:58:21 UTC,view,9645778,1558186846391920988,apparel.kids.outerwear,,31.94,500000010,6b18c64dda4a512b391c7491f869d57b
2022-07-04 10:59:01 UTC,view,3163829,1558364261414932063,apparel.women.top,,37.59,500000010,6b18c64dda4a512b391c7491f869d57b
2022-07-04 16:42:38 UTC,view,4365384,1519748099762056932,,,187.48,500000011,bfc31fddee02456c3f6230ec6d4ea316
2022-07-04 16:49:56 UTC,view,7630387,1558186846391920988,apparel.kids.outerwear,,33.48,500000011,bfc31fddee02456c3f6230ec6d4ea316
2022-07-04 17:02:33 UTC,view,4476707,1492821164472423496,apparel.men.jeans,Aldyne,99.7,500000011,bfc31fddee02456c3f6230ec6d4ea316
2022-07-05 11:25:22 UTC,view,1092786,1558430393367643133,accessories.hats,Thistlewood,11.68,500000010,3b758d2a0b6a25fd0400540b8c37dee2
2022-07-05 11:25:26 UTC,view,8903471,1428548884811402817,apparel.men.shirt,,19.37,500000010,3b758d2a0b6a25fd0400540b8c37dee2
2022-07-05 14:44:30 UTC,view,1383693,1492821164472423496,apparel.men.jeans,Palewick,41.79,500000001,f7edeaed68358f931a9ccfde3dfee061
2022-07-05 14:57:04 UTC,view,6520765,1546390003792228747,footwear.sneakers,Marlow Row,71.0,500000001,f7edeaed68358f931a9ccfde3dfee061
2022-07-07 12:20:54 UTC,view,8746636,1482972250706899052,apparel.women.pants,,58.28,500000001,623c6080537f2cf2356d05793b81a68b
2022-07-07 12:25:21 UTC,view,9036326,1558430393367643133,accessories.hats,,7.95,500000001,623c6080537f2cf2356d05793b81a68b
2022-07-07 12:26:36 UTC,cart,6079235,1508136215129873133,apparel.kids.top,Bramholt,10.11,500000001,623c6080537f2cf2356d05793b81a68b
2022-07-07 12:29:08 UTC,purchase,6079235,1508136215129873133,apparel.kids.top,Bramholt,8.68,500000001,623c6080537f2cf2356d05793b81a68b
2022-07-07 12:32:02 UTC,view,6362414,1558364261414932063,apparel.women.top,Ferncastle,23.76,500000001,623c6080537f2cf2356d05793b81a68b
2022-07-07 12:44:20 UTC,view,6280890,1482972250706899052,apparel.women.pants,,29.14,500000025,71e612e4aa766307799af400ebc19595
2022-07-07 12:53:39 UTC,view,3817121,1482972250706899052,apparel.women.pants,Ferncastle,67.55,500000025,71e612e4aa766307799af400ebc19595
2022-07-07 12:58:25 UTC,view,3211935,1482972250706899052,apparel.women.pants,Vantree,57.28,500000025,71e612e4aa766307799af400ebc19595
2022-07-08 15:31:12 UTC,view,1162680,1589407324608544585,apparel.women.outerwear,Kestrel & Co,228.89,500000001,60b1411641b783ac8f948b0e52a14809
2022-07-08 15:31:12 UTC,cart,7346335,1594728468612408249,accessories.jewelry,Milbrook,64.97,500000001,60b1411641b783ac8f948b0e52a14809
2022-07-08 15:32:42 UTC,purchase,7346335,1594728468612408249,accessories.jewelry,Milbrook,70.53,500000001,60b1411641b783ac8f948b0e52a14809
2022-07-08 15:40:34 UTC,view,9118832,1589407324608544585,apparel.women.outerwear,Ruskin & Fable,179.08,500000001,60b1411641b783ac8f948b0e52a14809
2022-07-08 15:41:13 UTC,view,5114384,1558186846391920988,apparel.kids.outerwear,Kestrel & Co,26.83,500000001,60b1411641b783ac8f948b0e52a14809
2022-07-08 15:48:28 UTC,view,9755526,1589407324608544585,,Ashgrove,77.74,500000001,60b1411641b783ac8f948b0e52a14809
2022-07-09 11:09:22 UTC,view,9036326,1558430393367643133,accessories.hats,,8.26,500000240,e1f99c080aef3c72821c3ea382b51799
2022-07-09 11:29:05 UTC,view,7182700,1492821164472423496,apparel.men.jeans,,99.33,500000240,e1f99c080aef3c72821c3ea382b51799
2022-07-09 17:14:52 UTC,view,9679390,1558364261414932063,apparel.women.top,,19.06,500000059,ed39f442ea47577b1f6f116f7924238f
2022-07-09 17:35:34 UTC,view,7567958,1516173523019626745,apparel.women.dress,,96.85,500000059,ed39f442ea47577b1f6f116f7924238f
2022-07-09 17:44:06 UTC,view,3243048,1558364261414932063,apparel.women.top,,40.19,500000059,ed39f442ea47577b1f6f116f7924238f
2022-07-10 10:06:12 UTC,view,6380274,1472209747072745335,footwear.boots,,180.62,500000003,76699a7dc59461854d2aa22fa13583b9
2022-07-10 10:06:12 UTC,cart,1038403,1519748099762056932,apparel.men.outerwear,,52.29,500000003,76699a7dc59461854d2aa22fa13583b9
2022-07-10 10:07:49 UTC,purchase,1038403,1519748099762056932,apparel.men.outerwear,Ashgrove,58.82,500000003,76699a7dc59461854d2aa22fa13583b9
2022-07-10 10:16:41 UTC,view,4356662,1519748099762056932,apparel.men.outerwear,,213.29,500000003,76699a7dc59461854d2aa22fa13583b9
2022-07-11 09:26:01 UTC,view,9829417,1546390003792228747,footwear.sneakers,Bellcroft,126.6,500000178,482a13371a77f2bbc5601cf36f3e309a
2022-07-11 09:26:01 UTC,cart,3852546,1482972250706899052,,Bramholt,73.16,500000178,482a13371a77f2bbc5601cf36f3e309a
2022-07-11 09:27:25 UTC,purchase,3852546,1482972250706899052,,,71.39,500000178,482a13371a77f2bbc5601cf36f3e309a
2022-07-11 09:29:07 UTC,view,1099410,1558430393367643133,accessories.hats,Norlend,16.45,500000178,482a13371a77f2bbc5601cf36f3e309a
2022-07-11 09:29:46 UTC,view,8926382,1558186846391920988,apparel.kids.outerwear,,42.47,500000178,482a13371a77f2bbc5601cf36f3e309a
2022-07-11 09:35:52 UTC,view,5068008,1558364261414932063,apparel.women.top,Ashgrove,15.45,500000178,482a13371a77f2bbc5601cf36f3e309a
2022-07-11 09:37:51 UTC,view,9040237,1472209747072745335,footwear.boots,Wrenfield,113.08,500000178,482a13371a77f2bbc5601cf36f3e309a
2022-07-13 12:05:29 UTC,view,6944057,1428548884811402817,apparel.men.shirt,,50.77,500000001,743285d21a0c51dc079c77c09a0b9ff4
2022-07-13 12:05:29 UTC,cart,3243048,1558364261414932063,apparel.women.top,Thistlewood,42.96,500000001,743285d21a0c51dc079c77c09a0b9ff4
2022-07-13 12:09:38 UTC,purchase,3243048,1558364261414932063,apparel.women.top,,39.92,500000001,743285d21a0c51dc079c77c09a0b9ff4
2022-07-13 13:36:09 UTC,view,9829417,1546390003792228747,,,127.85,500000021,cfcbed30595674eb79d946c96b89188b
2022-07-13 13:40:10 UTC,view,3583619,1558430393367643133,accessories.hats,,29.07,500000021,cfcbed30595674eb79d946c96b89188b
2022-07-13 13:43:49 UTC,cart,8754194,1482972250706899052,apparel.women.pants,,58.09,500000021,cfcbed30595674eb79d946c96b89188b
2022-07-13 13:50:42 UTC,purchase,8754194,1482972250706899052,apparel.women.pants,Kestrel & Co,55.19,500000021,cfcbed30595674eb79d946c96b89188b
2022-07-15 19:03:05 UTC,view,6953807,1558364261414932063,,Kestrel & Co,12.83,500000006,f7560ae61dfb031f7e3c54d4eb14dede
2022-07-15 19:12:19 UTC,view,1162680,1589407324608544585,apparel.women.outerwear,Kestrel & Co,229.43,500000006,f7560ae61dfb031f7e3c54d4eb14dede
2022-07-15 19:14:20 UTC,view,3330012,1428548884811402817,apparel.men.shirt,Ruskin & Fable,19.51,500000006,f7560ae61dfb031f7e3c54d4eb14dede
2022-07-15 19:16:00 UTC,view,8110966,1558364261414932063,apparel.women.top,Solmara,20.28,500000006,f7560ae61dfb031f7e3c54d4eb14dede
2022-07-15 19:19:35 UTC,view,2295523,1516173523019626745,apparel.women.dress,,44.0,500000006,f7560ae61dfb031f7e3c54d4eb14dede
15/07/2022 19:28,view,4870730,1429628030847824846,,,20.25,500000006,f7560ae61dfb031f7e3c54d4eb14dede
2022-07-17 09:59:35 UTC,view,9036326,1558430393367643133,accessories.hats,,8.48,500000013,dbca183fba2cb04a9e04f13a10227169
2022-07-17 10:10:28 UTC,view,8966163,1549623645531932356,accessories.bags,Solmara,85.25,500000013,dbca183fba2cb04a9e04f13a10227169
2022-07-17 10:25:06 UTC,cart,7373415,1428548884811402817,apparel.men.shirt,Vantree,28.18,500000013,dbca183fba2cb04a9e04f13a10227169
2022-07-17 10:25:45 UTC,purchase,7373415,1428548884811402817,apparel.men.shirt,Vantree,26.67,500000013,dbca183fba2cb04a9e04f13a10227169
2022-07-17 14:14:24 UTC,view,6497266,1558430393367643133,accessories.hats,Doverly,11.14,500000001,cdfb8d51469bdebfdfa324f8645f570a
2022-07-17 14:14:24 UTC,cart,2102225,1516173523019626745,,,34.9,500000001,cdfb8d51469bdebfdfa324f8645f570a
2022-07-17 14:16:57 UTC,purchase,2102225,1516173523019626745,apparel.women.dress,Vantree,37.4,500000001,cdfb8d51469bdebfdfa324f8645f570a
2022-07-17 14:22:46 UTC,view,7047405,1482972250706899052,apparel.women.pants,Palewick,28.47,500000001,cdfb8d51469bdebfdfa324f8645f570a
2022-07-17 14:23:06 UTC,view,4762867,1594728468612408249,accessories.jewelry,Greymont,16.61,500000001,cdfb8d51469bdebfdfa324f8645f570a
2022-07-17 14:27:30 UTC,view,8966163,1549623645531932356,accessories.bags,Solmara,79.34,500000001,cdfb8d51469bdebfdfa324f8645f570a
2022-07-17 17:11:32 UTC,view,9118832,1589407324608544585,apparel.women.outerwear,,180.14,500000001,e195537a7a919597a87a576b3556bd57
2022-07-17 17:11:32 UTC,cart,4098324,1558364261414932063,apparel.women.top,,20.95,500000001,e195537a7a919597a87a576b3556bd57
2022-07-17 17:12:34 UTC,purchase,4098324,1558364261414932063,apparel.women.top,Norlend,23.06,500000001,e195537a7a919597a87a576b3556bd57
2022-07-17 17:25:58 UTC,view,7180258,1482972250706899052,apparel.women.pants,Aldyne,71.81,500000001,e195537a7a919597a87a576b3556bd57
2022-07-17 17:28:42 UTC,view,1910407,1482972250706899052,apparel.women.pants,,79.21,500000001,e195537a7a919597a87a576b3556bd57
2022-07-17 18:02:32 UTC,view,5530296,1558364261414932063,apparel.women.top,,27.49,500000002,e558beeea279c6cf804bc9436e2f58be
2022-07-17 18:06:46 UTC,view,9065490,1516173523019626745,apparel.women.dress,Aldyne,117.13,500000002,e558beeea279c6cf804bc9436e2f58be
2022-07-17 18:09:32 UTC,view,3648094,1492821164472423496,apparel.men.jeans,Harlow Vale,38.09,500000002,e558beeea279c6cf804bc9436e2f58be
2022-07-18 17:16:29 UTC,view,6497266,1558430393367643133,accessories.hats,,10.54,500000004,ce27f8373ca7101540eabb90929659d5
2022-07-18 17:24:58 UTC,view,4098324,1558364261414932063,apparel.women.top,Norlend,23.04,500000004,ce27f8373ca7101540eabb90929659d5
2022-07-18 17:25:34 UTC,cart,2154101,1558430393367643133,accessories.hats,,14.05,500000004,ce27f8373ca7101540eabb90929659d5
2022-07-18 17:30:36 UTC,view,6362414,1558364261414932063,apparel.women.top,Ferncastle,24.35,500000004,ce27f8373ca7101540eabb90929659d5
2022-07-18 17:32:10 UTC,purchase,2154101,1558430393367643133,accessories.hats,,13.42,500000004,ce27f8373ca7101540eabb90929659d5
2022-07-18 23:52:26 UTC,view,1162680,1589407324608544585,apparel.women.outerwear,Kestrel & Co,204.77,500000004,96a23bfcde97b10076cc78c45fb23b69
2022-07-18 23:52:55 UTC,view,4747587,1482972250706899052,apparel.women.pants,,77.58,500000004,96a23bfcde97b10076cc78c45fb23b69
2022-07-18 23:53:49 UTC,view,4705110,1428548884811402817,apparel.men.shirt,Ashgrove,20.93,500000004,96a23bfcde97b10076cc78c45fb23b69
2022-07-18 23:57:09 UTC,view,1850756,1428548884811402817,,Doverly,52.62,500000004,96a23bfcde97b10076cc78c45fb23b69
2022-07-19 00:02:06 UTC,view,6637675,1428548884811402817,apparel.men.shirt,,34.25,500000004,96a23bfcde97b10076cc78c45fb23b69
2022-07-19 00:12:56 UTC,view,7729308,1482972250706899052,apparel.women.pants,,37.33,500000004,96a23bfcde97b10076cc78c45fb23b69
2022-07-19 00:13:31 UTC,cart,9118832,1589407324608544585,apparel.women.outerwear,Ruskin & Fable,168.4,500000004,96a23bfcde97b10076cc78c45fb23b69
2022-07-19 00:20:11 UTC,purchase,9118832,1589407324608544585,apparel.women.outerwear,,169.02,500000004,96a23bfcde97b10076cc78c45fb23b69
2022-07-20 21:07:26 UTC,view,2102225,1516173523019626745,apparel.women.dress,Vantree,35.66,500000001,ae9bfddf4ed33744699963e15ab7b81f
2022-07-20 21:33:21 UTC,view,9800243,1492821164472423496,apparel.men.jeans,Palewick,81.63,500000001,ae9bfddf4ed33744699963e15ab7b81f
2022-07-20 21:34:17 UTC,view,8966163,1549623645531932356,accessories.bags,Solmara,81.42,500000001,ae9bfddf4ed33744699963e15ab7b81f
2022-07-21 12:11:47 UTC,view,5599767,1558364261414932063,apparel.women.top,Ferncastle,16.77,500000012,14167e3e4d7ea1d4adea1d56735c3434
2022-07-21 12:11:53 UTC,cart,8634461,1428548884811402817,apparel.men.shirt,Kestrel & Co,22.94,500000012,14167e3e4d7ea1d4adea1d56735c3434
2022-07-21 12:12:43 UTC,purchase,8634461,1428548884811402817,apparel.men.shirt,Kestrel & Co,20.95,500000012,14167e3e4d7ea1d4adea1d56735c3434
2022-07-21 12:33:32 UTC,view,4236332,1482972250706899052,,,36.3,500000012,14167e3e4d7ea1d4adea1d56735c3434
2022-07-21 19:02:57 UTC,view,2102225,1516173523019626745,apparel.women.dress,Vantree,36.27,500000003,08e72fdc40a72dc087a203c0d55ecdad
2022-07-21 19:07:18 UTC,view,4143393,1519748099762056932,apparel.men.outerwear,Marlow Row,210.89,500000003,08e72fdc40a72dc087a203c0d55ecdad
2022-07-21 19:18:54 UTC,view,6474782,1492821164472423496,apparel.men.jeans,,83.01,500000001,e7b299eb87af3c6df67c86bc58dc2947
2022-07-21 19:18:54 UTC,cart,1111123,1482972250706899052,apparel.women.pants,Bramholt,45.66,500000001,e7b299eb87af3c6df67c86bc58dc2947
2022-07-21 19:19:20 UTC,view,5250988,1558364261414932063,apparel.women.top,Doverly,22.74,500000001,e7b299eb87af3c6df67c86bc58dc2947
2022-07-21 19:20:13 UTC,purchase,1111123,1482972250706899052,apparel.women.pants,Bramholt,54.3,500000001,e7b299eb87af3c6df67c86bc58dc2947
2022-07-21 19:28:59 UTC,cart,8966163,1549623645531932356,accessories.bags,Solmara,76.53,500000003,08e72fdc40a72dc087a203c0d55ecdad
2022-07-21 19:29:26 UTC,view,3166872,1428548884811402817,apparel.men.shirt,,37.84,500000001,e7b299eb87af3c6df67c86bc58dc2947
2022-07-21 19:30:11 UTC,purchase,8966163,1549623645531932356,accessories.bags,Solmara,87.22,500000003,08e72fdc40a72dc087a203c0d55ecdad
2022-07-23 14:20:45 UTC,view,8966163,1549623645531932356,accessories.bags,,81.84,500000005,ef68ef88be7408a20ffbef310bcba070
2022-07-23 14:45:36 UTC,cart,4356662,1519748099762056932,apparel.men.outerwear,,229.43,500000005,ef68ef88be7408a20ffbef310bcba070
2022-07-23 14:46:12 UTC,view,8966163,1549623645531932356,accessories.bags,Solmara,88.23,500000005,ef68ef88be7408a20ffbef310bcba070
2022-07-23 14:46:43 UTC,purchase,4356662,1519748099762056932,,,223.93,500000005,ef68ef88be7408a20ffbef310bcba070
2022-07-23 22:55:59 UTC,view,8758486,1516173523019626745,apparel.women.dress,,89.98,500000002,d6cf0c1fb7df5142b6d67a8841220122
2022-07-23 23:02:25 UTC,view,2565553,1590725883499271729,accessories.belts,,18.92,500000002,d6cf0c1fb7df5142b6d67a8841220122
2022-07-23 23:06:15 UTC,view,6079235,1508136215129873133,apparel.kids.top,,9.77,500000002,d6cf0c1fb7df5142b6d67a8841220122
2022-07-23 23:09:17 UTC,cart,5847380,1492821164472423496,apparel.men.jeans,,47.2,500000002,d6cf0c1fb7df5142b6d67a8841220122
2022-07-23 23:10:06 UTC,view,8966163,1549623645531932356,accessories.bags,,82.21,500000002,d6cf0c1fb7df5142b6d67a8841220122
2022-07-23 23:12:22 UTC,purchase,5847380,1492821164472423496,apparel.men.jeans,,48.02,500000002,d6cf0c1fb7df5142b6d67a8841220122
2022-07-25 17:19:57 UTC,view,6810241,1428548884811402817,apparel.men.shirt,Milbrook,19.15,500000001,fa7999cb0dd71f3e9e152c9ec3865019
2022-07-25 17:24:04 UTC,view,4747587,1482972250706899052,apparel.women.pants,,83.84,500000001,fa7999cb0dd71f3e9e152c9ec3865019
2022-07-25 17:44:10 UTC,view,2102225,1516173523019626745,apparel.women.dress,Vantree,37.58,500000001,fa7999cb0dd71f3e9e152c9ec3865019
2022-07-26 07:30:17 UTC,view,6854023,1549623645531932356,accessories.bags,Doverly,159.3,500000001,6043c9d0d35c16f25840643cfad89fdf
2022-07-26 07:49:01 UTC,view,8966163,1549623645531932356,accessories.bags,Solmara,87.57,500000001,6043c9d0d35c16f25840643cfad89fdf
2022-07-26 13:02:15 UTC,view,2102225,1516173523019626745,apparel.women.dress,Vantree,33.52,500000001,28e5cce81f5526c8074fa1e31d3b9191
2022-07-26 13:03:06 UTC,view,5114384,1558186846391920988,apparel.kids.outerwear,Kestrel & Co,26.46,500000001,28e5cce81f5526c8074fa1e31d3b9191
2022-07-26 13:12:58 UTC,view,5553390,1472209747072745335,,Aldyne,56.63,500000001,28e5cce81f5526c8074fa1e31d3b9191
2022-07-26 13:14:45 UTC,view,7390450,1558364261414932063,apparel.women.top,,40.77,500000001,28e5cce81f5526c8074fa1e31d3b9191
2022-07-26 13:16:33 UTC,cart,1522015,1546390003792228747,footwear.sneakers,Bramholt,114.82,500000001,28e5cce81f5526c8074fa1e31d3b9191
2022-07-26 13:17:50 UTC,purchase,1522015,1546390003792228747,footwear.sneakers,Bramholt,113.64,500000001,28e5cce81f5526c8074fa1e31d3b9191
2022-07-26 13:23:33 UTC,view,2102225,1516173523019626745,,,38.3,500000001,28e5cce81f5526c8074fa1e31d3b9191
2022-07-26 15:07:03 UTC,view,7182700,1492821164472423496,apparel.men.jeans,,85.7,500000001,9183cd3968bdc774a3cd23a1c2ff8f38
2022-07-26 15:08:26 UTC,view,9036326,1558430393367643133,accessories.hats,,7.49,500000001,9183cd3968bdc774a3cd23a1c2ff8f38
2022-07-26 15:18:35 UTC,view,8966163,1549623645531932356,accessories.bags,Solmara,81.2,500000001,9183cd3968bdc774a3cd23a1c2ff8f38
2022-07-26 15:22:16 UTC,view,6245368,1558430393367643133,accessories.hats,Ashgrove,25.06,500000001,9183cd3968bdc774a3cd23a1c2ff8f38
2022-07-26 15:28:26 UTC,view,4762867,1594728468612408249,accessories.jewelry,Greymont,17.54,500000001,9183cd3968bdc774a3cd23a1c2ff8f38
2022-07-26 15:29:26 UTC,view,9065490,1516173523019626745,apparel.women.dress,Aldyne,124.05,500000001,9183cd3968bdc774a3cd23a1c2ff8f38
2022-07-28 17:31:53 UTC,view,8261390,1519748099762056932,apparel.men.outerwear,,167.15,500000001,9d8396609896e30c65261fad7f221638
2022-07-28 17:31:53 UTC,cart,4194454,1482972250706899052,apparel.women.pants,Vantree,62.09,500000001,9d8396609896e30c65261fad7f221638
2022-07-28 17:34:55 UTC,purchase,4194454,1482972250706899052,apparel.women.pants,Vantree,69.12,500000001,9d8396609896e30c65261fad7f221638
2022-07-28 17:38:44 UTC,view,4194454,1482972250706899052,apparel.women.pants,Vantree,70.59,500000001,9d8396609896e30c65261fad7f221638
2022-07-28 17:52:49 UTC,view,8966163,1549623645531932356,accessories.bags,,89.12,500000001,9d8396609896e30c65261fad7f221638
2022-07-28 17:53:25 UTC,view,5711182,1546390003792228747,footwear.sneakers,Oakspire,85.3,500000001,9d8396609896e30c65261fad7f221638
2022-07-30 11:25:38 UTC,view,9036326,1558430393367643133,accessories.hats,,8.71,500000001,312139d0680930291d089cd1cf7abdda
2022-07-30 11:27:32 UTC,cart,2565553,1590725883499271729,accessories.belts,,19.21,500000001,312139d0680930291d089cd1cf7abdda
2022-07-30 11:28:22 UTC,purchase,2565553,1590725883499271729,,,19.67,500000001,312139d0680930291d089cd1cf7abdda
2022-07-30 11:31:19 UTC,view,7047405,1482972250706899052,apparel.women.pants,Palewick,25.21,500000001,312139d0680930291d089cd1cf7abdda
2022-07-30 11:32:50 UTC,view,2102225,1516173523019626745,,Vantree,33.51,500000001,312139d0680930291d089cd1cf7abdda
2022-07-30 11:36:56 UTC,view,9036326,1558430393367643133,accessories.hats,,7.42,500000001,312139d0680930291d089cd1cf7abdda
30/07/2022 11:50,view,6854023,1549623645531932356,accessories.bags,,146.99,500000001,312139d0680930291d089cd1cf7abdda
2022-07-30 11:54:09 UTC,view,6351542,1558364261414932063,apparel.women.top,Palewick,38.09,500000001,312139d0680930291d089cd1cf7abdda
2022-07-30 20:51:41 UTC,view,9841830,1508136215129873133,apparel.kids.top,Wrenfield,12.79,500000005,bca99803dcf287579d152b7ceecd853c
2022-07-30 20:51:49 UTC,view,9388289,1589407324608544585,,Milbrook,81.33,500000005,bca99803dcf287579d152b7ceecd853c
2022-07-30 21:08:25 UTC,view,8966163,1549623645531932356,accessories.bags,Solmara,88.08,500000005,bca99803dcf287579d152b7ceecd853c
2022-07-30 21:09:49 UTC,view,7182700,1492821164472423496,apparel.men.jeans,,98.47,500000005,bca99803dcf287579d152b7ceecd853c
2022-07-30 21:10:17 UTC,view,3243048,1558364261414932063,apparel.women.top,Thistlewood,44.08,500000005,bca99803dcf287579d152b7ceecd853c
2022-07-30 21:18:13 UTC,view,1162680,1589407324608544585,,Kestrel & Co,209.2,500000005,bca99803dcf287579d152b7ceecd853c
2022-08-02 15:29:23 UTC,view,9755526,1589407324608544585,,Ashgrove,88.53,500000087,9d3414e214b5109432e215da60c80779
2022-08-02 15:32:32 UTC,view,9248008,1549623645531932356,accessories.bags,,109.17,500000087,9d3414e214b5109432e215da60c80779
2022-08-02 15:34:16 UTC,view,5186154,1516173523019626745,apparel.women.dress,Doverly,106.67,500000087,9d3414e214b5109432e215da60c80779
2022-08-02 15:34:20 UTC,view,3301602,1594728468612408249,accessories.jewelry,Vantree,38.98,500000087,9d3414e214b5109432e215da60c80779
2022-08-02 15:41:09 UTC,view,2875921,1546390003792228747,footwear.sneakers,,153.04,500000087,9d3414e214b5109432e215da60c80779
2022-08-02 15:56:23 UTC,view,7864641,1508136215129873133,apparel.kids.top,,14.39,500000001,664c4e0500bf56a6cc94dc0e1ffe640a
2022-08-02 15:58:12 UTC,view,1111123,1482972250706899052,apparel.women.pants,,46.95,500000001,664c4e0500bf56a6cc94dc0e1ffe640a
2022-08-02 16:06:10 UTC,view,2931280,1558364261414932063,apparel.women.top,,30.22,500000001,664c4e0500bf56a6cc94dc0e1ffe640a
2022-08-02 16:09:50 UTC,view,1385609,1589407324608544585,,,130.04,500000001,664c4e0500bf56a6cc94dc0e1ffe640a
2022-08-02 16:14:11 UTC,view,4411802,1594728468612408249,,Doverly,63.04,500000001,664c4e0500bf56a6cc94dc0e1ffe640a
2022-08-03 21:13:54 UTC,view,7729308,1482972250706899052,apparel.women.pants,,43.54,500000001,8d8b6049f07a9c6993b5aa71df02d03f
2022-08-03 21:15:20 UTC,cart,6693651,1482972250706899052,,Cinderfox,33.26,500000001,8d8b6049f07a9c6993b5aa71df02d03f
2022-08-03 21:16:39 UTC,view,9172205,1508136215129873133,apparel.kids.top,,19.43,500000001,8d8b6049f07a9c6993b5aa71df02d03f
2022-08-03 21:18:12 UTC,purchase,6693651,1482972250706899052,apparel.women.pants,Cinderfox,36.32,500000001,8d8b6049f07a9c6993b5aa71df02d03f
2022-08-03 21:19:35 UTC,view,7954298,1516173523019626745,apparel.women.dress,,86.5,500000001,8d8b6049f07a9c6993b5aa71df02d03f
2022-08-03 21:24:56 UTC,view,3698437,1492821164472423496,apparel.men.jeans,,55.63,500000001,8d8b6049f07a9c6993b5aa71df02d03f
2022-08-03 21:30:36 UTC,view,9755526,1589407324608544585,apparel.women.outerwear,Ashgrove,76.47,500000001,8d8b6049f07a9c6993b5aa71df02d03f
2022-08-03 21:34:39 UTC,view,2102225,1516173523019626745,apparel.women.dress,Vantree,34.27,500000001,8d8b6049f07a9c6993b5aa71df02d03f
2022-08-03 21:39:16 UTC,view,7275086,1558186846391920988,apparel.kids.outerwear,,56.56,500000001,8d8b6049f07a9c6993b5aa71df02d03f
2022-08-03 21:40:10 UTC,view,1083413,1492821164472423496,apparel.men.jeans,Thistlewood,75.49,500000001,8d8b6049f07a9c6993b5aa71df02d03f
2022-08-05 18:49:27 UTC,view,1428173,1589407324608544585,apparel.women.outerwear,,113.25,500000003,8af95dba706e3f57ee0093e21c3ba1ad
2022-08-05 18:55:05 UTC,view,8966163,1549623645531932356,accessories.bags,,86.26,500000003,8af95dba706e3f57ee0093e21c3ba1ad
2022-08-05 19:05:01 UTC,view,1079923,1516173523019626745,apparel.women.dress,,112.65,500000003,8af95dba706e3f57ee0093e21c3ba1ad
2022-08-05 19:08:04 UTC,cart,6362414,1558364261414932063,,,25.6,500000003,8af95dba706e3f57ee0093e21c3ba1ad
2022-08-05 19:09:56 UTC,purchase,6362414,1558364261414932063,apparel.women.top,Ferncastle,25.07,500000003,8af95dba706e3f57ee0093e21c3ba1ad
2022-08-06 08:36:36 UTC,view,9036326,1558430393367643133,accessories.hats,,8.49,500000008,72bce383c56a9f9a4ef52918c5245ed3
2022-08-06 08:52:07 UTC,view,7310073,1482972250706899052,apparel.women.pants,Palewick,82.17,500000008,72bce383c56a9f9a4ef52918c5245ed3
2022-08-06 08:56:12 UTC,view,3330012,1428548884811402817,apparel.men.shirt,,19.07,500000008,72bce383c56a9f9a4ef52918c5245ed3
2022-08-06 09:04:48 UTC,view,1189654,1428548884811402817,apparel.men.shirt,,26.53,500000008,72bce383c56a9f9a4ef52918c5245ed3
2022-08-07 11:03:21 UTC,view,5678537,1472209747072745335,footwear.boots,Aldyne,134.1,500000001,e77352fceed30f5d51a2bec7c1b21752
2022-08-07 11:05:11 UTC,cart,9388289,1589407324608544585,apparel.women.outerwear,Milbrook,78.49,500000001,e77352fceed30f5d51a2bec7c1b21752
2022-08-07 11:08:33 UTC,purchase,9388289,1589407324608544585,apparel.women.outerwear,Milbrook,79.61,500000001,e77352fceed30f5d51a2bec7c1b21752
2022-08-07 11:18:14 UTC,view,3243048,1558364261414932063,apparel.women.top,Thistlewood,41.86,500000001,e77352fceed30f5d51a2bec7c1b21752
2022-08-07 15:28:23 UTC,view,9036326,1558430393367643133,accessories.hats,,7.39,500000005,033cdc70c0f3d8a8294af8940e4345f8
2022-08-07 15:30:01 UTC,view,4747587,1482972250706899052,apparel.women.pants,,76.08,500000005,033cdc70c0f3d8a8294af8940e4345f8
2022-08-07 15:31:53 UTC,view,8966163,1549623645531932356,,Solmara,85.86,500000005,033cdc70c0f3d8a8294af8940e4345f8
2022-08-07 15:42:29 UTC,view,7801595,1589407324608544585,apparel.women.outerwear,Aldyne,98.77,500000005,033cdc70c0f3d8a8294af8940e4345f8
2022-08-07 15:43:37 UTC,view,2295523,1516173523019626745,apparel.women.dress,,49.77,500000005,033cdc70c0f3d8a8294af8940e4345f8
2022-08-07 15:45:29 UTC,view,3240903,1549623645531932356,accessories.bags,,80.4,500000005,033cdc70c0f3d8a8294af8940e4345f8
2022-08-07 20:12:50 UTC,view,1601049,1558364261414932063,apparel.women.top,,25.59,500000039,16282a07007a5e5d1c1944ade980ba45
2022-08-07 20:18:23 UTC,view,5464062,1508136215129873133,apparel.kids.top,Bellcroft,18.56,500000039,16282a07007a5e5d1c1944ade980ba45
2022-08-07 20:19:26 UTC,view,9036326,1558430393367643133,accessories.hats,,8.29,500000039,16282a07007a5e5d1c1944ade980ba45
2022-08-07 20:20:05 UTC,view,6351542,1558364261414932063,,Palewick,38.71,500000039,16282a07007a5e5d1c1944ade980ba45
2022-08-08 20:42:04 UTC,view,2102225,1516173523019626745,apparel.women.dress,,33.97,500000013,8f58628fbcc75f22efdb74d68eb53020
2022-08-08 21:01:45 UTC,view,7826018,1558364261414932063,apparel.women.top,Cinderfox,12.85,500000013,8f58628fbcc75f22efdb74d68eb53020
2022-08-08 21:02:18 UTC,view,8800984,1558364261414932063,apparel.women.top,Oakspire,18.7,500000013,8f58628fbcc75f22efdb74d68eb53020
2022-08-08 21:03:59 UTC,view,4489659,1516173523019626745,apparel.women.dress,Milbrook,56.3,500000013,8f58628fbcc75f22efdb74d68eb53020
2022-08-08 21:06:51 UTC,view,3243048,1558364261414932063,apparel.women.top,,44.22,500000013,8f58628fbcc75f22efdb74d68eb53020
2022-08-08 21:07:13 UTC,view,9841830,1508136215129873133,apparel.kids.top,,11.58,500000013,8f58628fbcc75f22efdb74d68eb53020
2022-08-08 21:07:17 UTC,view,9319849,1472209747072745335,footwear.boots,Marlow Row,159.44,500000013,8f58628fbcc75f22efdb74d68eb53020
2022-08-09 01:06:20 UTC,view,1778504,1549623645531932356,accessories.bags,Thistlewood,70.35,500000016,651bf8ebf9cd57678faa381fbcaa95ed
2022-08-09 01:08:56 UTC,view,2102225,1516173523019626745,,Vantree,32.66,500000016,651bf8ebf9cd57678faa381fbcaa95ed
2022-08-09 01:09:18 UTC,view,6497266,1558430393367643133,accessories.hats,,9.59,500000016,651bf8ebf9cd57678faa381fbcaa95ed
2022-08-09 01:10:45 UTC,view,9829417,1546390003792228747,footwear.sneakers,,115.12,500000016,651bf8ebf9cd57678faa381fbcaa95ed
2022-08-09 01:25:10 UTC,cart,8966163,1549623645531932356,accessories.bags,Solmara,87.89,500000016,651bf8ebf9cd57678faa381fbcaa95ed
2022-08-09 01:28:29 UTC,view,8746636,1482972250706899052,apparel.women.pants,,64.05,500000016,651bf8ebf9cd57678faa381fbcaa95ed
2022-08-09 01:28:38 UTC,purchase,8966163,1549623645531932356,accessories.bags,Solmara,82.4,500000016,651bf8ebf9cd57678faa381fbcaa95ed
09/08/2022 12:21,view,5908484,1589407324608544585,apparel.women.outerwear,Aldyne,187.35,500000002,128b272945057626120fc74527be0e4b
2022-08-09 12:21:03 UTC,cart,8966163,1549623645531932356,accessories.bags,,82.02,500000002,128b272945057626120fc74527be0e4b
2022-08-09 12:24:57 UTC,purchase,8966163,1549623645531932356,accessories.bags,Solmara,79.68,500000002,128b272945057626120fc74527be0e4b
2022-08-09 13:58:05 UTC,view,3243048,1558364261414932063,,,43.78,500000002,0136488aa4a66e8dd5e3a5a0d8b79bce
2022-08-09 13:58:17 UTC,cart,4194454,1482972250706899052,apparel.women.pants,Vantree,61.21,500000002,0136488aa4a66e8dd5e3a5a0d8b79bce
2022-08-09 14:01:14 UTC,purchase,4194454,1482972250706899052,apparel.women.pants,,65.15,500000002,0136488aa4a66e8dd5e3a5a0d8b79bce
2022-08-09 14:08:36 UTC,view,5852256,1594728468612408249,accessories.jewelry,,53.71,500000002,0136488aa4a66e8dd5e3a5a0d8b79bce
2022-08-09 14:13:19 UTC,view,3243048,1558364261414932063,apparel.women.top,Thistlewood,46.44,500000002,0136488aa4a66e8dd5e3a5a0d8b79bce
2022-08-09 17:19:47 UTC,view,8634461,1428548884811402817,apparel.men.shirt,,20.6,500000001,cec0f361fd25acc22971efcff25c3389
2022-08-09 17:25:04 UTC,cart,7729308,1482972250706899052,,Ruskin & Fable,38.81,500000001,cec0f361fd25acc22971efcff25c3389
2022-08-09 17:26:10 UTC,view,3206674,1428548884811402817,apparel.men.shirt,,28.13,500000001,cec0f361fd25acc22971efcff25c3389
2022-08-09 17:28:44 UTC,purchase,7729308,1482972250706899052,apparel.women.pants,Ruskin & Fable,43.46,500000001,cec0f361fd25acc22971efcff25c3389
2022-08-10 02:21:17 UTC,view,2102225,1516173523019626745,apparel.women.dress,Vantree,31.88,500000001,e53e96b70c96bf900d85c3746b3dc107
2022-08-10 02:22:14 UTC,view,4489659,1516173523019626745,apparel.women.dress,,60.02,500000001,e53e96b70c96bf900d85c3746b3dc107
2022-08-10 02:31:15 UTC,view,7171122,1558186846391920988,apparel.kids.outerwear,,67.21,500000001,e53e96b70c96bf900d85c3746b3dc107
2022-08-10 02:31:36 UTC,view,8758486,1516173523019626745,apparel.women.dress,,79.27,500000001,e53e96b70c96bf900d85c3746b3dc107
2022-08-10 02:37:49 UTC,view,9721204,1546390003792228747,,,41.69,500000001,e53e96b70c96bf900d85c3746b3dc107
2022-08-11 09:05:45 UTC,view,8511889,1594728468612408249,accessories.jewelry,,77.42,500009828,6c1410d503fccb2dfc3a4aa320915950
2022-08-11 09:07:46 UTC,view,7212311,1594728468612408249,accessories.jewelry,,49.59,500009828,6c1410d503fccb2dfc3a4aa320915950
2022-08-11 09:17:53 UTC,view,9748139,1594728468612408249,accessories.jewelry,Ferncastle,21.21,500009828,6c1410d503fccb2dfc3a4aa320915950
2022-08-11 23:06:16 UTC,view,4708009,1549623645531932356,accessories.bags,Wrenfield,117.61,500000044,c6863cd04362217428380dbdbe60e901
2022-08-11 23:06:16 UTC,cart,3383881,1589407324608544585,,Solmara,139.71,500000044,c6863cd04362217428380dbdbe60e901
2022-08-11 23:21:45 UTC,view,7182700,1492821164472423496,apparel.men.jeans,,83.2,500000044,c6863cd04362217428380dbdbe60e901
2022-08-12 11:15:05 UTC,view,8966163,1549623645531932356,accessories.bags,Solmara,81.75,500000009,c731cdef68567e247a99456ef46c4e6e
2022-08-12 11:16:35 UTC,view,1162680,1589407324608544585,apparel.women.outerwear,Kestrel & Co,220.36,500000009,c731cdef68567e247a99456ef46c4e6e
2022-08-12 11:18:23 UTC,view,2102225,1516173523019626745,apparel.women.dress,Vantree,36.14,500000009,c731cdef68567e247a99456ef46c4e6e
2022-08-12 11:20:52 UTC,view,8966163,1549623645531932356,accessories.bags,,77.53,500000009,c731cdef68567e247a99456ef46c4e6e
2022-08-12 11:26:34 UTC,cart,9319849,1472209747072745335,footwear.boots,,154.63,500000009,c731cdef68567e247a99456ef46c4e6e
2022-08-12 11:28:47 UTC,purchase,9319849,1472209747072745335,footwear.boots,Marlow Row,148.02,500000009,c731cdef68567e247a99456ef46c4e6e
2022-08-12 11:29:24 UTC,view,1383693,1492821164472423496,apparel.men.jeans,Palewick,40.3,500000009,c731cdef68567e247a99456ef46c4e6e
2022-08-12 11:35:34 UTC,view,4098324,1558364261414932063,apparel.women.top,Norlend,22.75,500000009,c731cdef68567e247a99456ef46c4e6e
2022-08-12 11:40:19 UTC,view,3689249,1428548884811402817,apparel.men.shirt,Greymont,40.73,500000009,c731cdef68567e247a99456ef46c4e6e
2022-08-13 21:26:26 UTC,view,8795573,1482972250706899052,apparel.women.pants,Palewick,30.41,500000006,4a58de828f590778fa5810fe6c916d11
2022-08-13 21:26:54 UTC,cart,4705110,1428548884811402817,apparel.men.shirt,,21.37,500000006,4a58de828f590778fa5810fe6c916d11
2022-08-13 21:27:15 UTC,view,3648094,1492821164472423496,apparel.men.jeans,Harlow Vale,46.25,500000006,4a58de828f590778fa5810fe6c916d11
2022-08-13 21:27:45 UTC,purchase,4705110,1428548884811402817,apparel.men.shirt,,21.14,500000006,4a58de828f590778fa5810fe6c916d11
2022-08-13 21:30:13 UTC,view,2102225,1516173523019626745,apparel.women.dress,,38.5,500000006,4a58de828f590778fa5810fe6c916d11
2022-08-13 21:30:37 UTC,view,9319849,1472209747072745335,footwear.boots,Marlow Row,137.75,500000006,4a58de828f590778fa5810fe6c916d11
2022-08-13 21:32:44 UTC,view,9040237,1472209747072745335,footwear.boots,Wrenfield,113.46,500000006,4a58de828f590778fa5810fe6c916d11
2022-08-13 21:32:54 UTC,view,8746636,1482972250706899052,apparel.women.pants,,57.08,500000006,4a58de828f590778fa5810fe6c916d11
13/08/2022 21:40,view,7729308,1482972250706899052,apparel.women.pants,Ruskin & Fable,40.92,500000006,4a58de828f590778fa5810fe6c916d11
2022-08-13 21:44:35 UTC,view,6801451,1594728468612408249,accessories.jewelry,Thistlewood,34.44,500000006,4a58de828f590778fa5810fe6c916d11
2022-08-14 18:37:24 UTC,view,9319849,1472209747072745335,footwear.boots,Marlow Row,139.7,500000001,a3a842e272ea847a110a6770ee435ea2
2022-08-14 18:37:24 UTC,cart,4747587,1482972250706899052,apparel.women.pants,,82.28,500000001,a3a842e272ea847a110a6770ee435ea2
2022-08-14 18:37:41 UTC,view,4994348,1549623645531932356,,,70.05,500000001,a3a842e272ea847a110a6770ee435ea2
2022-08-14 18:38:02 UTC,purchase,4747587,1482972250706899052,apparel.women.pants,,75.56,500000001,a3a842e272ea847a110a6770ee435ea2
2022-08-14 18:38:20 UTC,view,9319849,1472209747072745335,footwear.boots,Marlow Row,152.91,500000001,a3a842e272ea847a110a6770ee435ea2
2022-08-14 18:47:55 UTC,view,4476707,1492821164472423496,apparel.men.jeans,Aldyne,95.5,500000001,a3a842e272ea847a110a6770ee435ea2
2022-08-15 10:16:58 UTC,view,7182700,1492821164472423496,apparel.men.jeans,,87.35,500000002,943e68d5d124458ae6d2a8f69e746c7f
2022-08-15 10:23:32 UTC,view,7729308,1482972250706899052,apparel.women.pants,,41.36,500000002,943e68d5d124458ae6d2a8f69e746c7f
2022-08-15 10:28:55 UTC,view,5466720,1519748099762056932,apparel.men.outerwear,,101.25,500000002,943e68d5d124458ae6d2a8f69e746c7f
2022-08-16 18:16:43 UTC,view,6474782,1492821164472423496,apparel.men.jeans,,93.7,500000001,bef9463147043899c7b5819a5189e9f0
2022-08-16 18:44:48 UTC,view,7871485,1508136215129873133,apparel.kids.top,Wrenfield,17.72,500000001,bef9463147043899c7b5819a5189e9f0
2022-08-16 18:45:41 UTC,view,8966163,1549623645531932356,accessories.bags,,83.36,500000001,bef9463147043899c7b5819a5189e9f0
2022-08-17 16:01:11 UTC,view,9388289,1589407324608544585,apparel.women.outerwear,Milbrook,78.92,500000003,fd925b8ed347d4e389bfcf88d4f322ff
2022-08-17 16:07:59 UTC,cart,4747587,1482972250706899052,,,78.56,500000003,fd925b8ed347d4e389bfcf88d4f322ff
2022-08-17 16:09:00 UTC,purchase,4747587,1482972250706899052,apparel.women.pants,,83.83,500000003,fd925b8ed347d4e389bfcf88d4f322ff
2022-08-17 16:10:40 UTC,view,2102225,1516173523019626745,apparel.women.dress,,34.89,500000003,fd925b8ed347d4e389bfcf88d4f322ff
2022-08-17 16:14:59 UTC,view,4143393,1519748099762056932,,Marlow Row,215.88,500000003,fd925b8ed347d4e389bfcf88d4f322ff
2022-08-17 16:25:07 UTC,view,6543834,1590725883499271729,accessories.belts,,16.4,500000003,fd925b8ed347d4e389bfcf88d4f322ff
2022-08-17 16:28:20 UTC,view,9388289,1589407324608544585,apparel.women.outerwear,Milbrook,83.84,500000003,fd925b8ed347d4e389bfcf88d4f322ff
2022-08-17 16:28:35 UTC,view,6245368,1558430393367643133,accessories.hats,Ashgrove,29.05,500000003,fd925b8ed347d4e389bfcf88d4f322ff
2022-08-17 16:41:05 UTC,view,4489659,1516173523019626745,apparel.women.dress,Milbrook,60.57,500000002,92bdbdda7a36ede6bd66a9f017130fb5
2022-08-17 16:43:34 UTC,view,8795573,1482972250706899052,,Palewick,31.12,500000002,92bdbdda7a36ede6bd66a9f017130fb5
2022-08-17 16:47:37 UTC,view,4194454,1482972250706899052,apparel.women.pants,Vantree,69.5,500000002,92bdbdda7a36ede6bd66a9f017130fb5
2022-08-17 16:51:45 UTC,view,5114384,1558186846391920988,apparel.kids.outerwear,Kestrel & Co,28.93,500000002,92bdbdda7a36ede6bd66a9f017130fb5
2022-08-17 16:59:43 UTC,cart,2731345,1428548884811402817,apparel.men.shirt,Aldyne,50.27,500000002,92bdbdda7a36ede6bd66a9f017130fb5
2022-08-17 17:04:35 UTC,purchase,2731345,1428548884811402817,apparel.men.shirt,Aldyne,56.77,500000002,92bdbdda7a36ede6bd66a9f017130fb5
2022-08-18 15:07:59 UTC,view,1162680,1589407324608544585,apparel.women.outerwear,,200.8,500000002,662fdaa02730f58bfbfcf4d36871761d
2022-08-18 15:10:02 UTC,view,4747587,1482972250706899052,apparel.women.pants,,84.58,500000002,662fdaa02730f58bfbfcf4d36871761d
2022-08-19 13:52:44 UTC,view,7692382,1429628030847824846,footwear.sandals,Palewick,47.35,500000016,de11e3ec9812e8bf4163ee9e9d490c77
2022-08-19 14:04:07 UTC,view,7729308,1482972250706899052,apparel.women.pants,Ruskin & Fable,37.02,500000016,de11e3ec9812e8bf4163ee9e9d490c77
2022-08-19 14:06:09 UTC,view,9829417,1546390003792228747,footwear.sneakers,,116.46,500000016,de11e3ec9812e8bf4163ee9e9d490c77
2022-08-19 21:47:43 UTC,view,8634461,1428548884811402817,apparel.men.shirt,Kestrel & Co,20.19,500000001,960857419ba980b3c80cafbb6cd2904e
2022-08-19 22:08:25 UTC,view,9036326,1558430393367643133,accessories.hats,,7.43,500000001,960857419ba980b3c80cafbb6cd2904e
2022-08-19 22:12:31 UTC,view,9829417,1546390003792228747,footwear.sneakers,,136.48,500000001,960857419ba980b3c80cafbb6cd2904e
2022-08-19 23:46:00 UTC,view,1428173,1589407324608544585,apparel.women.outerwear,,111.56,500000001,26576895ea41e362d6fe2586756d3e48
2022-08-19 23:46:38 UTC,view,8800984,1558364261414932063,,Oakspire,18.13,500000001,26576895ea41e362d6fe2586756d3e48
2022-08-19 23:47:04 UTC,view,1072276,1558364261414932063,apparel.women.top,Ferncastle,42.13,500000001,26576895ea41e362d6fe2586756d3e48
2022-08-20 15:39:51 UTC,view,2102225,1516173523019626745,apparel.women.dress,Vantree,35.86,500000005,c77173fd0c04766769bb12cc5aa2adf3
2022-08-20 15:41:57 UTC,view,8966163,1549623645531932356,accessories.bags,Solmara,89.76,500000005,c77173fd0c04766769bb12cc5aa2adf3
2022-08-20 15:43:08 UTC,view,9755526,1589407324608544585,apparel.women.outerwear,Ashgrove,87.75,500000005,c77173fd0c04766769bb12cc5aa2adf3
2022-08-20 15:44:26 UTC,view,4489659,1516173523019626745,apparel.women.dress,Milbrook,57.25,500000005,c77173fd0c04766769bb12cc5aa2adf3
2022-08-20 15:52:59 UTC,view,5114384,1558186846391920988,apparel.kids.outerwear,Kestrel & Co,25.62,500000005,c77173fd0c04766769bb12cc5aa2adf3
2022-08-20 15:54:19 UTC,view,1079923,1516173523019626745,apparel.women.dress,,102.06,500000005,c77173fd0c04766769bb12cc5aa2adf3
2022-08-20 16:06:43 UTC,view,8966163,1549623645531932356,accessories.bags,Solmara,89.82,500000005,c77173fd0c04766769bb12cc5aa2adf3
2022-08-20 20:18:27 UTC,view,7201529,1589407324608544585,apparel.women.outerwear,Ruskin & Fable,81.76,500000002,04656a574d91cfa8b008b8512ea07661
2022-08-20 20:18:55 UTC,view,8966163,1549623645531932356,accessories.bags,Solmara,76.65,500000002,04656a574d91cfa8b008b8512ea07661
2022-08-20 20:22:06 UTC,purchase,2527689,1428548884811402817,apparel.men.shirt,,32.46,500000002,04656a574d91cfa8b008b8512ea07661
2022-08-20 20:29:35 UTC,view,5315329,1558364261414932063,apparel.women.top,,38.83,500000002,04656a574d91cfa8b008b8512ea07661
2022-08-20 20:38:39 UTC,view,5862621,1492821164472423496,apparel.men.jeans,Vantree,42.85,500000002,04656a574d91cfa8b008b8512ea07661
2022-08-20 20:40:17 UTC,view,6944057,1428548884811402817,apparel.men.shirt,,46.39,500000002,04656a574d91cfa8b008b8512ea07661
2022-08-21 21:42:02 UTC,view,8634461,1428548884811402817,apparel.men.shirt,Kestrel & Co,22.08,500000015,b77065ba62623f4fb1dad4dc0b3ea72b
2022-08-21 21:43:21 UTC,view,2102225,1516173523019626745,apparel.women.dress,Vantree,32.34,500000015,b77065ba62623f4fb1dad4dc0b3ea72b
2022-08-21 21:55:40 UTC,view,2102225,1516173523019626745,apparel.women.dress,Vantree,33.87,500000015,b77065ba62623f4fb1dad4dc0b3ea72b
2022-08-21 21:57:06 UTC,view,2102225,1516173523019626745,apparel.women.dress,Vantree,38.38,500000015,b77065ba62623f4fb1dad4dc0b3ea72b
2022-08-21 21:58:47 UTC,view,2102225,1516173523019626745,apparel.women.dress,Vantree,36.77,500000015,b77065ba62623f4fb1dad4dc0b3ea72b
2022-08-21 22:01:46 UTC,cart,7182700,1492821164472423496,apparel.men.jeans,,85.32,500000015,b77065ba62623f4fb1dad4dc0b3ea72b
2022-08-21 22:03:03 UTC,purchase,7182700,1492821164472423496,apparel.men.jeans,,87.96,500000015,b77065ba62623f4fb1dad4dc0b3ea72b
2022-08-24 19:20:15 UTC,view,6280890,1482972250706899052,,Oakspire,27.53,500000001,c495f44403c1450469c3a3bf74a5cde4
2022-08-24 19:20:15 UTC,cart,7182700,1492821164472423496,apparel.men.jeans,,99.6,500000001,c495f44403c1450469c3a3bf74a5cde4
2022-08-24 19:22:20 UTC,purchase,7182700,1492821164472423496,apparel.men.jeans,,93.74,500000001,c495f44403c1450469c3a3bf74a5cde4
2022-08-24 19:32:39 UTC,view,3243048,1558364261414932063,apparel.women.top,,44.12,500000001,c495f44403c1450469c3a3bf74a5cde4
2022-08-24 19:38:10 UTC,view,2102225,1516173523019626745,apparel.women.dress,Vantree,32.82,500000001,c495f44403c1450469c3a3bf74a5cde4
2022-08-24 20:20:05 UTC,view,1778504,1549623645531932356,accessories.bags,Thistlewood,77.27,500000106,095b14fda03a867de02c53bbf17913d1
2022-08-24 20:29:20 UTC,view,2102225,1516173523019626745,apparel.women.dress,Vantree,33.27,500000106,095b14fda03a867de02c53bbf17913d1
2022-08-24 20:32:07 UTC,view,4194454,1482972250706899052,apparel.women.pants,Vantree,66.74,500000106,095b14fda03a867de02c53bbf17913d1
2022-08-24 20:34:01 UTC,view,8016491,1546390003792228747,footwear.sneakers,Vantree,143.86,500000106,095b14fda03a867de02c53bbf17913d1
2022-08-24 20:36:45 UTC,view,9319849,1472209747072745335,,Marlow Row,155.26,500000106,095b14fda03a867de02c53bbf17913d1
2022-08-24 20:43:33 UTC,view,8721483,1558364261414932063,apparel.women.top,,34.5,500000106,095b14fda03a867de02c53bbf17913d1
2022-08-25 09:16:37 UTC,view,2295523,1516173523019626745,,,46.57,500000001,2e8d11c5d4370b042f08bb1532acefcb
2022-08-25 09:25:14 UTC,view,6380274,1472209747072745335,footwear.boots,Wrenfield,185.16,500000001,2e8d11c5d4370b042f08bb1532acefcb
2022-08-25 09:29:23 UTC,view,6497266,1558430393367643133,accessories.hats,Doverly,11.53,500000001,2e8d11c5d4370b042f08bb1532acefcb
2022-08-25 09:34:15 UTC,cart,9755526,1589407324608544585,,Ashgrove,91.16,500000001,2e8d11c5d4370b042f08bb1532acefcb
2022-08-26 12:31:57 UTC,view,8966163,1549623645531932356,accessories.bags,,91.25,500000006,54be0d3a3c726f3a9ea88d90cee039f4
2022-08-26 12:31:57 UTC,cart,3852546,1482972250706899052,apparel.women.pants,Bramholt,75.87,500000006,54be0d3a3c726f3a9ea88d90cee039f4
2022-08-26 12:32:20 UTC,view,9841830,1508136215129873133,apparel.kids.top,,12.01,500000006,54be0d3a3c726f3a9ea88d90cee039f4
2022-08-26 12:33:33 UTC,purchase,3852546,1482972250706899052,apparel.women.pants,,67.68,500000006,54be0d3a3c726f3a9ea88d90cee039f4
2022-08-26 12:40:32 UTC,view,9748139,1594728468612408249,accessories.jewelry,Ferncastle,20.6,500000006,54be0d3a3c726f3a9ea88d90cee039f4
2022-08-26 12:42:20 UTC,view,4720552,1428548884811402817,apparel.men.shirt,Palewick,17.65,500000006,54be0d3a3c726f3a9ea88d90cee039f4
2022-08-26 12:54:36 UTC,view,5131367,1549623645531932356,accessories.bags,,32.08,500000006,54be0d3a3c726f3a9ea88d90cee039f4
2022-08-27 06:06:13 UTC,view,4194454,1482972250706899052,apparel.women.pants,Vantree,60.93,500000010,55a3fbb8423184b8b477c53e351055fe
2022-08-27 06:08:29 UTC,view,7182700,1492821164472423496,apparel.men.jeans,,83.58,500000010,55a3fbb8423184b8b477c53e351055fe
2022-08-27 06:31:33 UTC,view,8966163,1549623645531932356,accessories.bags,Solmara,76.78,500000010,55a3fbb8423184b8b477c53e351055fe
2022-08-27 06:32:24 UTC,view,8966163,1549623645531932356,accessories.bags,Solmara,81.18,500000010,55a3fbb8423184b8b477c53e351055fe
2022-08-27 14:53:58 UTC,view,9841830,1508136215129873133,apparel.kids.top,Wrenfield,12.08,500000001,c4db70474e2500b1ef2f92beb94289cf
2022-08-27 14:54:53 UTC,view,6637675,1428548884811402817,apparel.men.shirt,,33.35,500000001,48a3e24cd13a83e5ce41303688b73188
2022-08-27 14:56:08 UTC,view,8966163,1549623645531932356,accessories.bags,Solmara,78.18,500000001,c4db70474e2500b1ef2f92beb94289cf
2022-08-27 14:59:33 UTC,view,1162680,1589407324608544585,apparel.women.outerwear,Kestrel & Co,236.21,500000001,c4db70474e2500b1ef2f92beb94289cf
2022-08-27 15:06:26 UTC,view,3004815,1482972250706899052,apparel.women.pants,,63.22,500000001,c4db70474e2500b1ef2f92beb94289cf
2022-08-27 15:10:42 UTC,cart,8966163,1549623645531932356,accessories.bags,Solmara,92.28,500000001,48a3e24cd13a83e5ce41303688b73188
2022-08-27 15:12:01 UTC,view,4747587,1482972250706899052,apparel.women.pants,,83.37,500000001,7c04e867a2674561718e70f472b5fa69
2022-08-27 15:13:55 UTC,view,5520674,1428548884811402817,apparel.men.shirt,,34.28,500000001,48a3e24cd13a83e5ce41303688b73188
2022-08-27 15:24:45 UTC,view,5781989,1482972250706899052,apparel.women.pants,Wrenfield,82.15,500000001,7c04e867a2674561718e70f472b5fa69
2022-08-27 15:24:53 UTC,view,8903471,1428548884811402817,apparel.men.shirt,,20.88,500000001,7c04e867a2674561718e70f472b5fa69
2022-08-27 15:25:02 UTC,view,9036326,1558430393367643133,,,8.64,500000001,7c04e867a2674561718e70f472b5fa69
2022-08-27 16:29:44 UTC,view,4747587,1482972250706899052,apparel.women.pants,,71.99,500000010,91e002bc5129c13dd12da5a5def7cf86
2022-08-27 16:37:32 UTC,view,3698437,1492821164472423496,,,63.88,500000010,91e002bc5129c13dd12da5a5def7cf86
2022-08-27 16:38:09 UTC,view,9829417,1546390003792228747,footwear.sneakers,Bellcroft,137.22,500000010,91e002bc5129c13dd12da5a5def7cf86
2022-08-27 16:45:37 UTC,view,2102225,1516173523019626745,,Vantree,37.31,500000010,91e002bc5129c13dd12da5a5def7cf86
2022-08-29 09:47:47 UTC,view,5599767,1558364261414932063,apparel.women.top,Ferncastle,14.1,500000028,a222ee5078ec9e23cc7bf8d160118b80
2022-08-29 09:58:20 UTC,view,6953807,1558364261414932063,apparel.women.top,,13.38,500000028,a222ee5078ec9e23cc7bf8d160118b80
2022-08-29 10:04:17 UTC,view,2102225,1516173523019626745,apparel.women.dress,Vantree,36.65,500000028,a222ee5078ec9e23cc7bf8d160118b80
2022-08-29 11:10:42 UTC,view,2102225,1516173523019626745,apparel.women.dress,Vantree,32.97,500000015,c45744ea3ae3c48f9232c50c98da1222
2022-08-29 11:16:11 UTC,view,7567958,1516173523019626745,apparel.women.dress,,95.12,500000015,c45744ea3ae3c48f9232c50c98da1222
2022-08-29 11:23:57 UTC,cart,3676700,1558186846391920988,apparel.kids.outerwear,Oakspire,63.11,500000015,c45744ea3ae3c48f9232c50c98da1222
29/08/2022 11:25,purchase,3676700,1558186846391920988,,Oakspire,75.14,500000015,c45744ea3ae3c48f9232c50c98da1222
2022-08-29 11:25:07 UTC,view,3163829,1558364261414932063,apparel.women.top,Marlow Row,43.02,500000015,c45744ea3ae3c48f9232c50c98da1222
2022-08-29 11:29:22 UTC,view,9841830,1508136215129873133,apparel.kids.top,Wrenfield,13.3,500000015,c45744ea3ae3c48f9232c50c98da1222
2022-08-29 12:36:14 UTC,view,1162680,1589407324608544585,,Kestrel & Co,202.37,500000009,3ca8959341ae053a6857addc573dded5
2022-08-29 12:48:58 UTC,view,5466720,1519748099762056932,,Bramholt,111.22,500000009,3ca8959341ae053a6857addc573dded5
2022-08-29 12:49:44 UTC,cart,8966163,1549623645531932356,accessories.bags,,86.85,500000009,3ca8959341ae053a6857addc573dded5
2022-08-29 12:51:45 UTC,view,4646091,1516173523019626745,apparel.women.dress,,75.93,500000009,3ca8959341ae053a6857addc573dded5
2022-08-29 12:53:41 UTC,purchase,8966163,1549623645531932356,accessories.bags,Solmara,79.68,500000009,3ca8959341ae053a6857addc573dded5
2022-08-29 12:54:18 UTC,view,4489659,1516173523019626745,apparel.women.dress,,57.62,500000009,3ca8959341ae053a6857addc573dded5
2022-08-30 19:36:51 UTC,view,4747587,1482972250706899052,apparel.women.pants,,83.96,500000559,a7b27fc0cc39734892af1e41e56bab29
2022-08-30 19:47:00 UTC,view,8089253,1516173523019626745,apparel.women.dress,Norlend,112.35,500000559,a7b27fc0cc39734892af1e41e56bab29
2022-08-30 19:48:09 UTC,view,4705110,1428548884811402817,apparel.men.shirt,Ashgrove,19.67,500000559,a7b27fc0cc39734892af1e41e56bab29
2022-08-30 19:48:38 UTC,view,4236332,1482972250706899052,apparel.women.pants,,39.47,500000559,a7b27fc0cc39734892af1e41e56bab29
2022-08-30 19:49:59 UTC,view,3817121,1482972250706899052,,,78.16,500000559,a7b27fc0cc39734892af1e41e56bab29
2022-08-30 19:56:45 UTC,view,7427053,1519748099762056932,apparel.men.outerwear,,56.83,500000559,a7b27fc0cc39734892af1e41e56bab29
2022-08-31 15:15:08 UTC,view,1029072,1482972250706899052,,Palewick,52.92,500000059,757dc45e12589bebc410a76f8d8a17cb
2022-08-31 15:16:28 UTC,view,2102225,1516173523019626745,apparel.women.dress,Vantree,34.32,500000059,757dc45e12589bebc410a76f8d8a17cb
2022-08-31 15:26:34 UTC,view,9755526,1589407324608544585,apparel.women.outerwear,Ashgrove,81.37,500000059,757dc45e12589bebc410a76f8d8a17cb
2022-08-31 15:33:18 UTC,view,7182700,1492821164472423496,apparel.men.jeans,,98.73,500000059,757dc45e12589bebc410a76f8d8a17cb
2022-08-31 15:35:48 UTC,view,1204442,1519748099762056932,apparel.men.outerwear,Marlow Row,108.44,500000059,757dc45e12589bebc410a76f8d8a17cb
2022-08-31 15:36:00 UTC,view,8966163,1549623645531932356,accessories.bags,,86.6,500000059,757dc45e12589bebc410a76f8d8a17cb
2022-09-01 00:16:32 UTC,view,2295523,1516173523019626745,apparel.women.dress,,48.87,500000001,f58793ca0d06d7ba1bae006d2fa90353
2022-09-01 00:21:06 UTC,cart,8966163,1549623645531932356,accessories.bags,,87.16,500000001,f58793ca0d06d7ba1bae006d2fa90353
2022-09-01 00:21:29 UTC,purchase,8966163,1549623645531932356,accessories.bags,Solmara,79.76,500000001,f58793ca0d06d7ba1bae006d2fa90353
2022-09-01 00:29:11 UTC,view,4194454,1482972250706899052,apparel.women.pants,Vantree,64.56,500000001,f58793ca0d06d7ba1bae006d2fa90353
2022-09-01 00:30:51 UTC,view,6338037,1492821164472423496,apparel.men.jeans,,36.13,500000001,f58793ca0d06d7ba1bae006d2fa90353
2022-09-01 13:36:50 UTC,view,9118281,1558364261414932063,apparel.women.top,,16.36,500000003,198e77b2de57bb912f471dbfd196282e
2022-09-01 13:36:56 UTC,view,1029072,1482972250706899052,,Palewick,53.78,500000003,198e77b2de57bb912f471dbfd196282e
2022-09-01 13:39:04 UTC,view,9110019,1492821164472423496,apparel.men.jeans,Kestrel & Co,34.42,500000003,198e77b2de57bb912f471dbfd196282e
2022-09-01 13:42:26 UTC,view,6362414,1558364261414932063,apparel.women.top,Ferncastle,23.18,500000003,198e77b2de57bb912f471dbfd196282e
2022-09-01 13:57:01 UTC,view,6079235,1508136215129873133,apparel.kids.top,Bramholt,9.45,500000003,198e77b2de57bb912f471dbfd196282e
2022-09-01 14:00:07 UTC,view,1092786,1558430393367643133,accessories.hats,Thistlewood,11.4,500000003,198e77b2de57bb912f471dbfd196282e
2022-09-01 22:31:26 UTC,view,6520765,1546390003792228747,footwear.sneakers,Marlow Row,66.76,500000001,044d5e7f3da665ab7e1663e0239cd4fb
2022-09-01 22:42:33 UTC,view,8795573,1482972250706899052,apparel.women.pants,Palewick,28.25,500000001,044d5e7f3da665ab7e1663e0239cd4fb
2022-09-01 22:45:25 UTC,view,7182700,1492821164472423496,apparel.men.jeans,,83.72,500000001,044d5e7f3da665ab7e1663e0239cd4fb
2022-09-01 22:46:04 UTC,view,8488816,1429628030847824846,footwear.sandals,Wrenfield,58.5,500000001,044d5e7f3da665ab7e1663e0239cd4fb
2022-09-01 22:54:22 UTC,cart,8634461,1428548884811402817,apparel.men.shirt,Kestrel & Co,19.99,500000001,044d5e7f3da665ab7e1663e0239cd4fb
2022-09-01 22:59:41 UTC,purchase,8634461,1428548884811402817,apparel.men.shirt,,20.66,500000001,044d5e7f3da665ab7e1663e0239cd4fb
2022-09-03 10:21:59 UTC,view,3243048,1558364261414932063,apparel.women.top,Thistlewood,42.89,500000001,895b091621e389ea21ec22f3388d820d
2022-09-03 10:23:40 UTC,cart,9388289,1589407324608544585,apparel.women.outerwear,Milbrook,70.24,500000001,895b091621e389ea21ec22f3388d820d
2022-09-03 10:24:12 UTC,purchase,9388289,1589407324608544585,apparel.women.outerwear,Milbrook,74.39,500000001,895b091621e389ea21ec22f3388d820d
2022-09-03 10:33:25 UTC,view,8966163,1549623645531932356,accessories.bags,Solmara,86.89,500000001,895b091621e389ea21ec22f3388d820d
2022-09-03 18:07:00 UTC,view,4747587,1482972250706899052,apparel.women.pants,,76.17,500000001,7dc9063cefe2f8b3d924a7d272a91b75
2022-09-03 18:13:02 UTC,view,9036326,1558430393367643133,accessories.hats,,7.49,500000001,7dc9063cefe2f8b3d924a7d272a91b75
2022-09-04 09:14:40 UTC,view,3004815,1482972250706899052,apparel.women.pants,,66.29,500000001,ea14c75f563a0267af89dde9cf630197
2022-09-04 09:16:53 UTC,view,2102225,1516173523019626745,,Vantree,36.58,500000001,ea14c75f563a0267af89dde9cf630197
2022-09-04 09:20:57 UTC,view,7814384,1482972250706899052,apparel.women.pants,,79.35,500000001,ea14c75f563a0267af89dde9cf630197
2022-09-04 09:21:34 UTC,view,9755526,1589407324608544585,apparel.women.outerwear,,87.68,500000001,ea14c75f563a0267af89dde9cf630197
2022-09-04 09:22:12 UTC,view,1079923,1516173523019626745,apparel.women.dress,,98.03,500000001,ea14c75f563a0267af89dde9cf630197
2022-09-04 12:25:58 UTC,view,3163829,1558364261414932063,apparel.women.top,Marlow Row,41.27,500000046,d364ec0fdbab6bc0024ac89a43bf94c0
2022-09-04 12:39:08 UTC,view,4143393,1519748099762056932,,,219.56,500000046,d364ec0fdbab6bc0024ac89a43bf94c0
2022-09-04 17:48:29 UTC,view,9829417,1546390003792228747,footwear.sneakers,Bellcroft,116.08,500000006,d297c110bae92014dbd24b1b7adbc534
2022-09-04 18:02:35 UTC,view,3676700,1558186846391920988,apparel.kids.outerwear,Oakspire,62.57,500000006,d297c110bae92014dbd24b1b7adbc534
2022-09-04 18:06:55 UTC,cart,2317989,1482972250706899052,apparel.women.pants,,58.72,500000006,d297c110bae92014dbd24b1b7adbc534
2022-09-04 18:07:46 UTC,purchase,2317989,1482972250706899052,apparel.women.pants,Palewick,64.23,500000006,d297c110bae92014dbd24b1b7adbc534
2022-09-04 18:12:03 UTC,view,6351542,1558364261414932063,apparel.women.top,,36.46,500000006,d297c110bae92014dbd24b1b7adbc534
2022-09-04 20:33:42 UTC,view,8966163,1549623645531932356,accessories.bags,,78.7,500000001,b39a2401676aad68fb07b1ec3f66aba0
2022-09-04 20:36:08 UTC,cart,1260475,1589407324608544585,apparel.women.outerwear,Kestrel & Co,188.32,500000001,b39a2401676aad68fb07b1ec3f66aba0
2022-09-04 20:36:28 UTC,purchase,1260475,1589407324608544585,apparel.women.outerwear,Kestrel & Co,195.41,500000001,b39a2401676aad68fb07b1ec3f66aba0
2022-09-04 20:45:29 UTC,view,8966163,1549623645531932356,accessories.bags,,88.97,500000001,b39a2401676aad68fb07b1ec3f66aba0
2022-09-04 20:56:20 UTC,view,5114384,1558186846391920988,apparel.kids.outerwear,Kestrel & Co,25.52,500000001,b39a2401676aad68fb07b1ec3f66aba0
2022-09-05 09:06:02 UTC,view,2102225,1516173523019626745,apparel.women.dress,Vantree,33.97,500000001,2291bf88ed075c4562678abf5de2887b
2022-09-05 09:14:47 UTC,view,2993399,1546390003792228747,footwear.sneakers,Solmara,94.51,500000001,2291bf88ed075c4562678abf5de2887b
2022-09-05 09:24:36 UTC,cart,6079235,1508136215129873133,apparel.kids.top,,8.46,500000001,2291bf88ed075c4562678abf5de2887b
2022-09-05 09:26:18 UTC,purchase,6079235,1508136215129873133,apparel.kids.top,,9.15,500000001,2291bf88ed075c4562678abf5de2887b
2022-09-05 09:32:36 UTC,view,4705110,1428548884811402817,apparel.men.shirt,Ashgrove,19.96,500000001,2291bf88ed075c4562678abf5de2887b
2022-09-06 10:57:56 UTC,view,8966163,1549623645531932356,accessories.bags,Solmara,77.45,500000002,cca1a0229748a607ed65cecf8b717592
2022-09-06 11:01:09 UTC,view,6380274,1472209747072745335,footwear.boots,Wrenfield,191.23,500000002,cca1a0229748a607ed65cecf8b717592
2022-09-06 11:10:56 UTC,view,6000495,1546390003792228747,footwear.sneakers,Ruskin & Fable,42.35,500000002,cca1a0229748a607ed65cecf8b717592
2022-09-06 20:33:15 UTC,view,5678537,1472209747072745335,footwear.boots,,124.26,500000001,ccb72938c39daf019de3b5754dbaf71f
2022-09-06 20:34:13 UTC,view,5847380,1492821164472423496,apparel.men.jeans,,44.53,500000001,ccb72938c39daf019de3b5754dbaf71f
2022-09-06 20:38:25 UTC,view,7182700,1492821164472423496,apparel.men.jeans,,87.48,500000001,ccb72938c39daf019de3b5754dbaf71f
2022-09-06 20:43:56 UTC,view,5599030,1558430393367643133,accessories.hats,Marlow Row,29.5,500000001,ccb72938c39daf019de3b5754dbaf71f
2022-09-08 14:06:43 UTC,view,5212958,1516173523019626745,,,113.53,500000001,b08c9f36721478e46af647b24adeda5b
2022-09-08 14:19:05 UTC,view,4356662,1519748099762056932,apparel.men.outerwear,Bramholt,238.48,500000001,b08c9f36721478e46af647b24adeda5b
2022-09-08 14:23:39 UTC,view,1029072,1482972250706899052,apparel.women.pants,Palewick,46.96,500000001,b08c9f36721478e46af647b24adeda5b
2022-09-08 14:25:10 UTC,view,1162680,1589407324608544585,apparel.women.outerwear,Kestrel & Co,219.48,500000001,b08c9f36721478e46af647b24adeda5b
2022-09-08 14:27:17 UTC,view,3781033,1558364261414932063,apparel.women.top,Bellcroft,48.87,500000001,b08c9f36721478e46af647b24adeda5b
2022-09-08 14:31:32 UTC,view,7047405,1482972250706899052,apparel.women.pants,,25.77,500000001,b08c9f36721478e46af647b24adeda5b
2022-09-10 06:06:05 UTC,view,6693651,1482972250706899052,,Cinderfox,33.59,500000001,8cc056a169123008e25f4e352201dd4c
2022-09-10 06:21:00 UTC,cart,4646091,1516173523019626745,apparel.women.dress,,74.45,500000001,8cc056a169123008e25f4e352201dd4c
2022-09-10 06:21:51 UTC,view,8966163,1549623645531932356,accessories.bags,Solmara,92.88,500000001,8cc056a169123008e25f4e352201dd4c
2022-09-10 06:23:06 UTC,view,7390450,1558364261414932063,apparel.women.top,,44.4,500000001,8cc056a169123008e25f4e352201dd4c
2022-09-10 06:23:53 UTC,purchase,4646091,1516173523019626745,apparel.women.dress,,68.36,500000001,8cc056a169123008e25f4e352201dd4c
2022-09-10 06:29:39 UTC,view,4170752,1519748099762056932,apparel.men.outerwear,Bramholt,195.31,500000001,8cc056a169123008e25f4e352201dd4c
2022-09-11 10:57:18 UTC,view,9829417,1546390003792228747,footwear.sneakers,,125.98,500000116,6c9a75e735870764f62dc0560fd0ef3d
2022-09-11 10:57:18 UTC,cart,8634461,1428548884811402817,apparel.men.shirt,Kestrel & Co,19.85,500000116,6c9a75e735870764f62dc0560fd0ef3d
2022-09-11 10:58:31 UTC,purchase,8634461,1428548884811402817,apparel.men.shirt,Kestrel & Co,21.13,500000116,6c9a75e735870764f62dc0560fd0ef3d
2022-09-11 11:00:36 UTC,view,1162680,1589407324608544585,apparel.women.outerwear,Kestrel & Co,198.99,500000116,6c9a75e735870764f62dc0560fd0ef3d
2022-09-11 11:04:38 UTC,view,7182700,1492821164472423496,apparel.men.jeans,,100.08,500000116,6c9a75e735870764f62dc0560fd0ef3d
2022-09-11 11:10:32 UTC,view,7429245,1428548884811402817,apparel.men.shirt,,14.26,500000116,6c9a75e735870764f62dc0560fd0ef3d
2022-09-13 07:15:46 UTC,view,7390450,1558364261414932063,apparel.women.top,,42.46,500000304,e6cc61fef72576a730ff58ac8c89c771
2022-09-13 07:17:40 UTC,view,9800243,1492821164472423496,apparel.men.jeans,Palewick,86.12,500000304,e6cc61fef72576a730ff58ac8c89c771
2022-09-13 07:29:32 UTC,cart,6953807,1558364261414932063,apparel.women.top,Kestrel & Co,13.59,500000304,e6cc61fef72576a730ff58ac8c89c771
2022-09-13 07:32:46 UTC,view,3428363,1516173523019626745,apparel.women.dress,,72.9,500000304,e6cc61fef72576a730ff58ac8c89c771
2022-09-13 07:35:58 UTC,purchase,6953807,1558364261414932063,apparel.women.top,Kestrel & Co,11.81,500000304,e6cc61fef72576a730ff58ac8c89c771
2022-09-13 14:04:21 UTC,view,6960004,1549623645531932356,accessories.bags,,48.93,500000457,2c1d647a55b8cb2e5aded3998786726c
2022-09-13 14:08:25 UTC,view,8966163,1549623645531932356,accessories.bags,,78.13,500000457,2c1d647a55b8cb2e5aded3998786726c
2022-09-13 18:57:10 UTC,view,9036326,1558430393367643133,accessories.hats,,7.67,500000025,8be583224d4d9e459586a02993165e12
2022-09-13 18:58:23 UTC,view,4747587,1482972250706899052,apparel.women.pants,,81.55,500000025,8be583224d4d9e459586a02993165e12
2022-09-13 19:06:38 UTC,view,4646091,1516173523019626745,apparel.women.dress,,71.89,500000025,8be583224d4d9e459586a02993165e12
2022-09-13 19:13:05 UTC,view,6810241,1428548884811402817,,Milbrook,16.92,500000025,8be583224d4d9e459586a02993165e12
2022-09-13 19:13:28 UTC,view,1162680,1589407324608544585,,Kestrel & Co,224.92,500000025,8be583224d4d9e459586a02993165e12
2022-09-13 19:15:25 UTC,view,7182700,1492821164472423496,apparel.men.jeans,,87.52,500000025,8be583224d4d9e459586a02993165e12
2022-09-13 21:55:34 UTC,view,4194454,1482972250706899052,apparel.women.pants,Vantree,70.55,500000002,a834e50b6291f6a3de87cbf0272bd7f8
2022-09-13 21:59:37 UTC,view,9319849,1472209747072745335,footwear.boots,Marlow Row,140.44,500000002,a834e50b6291f6a3de87cbf0272bd7f8
2022-09-13 21:59:57 UTC,view,7182700,1492821164472423496,apparel.men.jeans,,94.74,500000002,a834e50b6291f6a3de87cbf0272bd7f8
2022-09-13 22:08:19 UTC,view,2102225,1516173523019626745,apparel.women.dress,Vantree,33.62,500000002,a834e50b6291f6a3de87cbf0272bd7f8
2022-09-13 22:17:33 UTC,view,4170752,1519748099762056932,apparel.men.outerwear,Bramholt,186.79,500000002,a834e50b6291f6a3de87cbf0272bd7f8
2022-09-14 10:36:14 UTC,view,4895822,1428548884811402817,apparel.men.shirt,,54.99,500000002,fd5d9d7e806326be02c96321386ecb4f
2022-09-14 10:44:21 UTC,view,1162680,1589407324608544585,,,216.13,500000002,fd5d9d7e806326be02c96321386ecb4f
2022-09-14 10:54:19 UTC,view,9319849,1472209747072745335,,Marlow Row,140.03,500000002,fd5d9d7e806326be02c96321386ecb4f
2022-09-14 10:57:03 UTC,cart,4123600,1519748099762056932,apparel.men.outerwear,,154.86,500000002,fd5d9d7e806326be02c96321386ecb4f
2022-09-14 10:58:04 UTC,purchase,4123600,1519748099762056932,apparel.men.outerwear,,175.21,500000002,fd5d9d7e806326be02c96321386ecb4f
2022-09-14 14:42:58 UTC,view,3243048,1558364261414932063,apparel.women.top,,44.43,500000001,90e2b4d29124aaf95d789c5c58ec9db8
2022-09-14 14:49:21 UTC,view,5520674,1428548884811402817,apparel.men.shirt,,34.24,500000001,d97906d4046e5e1bfe8f4ff88c8568e0
2022-09-14 14:53:51 UTC,view,3243048,1558364261414932063,apparel.women.top,Thistlewood,41.9,500000001,d97906d4046e5e1bfe8f4ff88c8568e0
2022-09-14 14:53:53 UTC,view,8634461,1428548884811402817,apparel.men.shirt,,22.31,500000001,d97906d4046e5e1bfe8f4ff88c8568e0
2022-09-14 14:56:09 UTC,cart,7182700,1492821164472423496,apparel.men.jeans,,84.46,500000001,d97906d4046e5e1bfe8f4ff88c8568e0
2022-09-14 14:58:26 UTC,purchase,7182700,1492821164472423496,apparel.men.jeans,,97.92,500000001,d97906d4046e5e1bfe8f4ff88c8568e0
2022-09-14 14:58:54 UTC,view,9829417,1546390003792228747,footwear.sneakers,Bellcroft,122.61,500000001,d97906d4046e5e1bfe8f4ff88c8568e0
2022-09-14 15:05:48 UTC,view,8758486,1516173523019626745,apparel.women.dress,,79.12,500000001,90e2b4d29124aaf95d789c5c58ec9db8
2022-09-14 15:05:48 UTC,view,9748139,1594728468612408249,,,22.64,500000001,90e2b4d29124aaf95d789c5c58ec9db8
2022-09-15 19:55:57 UTC,view,3554832,1428548884811402817,apparel.men.shirt,,55.9,500000001,b5b49f5359900276bcfc512087e834ed
2022-09-15 20:18:32 UTC,view,2731345,1428548884811402817,apparel.men.shirt,Aldyne,54.2,500000001,b5b49f5359900276bcfc512087e834ed
2022-09-15 20:20:04 UTC,view,9172205,1508136215129873133,apparel.kids.top,Bramholt,18.88,500000001,b5b49f5359900276bcfc512087e834ed
2022-09-16 23:37:52 UTC,view,2731345,1428548884811402817,apparel.men.shirt,,54.47,500000001,e4beb34273b90b21fd61e636938dd20b
2022-09-16 23:49:06 UTC,view,4123600,1519748099762056932,apparel.men.outerwear,,157.46,500000001,e4beb34273b90b21fd61e636938dd20b
2022-09-16 23:55:50 UTC,view,8966163,1549623645531932356,accessories.bags,Solmara,87.1,500000001,e4beb34273b90b21fd61e636938dd20b
2022-09-16 23:56:10 UTC,view,2102225,1516173523019626745,apparel.women.dress,Vantree,33.01,500000001,e4beb34273b90b21fd61e636938dd20b
2022-09-16 23:57:25 UTC,view,8758486,1516173523019626745,apparel.women.dress,,79.58,500000001,e4beb34273b90b21fd61e636938dd20b
2022-09-17 18:20:08 UTC,view,8758486,1516173523019626745,apparel.women.dress,,80.54,500000002,807f7fb80b9f7bfd789b1c65222e1d89
2022-09-17 18:25:11 UTC,view,3676700,1558186846391920988,apparel.kids.outerwear,,64.0,500000002,807f7fb80b9f7bfd789b1c65222e1d89
2022-09-17 18:25:57 UTC,view,8634461,1428548884811402817,apparel.men.shirt,Kestrel & Co,23.63,500000002,807f7fb80b9f7bfd789b1c65222e1d89
2022-09-17 19:26:31 UTC,view,3163829,1558364261414932063,apparel.women.top,,37.57,500000001,5ecb4a6f06bcc6358b14c00779b2273b
2022-09-17 19:35:15 UTC,view,4762867,1594728468612408249,accessories.jewelry,Greymont,16.14,500000001,5ecb4a6f06bcc6358b14c00779b2273b
2022-09-17 19:36:24 UTC,view,8089253,1516173523019626745,apparel.women.dress,Norlend,117.0,500000001,5ecb4a6f06bcc6358b14c00779b2273b
2022-09-17 19:54:10 UTC,view,4747587,1482972250706899052,apparel.women.pants,,73.49,500000001,5ecb4a6f06bcc6358b14c00779b2273b
2022-09-18 16:28:55 UTC,view,8966163,1549623645531932356,accessories.bags,Solmara,88.49,500000001,eac83a097371d545a78c0feb749136af
2022-09-18 16:37:48 UTC,cart,9319849,1472209747072745335,footwear.boots,,165.43,500000001,eac83a097371d545a78c0feb749136af
2022-09-18 16:39:13 UTC,purchase,9319849,1472209747072745335,footwear.boots,,137.1,500000001,eac83a097371d545a78c0feb749136af
2022-09-18 16:54:07 UTC,view,9841830,1508136215129873133,apparel.kids.top,Wrenfield,13.3,500000001,eac83a097371d545a78c0feb749136af
2022-09-19 16:26:32 UTC,view,3243048,1558364261414932063,apparel.women.top,Thistlewood,40.83,500000003,d4fd7d3077f5214c46d7ffbac0279c49
2022-09-19 16:30:39 UTC,view,3163829,1558364261414932063,apparel.women.top,Marlow Row,37.49,500000003,d4fd7d3077f5214c46d7ffbac0279c49
2022-09-19 16:30:45 UTC,view,5027667,1546390003792228747,footwear.sneakers,Milbrook,118.94,500000003,d4fd7d3077f5214c46d7ffbac0279c49
2022-09-19 16:35:20 UTC,view,8634461,1428548884811402817,apparel.men.shirt,Kestrel & Co,23.71,500000003,d4fd7d3077f5214c46d7ffbac0279c49
2022-09-19 16:43:17 UTC,cart,1079923,1516173523019626745,apparel.women.dress,,107.17,500000003,d4fd7d3077f5214c46d7ffbac0279c49
2022-09-19 16:48:38 UTC,purchase,1079923,1516173523019626745,apparel.women.dress,,106.68,500000003,d4fd7d3077f5214c46d7ffbac0279c49
2022-09-19 16:50:58 UTC,view,7496477,1519748099762056932,apparel.men.outerwear,Milbrook,105.31,500000003,d4fd7d3077f5214c46d7ffbac0279c49
19/09/2022 22:12,view,8800984,1558364261414932063,apparel.women.top,,19.03,500000001,c73a3c3c97024364f502e0594d4c6a07
2022-09-19 22:26:44 UTC,view,1162680,1589407324608544585,apparel.women.outerwear,,209.06,500000001,c73a3c3c97024364f502e0594d4c6a07
2022-09-19 22:28:20 UTC,view,7871485,1508136215129873133,apparel.kids.top,Wrenfield,18.08,500000001,c73a3c3c97024364f502e0594d4c6a07
2022-09-19 22:35:20 UTC,view,2154101,1558430393367643133,accessories.hats,,13.51,500000001,c73a3c3c97024364f502e0594d4c6a07
2022-09-20 14:30:16 UTC,view,4705110,1428548884811402817,apparel.men.shirt,,18.99,500000005,ffd4413e044c8e44994f2f9ae79447c7
2022-09-20 14:30:16 UTC,cart,3006131,1546390003792228747,footwear.sneakers,Ruskin & Fable,123.39,500000005,ffd4413e044c8e44994f2f9ae79447c7
2022-09-20 14:30:21 UTC,view,4747587,1482972250706899052,apparel.women.pants,,84.19,500000005,ffd4413e044c8e44994f2f9ae79447c7
2022-09-20 14:31:22 UTC,purchase,3006131,1546390003792228747,footwear.sneakers,Ruskin & Fable,106.5,500000005,ffd4413e044c8e44994f2f9ae79447c7
2022-09-20 14:32:30 UTC,view,8966163,1549623645531932356,accessories.bags,,89.71,500000005,ffd4413e044c8e44994f2f9ae79447c7
2022-09-20 14:32:54 UTC,view,7814384,1482972250706899052,apparel.women.pants,,79.91,500000005,ffd4413e044c8e44994f2f9ae79447c7
2022-09-20 14:35:02 UTC,view,3243048,1558364261414932063,apparel.women.top,Thistlewood,45.4,500000005,ffd4413e044c8e44994f2f9ae79447c7
2022-09-20 14:50:35 UTC,view,8634461,1428548884811402817,apparel.men.shirt,,21.54,500000005,ffd4413e044c8e44994f2f9ae79447c7
2022-09-20 16:39:11 UTC,view,9036326,1558430393367643133,accessories.hats,,7.58,500000001,3d174e8787d1f33cdb9c6790313edb39
2022-09-20 16:42:57 UTC,view,2102225,1516173523019626745,,Vantree,32.53,500000001,3d174e8787d1f33cdb9c6790313edb39
2022-09-20 16:43:02 UTC,cart,7275086,1558186846391920988,apparel.kids.outerwear,,58.26,500000001,3d174e8787d1f33cdb9c6790313edb39
2022-09-20 16:44:52 UTC,view,7427053,1519748099762056932,apparel.men.outerwear,Thistlewood,58.13,500000001,3d174e8787d1f33cdb9c6790313edb39
2022-09-20 16:45:44 UTC,purchase,7275086,1558186846391920988,,,65.02,500000001,3d174e8787d1f33cdb9c6790313edb39
2022-09-20 16:58:32 UTC,view,9748139,1594728468612408249,,Ferncastle,20.07,500000001,3d174e8787d1f33cdb9c6790313edb39
2022-09-22 19:56:41 UTC,view,6338037,1492821164472423496,apparel.men.jeans,,42.56,500000001,59a31b694723b9223d4a402cf95d566d
22/09/2022 20:02,view,8966163,1549623645531932356,accessories.bags,,90.24,500000001,59a31b694723b9223d4a402cf95d566d
2022-09-23 16:22:59 UTC,view,2102225,1516173523019626745,,Vantree,32.58,500000002,fe078bd0340da11cc439783554560160
2022-09-23 16:29:18 UTC,view,9065490,1516173523019626745,apparel.women.dress,Aldyne,111.92,500000002,fe078bd0340da11cc439783554560160
2022-09-23 16:31:05 UTC,view,2154101,1558430393367643133,accessories.hats,,13.14,500000002,fe078bd0340da11cc439783554560160
2022-09-23 16:39:07 UTC,view,6768228,1428548884811402817,apparel.men.shirt,,16.86,500000002,fe078bd0340da11cc439783554560160
2022-09-23 16:39:54 UTC,view,6362414,1558364261414932063,apparel.women.top,Ferncastle,25.36,500000002,fe078bd0340da11cc439783554560160
2022-09-24 12:03:16 UTC,view,7941277,1594728468612408249,accessories.jewelry,,49.98,500003531,595b570bfcafdda7808d2df03e4f2b0c
2022-09-24 12:13:22 UTC,view,2102225,1516173523019626745,apparel.women.dress,Vantree,35.24,500003531,595b570bfcafdda7808d2df03e4f2b0c
2022-09-24 12:32:31 UTC,view,8966163,1549623645531932356,accessories.bags,Solmara,77.95,500003531,595b570bfcafdda7808d2df03e4f2b0c
2022-09-24 14:06:04 UTC,view,9036326,1558430393367643133,accessories.hats,,8.28,500000002,fb8f1fa908c982ad613719a2a8711e11
2022-09-24 14:07:52 UTC,cart,2102225,1516173523019626745,apparel.women.dress,Vantree,35.59,500000002,fb8f1fa908c982ad613719a2a8711e11
2022-09-24 14:09:13 UTC,purchase,2102225,1516173523019626745,apparel.women.dress,Vantree,35.73,500000002,fb8f1fa908c982ad613719a2a8711e11
2022-09-24 14:16:53 UTC,view,8966163,1549623645531932356,accessories.bags,Solmara,87.38,500000002,fb8f1fa908c982ad613719a2a8711e11
2022-09-25 12:35:15 UTC,view,6637675,1428548884811402817,apparel.men.shirt,,31.58,500000001,f934f07af2a077c2f8a178470e4bfd7e
,view,2102225,1516173523019626745,apparel.women.dress,Vantree,34.48,500000001,f934f07af2a077c2f8a178470e4bfd7e
2022-09-25 12:45:58 UTC,view,3428363,1516173523019626745,apparel.women.dress,,75.88,500000001,f934f07af2a077c2f8a178470e4bfd7e
2022-09-25 12:47:14 UTC,cart,4476707,1492821164472423496,apparel.men.jeans,,87.82,500000001,f934f07af2a077c2f8a178470e4bfd7e
2022-09-25 12:47:49 UTC,purchase,4476707,1492821164472423496,apparel.men.jeans,,91.36,500000001,f934f07af2a077c2f8a178470e4bfd7e
2022-09-26 21:39:02 UTC,view,7182700,1492821164472423496,apparel.men.jeans,,86.62,500000002,150a442c38fc4eb361a1a6234a4648e4
2022-09-26 21:39:16 UTC,view,8966163,1549623645531932356,accessories.bags,Solmara,77.05,500000002,150a442c38fc4eb361a1a6234a4648e4
2022-09-26 21:45:25 UTC,view,9036326,1558430393367643133,accessories.hats,,8.83,500000002,150a442c38fc4eb361a1a6234a4648e4
2022-09-26 21:51:55 UTC,cart,1428173,1589407324608544585,apparel.women.outerwear,,102.99,500000002,150a442c38fc4eb361a1a6234a4648e4
2022-09-26 21:54:39 UTC,purchase,1428173,1589407324608544585,apparel.women.outerwear,,97.92,500000002,150a442c38fc4eb361a1a6234a4648e4
27/09/2022 12:46,view,4747587,1482972250706899052,apparel.women.pants,,70.3,500000017,f0d47dbfc95d8fc90ebfe91af749e896
2022-09-27 12:51:40 UTC,cart,1522015,1546390003792228747,,,108.85,500000017,f0d47dbfc95d8fc90ebfe91af749e896
2022-09-27 12:52:56 UTC,view,8488816,1429628030847824846,footwear.sandals,Wrenfield,57.63,500000017,f0d47dbfc95d8fc90ebfe91af749e896
2022-09-27 12:55:25 UTC,view,4747587,1482972250706899052,apparel.women.pants,,84.19,500000017,f0d47dbfc95d8fc90ebfe91af749e896
2022-09-27 12:57:44 UTC,view,8634461,1428548884811402817,apparel.men.shirt,Kestrel & Co,20.77,500000017,f0d47dbfc95d8fc90ebfe91af749e896
2022-09-27 13:00:39 UTC,view,4747587,1482972250706899052,apparel.women.pants,,84.47,500000017,f0d47dbfc95d8fc90ebfe91af749e896
2022-09-27 20:23:57 UTC,view,8261390,1519748099762056932,apparel.men.outerwear,,148.02,500000001,8698cf366b54d6dbd010f7fb4388b449
2022-09-27 20:24:12 UTC,view,7729308,1482972250706899052,apparel.women.pants,,44.38,500000001,8698cf366b54d6dbd010f7fb4388b449
2022-09-27 20:40:43 UTC,view,6768228,1428548884811402817,apparel.men.shirt,,17.28,500000001,8698cf366b54d6dbd010f7fb4388b449
2022-09-27 20:44:10 UTC,view,4747587,1482972250706899052,apparel.women.pants,,69.94,500000001,8698cf366b54d6dbd010f7fb4388b449
2022-09-27 20:44:32 UTC,view,2102225,1516173523019626745,apparel.women.dress,Vantree,34.17,500000001,8698cf366b54d6dbd010f7fb4388b449
2022-09-27 20:48:36 UTC,view,9829417,1546390003792228747,,,137.83,500000001,8698cf366b54d6dbd010f7fb4388b449
2022-09-29 09:35:21 UTC,view,4705110,1428548884811402817,apparel.men.shirt,Ashgrove,19.33,500000031,e449880cadba35a5254766455feb468d
2022-09-29 09:37:16 UTC,cart,2102225,1516173523019626745,apparel.women.dress,,38.26,500000031,e449880cadba35a5254766455feb468d
2022-09-29 09:38:19 UTC,view,4194454,1482972250706899052,apparel.women.pants,Vantree,66.11,500000031,e449880cadba35a5254766455feb468d
2022-09-29 09:39:16 UTC,view,2738486,1594728468612408249,accessories.jewelry,Ferncastle,29.06,500000031,e449880cadba35a5254766455feb468d
2022-09-29 09:40:40 UTC,purchase,2102225,1516173523019626745,,Vantree,34.8,500000031,e449880cadba35a5254766455feb468d
29/09/2022 09:50,view,3166872,1428548884811402817,apparel.men.shirt,,34.96,500000031,e449880cadba35a5254766455feb468d
29/09/2022 09:52,view,2875921,1546390003792228747,footwear.sneakers,,165.43,500000031,e449880cadba35a5254766455feb468d
2022-09-29 10:02:58 UTC,view,3583619,1558430393367643133,accessories.hats,,26.56,500000031,e449880cadba35a5254766455feb468d
2022-09-29 16:58:27 UTC,view,9800243,1492821164472423496,apparel.men.jeans,Palewick,84.86,500000007,f92bf032264b4ab04f29160b6b4eaa3a
2022-09-29 16:58:27 UTC,cart,1204442,1519748099762056932,,Marlow Row,116.68,500000007,f92bf032264b4ab04f29160b6b4eaa3a
2022-09-29 17:01:41 UTC,view,4365384,1519748099762056932,apparel.men.outerwear,,182.17,500000007,f92bf032264b4ab04f29160b6b4eaa3a
2022-09-29 17:08:22 UTC,view,9554682,1492821164472423496,apparel.men.jeans,Norlend,91.11,500000007,f92bf032264b4ab04f29160b6b4eaa3a
2022-09-29 17:12:39 UTC,remove_from_cart,1204442,1519748099762056932,apparel.men.outerwear,,99.01,500000007,f92bf032264b4ab04f29160b6b4eaa3a
2022-09-29 20:22:27 UTC,view,2102225,1516173523019626745,apparel.women.dress,Vantree,38.28,500000005,0343fcc41f6bd15129abb3a85f67cae6
2022-09-29 20:25:16 UTC,view,1099410,1558430393367643133,accessories.hats,,16.5,500000005,0343fcc41f6bd15129abb3a85f67cae6
2022-09-29 20:28:32 UTC,view,8966163,1549623645531932356,accessories.bags,,80.98,500000005,0343fcc41f6bd15129abb3a85f67cae6
2022-09-29 20:28:37 UTC,view,2102225,1516173523019626745,apparel.women.dress,Vantree,37.65,500000005,0343fcc41f6bd15129abb3a85f67cae6
2022-09-29 20:29:24 UTC,view,8966163,1549623645531932356,accessories.bags,Solmara,86.03,500000005,0343fcc41f6bd15129abb3a85f67cae6
2022-09-29 20:30:04 UTC,view,9065490,1516173523019626745,,,108.5,500000005,0343fcc41f6bd15129abb3a85f67cae6
2022-09-29 20:31:44 UTC,view,9755526,1589407324608544585,apparel.women.outerwear,Ashgrove,86.54,500000005,0343fcc41f6bd15129abb3a85f67cae6
2022-09-29 20:41:19 UTC,view,3676700,1558186846391920988,apparel.kids.outerwear,,71.8,500000005,0343fcc41f6bd15129abb3a85f67cae6
2022-09-30 19:21:47 UTC,view,9755526,1589407324608544585,apparel.women.outerwear,Ashgrove,75.92,500000003,1db31272e82e2acd2120ac5fc5b79738
2022-09-30 19:21:47 UTC,cart,4705110,1428548884811402817,apparel.men.shirt,Ashgrove,21.06,500000003,1db31272e82e2acd2120ac5fc5b79738
2022-09-30 19:23:01 UTC,purchase,4705110,1428548884811402817,apparel.men.shirt,,19.96,500000003,1db31272e82e2acd2120ac5fc5b79738
2022-09-30 19:34:56 UTC,view,4098324,1558364261414932063,apparel.women.top,,23.79,500000003,1db31272e82e2acd2120ac5fc5b79738
2022-09-30 19:41:35 UTC,view,2287051,1508136215129873133,apparel.kids.top,Norlend,26.1,500000003,1db31272e82e2acd2120ac5fc5b79738
2022-09-30 19:41:54 UTC,view,5781989,1482972250706899052,apparel.women.pants,Wrenfield,71.84,500000003,1db31272e82e2acd2120ac5fc5b79738
2022-09-30 19:44:39 UTC,view,5027667,1546390003792228747,footwear.sneakers,Milbrook,106.78,500000003,1db31272e82e2acd2120ac5fc5b79738
2022-10-01 14:05:08 UTC,view,6079235,1508136215129873133,apparel.kids.top,Bramholt,9.22,500000035,e1e6fd3725728ead9156ca393c4adf77
2022-10-01 14:14:16 UTC,view,8966163,1549623645531932356,accessories.bags,,92.31,500000035,e1e6fd3725728ead9156ca393c4adf77
2022-10-01 14:28:39 UTC,view,2731345,1428548884811402817,,,48.16,500000035,e1e6fd3725728ead9156ca393c4adf77
2022-10-01 15:10:07 UTC,view,4098324,1558364261414932063,apparel.women.top,,21.29,500000001,e630318c29e1551f92f6d78803bd50f5
2022-10-01 15:13:22 UTC,cart,4098324,1558364261414932063,apparel.women.top,Norlend,20.78,500000001,e630318c29e1551f92f6d78803bd50f5
2022-10-01 15:16:31 UTC,view,5114384,1558186846391920988,apparel.kids.outerwear,Kestrel & Co,25.38,500000001,e630318c29e1551f92f6d78803bd50f5
2022-10-01 15:16:35 UTC,purchase,4098324,1558364261414932063,apparel.women.top,,24.12,500000001,e630318c29e1551f92f6d78803bd50f5
2022-10-01 15:17:31 UTC,view,4747587,1482972250706899052,apparel.women.pants,,77.25,500000001,e630318c29e1551f92f6d78803bd50f5
2022-10-01 15:20:52 UTC,view,2704704,1546390003792228747,footwear.sneakers,,93.37,500000001,e630318c29e1551f92f6d78803bd50f5
2022-10-01 15:22:28 UTC,view,1162680,1589407324608544585,apparel.women.outerwear,,214.24,500000001,e630318c29e1551f92f6d78803bd50f5
2022-10-01 15:24:18 UTC,view,8721483,1558364261414932063,,Norlend,34.48,500000001,e630318c29e1551f92f6d78803bd50f5
2022-10-01 15:38:03 UTC,view,2380478,1429628030847824846,footwear.sandals,,47.33,500000001,e630318c29e1551f92f6d78803bd50f5
2022-10-04 19:22:42 UTC,view,9800243,1492821164472423496,apparel.men.jeans,Palewick,83.66,500000003,7e592a4b3bc15b67dbba838b78e92426
2022-10-04 19:22:42 UTC,cart,9118832,1589407324608544585,apparel.women.outerwear,Ruskin & Fable,149.7,500000003,7e592a4b3bc15b67dbba838b78e92426
2022-10-04 19:23:30 UTC,view,2154101,1558430393367643133,accessories.hats,,13.72,500000003,7e592a4b3bc15b67dbba838b78e92426
2022-10-04 19:27:33 UTC,purchase,9118832,1589407324608544585,apparel.women.outerwear,,171.85,500000003,7e592a4b3bc15b67dbba838b78e92426
2022-10-05 07:39:49 UTC,view,8966163,1549623645531932356,accessories.bags,Solmara,76.62,500000001,554e4885c9079c30ba420ba22653179f
2022-10-05 07:44:12 UTC,view,7433330,1428548884811402817,apparel.men.shirt,Greymont,15.53,500000001,554e4885c9079c30ba420ba22653179f
2022-10-05 07:52:39 UTC,view,8016491,1546390003792228747,footwear.sneakers,Vantree,134.08,500000001,554e4885c9079c30ba420ba22653179f
2022-10-05 07:52:44 UTC,cart,4762867,1594728468612408249,accessories.jewelry,Greymont,19.24,500000001,554e4885c9079c30ba420ba22653179f
2022-10-05 07:54:41 UTC,view,9388289,1589407324608544585,,,70.51,500000001,554e4885c9079c30ba420ba22653179f
2022-10-05 07:54:54 UTC,purchase,4762867,1594728468612408249,accessories.jewelry,Greymont,16.43,500000001,554e4885c9079c30ba420ba22653179f
2022-10-05 07:59:53 UTC,view,7182700,1492821164472423496,,,96.42,500000001,554e4885c9079c30ba420ba22653179f
2022-10-05 16:28:08 UTC,view,8966163,1549623645531932356,accessories.bags,Solmara,86.17,500000008,735c541be677d68e3ba51b4337786dd6
2022-10-05 16:42:29 UTC,view,7814384,1482972250706899052,apparel.women.pants,,72.95,500000008,735c541be677d68e3ba51b4337786dd6
2022-10-05 16:43:02 UTC,view,4747587,1482972250706899052,apparel.women.pants,,79.9,500000008,735c541be677d68e3ba51b4337786dd6
2022-10-05 17:50:50 UTC,view,2875921,1546390003792228747,footwear.sneakers,,155.38,500000002,1172782d2093f2a61aaed0241dc6df39
2022-10-05 17:54:27 UTC,cart,1260475,1589407324608544585,apparel.women.outerwear,Kestrel & Co,171.44,500000002,1172782d2093f2a61aaed0241dc6df39
2022-10-05 17:55:27 UTC,purchase,1260475,1589407324608544585,apparel.women.outerwear,Kestrel & Co,176.17,500000002,1172782d2093f2a61aaed0241dc6df39
2022-10-05 17:57:10 UTC,view,1522015,1546390003792228747,footwear.sneakers,,115.04,500000002,1172782d2093f2a61aaed0241dc6df39
2022-10-05 18:01:58 UTC,view,9036326,1558430393367643133,accessories.hats,,8.48,500000002,1172782d2093f2a61aaed0241dc6df39
2022-10-05 18:09:40 UTC,view,8966163,1549623645531932356,accessories.bags,Solmara,85.8,500000002,1172782d2093f2a61aaed0241dc6df39
2022-10-05 18:15:31 UTC,view,9829417,1546390003792228747,footwear.sneakers,,119.53,500000002,1172782d2093f2a61aaed0241dc6df39
2022-10-05 19:37:28 UTC,view,6362414,1558364261414932063,apparel.women.top,,22.9,500000062,e429cd64d0a9fa85b2d8e3814bdeaab6
2022-10-05 19:41:58 UTC,view,4747587,1482972250706899052,apparel.women.pants,,70.65,500000062,e429cd64d0a9fa85b2d8e3814bdeaab6
2022-10-05 19:42:01 UTC,view,5908484,1589407324608544585,apparel.women.outerwear,Aldyne,195.54,500000062,e429cd64d0a9fa85b2d8e3814bdeaab6
2022-10-05 19:59:54 UTC,view,9118832,1589407324608544585,apparel.women.outerwear,Ruskin & Fable,172.5,500000062,e429cd64d0a9fa85b2d8e3814bdeaab6
2022-10-05 20:04:30 UTC,view,7182700,1492821164472423496,apparel.men.jeans,,95.38,500000062,e429cd64d0a9fa85b2d8e3814bdeaab6
2022-10-05 20:04:48 UTC,view,4747587,1482972250706899052,apparel.women.pants,,81.19,500000062,e429cd64d0a9fa85b2d8e3814bdeaab6
06/10/2022 07:22,view,9118832,1589407324608544585,apparel.women.outerwear,Ruskin & Fable,171.48,500000002,f2229cce57fc257e1b1825e5be07b51c
2022-10-06 07:22:21 UTC,view,2337045,1558364261414932063,apparel.women.top,Oakspire,22.73,500000002,f2229cce57fc257e1b1825e5be07b51c
2022-10-06 07:26:28 UTC,view,7182700,1492821164472423496,,,95.25,500000002,f2229cce57fc257e1b1825e5be07b51c
2022-10-06 07:27:03 UTC,view,9319849,1472209747072745335,footwear.boots,Marlow Row,145.01,500000002,f2229cce57fc257e1b1825e5be07b51c
2022-10-06 07:29:44 UTC,view,7954298,1516173523019626745,apparel.women.dress,Marlow Row,84.79,500000002,f2229cce57fc257e1b1825e5be07b51c
2022-10-06 07:35:04 UTC,view,2102225,1516173523019626745,apparel.women.dress,Vantree,33.54,500000002,f2229cce57fc257e1b1825e5be07b51c
2022-10-06 07:38:43 UTC,view,8966163,1549623645531932356,,,93.17,500000002,f2229cce57fc257e1b1825e5be07b51c
2022-10-06 18:10:39 UTC,view,9829417,1546390003792228747,footwear.sneakers,,130.06,500000021,07cab975c8089c29ab1f2c4c54c6e643
2022-10-06 18:29:24 UTC,view,2295523,1516173523019626745,,,42.49,500000021,07cab975c8089c29ab1f2c4c54c6e643
2022-10-06 18:32:45 UTC,view,8966163,1549623645531932356,accessories.bags,Solmara,83.47,500000021,07cab975c8089c29ab1f2c4c54c6e643
2022-10-06 18:32:54 UTC,cart,7310073,1482972250706899052,apparel.women.pants,Palewick,73.56,500000021,07cab975c8089c29ab1f2c4c54c6e643
2022-10-06 18:34:04 UTC,purchase,7310073,1482972250706899052,apparel.women.pants,Palewick,81.29,500000021,07cab975c8089c29ab1f2c4c54c6e643
2022-10-06 18:36:12 UTC,view,5464062,1508136215129873133,apparel.kids.top,Bellcroft,19.49,500000021,07cab975c8089c29ab1f2c4c54c6e643
2022-10-07 17:21:09 UTC,view,4646091,1516173523019626745,,,65.27,500000001,1917579948bd72d50333c0a9cd0a9d86
2022-10-07 17:22:49 UTC,view,9319849,1472209747072745335,footwear.boots,Marlow Row,140.64,500000001,1917579948bd72d50333c0a9cd0a9d86
2022-10-08 12:09:43 UTC,view,6362414,1558364261414932063,apparel.women.top,Ferncastle,22.14,500000002,bfad6095d2352f2c3955e91378c61fb8
2022-10-08 12:20:38 UTC,view,9829417,1546390003792228747,footwear.sneakers,Bellcroft,116.15,500000002,bfad6095d2352f2c3955e91378c61fb8
2022-10-08 12:28:34 UTC,cart,2102225,1516173523019626745,apparel.women.dress,Vantree,38.15,500000002,bfad6095d2352f2c3955e91378c61fb8
2022-10-08 12:30:19 UTC,purchase,2102225,1516173523019626745,apparel.women.dress,Vantree,34.29,500000002,bfad6095d2352f2c3955e91378c61fb8
2022-10-09 21:39:15 UTC,view,4762867,1594728468612408249,accessories.jewelry,Greymont,17.03,500000001,5232171213a756c7e47e1b7bb7420eab
2022-10-09 21:44:15 UTC,view,4194454,1482972250706899052,apparel.women.pants,,70.98,500000001,5232171213a756c7e47e1b7bb7420eab
2022-10-09 21:53:38 UTC,view,8634461,1428548884811402817,,Kestrel & Co,20.13,500000001,5232171213a756c7e47e1b7bb7420eab
2022-10-09 21:59:06 UTC,cart,3243048,1558364261414932063,apparel.women.top,Thistlewood,42.05,500000001,5232171213a756c7e47e1b7bb7420eab
2022-10-09 22:01:30 UTC,purchase,3243048,1558364261414932063,apparel.women.top,,41.73,500000001,5232171213a756c7e47e1b7bb7420eab
2022-10-11 15:21:04 UTC,view,8966163,1549623645531932356,accessories.bags,Solmara,91.0,500000027,24b3e3efbfd55621b5e6665094030ffc
2022-10-11 15:34:16 UTC,view,5711182,1546390003792228747,footwear.sneakers,Oakspire,79.31,500000027,24b3e3efbfd55621b5e6665094030ffc
2022-10-11 15:35:00 UTC,view,7180258,1482972250706899052,apparel.women.pants,,82.46,500000027,24b3e3efbfd55621b5e6665094030ffc
2022-10-11 15:36:19 UTC,cart,4747587,1482972250706899052,apparel.women.pants,,72.78,500000027,24b3e3efbfd55621b5e6665094030ffc
2022-10-11 15:40:08 UTC,view,9755526,1589407324608544585,apparel.women.outerwear,Ashgrove,75.99,500000027,24b3e3efbfd55621b5e6665094030ffc
2022-10-11 15:42:31 UTC,purchase,4747587,1482972250706899052,apparel.women.pants,,82.6,500000027,24b3e3efbfd55621b5e6665094030ffc
2022-10-11 15:45:28 UTC,view,1162680,1589407324608544585,apparel.women.outerwear,Kestrel & Co,231.36,500000027,24b3e3efbfd55621b5e6665094030ffc
2022-10-12 12:29:29 UTC,view,2380478,1429628030847824846,,Aldyne,48.76,500000001,0d304648ca866abff89ba9c168e71ad0
2022-10-12 12:30:16 UTC,view,8089253,1516173523019626745,apparel.women.dress,Norlend,105.53,500000001,0d304648ca866abff89ba9c168e71ad0
2022-10-12 12:30:17 UTC,view,7729308,1482972250706899052,apparel.women.pants,,41.52,500000001,0d304648ca866abff89ba9c168e71ad0
2022-10-12 12:43:13 UTC,view,8966163,1549623645531932356,accessories.bags,Solmara,83.5,500000001,0d304648ca866abff89ba9c168e71ad0
2022-10-12 12:43:19 UTC,view,2102225,1516173523019626745,apparel.women.dress,Vantree,32.77,500000001,0d304648ca866abff89ba9c168e71ad0
2022-10-12 12:46:50 UTC,view,3163829,1558364261414932063,apparel.women.top,Marlow Row,41.25,500000001,0d304648ca866abff89ba9c168e71ad0
2022-10-12 12:48:29 UTC,view,1959257,1590725883499271729,accessories.belts,Ashgrove,22.23,500000001,0d304648ca866abff89ba9c168e71ad0
2022-10-12 12:48:46 UTC,view,9829417,1546390003792228747,footwear.sneakers,Bellcroft,119.16,500000001,0d304648ca866abff89ba9c168e71ad0
2022-10-12 12:54:53 UTC,view,8966163,1549623645531932356,,,82.0,500000001,0d304648ca866abff89ba9c168e71ad0
2022-10-12 12:55:36 UTC,cart,7429245,1428548884811402817,apparel.men.shirt,,14.95,500000001,0d304648ca866abff89ba9c168e71ad0
2022-10-12 13:09:34 UTC,remove_from_cart,7429245,1428548884811402817,apparel.men.shirt,,16.0,500000001,0d304648ca866abff89ba9c168e71ad0
2022-10-12 13:33:12 UTC,view,8966163,1549623645531932356,accessories.bags,Solmara,85.49,500000001,824267934895a9dcd598bdcc525b171d
2022-10-12 13:33:12 UTC,cart,7729308,1482972250706899052,apparel.women.pants,Ruskin & Fable,42.47,500000001,824267934895a9dcd598bdcc525b171d
2022-10-12 13:36:50 UTC,purchase,7729308,1482972250706899052,,Ruskin & Fable,42.09,500000001,824267934895a9dcd598bdcc525b171d
2022-10-12 13:40:36 UTC,view,8966163,1549623645531932356,,,89.66,500000001,824267934895a9dcd598bdcc525b171d
2022-10-12 13:51:37 UTC,view,9800243,1492821164472423496,apparel.men.jeans,,77.01,500000001,824267934895a9dcd598bdcc525b171d
2022-10-12 13:57:05 UTC,view,9829417,1546390003792228747,footwear.sneakers,Bellcroft,122.53,500000001,824267934895a9dcd598bdcc525b171d
2022-10-12 14:00:50 UTC,view,6810241,1428548884811402817,apparel.men.shirt,Milbrook,19.88,500000001,824267934895a9dcd598bdcc525b171d
2022-10-12 14:18:05 UTC,view,7567958,1516173523019626745,apparel.women.dress,,86.19,500000001,dc47bcc7acc9e06f61ad8723b2ab2417
2022-10-12 14:40:05 UTC,view,7814384,1482972250706899052,apparel.women.pants,Palewick,72.15,500000001,dc47bcc7acc9e06f61ad8723b2ab2417
2022-10-13 09:26:20 UTC,view,4194454,1482972250706899052,apparel.women.pants,,69.76,500000001,4b58b2203e40cbbc9989ed17630da1bb
2022-10-13 09:28:40 UTC,view,7182700,1492821164472423496,apparel.men.jeans,,93.04,500000001,4b58b2203e40cbbc9989ed17630da1bb
2022-10-13 09:45:09 UTC,cart,8758486,1516173523019626745,apparel.women.dress,,91.83,500000001,4b58b2203e40cbbc9989ed17630da1bb
2022-10-13 09:45:54 UTC,purchase,8758486,1516173523019626745,apparel.women.dress,,94.84,500000001,4b58b2203e40cbbc9989ed17630da1bb
2022-10-13 09:52:35 UTC,view,5027667,1546390003792228747,footwear.sneakers,Milbrook,102.68,500000001,4b58b2203e40cbbc9989ed17630da1bb
2022-10-13 19:20:16 UTC,view,2337045,1558364261414932063,apparel.women.top,Oakspire,20.26,500000001,65306fde4ef1bed6146e08a1a2565ff3
2022-10-13 19:22:52 UTC,view,3243048,1558364261414932063,apparel.women.top,Thistlewood,40.66,500000001,65306fde4ef1bed6146e08a1a2565ff3
2022-10-13 19:31:09 UTC,view,1260475,1589407324608544585,apparel.women.outerwear,,168.14,500000001,65306fde4ef1bed6146e08a1a2565ff3
2022-10-14 20:54:31 UTC,view,9841830,1508136215129873133,apparel.kids.top,Wrenfield,11.75,500000001,6faf74c1a3e99316c7c8f31b0b5474ac
2022-10-14 20:54:31 UTC,cart,6960004,1549623645531932356,accessories.bags,,49.22,500000001,6faf74c1a3e99316c7c8f31b0b5474ac
2022-10-14 20:56:25 UTC,view,9040237,1472209747072745335,footwear.boots,,118.31,500000001,6faf74c1a3e99316c7c8f31b0b5474ac
2022-10-14 21:05:40 UTC,purchase,6960004,1549623645531932356,accessories.bags,,48.72,500000001,6faf74c1a3e99316c7c8f31b0b5474ac
2022-10-14 21:06:35 UTC,view,3583619,1558430393367643133,accessories.hats,,29.93,500000001,6faf74c1a3e99316c7c8f31b0b5474ac
2022-10-15 22:28:55 UTC,view,5027667,1546390003792228747,footwear.sneakers,Milbrook,100.34,500000003,2fbded01aeadc835855575f72a2cfb95
2022-10-15 22:29:34 UTC,view,3503816,1428548884811402817,apparel.men.shirt,Aldyne,20.53,500000003,2fbded01aeadc835855575f72a2cfb95
2022-10-15 22:30:21 UTC,view,1092786,1558430393367643133,,Thistlewood,11.1,500000003,2fbded01aeadc835855575f72a2cfb95
2022-10-15 22:32:54 UTC,view,7182700,1492821164472423496,apparel.men.jeans,,86.48,500000003,2fbded01aeadc835855575f72a2cfb95
2022-10-15 22:33:00 UTC,view,7182700,1492821164472423496,apparel.men.jeans,,98.92,500000003,2fbded01aeadc835855575f72a2cfb95
2022-10-15 22:45:17 UTC,view,1640473,1428548884811402817,apparel.men.shirt,,25.76,500000003,2fbded01aeadc835855575f72a2cfb95
2022-10-16 12:46:00 UTC,view,4870730,1429628030847824846,footwear.sandals,,21.05,500000004,0c4b062eb670ecf943b967e93acb5bf5
2022-10-16 12:46:00 UTC,cart,2102225,1516173523019626745,,Vantree,35.23,500000004,0c4b062eb670ecf943b967e93acb5bf5
2022-10-16 12:46:54 UTC,purchase,2102225,1516173523019626745,apparel.women.dress,,34.84,500000004,0c4b062eb670ecf943b967e93acb5bf5
2022-10-18 12:42:07 UTC,view,3487534,1429628030847824846,footwear.sandals,Bellcroft,19.0,500000002,6b1949303b2d692beee06ec70faa5e76
2022-10-18 12:42:07 UTC,cart,4476707,1492821164472423496,apparel.men.jeans,Aldyne,100.04,500000002,6b1949303b2d692beee06ec70faa5e76
2022-10-18 12:44:50 UTC,view,8634461,1428548884811402817,,Kestrel & Co,22.41,500000002,6b1949303b2d692beee06ec70faa5e76
18/10/2022 12:45,view,7182700,1492821164472423496,apparel.men.jeans,,93.6,500000002,6b1949303b2d692beee06ec70faa5e76
2022-10-18 12:46:17 UTC,purchase,4476707,1492821164472423496,apparel.men.jeans,Aldyne,99.23,500000002,6b1949303b2d692beee06ec70faa5e76
2022-10-19 10:35:09 UTC,view,4705110,1428548884811402817,apparel.men.shirt,,21.01,500000009,36aaa321fa5e770501440fd8ae8a27af
2022-10-19 10:46:23 UTC,view,6938043,1428548884811402817,apparel.men.shirt,,49.76,500000009,36aaa321fa5e770501440fd8ae8a27af
2022-10-19 19:58:14 UTC,view,9829417,1546390003792228747,footwear.sneakers,Bellcroft,133.45,500000007,2817007af40d62eb7b2907acaf8ac2cf
2022-10-19 20:02:50 UTC,view,5822751,1492821164472423496,apparel.men.jeans,,71.29,500000007,2817007af40d62eb7b2907acaf8ac2cf
2022-10-19 20:08:27 UTC,view,3157737,1516173523019626745,apparel.women.dress,Ruskin & Fable,79.39,500000007,2817007af40d62eb7b2907acaf8ac2cf
2022-10-19 20:15:26 UTC,view,4747587,1482972250706899052,apparel.women.pants,,70.61,500000007,2817007af40d62eb7b2907acaf8ac2cf
2022-10-19 20:22:53 UTC,view,4747587,1482972250706899052,apparel.women.pants,,78.78,500000007,2817007af40d62eb7b2907acaf8ac2cf
19/10/2022 21:29,view,3163829,1558364261414932063,apparel.women.top,Marlow Row,37.63,500000001,b8afb5b6bd87c11792155c34f8105c31
2022-10-19 21:30:41 UTC,view,9829417,1546390003792228747,footwear.sneakers,Bellcroft,113.73,500000001,b8afb5b6bd87c11792155c34f8105c31
2022-10-19 21:33:15 UTC,purchase,8966163,1549623645531932356,,,77.32,500000001,b8afb5b6bd87c11792155c34f8105c31
2022-10-20 15:10:24 UTC,view,1850756,1428548884811402817,apparel.men.shirt,Doverly,50.4,500000001,d7b1192750d80687915100e0d244ea7d
2022-10-20 15:14:06 UTC,view,7871485,1508136215129873133,apparel.kids.top,,18.02,500000001,d7b1192750d80687915100e0d244ea7d
2022-10-20 15:14:43 UTC,view,9319849,1472209747072745335,footwear.boots,Marlow Row,137.1,500000001,d7b1192750d80687915100e0d244ea7d
2022-10-20 15:21:02 UTC,view,9036326,1558430393367643133,accessories.hats,,8.61,500000001,d7b1192750d80687915100e0d244ea7d
2022-10-20 15:24:34 UTC,view,8966163,1549623645531932356,accessories.bags,Solmara,89.34,500000001,d7b1192750d80687915100e0d244ea7d
2022-10-20 15:24:52 UTC,view,7182700,1492821164472423496,apparel.men.jeans,,93.88,500000001,d7b1192750d80687915100e0d244ea7d
2022-10-20 15:26:30 UTC,cart,8966163,1549623645531932356,accessories.bags,,83.13,500000001,d7b1192750d80687915100e0d244ea7d
2022-10-20 15:26:39 UTC,view,3163829,1558364261414932063,apparel.women.top,Marlow Row,40.35,500000001,d7b1192750d80687915100e0d244ea7d
2022-10-20 15:26:50 UTC,view,9319849,1472209747072745335,footwear.boots,Marlow Row,164.41,500000001,d7b1192750d80687915100e0d244ea7d
2022-10-20 15:28:33 UTC,purchase,8966163,1549623645531932356,accessories.bags,,87.44,500000001,d7b1192750d80687915100e0d244ea7d
2022-10-20 15:29:33 UTC,view,8261390,1519748099762056932,,,146.4,500000001,d7b1192750d80687915100e0d244ea7d
20/10/2022 15:31,view,6000495,1546390003792228747,,Ruskin & Fable,48.37,500000001,d7b1192750d80687915100e0d244ea7d
2022-10-20 15:34:31 UTC,view,9829417,1546390003792228747,footwear.sneakers,Bellcroft,125.13,500000001,d7b1192750d80687915100e0d244ea7d
2022-10-21 11:28:25 UTC,view,9748139,1594728468612408249,,Ferncastle,21.37,500000015,b37cb12d54861e2f23c3100215407636
2022-10-21 11:33:29 UTC,view,8903471,1428548884811402817,,,19.05,500000015,b37cb12d54861e2f23c3100215407636
2022-10-21 11:46:49 UTC,view,9755526,1589407324608544585,apparel.women.outerwear,Ashgrove,91.41,500000015,b37cb12d54861e2f23c3100215407636
2022-10-21 11:48:29 UTC,cart,5599767,1558364261414932063,apparel.women.top,,16.03,500000015,b37cb12d54861e2f23c3100215407636
2022-10-21 11:50:13 UTC,purchase,5599767,1558364261414932063,apparel.women.top,,15.08,500000015,b37cb12d54861e2f23c3100215407636
2022-10-21 13:49:46 UTC,view,3124731,1558364261414932063,apparel.women.top,,31.34,500000001,5cfb01b51991a6587d95ee0a49a50285
2022-10-21 14:03:34 UTC,view,7429245,1428548884811402817,apparel.men.shirt,,16.31,500000001,5cfb01b51991a6587d95ee0a49a50285
2022-10-21 14:05:48 UTC,view,7433330,1428548884811402817,apparel.men.shirt,,16.1,500000001,5cfb01b51991a6587d95ee0a49a50285
2022-10-21 20:41:27 UTC,view,9829417,1546390003792228747,,,131.37,500000002,d06a1b93ef5aca38862add709938e8ad
2022-10-21 20:46:36 UTC,view,4143393,1519748099762056932,apparel.men.outerwear,,222.57,500000002,d06a1b93ef5aca38862add709938e8ad
2022-10-21 20:48:29 UTC,view,5495706,1589407324608544585,apparel.women.outerwear,Vantree,151.73,500000002,d06a1b93ef5aca38862add709938e8ad
2022-10-21 20:53:37 UTC,view,1080071,1429628030847824846,footwear.sandals,Oakspire,34.56,500000002,d06a1b93ef5aca38862add709938e8ad
2022-10-22 15:54:49 UTC,view,9748139,1594728468612408249,accessories.jewelry,Ferncastle,20.14,500000001,6e008f806e8bbdf498da3d78284ca867
2022-10-22 15:54:49 UTC,cart,8634461,1428548884811402817,apparel.men.shirt,Kestrel & Co,20.27,500000001,6e008f806e8bbdf498da3d78284ca867
2022-10-22 15:59:34 UTC,view,7182700,1492821164472423496,apparel.men.jeans,,98.52,500000001,6e008f806e8bbdf498da3d78284ca867
2022-10-22 15:59:58 UTC,view,9841830,1508136215129873133,apparel.kids.top,,11.46,500000001,6e008f806e8bbdf498da3d78284ca867
2022-10-22 21:06:32 UTC,view,3503816,1428548884811402817,apparel.men.shirt,,24.14,500000003,6c6f1d7ba4797ed3aa2355266e85fa1b
2022-10-22 21:18:41 UTC,cart,3781033,1558364261414932063,apparel.women.top,,46.86,500000003,6c6f1d7ba4797ed3aa2355266e85fa1b
2022-10-22 21:20:04 UTC,view,8966163,1549623645531932356,accessories.bags,Solmara,90.33,500000003,6c6f1d7ba4797ed3aa2355266e85fa1b
2022-10-22 21:22:48 UTC,view,2704704,1546390003792228747,footwear.sneakers,,101.58,500000003,6c6f1d7ba4797ed3aa2355266e85fa1b
2022-10-22 21:22:59 UTC,purchase,3781033,1558364261414932063,apparel.women.top,,47.77,500000003,6c6f1d7ba4797ed3aa2355266e85fa1b
2022-10-23 12:03:17 UTC,view,7182700,1492821164472423496,apparel.men.jeans,,84.73,500000001,826968871778c5ed4e0e604c792139f2
2022-10-23 12:10:14 UTC,view,9800243,1492821164472423496,apparel.men.jeans,Palewick,77.56,500000001,826968871778c5ed4e0e604c792139f2
2022-10-23 12:14:01 UTC,view,9118832,1589407324608544585,apparel.women.outerwear,,168.5,500000001,826968871778c5ed4e0e604c792139f2
2022-10-23 23:54:33 UTC,view,7182700,1492821164472423496,apparel.men.jeans,,100.44,500000033,956f7071509ef1841fbd889f1beb07c9
2022-10-24 00:05:31 UTC,view,9939190,1482972250706899052,apparel.women.pants,Marlow Row,62.3,500000033,956f7071509ef1841fbd889f1beb07c9
2022-10-24 00:08:52 UTC,view,3124731,1558364261414932063,apparel.women.top,,31.56,500000033,956f7071509ef1841fbd889f1beb07c9
2022-10-24 00:12:17 UTC,view,9645778,1558186846391920988,,,31.0,500000033,956f7071509ef1841fbd889f1beb07c9
2022-10-24 00:14:10 UTC,view,6079235,1508136215129873133,,Bramholt,8.89,500000033,956f7071509ef1841fbd889f1beb07c9
2022-10-24 07:51:41 UTC,view,2102225,1516173523019626745,apparel.women.dress,Vantree,34.31,500000002,fa8f7cecf2d635d88b818edc7ae67b97
2022-10-24 07:54:35 UTC,view,6380274,1472209747072745335,footwear.boots,,185.78,500000002,fa8f7cecf2d635d88b818edc7ae67b97
2022-10-24 08:00:18 UTC,view,1850756,1428548884811402817,,Doverly,44.23,500000002,fa8f7cecf2d635d88b818edc7ae67b97
2022-10-24 08:05:02 UTC,view,5599030,1558430393367643133,accessories.hats,Marlow Row,25.25,500000002,fa8f7cecf2d635d88b818edc7ae67b97
2022-10-24 08:06:18 UTC,view,1099410,1558430393367643133,accessories.hats,,15.34,500000002,fa8f7cecf2d635d88b818edc7ae67b97
2022-10-24 20:42:32 UTC,view,7047405,1482972250706899052,,,25.15,500000002,87388ca38aa7bd5b557bfe4a8e140156
2022-10-24 20:48:38 UTC,cart,3346010,1558430393367643133,,Ferncastle,26.84,500000002,87388ca38aa7bd5b557bfe4a8e140156
2022-10-24 20:49:48 UTC,purchase,3346010,1558430393367643133,accessories.hats,Ferncastle,29.45,500000002,87388ca38aa7bd5b557bfe4a8e140156
2022-10-24 21:01:26 UTC,view,8966163,1549623645531932356,accessories.bags,,80.89,500000002,87388ca38aa7bd5b557bfe4a8e140156
2022-10-25 20:02:17 UTC,view,8966163,1549623645531932356,accessories.bags,Solmara,82.36,500000002,408bff61943e980b1beb0bbf3dfd3134
2022-10-25 20:15:22 UTC,view,8966163,1549623645531932356,accessories.bags,Solmara,87.55,500000002,408bff61943e980b1beb0bbf3dfd3134
2022-10-25 20:16:00 UTC,view,1162680,1589407324608544585,apparel.women.outerwear,Kestrel & Co,197.6,500000002,408bff61943e980b1beb0bbf3dfd3134
2022-10-25 20:19:06 UTC,view,9748139,1594728468612408249,accessories.jewelry,,22.54,500000002,408bff61943e980b1beb0bbf3dfd3134
2022-10-25 20:21:10 UTC,cart,1099410,1558430393367643133,accessories.hats,Norlend,18.0,500000002,408bff61943e980b1beb0bbf3dfd3134
2022-10-25 20:22:34 UTC,purchase,1099410,1558430393367643133,accessories.hats,Norlend,15.32,500000002,408bff61943e980b1beb0bbf3dfd3134
2022-10-25 22:02:23 UTC,view,4123600,1519748099762056932,apparel.men.outerwear,,167.67,500000020,15883ea7bb91cfd5e1efc9d4582b35d9
2022-10-25 22:12:10 UTC,cart,8966163,1549623645531932356,accessories.bags,Solmara,87.92,500000020,15883ea7bb91cfd5e1efc9d4582b35d9
2022-10-25 22:14:35 UTC,view,7729308,1482972250706899052,apparel.women.pants,Ruskin & Fable,44.03,500000020,15883ea7bb91cfd5e1efc9d4582b35d9
2022-10-25 22:15:48 UTC,purchase,8966163,1549623645531932356,accessories.bags,Solmara,90.1,500000020,15883ea7bb91cfd5e1efc9d4582b35d9
2022-10-25 22:18:23 UTC,view,8966163,1549623645531932356,accessories.bags,Solmara,88.16,500000020,15883ea7bb91cfd5e1efc9d4582b35d9
2022-10-26 18:46:15 UTC,view,8089253,1516173523019626745,apparel.women.dress,Norlend,105.5,500000001,9b8635eb0954e3c53f1bb766efbf1070
2022-10-26 18:48:02 UTC,view,1428173,1589407324608544585,apparel.women.outerwear,,100.48,500000001,9b8635eb0954e3c53f1bb766efbf1070
2022-10-26 19:07:55 UTC,view,8488816,1429628030847824846,,Wrenfield,55.76,500000001,9b8635eb0954e3c53f1bb766efbf1070
2022-10-26 19:10:16 UTC,view,4663963,1428548884811402817,apparel.men.shirt,,36.17,500000001,9b8635eb0954e3c53f1bb766efbf1070
2022-10-27 12:47:09 UTC,view,4143393,1519748099762056932,apparel.men.outerwear,,193.47,500000001,911e0ddda49bd70806075ba93550a697
2022-10-27 12:54:39 UTC,cart,7275086,1558186846391920988,apparel.kids.outerwear,,62.62,500000001,911e0ddda49bd70806075ba93550a697
2022-10-27 13:00:32 UTC,view,8966163,1549623645531932356,,Solmara,85.31,500000001,911e0ddda49bd70806075ba93550a697
2022-10-27 13:06:23 UTC,purchase,7275086,1558186846391920988,apparel.kids.outerwear,,58.91,500000001,911e0ddda49bd70806075ba93550a697
2022-10-28 13:48:02 UTC,view,5862621,1492821164472423496,apparel.men.jeans,,43.24,500000001,ff26486508b63d659ee4125c0a5bad64
2022-10-28 13:56:55 UTC,view,8966163,1549623645531932356,accessories.bags,Solmara,86.43,500000001,ff26486508b63d659ee4125c0a5bad64
2022-10-28 18:09:19 UTC,view,9118281,1558364261414932063,apparel.women.top,Solmara,16.64,500000004,1905498a07622981673a0ab4f40ae328
2022-10-28 18:09:34 UTC,view,2102225,1516173523019626745,,Vantree,38.63,500000004,1905498a07622981673a0ab4f40ae328
2022-10-28 18:18:32 UTC,view,2931280,1558364261414932063,apparel.women.top,Thistlewood,32.65,500000004,1905498a07622981673a0ab4f40ae328
2022-10-28 18:24:48 UTC,view,6810241,1428548884811402817,apparel.men.shirt,Milbrook,16.75,500000004,1905498a07622981673a0ab4f40ae328
2022-10-29 09:03:07 UTC,view,1383693,1492821164472423496,apparel.men.jeans,,35.12,500000001,142c4694a8acb74c382c6440fdd011c0
2022-10-29 09:05:24 UTC,view,4059984,1428548884811402817,apparel.men.shirt,,38.49,500000001,142c4694a8acb74c382c6440fdd011c0
2022-10-30 07:44:19 UTC,view,7448961,1590725883499271729,accessories.belts,Harlow Vale,16.21,500000001,035e19b84a75389d7c2ef689bbc01bce
2022-10-30 07:50:48 UTC,view,4123600,1519748099762056932,apparel.men.outerwear,,163.36,500000001,035e19b84a75389d7c2ef689bbc01bce
2022-10-30 07:52:39 UTC,view,6497266,1558430393367643133,accessories.hats,Doverly,10.45,500000001,035e19b84a75389d7c2ef689bbc01bce
2022-10-30 07:58:09 UTC,view,9829417,1546390003792228747,footwear.sneakers,Bellcroft,127.96,500000001,035e19b84a75389d7c2ef689bbc01bce
2022-10-30 10:30:18 UTC,view,4747587,1482972250706899052,,,84.52,500000001,aaddff4be9b0e3c309f42e98c0b5f525
2022-10-30 10:39:22 UTC,view,1029072,1482972250706899052,apparel.women.pants,Palewick,50.98,500000001,aaddff4be9b0e3c309f42e98c0b5f525
2022-10-30 10:39:32 UTC,view,6960004,1549623645531932356,accessories.bags,,45.74,500000001,aaddff4be9b0e3c309f42e98c0b5f525
2022-10-30 10:40:02 UTC,view,9319849,1472209747072745335,,Marlow Row,159.45,500000001,aaddff4be9b0e3c309f42e98c0b5f525
2022-10-30 10:41:55 UTC,view,9118832,1589407324608544585,apparel.women.outerwear,Ruskin & Fable,150.16,500000001,aaddff4be9b0e3c309f42e98c0b5f525
2022-10-31 22:43:44 UTC,view,5131367,1549623645531932356,accessories.bags,,29.36,500000001,c5d02ac100fc885f157a2ef27fd428cf
2022-10-31 22:43:51 UTC,view,9075437,1558364261414932063,apparel.women.top,,29.72,500000001,c5d02ac100fc885f157a2ef27fd428cf
2022-10-31 22:53:07 UTC,view,1260475,1589407324608544585,apparel.women.outerwear,Kestrel & Co,183.52,500000001,c5d02ac100fc885f157a2ef27fd428cf
2022-10-31 23:07:09 UTC,view,1196740,1516173523019626745,apparel.women.dress,Vantree,60.51,500000001,c5d02ac100fc885f157a2ef27fd428cf
2022-10-31 23:08:55 UTC,view,2102225,1516173523019626745,apparel.women.dress,Vantree,34.79,500000001,c5d02ac100fc885f157a2ef27fd428cf
2022-11-01 10:31:49 UTC,view,8832573,1589407324608544585,apparel.women.outerwear,Harlow Vale,81.11,500000001,89f16b83dd1f18bd28805b7ab6e83c0e
2022-11-01 10:39:04 UTC,view,7182700,1492821164472423496,apparel.men.jeans,,83.49,500000001,89f16b83dd1f18bd28805b7ab6e83c0e
2022-11-01 10:40:51 UTC,view,9755526,1589407324608544585,apparel.women.outerwear,Ashgrove,78.39,500000001,89f16b83dd1f18bd28805b7ab6e83c0e
2022-11-01 10:46:08 UTC,view,5409305,1516173523019626745,apparel.women.dress,,124.04,500000001,89f16b83dd1f18bd28805b7ab6e83c0e
2022-11-01 10:47:03 UTC,view,4747587,1482972250706899052,,,78.18,500000001,89f16b83dd1f18bd28805b7ab6e83c0e
2022-11-01 13:42:14 UTC,view,6338037,1492821164472423496,apparel.men.jeans,,40.49,500000002,cfdb26660e2d909db6fa8a770d2472c1
2022-11-01 13:44:42 UTC,view,6529231,1558186846391920988,apparel.kids.outerwear,Greymont,29.38,500000002,95133a44c046d7e0cf3a438162b9bc85
2022-11-01 13:47:05 UTC,view,9036326,1558430393367643133,accessories.hats,,7.97,500000002,95133a44c046d7e0cf3a438162b9bc85
2022-11-01 13:47:44 UTC,cart,1430298,1519748099762056932,apparel.men.outerwear,,121.87,500000002,95133a44c046d7e0cf3a438162b9bc85
2022-11-01 13:49:06 UTC,purchase,1430298,1519748099762056932,apparel.men.outerwear,,130.95,500000002,95133a44c046d7e0cf3a438162b9bc85
2022-11-01 13:52:28 UTC,view,1260475,1589407324608544585,apparel.women.outerwear,,176.32,500000002,cfdb26660e2d909db6fa8a770d2472c1
2022-11-01 13:53:02 UTC,view,8966163,1549623645531932356,,,87.34,500000002,95133a44c046d7e0cf3a438162b9bc85
2022-11-02 13:05:40 UTC,view,8634461,1428548884811402817,apparel.men.shirt,,21.92,500000005,e8c80247caa7466a55aa15d45030c64d
2022-11-02 13:05:40 UTC,cart,2731345,1428548884811402817,apparel.men.shirt,Aldyne,52.83,500000005,e8c80247caa7466a55aa15d45030c64d
2022-11-02 13:08:44 UTC,purchase,2731345,1428548884811402817,apparel.men.shirt,Aldyne,57.49,500000005,e8c80247caa7466a55aa15d45030c64d
2022-11-02 13:10:19 UTC,view,4123600,1519748099762056932,apparel.men.outerwear,,165.32,500000005,e8c80247caa7466a55aa15d45030c64d
2022-11-02 13:23:23 UTC,view,4489659,1516173523019626745,apparel.women.dress,Milbrook,62.33,500000005,e8c80247caa7466a55aa15d45030c64d
2022-11-02 13:24:52 UTC,view,5711182,1546390003792228747,footwear.sneakers,Oakspire,80.04,500000005,e8c80247caa7466a55aa15d45030c64d
2022-11-02 17:47:35 UTC,view,8966163,1549623645531932356,accessories.bags,Solmara,92.77,500000001,339d2239f7883c223a1c7e9eeb82c461
2022-11-02 17:48:05 UTC,view,1162680,1589407324608544585,,,216.94,500000001,339d2239f7883c223a1c7e9eeb82c461
2022-11-02 17:53:54 UTC,view,8758486,1516173523019626745,apparel.women.dress,,80.45,500000001,339d2239f7883c223a1c7e9eeb82c461
02/11/2022 17:59,view,8966163,1549623645531932356,accessories.bags,Solmara,83.37,500000001,339d2239f7883c223a1c7e9eeb82c461
2022-11-02 18:01:16 UTC,view,3698437,1492821164472423496,apparel.men.jeans,,52.71,500000001,339d2239f7883c223a1c7e9eeb82c461
2022-11-02 18:02:56 UTC,view,4705110,1428548884811402817,apparel.men.shirt,Ashgrove,19.79,500000001,339d2239f7883c223a1c7e9eeb82c461
2022-11-02 18:04:40 UTC,view,5068008,1558364261414932063,apparel.women.top,Ashgrove,18.08,500000001,339d2239f7883c223a1c7e9eeb82c461
2022-11-02 18:13:55 UTC,view,7182700,1492821164472423496,apparel.men.jeans,,83.49,500000001,339d2239f7883c223a1c7e9eeb82c461
2022-11-03 18:35:36 UTC,view,2317989,1482972250706899052,apparel.women.pants,Palewick,62.74,500000001,84ff596840e9031ac0ff93661fa9d89b
2022-11-03 18:41:52 UTC,cart,7729308,1482972250706899052,apparel.women.pants,Ruskin & Fable,38.07,500000001,84ff596840e9031ac0ff93661fa9d89b
2022-11-03 18:44:14 UTC,purchase,7729308,1482972250706899052,apparel.women.pants,Ruskin & Fable,40.85,500000001,84ff596840e9031ac0ff93661fa9d89b
2022-11-03 18:53:59 UTC,view,4747587,1482972250706899052,apparel.women.pants,,77.58,500000001,84ff596840e9031ac0ff93661fa9d89b
2022-11-04 03:49:11 UTC,view,6338037,1492821164472423496,apparel.men.jeans,,36.55,500000002,ddfe7278fa959e338fe95a480500eaa3
2022-11-04 03:49:31 UTC,cart,3676700,1558186846391920988,apparel.kids.outerwear,Oakspire,64.46,500000002,ddfe7278fa959e338fe95a480500eaa3
2022-11-04 03:50:18 UTC,purchase,3676700,1558186846391920988,apparel.kids.outerwear,Oakspire,70.38,500000002,ddfe7278fa959e338fe95a480500eaa3
2022-11-04 03:52:32 UTC,view,7182700,1492821164472423496,apparel.men.jeans,,88.47,500000002,ddfe7278fa959e338fe95a480500eaa3
2022-11-04 03:53:26 UTC,view,3004815,1482972250706899052,apparel.women.pants,,61.74,500000002,ddfe7278fa959e338fe95a480500eaa3
2022-11-04 04:04:49 UTC,view,8795573,1482972250706899052,apparel.women.pants,,27.78,500000002,ddfe7278fa959e338fe95a480500eaa3
2022-11-04 13:51:43 UTC,view,6245368,1558430393367643133,accessories.hats,,25.27,500000001,851849f7caec1b3ca584e24899a994d9
2022-11-04 14:00:02 UTC,view,8966163,1549623645531932356,,Solmara,89.89,500000001,851849f7caec1b3ca584e24899a994d9
2022-11-04 14:01:16 UTC,view,8966163,1549623645531932356,accessories.bags,Solmara,78.4,500000001,851849f7caec1b3ca584e24899a994d9
2022-11-05 12:21:49 UTC,view,1162680,1589407324608544585,apparel.women.outerwear,Kestrel & Co,215.18,500002596,9712937cf6211022fb8fb308d832012a
2022-11-05 12:27:52 UTC,view,2287051,1508136215129873133,apparel.kids.top,Norlend,23.38,500002596,9712937cf6211022fb8fb308d832012a
2022-11-05 12:31:45 UTC,view,5599030,1558430393367643133,accessories.hats,Marlow Row,30.19,500002596,9712937cf6211022fb8fb308d832012a
2022-11-05 12:44:37 UTC,view,6810241,1428548884811402817,,Milbrook,18.34,500002596,9712937cf6211022fb8fb308d832012a
2022-11-05 13:39:28 UTC,view,1079923,1516173523019626745,apparel.women.dress,,103.33,500000037,20354950b526e05152efcce45e41277a
2022-11-05 13:50:26 UTC,view,4489659,1516173523019626745,apparel.women.dress,Milbrook,60.96,500000037,20354950b526e05152efcce45e41277a
2022-11-05 16:54:13 UTC,view,7201529,1589407324608544585,apparel.women.outerwear,,91.35,500000001,0815ddb8985203e1fc0fab054393a632
2022-11-05 16:58:39 UTC,view,3163829,1558364261414932063,apparel.women.top,,45.18,500000001,0815ddb8985203e1fc0fab054393a632
2022-11-05 17:01:44 UTC,view,5409305,1516173523019626745,apparel.women.dress,,118.72,500000001,0815ddb8985203e1fc0fab054393a632
2022-11-05 17:06:05 UTC,view,4143393,1519748099762056932,apparel.men.outerwear,Marlow Row,224.1,500000001,0815ddb8985203e1fc0fab054393a632
2022-11-05 17:15:04 UTC,view,2102225,1516173523019626745,apparel.women.dress,Vantree,34.96,500000001,0815ddb8985203e1fc0fab054393a632
2022-11-05 17:18:45 UTC,view,9829417,1546390003792228747,footwear.sneakers,Bellcroft,133.12,500000001,0815ddb8985203e1fc0fab054393a632
2022-11-05 17:20:17 UTC,cart,9800243,1492821164472423496,apparel.men.jeans,,83.44,500000001,0815ddb8985203e1fc0fab054393a632
2022-11-05 17:24:26 UTC,purchase,9800243,1492821164472423496,apparel.men.jeans,Palewick,84.6,500000001,0815ddb8985203e1fc0fab054393a632
2022-11-05 17:45:32 UTC,view,6000495,1546390003792228747,footwear.sneakers,Ruskin & Fable,48.62,500000008,9b0ef08518719acc66ced45751cfacf6
2022-11-05 17:45:32 UTC,cart,3243048,1558364261414932063,apparel.women.top,Thistlewood,46.88,500000008,9b0ef08518719acc66ced45751cfacf6
2022-11-05 17:50:33 UTC,purchase,3243048,1558364261414932063,apparel.women.top,Thistlewood,46.25,500000008,9b0ef08518719acc66ced45751cfacf6
2022-11-05 20:00:44 UTC,view,4098324,1558364261414932063,apparel.women.top,Norlend,21.69,500000018,745b0abf369dff8576cf860cd6338017
2022-11-05 20:08:37 UTC,view,4720552,1428548884811402817,apparel.men.shirt,Palewick,15.04,500000018,745b0abf369dff8576cf860cd6338017
2022-11-05 20:10:53 UTC,view,8966163,1549623645531932356,,Solmara,81.69,500000018,745b0abf369dff8576cf860cd6338017
2022-11-05 20:14:43 UTC,view,4489659,1516173523019626745,apparel.women.dress,,56.41,500000018,745b0abf369dff8576cf860cd6338017
2022-11-05 20:22:26 UTC,view,8966163,1549623645531932356,,Solmara,86.97,500000018,745b0abf369dff8576cf860cd6338017
2022-11-08 08:16:21 UTC,view,4170752,1519748099762056932,,Bramholt,225.55,500000055,60f20c5bf6be441c7088942ef678bb02
2022-11-08 08:25:49 UTC,view,4194454,1482972250706899052,apparel.women.pants,Vantree,59.59,500000055,60f20c5bf6be441c7088942ef678bb02
2022-11-08 08:37:09 UTC,cart,6362414,1558364261414932063,apparel.women.top,,23.18,500000055,60f20c5bf6be441c7088942ef678bb02
2022-11-08 08:41:11 UTC,purchase,6362414,1558364261414932063,,Ferncastle,22.94,500000055,60f20c5bf6be441c7088942ef678bb02
2022-11-09 15:33:04 UTC,view,9319849,1472209747072745335,footwear.boots,Marlow Row,150.84,500000001,3a56aec4149b50a9de9f4fd968f227ec
2022-11-09 15:34:13 UTC,view,5027667,1546390003792228747,footwear.sneakers,Milbrook,107.69,500000001,3a56aec4149b50a9de9f4fd968f227ec
2022-11-10 08:48:01 UTC,view,2102225,1516173523019626745,apparel.women.dress,,36.88,500000021,210d7b3b08dc9ecb736cce0488004009
10/11/2022 08:51,view,4762867,1594728468612408249,accessories.jewelry,Greymont,17.56,500000021,210d7b3b08dc9ecb736cce0488004009
2022-11-10 09:10:33 UTC,view,7433330,1428548884811402817,apparel.men.shirt,Greymont,13.77,500000021,210d7b3b08dc9ecb736cce0488004009
2022-11-10 09:11:48 UTC,cart,8966163,1549623645531932356,accessories.bags,Solmara,84.74,500000021,210d7b3b08dc9ecb736cce0488004009
2022-11-10 11:00:16 UTC,view,8966163,1549623645531932356,accessories.bags,Solmara,78.17,500000010,6b5b9b46fecf51702f119899ecfc3149
2022-11-10 11:02:57 UTC,view,3533080,1519748099762056932,apparel.men.outerwear,,114.95,500000010,6b5b9b46fecf51702f119899ecfc3149
2022-11-10 11:11:26 UTC,view,7567958,1516173523019626745,apparel.women.dress,,99.54,500000010,6b5b9b46fecf51702f119899ecfc3149
2022-11-10 15:29:57 UTC,view,4646091,1516173523019626745,apparel.women.dress,,66.31,500000002,709f6db6354e6225b6fbb266c855cd5c
2022-11-10 15:30:48 UTC,view,6079235,1508136215129873133,apparel.kids.top,,9.11,500000002,709f6db6354e6225b6fbb266c855cd5c
10/11/2022 15:38,view,2295523,1516173523019626745,apparel.women.dress,,42.82,500000002,709f6db6354e6225b6fbb266c855cd5c
2022-11-10 15:44:01 UTC,view,5425967,1546390003792228747,,,88.52,500000002,709f6db6354e6225b6fbb266c855cd5c
2022-11-10 15:45:06 UTC,view,8488816,1429628030847824846,footwear.sandals,Wrenfield,60.13,500000002,709f6db6354e6225b6fbb266c855cd5c
2022-11-10 15:46:51 UTC,view,1189654,1428548884811402817,,,31.26,500000002,709f6db6354e6225b6fbb266c855cd5c
2022-11-10 15:50:44 UTC,cart,3852546,1482972250706899052,apparel.women.pants,Bramholt,68.53,500000002,709f6db6354e6225b6fbb266c855cd5c
2022-11-10 15:51:32 UTC,purchase,3852546,1482972250706899052,apparel.women.pants,Bramholt,76.41,500000002,709f6db6354e6225b6fbb266c855cd5c
2022-11-12 12:19:25 UTC,view,7346335,1594728468612408249,accessories.jewelry,Milbrook,73.36,500000003,799a0b46cd96eab49e91e716aaed8f0d
2022-11-12 12:26:11 UTC,view,8966163,1549623645531932356,,Solmara,92.13,500000003,799a0b46cd96eab49e91e716aaed8f0d
2022-11-12 12:27:21 UTC,view,6079235,1508136215129873133,apparel.kids.top,Bramholt,10.29,500000003,799a0b46cd96eab49e91e716aaed8f0d
2022-11-12 12:32:44 UTC,view,7182700,1492821164472423496,apparel.men.jeans,,85.72,500000003,799a0b46cd96eab49e91e716aaed8f0d
2022-11-12 12:35:59 UTC,cart,6362414,1558364261414932063,apparel.women.top,Ferncastle,24.59,500000003,799a0b46cd96eab49e91e716aaed8f0d
2022-11-12 12:37:27 UTC,purchase,6362414,1558364261414932063,apparel.women.top,,22.13,500000003,799a0b46cd96eab49e91e716aaed8f0d
2022-11-12 12:43:29 UTC,view,6245368,1558430393367643133,accessories.hats,,27.75,500000003,799a0b46cd96eab49e91e716aaed8f0d
2022-11-12 14:47:04 UTC,view,8966163,1549623645531932356,,Solmara,87.05,500000010,1e6dcc796c51f5e2e663981d7eb9a69b
2022-11-12 14:47:04 UTC,cart,8488816,1429628030847824846,footwear.sandals,,62.48,500000010,1e6dcc796c51f5e2e663981d7eb9a69b
2022-11-12 14:50:25 UTC,view,8966163,1549623645531932356,accessories.bags,,83.57,500000010,1e6dcc796c51f5e2e663981d7eb9a69b
2022-11-12 14:50:34 UTC,remove_from_cart,8488816,1429628030847824846,footwear.sandals,,56.15,500000010,1e6dcc796c51f5e2e663981d7eb9a69b
2022-11-12 15:02:14 UTC,view,8966163,1549623645531932356,accessories.bags,Solmara,79.36,500000010,1e6dcc796c51f5e2e663981d7eb9a69b
2022-11-12 15:14:51 UTC,view,9755526,1589407324608544585,apparel.women.outerwear,Ashgrove,83.96,500000010,1e6dcc796c51f5e2e663981d7eb9a69b
2022-11-12 15:15:08 UTC,view,2731345,1428548884811402817,apparel.men.shirt,Aldyne,56.84,500000010,1e6dcc796c51f5e2e663981d7eb9a69b
2022-11-15 16:18:04 UTC,view,1260475,1589407324608544585,apparel.women.outerwear,Kestrel & Co,166.26,500000001,4dd25330b3667760d5a4783bc9868265
2022-11-15 16:23:40 UTC,view,5464062,1508136215129873133,apparel.kids.top,Bellcroft,17.02,500000001,4dd25330b3667760d5a4783bc9868265
2022-11-15 16:34:51 UTC,cart,7660389,1508136215129873133,,,26.92,500000001,4dd25330b3667760d5a4783bc9868265
2022-11-15 16:36:08 UTC,purchase,7660389,1508136215129873133,apparel.kids.top,,24.57,500000001,4dd25330b3667760d5a4783bc9868265
2022-11-15 16:44:21 UTC,view,8966163,1549623645531932356,accessories.bags,,79.72,500000001,4dd25330b3667760d5a4783bc9868265
2022-11-15 16:44:29 UTC,view,3002277,1558364261414932063,apparel.women.top,Harlow Vale,43.86,500000001,4dd25330b3667760d5a4783bc9868265
2022-11-16 13:33:01 UTC,view,1083413,1492821164472423496,apparel.men.jeans,Thistlewood,70.55,500000001,4c8a3f33710fd1184c600fac59587d4c
2022-11-16 13:42:32 UTC,view,8089253,1516173523019626745,apparel.women.dress,Norlend,124.13,500000001,4c8a3f33710fd1184c600fac59587d4c
2022-11-16 13:51:18 UTC,view,9829417,1546390003792228747,footwear.sneakers,Bellcroft,113.77,500000001,4c8a3f33710fd1184c600fac59587d4c
2022-11-16 13:59:18 UTC,view,3503816,1428548884811402817,,Aldyne,22.18,500000001,4c8a3f33710fd1184c600fac59587d4c
2022-11-18 20:27:22 UTC,view,5234930,1589407324608544585,apparel.women.outerwear,,196.56,500000002,f5a5a01cc0dbed986f34fe09f337ff4c
2022-11-18 20:28:05 UTC,view,5908484,1589407324608544585,apparel.women.outerwear,,222.0,500000002,f5a5a01cc0dbed986f34fe09f337ff4c
2022-11-18 20:28:09 UTC,view,8488816,1429628030847824846,footwear.sandals,Wrenfield,54.19,500000002,f5a5a01cc0dbed986f34fe09f337ff4c
2022-11-18 20:32:41 UTC,view,9829417,1546390003792228747,footwear.sneakers,Bellcroft,137.76,500000002,f5a5a01cc0dbed986f34fe09f337ff4c
2022-11-18 20:48:11 UTC,view,8795573,1482972250706899052,apparel.women.pants,,27.8,500000002,f5a5a01cc0dbed986f34fe09f337ff4c
2022-11-19 16:45:14 UTC,view,9800243,1492821164472423496,apparel.men.jeans,Palewick,82.23,500000103,78d55fcf4e4fb59bbb38e367f8de7885
2022-11-19 16:49:33 UTC,view,8758486,1516173523019626745,apparel.women.dress,,92.0,500000103,78d55fcf4e4fb59bbb38e367f8de7885
2022-11-19 16:54:43 UTC,view,7182700,1492821164472423496,apparel.men.jeans,,86.68,500000103,78d55fcf4e4fb59bbb38e367f8de7885
2022-11-19 16:55:07 UTC,view,8966163,1549623645531932356,accessories.bags,Solmara,81.75,500000103,78d55fcf4e4fb59bbb38e367f8de7885
2022-11-19 17:02:22 UTC,view,2102225,1516173523019626745,apparel.women.dress,Vantree,36.25,500000103,78d55fcf4e4fb59bbb38e367f8de7885
2022-11-19 17:11:08 UTC,view,2102225,1516173523019626745,apparel.women.dress,Vantree,32.92,500000103,78d55fcf4e4fb59bbb38e367f8de7885
2022-11-20 12:10:54 UTC,view,4194454,1482972250706899052,,Vantree,60.83,500000006,038cebc2fe17873d12bec166e2ec3819
2022-11-20 12:11:28 UTC,view,7567958,1516173523019626745,apparel.women.dress,,88.76,500000006,038cebc2fe17873d12bec166e2ec3819
2022-11-20 12:11:52 UTC,view,9841830,1508136215129873133,apparel.kids.top,Wrenfield,11.57,500000006,038cebc2fe17873d12bec166e2ec3819
2022-11-20 12:15:36 UTC,view,8218381,1516173523019626745,apparel.women.dress,Cinderfox,32.83,500000006,038cebc2fe17873d12bec166e2ec3819
2022-11-20 12:15:41 UTC,view,9315482,1594728468612408249,accessories.jewelry,Marlow Row,72.43,500000006,038cebc2fe17873d12bec166e2ec3819
2022-11-20 12:26:06 UTC,view,9691291,1429628030847824846,footwear.sandals,,52.57,500000006,038cebc2fe17873d12bec166e2ec3819
2022-11-21 21:47:41 UTC,view,6960004,1549623645531932356,accessories.bags,,45.42,500000001,e1c9e47fdb95c0616ada212866f47f54
2022-11-21 21:56:37 UTC,view,2102225,1516173523019626745,,Vantree,35.8,500000001,e1c9e47fdb95c0616ada212866f47f54
2022-11-21 21:58:12 UTC,view,5068008,1558364261414932063,apparel.women.top,Ashgrove,18.67,500000001,e1c9e47fdb95c0616ada212866f47f54
2022-11-21 22:12:43 UTC,view,9800243,1492821164472423496,apparel.men.jeans,,76.59,500000001,e1c9e47fdb95c0616ada212866f47f54
2022-11-21 22:13:29 UTC,view,2154101,1558430393367643133,accessories.hats,,15.35,500000001,e1c9e47fdb95c0616ada212866f47f54
2022-11-21 22:17:06 UTC,view,9939190,1482972250706899052,apparel.women.pants,Marlow Row,57.83,500000001,e1c9e47fdb95c0616ada212866f47f54
2022-11-22 11:52:34 UTC,view,5409305,1516173523019626745,apparel.women.dress,,114.17,500000001,00878aa086914ff7829d0520bd87201c
2022-11-22 11:54:10 UTC,view,6338037,1492821164472423496,apparel.men.jeans,,41.02,500000001,00878aa086914ff7829d0520bd87201c
2022-11-22 12:02:52 UTC,purchase,7448961,1590725883499271729,accessories.belts,Harlow Vale,14.87,500000001,00878aa086914ff7829d0520bd87201c
2022-11-22 12:11:24 UTC,view,6474782,1492821164472423496,apparel.men.jeans,,86.45,500000001,00878aa086914ff7829d0520bd87201c
2022-11-24 06:02:32 UTC,view,7729308,1482972250706899052,apparel.women.pants,Ruskin & Fable,44.44,500000014,7156577046980623694b6e237a14470c
2022-11-24 06:06:59 UTC,view,4123600,1519748099762056932,,,176.47,500000014,7156577046980623694b6e237a14470c
2022-11-24 06:12:54 UTC,view,1099410,1558430393367643133,accessories.hats,Norlend,16.0,500000014,7156577046980623694b6e237a14470c
2022-11-24 06:21:38 UTC,view,2102225,1516173523019626745,,Vantree,34.01,500000014,7156577046980623694b6e237a14470c
2022-11-24 06:22:13 UTC,view,9036326,1558430393367643133,accessories.hats,,8.52,500000014,7156577046980623694b6e237a14470c
2022-11-24 06:24:38 UTC,view,7729308,1482972250706899052,apparel.women.pants,,43.31,500000014,7156577046980623694b6e237a14470c
2022-11-24 12:14:50 UTC,view,7255659,1492821164472423496,,,98.76,500000001,ff4379d37cf436bcbe9ad4cb9eedfbc1
2022-11-24 12:25:37 UTC,view,6529231,1558186846391920988,apparel.kids.outerwear,,30.98,500000001,ff4379d37cf436bcbe9ad4cb9eedfbc1
2022-11-24 12:27:48 UTC,view,2102225,1516173523019626745,apparel.women.dress,Vantree,37.37,500000001,ff4379d37cf436bcbe9ad4cb9eedfbc1
2022-11-24 12:30:02 UTC,view,8966163,1549623645531932356,accessories.bags,Solmara,76.65,500000001,ff4379d37cf436bcbe9ad4cb9eedfbc1
2022-11-24 12:34:16 UTC,view,9829417,1546390003792228747,footwear.sneakers,Bellcroft,116.53,500002730,193aeb05465c8b1f3c6bc78907d47348
2022-11-24 12:37:04 UTC,view,4747587,1482972250706899052,apparel.women.pants,,72.16,500000001,a3512e2fe3c34e6a17ecd43381fa5f6f
2022-11-24 12:38:37 UTC,cart,8966163,1549623645531932356,accessories.bags,Solmara,92.38,500000001,a3512e2fe3c34e6a17ecd43381fa5f6f
2022-11-24 12:39:36 UTC,purchase,8966163,1549623645531932356,accessories.bags,Solmara,91.98,500000001,a3512e2fe3c34e6a17ecd43381fa5f6f
2022-11-24 12:45:21 UTC,view,9755526,1589407324608544585,,Ashgrove,85.57,500002730,193aeb05465c8b1f3c6bc78907d47348
2022-11-24 12:47:36 UTC,view,7182700,1492821164472423496,apparel.men.jeans,,87.34,500002730,193aeb05465c8b1f3c6bc78907d47348
2022-11-24 12:52:09 UTC,view,4170752,1519748099762056932,apparel.men.outerwear,Bramholt,220.32,500002730,193aeb05465c8b1f3c6bc78907d47348
2022-11-24 12:55:36 UTC,view,1080071,1429628030847824846,,Oakspire,35.54,500002730,193aeb05465c8b1f3c6bc78907d47348
2022-11-24 21:47:25 UTC,view,3166872,1428548884811402817,apparel.men.shirt,,34.91,500000038,843c5c06cc7c241cc87ae4fe668c843e
2022-11-24 21:48:22 UTC,view,4098324,1558364261414932063,apparel.women.top,,21.1,500000038,843c5c06cc7c241cc87ae4fe668c843e
2022-11-24 21:53:42 UTC,view,2295523,1516173523019626745,apparel.women.dress,,42.61,500000038,843c5c06cc7c241cc87ae4fe668c843e
2022-11-24 21:55:01 UTC,view,7182700,1492821164472423496,apparel.men.jeans,,91.86,500000038,843c5c06cc7c241cc87ae4fe668c843e
2022-11-24 21:59:34 UTC,view,8758486,1516173523019626745,apparel.women.dress,,90.9,500000038,843c5c06cc7c241cc87ae4fe668c843e
2022-11-24 21:59:38 UTC,view,7941277,1594728468612408249,accessories.jewelry,,51.63,500000038,843c5c06cc7c241cc87ae4fe668c843e
2022-11-24 22:03:14 UTC,view,2102225,1516173523019626745,apparel.women.dress,,33.15,500000038,843c5c06cc7c241cc87ae4fe668c843e
2022-11-25 11:59:44 UTC,view,4705110,1428548884811402817,,Ashgrove,20.09,500000002,b4381e60c782554846e0a35ba99e79bf
2022-11-25 12:01:24 UTC,view,9829417,1546390003792228747,,Bellcroft,116.71,500000002,b4381e60c782554846e0a35ba99e79bf
2022-11-25 12:03:15 UTC,view,5068008,1558364261414932063,apparel.women.top,Ashgrove,17.51,500000002,b4381e60c782554846e0a35ba99e79bf
2022-11-25 12:09:27 UTC,view,6810241,1428548884811402817,apparel.men.shirt,Milbrook,17.35,500000002,b4381e60c782554846e0a35ba99e79bf
2022-11-25 17:35:16 UTC,view,8966163,1549623645531932356,,Solmara,76.78,500000005,ccb7d00de4f3701827bd0cbbda86664e
2022-11-25 17:37:42 UTC,view,4489659,1516173523019626745,apparel.women.dress,,55.11,500000005,ccb7d00de4f3701827bd0cbbda86664e
2022-11-25 17:37:51 UTC,cart,4194454,1482972250706899052,apparel.women.pants,Vantree,65.94,500000005,ccb7d00de4f3701827bd0cbbda86664e
2022-11-25 17:39:28 UTC,view,8966163,1549623645531932356,,Solmara,85.33,500000005,ccb7d00de4f3701827bd0cbbda86664e
2022-11-25 17:41:33 UTC,view,3206674,1428548884811402817,apparel.men.shirt,,29.16,500000005,ccb7d00de4f3701827bd0cbbda86664e
2022-11-25 17:42:30 UTC,purchase,4194454,1482972250706899052,apparel.women.pants,,67.93,500000005,ccb7d00de4f3701827bd0cbbda86664e
2022-11-25 17:45:03 UTC,view,8966163,1549623645531932356,accessories.bags,,88.08,500000005,ccb7d00de4f3701827bd0cbbda86664e
2022-11-26 11:49:55 UTC,view,1099410,1558430393367643133,accessories.hats,Norlend,18.02,500000006,c5acf690003aa22359d1ee9f78958c43
2022-11-26 11:49:55 UTC,cart,4747587,1482972250706899052,,,72.53,500000006,c5acf690003aa22359d1ee9f78958c43
2022-11-26 11:53:34 UTC,purchase,4747587,1482972250706899052,apparel.women.pants,,72.51,500000006,c5acf690003aa22359d1ee9f78958c43
2022-11-26 12:00:39 UTC,view,9748139,1594728468612408249,accessories.jewelry,Ferncastle,18.9,500000006,c5acf690003aa22359d1ee9f78958c43
2022-11-26 12:02:50 UTC,view,8966163,1549623645531932356,,Solmara,85.72,500000006,c5acf690003aa22359d1ee9f78958c43
2022-11-26 12:04:09 UTC,view,1162680,1589407324608544585,apparel.women.outerwear,Kestrel & Co,209.22,500000006,c5acf690003aa22359d1ee9f78958c43
2022-11-27 12:16:39 UTC,view,2102225,1516173523019626745,apparel.women.dress,Vantree,38.74,500000007,0fb964d20c5455dd5968b199319c617c
2022-11-27 12:23:57 UTC,view,6338037,1492821164472423496,apparel.men.jeans,,36.33,500000007,0fb964d20c5455dd5968b199319c617c
2022-11-27 12:30:11 UTC,view,2102225,1516173523019626745,apparel.women.dress,Vantree,34.43,500000007,0fb964d20c5455dd5968b199319c617c
2022-11-27 12:31:54 UTC,cart,6245368,1558430393367643133,accessories.hats,Ashgrove,25.5,500000007,0fb964d20c5455dd5968b199319c617c
2022-11-27 12:33:55 UTC,purchase,6245368,1558430393367643133,accessories.hats,Ashgrove,24.71,500000007,0fb964d20c5455dd5968b199319c617c
2022-11-27 12:38:19 UTC,view,9829417,1546390003792228747,footwear.sneakers,,118.15,500000007,0fb964d20c5455dd5968b199319c617c
2022-11-27 12:44:55 UTC,view,8966163,1549623645531932356,accessories.bags,Solmara,83.06,500000007,0fb964d20c5455dd5968b199319c617c
2022-11-27 18:45:45 UTC,view,8754194,1482972250706899052,apparel.women.pants,Kestrel & Co,58.55,500000101,c45663c2012788f8ffb4851e81303a2e
2022-11-27 18:52:47 UTC,view,9755526,1589407324608544585,apparel.women.outerwear,Ashgrove,78.94,500000101,c45663c2012788f8ffb4851e81303a2e
2022-11-27 18:55:04 UTC,view,8966163,1549623645531932356,accessories.bags,Solmara,82.62,500000101,c45663c2012788f8ffb4851e81303a2e
2022-11-27 18:57:06 UTC,view,7201529,1589407324608544585,apparel.women.outerwear,Ruskin & Fable,95.44,500000101,c45663c2012788f8ffb4851e81303a2e
2022-11-27 22:02:27 UTC,view,7729308,1482972250706899052,apparel.women.pants,Ruskin & Fable,43.93,500003605,58c620bca226a5ab8afb9736a2a16baa
2022-11-27 22:02:27 UTC,cart,7279985,1516173523019626745,apparel.women.dress,Marlow Row,122.96,500003605,58c620bca226a5ab8afb9736a2a16baa
2022-11-27 22:02:51 UTC,purchase,7279985,1516173523019626745,apparel.women.dress,Marlow Row,111.52,500003605,58c620bca226a5ab8afb9736a2a16baa
2022-11-27 22:08:35 UTC,view,5131367,1549623645531932356,accessories.bags,,27.66,500003605,58c620bca226a5ab8afb9736a2a16baa
2022-11-27 23:22:36 UTC,view,6362414,1558364261414932063,apparel.women.top,Ferncastle,21.52,500000002,7ff96cc001456e629d869b1d76ef5a55
2022-11-27 23:34:31 UTC,view,9841830,1508136215129873133,apparel.kids.top,Wrenfield,11.07,500000002,7ff96cc001456e629d869b1d76ef5a55
2022-11-27 23:39:00 UTC,view,1260475,1589407324608544585,,Kestrel & Co,186.39,500000002,7ff96cc001456e629d869b1d76ef5a55
2022-11-27 23:43:42 UTC,cart,9319849,1472209747072745335,footwear.boots,,161.04,500000002,7ff96cc001456e629d869b1d76ef5a55
2022-11-27 23:44:23 UTC,view,2102225,1516173523019626745,apparel.women.dress,Vantree,32.7,500000002,7ff96cc001456e629d869b1d76ef5a55
2022-11-27 23:48:16 UTC,purchase,9319849,1472209747072745335,,Marlow Row,157.27,500000002,7ff96cc001456e629d869b1d76ef5a55
2022-11-28 19:31:19 UTC,view,9755526,1589407324608544585,apparel.women.outerwear,Ashgrove,81.59,500000043,366a775988bf789bdbfd3d795c62005e
2022-11-28 19:44:12 UTC,view,7496477,1519748099762056932,apparel.men.outerwear,Milbrook,111.66,500000043,366a775988bf789bdbfd3d795c62005e
2022-11-28 19:52:04 UTC,view,4895822,1428548884811402817,apparel.men.shirt,,48.13,500000043,366a775988bf789bdbfd3d795c62005e
2022-11-28 19:55:12 UTC,view,8966163,1549623645531932356,accessories.bags,,91.95,500000043,366a775988bf789bdbfd3d795c62005e
2022-11-29 01:20:07 UTC,view,7692382,1429628030847824846,footwear.sandals,,41.73,500000028,94597897a6b3a5807c1af154ab10317d
2022-11-29 01:31:56 UTC,view,8754194,1482972250706899052,apparel.women.pants,Kestrel & Co,53.27,500000028,94597897a6b3a5807c1af154ab10317d
2022-11-29 01:36:58 UTC,view,5234930,1589407324608544585,apparel.women.outerwear,Oakspire,172.07,500000028,94597897a6b3a5807c1af154ab10317d
2022-11-29 01:38:52 UTC,view,5114384,1558186846391920988,apparel.kids.outerwear,Kestrel & Co,29.14,500000028,94597897a6b3a5807c1af154ab10317d
2022-11-29 01:39:41 UTC,view,5068008,1558364261414932063,,,17.09,500000028,94597897a6b3a5807c1af154ab10317d
2022-11-29 01:40:40 UTC,view,6517467,1516173523019626745,apparel.women.dress,Thistlewood,91.67,500000028,94597897a6b3a5807c1af154ab10317d
2022-11-29 01:42:35 UTC,view,3243048,1558364261414932063,apparel.women.top,,40.37,500000028,94597897a6b3a5807c1af154ab10317d
29/11/2022 01:44,cart,2645378,1594728468612408249,accessories.jewelry,Harlow Vale,9.33,500000028,94597897a6b3a5807c1af154ab10317d
2022-11-29 01:54:32 UTC,purchase,2645378,1594728468612408249,accessories.jewelry,Harlow Vale,10.3,500000028,94597897a6b3a5807c1af154ab10317d
2022-11-29 13:47:09 UTC,view,7864641,1508136215129873133,,,15.53,500000001,8ceb6d50f1c59d2b6f4ba907918fac17
2022-11-29 13:47:09 UTC,cart,4646091,1516173523019626745,apparel.women.dress,,75.86,500000001,8ceb6d50f1c59d2b6f4ba907918fac17
2022-11-29 13:47:10 UTC,view,6280890,1482972250706899052,apparel.women.pants,,26.39,500000001,8ceb6d50f1c59d2b6f4ba907918fac17
2022-11-29 13:48:21 UTC,purchase,4646091,1516173523019626745,apparel.women.dress,,73.71,500000001,8ceb6d50f1c59d2b6f4ba907918fac17
2022-11-29 13:48:39 UTC,view,9319849,1472209747072745335,footwear.boots,,136.96,500000001,8ceb6d50f1c59d2b6f4ba907918fac17
2022-11-29 13:54:02 UTC,view,2102225,1516173523019626745,apparel.women.dress,Vantree,32.34,500000001,8ceb6d50f1c59d2b6f4ba907918fac17
29/11/2022 14:05,view,2295523,1516173523019626745,,,46.67,500000001,8ceb6d50f1c59d2b6f4ba907918fac17
2022-11-30 14:13:24 UTC,view,3243048,1558364261414932063,apparel.women.top,Thistlewood,47.45,500000001,b3ab700df0ba46275d17118fcb6ef6e1
2022-11-30 14:13:24 UTC,cart,8966163,1549623645531932356,accessories.bags,Solmara,78.76,500000001,b3ab700df0ba46275d17118fcb6ef6e1
2022-11-30 14:14:38 UTC,purchase,8966163,1549623645531932356,accessories.bags,,79.91,500000001,b3ab700df0ba46275d17118fcb6ef6e1
2022-11-30 14:16:58 UTC,view,6245368,1558430393367643133,accessories.hats,Ashgrove,27.03,500000001,b3ab700df0ba46275d17118fcb6ef6e1
2022-11-30 18:14:21 UTC,view,9040237,1472209747072745335,footwear.boots,Wrenfield,111.0,500000001,18e8c2a6afa0a226538fd6fbef359baa
2022-12-01 12:09:04 UTC,view,9036326,1558430393367643133,,,7.55,500000227,25083462034850fa16b3b8363c604fcc
2022-12-01 12:21:24 UTC,view,9118832,1589407324608544585,apparel.women.outerwear,,172.25,500000227,25083462034850fa16b3b8363c604fcc
2022-12-02 19:04:23 UTC,view,3002277,1558364261414932063,apparel.women.top,Harlow Vale,42.65,500000001,96c5d4215be6f39bafbe86183782d43a
2022-12-02 19:06:49 UTC,view,1959257,1590725883499271729,accessories.belts,Ashgrove,24.53,500000001,96c5d4215be6f39bafbe86183782d43a
2022-12-02 19:21:04 UTC,view,8795573,1482972250706899052,apparel.women.pants,,28.9,500000001,96c5d4215be6f39bafbe86183782d43a
2022-12-02 21:44:17 UTC,view,8966163,1549623645531932356,accessories.bags,,79.62,500000001,941ad1fd44b398c7d8a345ae2455c9e5
2022-12-02 21:57:22 UTC,view,2102225,1516173523019626745,,Vantree,33.65,500000001,941ad1fd44b398c7d8a345ae2455c9e5
2022-12-02 21:58:51 UTC,cart,9118832,1589407324608544585,apparel.women.outerwear,Ruskin & Fable,158.96,500000001,941ad1fd44b398c7d8a345ae2455c9e5
2022-12-02 21:59:18 UTC,purchase,9118832,1589407324608544585,apparel.women.outerwear,Ruskin & Fable,175.74,500000001,941ad1fd44b398c7d8a345ae2455c9e5
2022-12-03 12:39:31 UTC,view,4194454,1482972250706899052,apparel.women.pants,Vantree,60.21,500000025,2997d3fc2a88e83d77e2f1ce9d215c69
2022-12-03 12:45:24 UTC,view,4411802,1594728468612408249,accessories.jewelry,,64.8,500000025,2997d3fc2a88e83d77e2f1ce9d215c69
2022-12-04 18:03:57 UTC,view,9110019,1492821164472423496,apparel.men.jeans,,34.57,500000001,115fc471459b88666fb4deccc3344bfc
04/12/2022 18:04,view,4705110,1428548884811402817,,Ashgrove,19.12,500000001,115fc471459b88666fb4deccc3344bfc
2022-12-04 18:10:02 UTC,view,8966163,1549623645531932356,accessories.bags,Solmara,81.37,500000001,115fc471459b88666fb4deccc3344bfc
2022-12-04 18:11:55 UTC,view,7660389,1508136215129873133,apparel.kids.top,,24.56,500000001,115fc471459b88666fb4deccc3344bfc
2022-12-04 18:19:12 UTC,cart,9319849,1472209747072745335,footwear.boots,Marlow Row,151.77,500000001,115fc471459b88666fb4deccc3344bfc
2022-12-04 18:22:44 UTC,purchase,9319849,1472209747072745335,footwear.boots,Marlow Row,162.16,500000001,115fc471459b88666fb4deccc3344bfc
2022-12-04 18:23:47 UTC,view,9319849,1472209747072745335,footwear.boots,,165.23,500000001,115fc471459b88666fb4deccc3344bfc
2022-12-04 18:30:49 UTC,view,8966163,1549623645531932356,accessories.bags,,91.0,500000001,115fc471459b88666fb4deccc3344bfc
2022-12-04 19:27:09 UTC,view,8966163,1549623645531932356,accessories.bags,Solmara,87.75,500000001,77a54d442f5509cafa3bea90a3d6440f
2022-12-04 19:44:06 UTC,cart,5711182,1546390003792228747,footwear.sneakers,Oakspire,78.97,500000001,77a54d442f5509cafa3bea90a3d6440f
2022-12-04 19:51:37 UTC,purchase,5711182,1546390003792228747,footwear.sneakers,,84.32,500000001,77a54d442f5509cafa3bea90a3d6440f
2022-12-05 09:47:14 UTC,view,6529231,1558186846391920988,,Greymont,28.75,500000001,299645e64bd409f35abafcbabfa9f88b
2022-12-05 09:48:13 UTC,view,8966163,1549623645531932356,accessories.bags,Solmara,92.18,500000001,299645e64bd409f35abafcbabfa9f88b
2022-12-05 09:58:27 UTC,view,7814384,1482972250706899052,apparel.women.pants,Palewick,69.33,500000001,299645e64bd409f35abafcbabfa9f88b
2022-12-05 15:37:39 UTC,view,7373415,1428548884811402817,apparel.men.shirt,Vantree,29.13,500000006,a4829ba999f3b71a2981daaab61cbdd9
2022-12-05 15:37:39 UTC,cart,3243048,1558364261414932063,apparel.women.top,Thistlewood,43.67,500000006,a4829ba999f3b71a2981daaab61cbdd9
2022-12-05 15:38:12 UTC,purchase,3243048,1558364261414932063,apparel.women.top,,44.55,500000006,a4829ba999f3b71a2981daaab61cbdd9
2022-12-05 15:52:43 UTC,view,8966163,1549623645531932356,accessories.bags,Solmara,89.07,500000006,a4829ba999f3b71a2981daaab61cbdd9
2022-12-05 16:31:08 UTC,view,8966163,1549623645531932356,accessories.bags,Solmara,79.05,500000003,b7f09e295285bcd3dfbf085b85dcbf1b
2022-12-05 16:31:27 UTC,view,8966163,1549623645531932356,accessories.bags,,91.58,500000003,b7f09e295285bcd3dfbf085b85dcbf1b
2022-12-05 16:42:46 UTC,cart,3243048,1558364261414932063,,Thistlewood,45.62,500000003,b7f09e295285bcd3dfbf085b85dcbf1b
2022-12-05 16:47:34 UTC,purchase,3243048,1558364261414932063,apparel.women.top,,41.44,500000003,b7f09e295285bcd3dfbf085b85dcbf1b
2022-12-05 16:49:32 UTC,view,8966163,1549623645531932356,,,82.45,500000003,b7f09e295285bcd3dfbf085b85dcbf1b
2022-12-07 21:52:23 UTC,view,8966163,1549623645531932356,,Solmara,84.63,500000001,f9750a21330d8a63db73bde991cbadc0
2022-12-07 22:07:41 UTC,view,5862621,1492821164472423496,,Vantree,40.72,500000001,f9750a21330d8a63db73bde991cbadc0
2022-12-07 22:08:17 UTC,view,3689249,1428548884811402817,apparel.men.shirt,Greymont,35.97,500000001,f9750a21330d8a63db73bde991cbadc0
2022-12-07 22:09:05 UTC,cart,9829417,1546390003792228747,footwear.sneakers,,130.51,500000001,f9750a21330d8a63db73bde991cbadc0
2022-12-07 22:12:21 UTC,purchase,9829417,1546390003792228747,footwear.sneakers,Bellcroft,126.85,500000001,f9750a21330d8a63db73bde991cbadc0
2022-12-08 11:27:29 UTC,view,2102225,1516173523019626745,apparel.women.dress,Vantree,38.31,500000001,ce579bf04d8e08d8829e96c49920870b
2022-12-08 11:29:14 UTC,view,4123600,1519748099762056932,apparel.men.outerwear,,154.88,500000001,ce579bf04d8e08d8829e96c49920870b
2022-12-08 11:30:21 UTC,cart,2295523,1516173523019626745,apparel.women.dress,,43.17,500000001,ce579bf04d8e08d8829e96c49920870b
2022-12-08 11:31:02 UTC,purchase,2295523,1516173523019626745,apparel.women.dress,,46.35,500000001,ce579bf04d8e08d8829e96c49920870b
2022-12-08 11:39:34 UTC,view,8634461,1428548884811402817,,Kestrel & Co,21.45,500000001,ce579bf04d8e08d8829e96c49920870b
2022-12-08 11:47:48 UTC,view,3243048,1558364261414932063,apparel.women.top,Thistlewood,48.49,500000001,ce579bf04d8e08d8829e96c49920870b
2022-12-08 15:00:41 UTC,view,3243048,1558364261414932063,apparel.women.top,Thistlewood,48.63,500000400,04bea70d2220679c98ded162067f0344
2022-12-08 15:02:19 UTC,view,1099410,1558430393367643133,accessories.hats,,14.96,500000400,04bea70d2220679c98ded162067f0344
2022-12-08 15:08:36 UTC,view,9111330,1589407324608544585,,Cinderfox,164.81,500000400,04bea70d2220679c98ded162067f0344
2022-12-08 15:11:32 UTC,view,2804964,1558364261414932063,apparel.women.top,Cinderfox,40.18,500000400,04bea70d2220679c98ded162067f0344
2022-12-08 15:17:21 UTC,view,5908484,1589407324608544585,apparel.women.outerwear,Aldyne,222.07,500000400,04bea70d2220679c98ded162067f0344
2022-12-08 17:36:47 UTC,view,7182700,1492821164472423496,apparel.men.jeans,,99.49,500000010,eb488e995ec783694254c733a826d58f
2022-12-08 17:42:35 UTC,view,9319849,1472209747072745335,footwear.boots,,157.48,500000010,eb488e995ec783694254c733a826d58f
2022-12-08 17:46:34 UTC,view,4489659,1516173523019626745,apparel.women.dress,Milbrook,66.42,500000010,eb488e995ec783694254c733a826d58f
2022-12-08 17:49:53 UTC,view,7047405,1482972250706899052,apparel.women.pants,Palewick,27.23,500000010,eb488e995ec783694254c733a826d58f
2022-12-09 09:26:49 UTC,view,2295523,1516173523019626745,apparel.women.dress,,47.77,500000001,947f11f54c69e0860744d624fb46a7a6
2022-12-09 09:44:42 UTC,view,9319849,1472209747072745335,footwear.boots,Marlow Row,156.29,500000001,947f11f54c69e0860744d624fb46a7a6
2022-12-09 16:20:50 UTC,view,7182700,1492821164472423496,,,97.78,500000001,ec17b89e1107ca075b1eb1455e6cee8d
2022-12-09 16:34:04 UTC,view,4365384,1519748099762056932,apparel.men.outerwear,,220.99,500000001,ec17b89e1107ca075b1eb1455e6cee8d
2022-12-09 16:36:46 UTC,view,5234930,1589407324608544585,apparel.women.outerwear,Oakspire,185.76,500000001,ec17b89e1107ca075b1eb1455e6cee8d
2022-12-10 16:11:37 UTC,view,4747587,1482972250706899052,apparel.women.pants,,80.53,500000001,20031361339022a10e72d9fa1820cf7f
2022-12-10 16:21:57 UTC,cart,9755526,1589407324608544585,apparel.women.outerwear,Ashgrove,79.16,500000001,20031361339022a10e72d9fa1820cf7f
2022-12-10 16:27:18 UTC,purchase,9755526,1589407324608544585,apparel.women.outerwear,Ashgrove,87.23,500000001,20031361339022a10e72d9fa1820cf7f
2022-12-10 16:29:23 UTC,view,4705110,1428548884811402817,apparel.men.shirt,Ashgrove,21.31,500000001,20031361339022a10e72d9fa1820cf7f
2022-12-11 15:38:27 UTC,view,8966163,1549623645531932356,accessories.bags,Solmara,86.2,500000001,f0fa8af4d59b6e8ba2183115a00fd468
2022-12-11 15:46:10 UTC,view,4098324,1558364261414932063,apparel.women.top,,24.01,500000001,f0fa8af4d59b6e8ba2183115a00fd468
2022-12-11 15:46:56 UTC,view,5234930,1589407324608544585,apparel.women.outerwear,Oakspire,185.27,500000001,f0fa8af4d59b6e8ba2183115a00fd468
2022-12-11 15:52:40 UTC,view,1092786,1558430393367643133,accessories.hats,Thistlewood,11.8,500000001,f0fa8af4d59b6e8ba2183115a00fd468
2022-12-11 15:56:16 UTC,view,3487534,1429628030847824846,footwear.sandals,Bellcroft,18.9,500000001,f0fa8af4d59b6e8ba2183115a00fd468
2022-12-11 16:00:24 UTC,view,8966163,1549623645531932356,accessories.bags,Solmara,85.56,500000001,f0fa8af4d59b6e8ba2183115a00fd468
2022-12-11 16:03:11 UTC,cart,2102225,1516173523019626745,apparel.women.dress,,32.05,500000001,f0fa8af4d59b6e8ba2183115a00fd468
2022-12-11 16:03:28 UTC,view,8634461,1428548884811402817,apparel.men.shirt,Kestrel & Co,19.62,500000001,f0fa8af4d59b6e8ba2183115a00fd468
2022-12-11 16:08:02 UTC,purchase,2102225,1516173523019626745,apparel.women.dress,Vantree,37.25,500000001,f0fa8af4d59b6e8ba2183115a00fd468
2022-12-11 18:29:54 UTC,view,8966163,1549623645531932356,accessories.bags,Solmara,89.56,500000006,a29f1e8693a82a06e29006f19a1c23c7
2022-12-11 18:38:26 UTC,view,7949185,1590725883499271729,accessories.belts,,41.41,500000006,a29f1e8693a82a06e29006f19a1c23c7
2022-12-11 18:39:23 UTC,view,8966163,1549623645531932356,accessories.bags,Solmara,90.28,500000006,a29f1e8693a82a06e29006f19a1c23c7
2022-12-11 18:46:58 UTC,cart,3243048,1558364261414932063,apparel.women.top,,47.92,500000006,a29f1e8693a82a06e29006f19a1c23c7
2022-12-11 18:49:09 UTC,purchase,3243048,1558364261414932063,apparel.women.top,Thistlewood,42.68,500000006,a29f1e8693a82a06e29006f19a1c23c7
2022-12-11 18:49:49 UTC,view,9319849,1472209747072745335,footwear.boots,Marlow Row,135.96,500000006,a29f1e8693a82a06e29006f19a1c23c7
2022-12-11 18:50:22 UTC,view,8966163,1549623645531932356,accessories.bags,Solmara,90.49,500000006,a29f1e8693a82a06e29006f19a1c23c7
2022-12-11 18:50:42 UTC,view,9800243,1492821164472423496,apparel.men.jeans,,87.39,500000006,a29f1e8693a82a06e29006f19a1c23c7
2022-12-12 21:54:34 UTC,view,6351542,1558364261414932063,,Palewick,37.9,500000001,1d914ac1528b67a99a466efb6937cf43
2022-12-12 22:06:19 UTC,view,7729308,1482972250706899052,apparel.women.pants,,37.48,500000001,1d914ac1528b67a99a466efb6937cf43
2022-12-12 22:12:06 UTC,view,5114384,1558186846391920988,apparel.kids.outerwear,Kestrel & Co,25.98,500000001,1d914ac1528b67a99a466efb6937cf43
2022-12-12 22:15:30 UTC,cart,5114384,1558186846391920988,apparel.kids.outerwear,Kestrel & Co,25.27,500000001,1d914ac1528b67a99a466efb6937cf43
2022-12-12 22:15:57 UTC,view,2102225,1516173523019626745,apparel.women.dress,,34.7,500000001,1d914ac1528b67a99a466efb6937cf43
2022-12-12 22:19:12 UTC,purchase,5114384,1558186846391920988,apparel.kids.outerwear,Kestrel & Co,27.38,500000001,1d914ac1528b67a99a466efb6937cf43
2022-12-13 14:27:22 UTC,view,5599767,1558364261414932063,apparel.women.top,Ferncastle,16.93,500000001,7f773a7684344c2ad09fc2426631a923
2022-12-13 14:33:23 UTC,view,4194454,1482972250706899052,apparel.women.pants,Vantree,67.0,500000001,7f773a7684344c2ad09fc2426631a923
2022-12-13 14:34:47 UTC,view,9829417,1546390003792228747,footwear.sneakers,Bellcroft,128.37,500000001,7f773a7684344c2ad09fc2426631a923
2022-12-13 14:37:02 UTC,cart,8634461,1428548884811402817,apparel.men.shirt,Kestrel & Co,21.05,500000001,7f773a7684344c2ad09fc2426631a923
2022-12-13 14:39:23 UTC,purchase,8634461,1428548884811402817,apparel.men.shirt,Kestrel & Co,22.1,500000001,7f773a7684344c2ad09fc2426631a923
2022-12-13 14:45:05 UTC,view,8966163,1549623645531932356,accessories.bags,Solmara,79.34,500000001,7f773a7684344c2ad09fc2426631a923
2022-12-13 14:46:55 UTC,view,9319849,1472209747072745335,footwear.boots,Marlow Row,145.03,500000001,7f773a7684344c2ad09fc2426631a923
2022-12-13 14:51:16 UTC,view,8966163,1549623645531932356,accessories.bags,Solmara,83.78,500000001,7f773a7684344c2ad09fc2426631a923
2022-12-13 14:51:53 UTC,view,2299273,1558364261414932063,apparel.women.top,Aldyne,24.72,500000001,7f773a7684344c2ad09fc2426631a923
2022-12-13 14:55:46 UTC,view,2102225,1516173523019626745,apparel.women.dress,Vantree,34.33,500000001,7f773a7684344c2ad09fc2426631a923
2022-12-15 11:38:34 UTC,view,4236332,1482972250706899052,apparel.women.pants,,39.42,500000003,bc1281e819b618f9b445e2fb7f8942e9
2022-12-15 11:41:48 UTC,view,5781989,1482972250706899052,apparel.women.pants,Wrenfield,79.3,500000003,bc1281e819b618f9b445e2fb7f8942e9
2022-12-15 11:42:55 UTC,view,6517467,1516173523019626745,apparel.women.dress,Thistlewood,83.7,500000003,bc1281e819b618f9b445e2fb7f8942e9
2022-12-15 11:47:33 UTC,view,7941277,1594728468612408249,accessories.jewelry,,56.01,500000003,bc1281e819b618f9b445e2fb7f8942e9
2022-12-15 11:49:41 UTC,view,5409305,1516173523019626745,apparel.women.dress,,120.77,500000003,bc1281e819b618f9b445e2fb7f8942e9
2022-12-15 11:50:52 UTC,view,8016491,1546390003792228747,footwear.sneakers,,148.98,500000003,bc1281e819b618f9b445e2fb7f8942e9
2022-12-15 11:53:36 UTC,view,8488816,1429628030847824846,,Wrenfield,54.86,500000003,bc1281e819b618f9b445e2fb7f8942e9
15/12/2022 20:08,view,1099410,1558430393367643133,accessories.hats,Norlend,16.41,500000001,dd5aaccde25f6e0fee7ec44b83644c47
2022-12-15 20:13:55 UTC,view,5711182,1546390003792228747,footwear.sneakers,Oakspire,77.16,500000001,dd5aaccde25f6e0fee7ec44b83644c47
2022-12-15 20:14:09 UTC,view,4194454,1482972250706899052,apparel.women.pants,Vantree,65.13,500000001,dd5aaccde25f6e0fee7ec44b83644c47
2022-12-16 16:04:34 UTC,view,6497266,1558430393367643133,accessories.hats,Doverly,10.72,500000001,9d183e7034f873b928c88bc45908af0a
16/12/2022 16:05,cart,8966163,1549623645531932356,accessories.bags,Solmara,90.43,500000001,9d183e7034f873b928c88bc45908af0a
2022-12-16 16:06:37 UTC,purchase,8966163,1549623645531932356,accessories.bags,,88.5,500000001,9d183e7034f873b928c88bc45908af0a
2022-12-16 16:06:51 UTC,view,1428173,1589407324608544585,apparel.women.outerwear,,101.74,500000001,9d183e7034f873b928c88bc45908af0a
2022-12-16 16:09:21 UTC,view,7182700,1492821164472423496,apparel.men.jeans,,92.23,500000001,9d183e7034f873b928c88bc45908af0a
2022-12-16 16:15:21 UTC,view,1430298,1519748099762056932,,Ruskin & Fable,122.54,500000001,9d183e7034f873b928c88bc45908af0a
2022-12-16 16:24:57 UTC,view,5530296,1558364261414932063,apparel.women.top,Greymont,29.48,500000001,9d183e7034f873b928c88bc45908af0a
2022-12-17 16:31:07 UTC,view,3163829,1558364261414932063,apparel.women.top,Marlow Row,44.82,500000001,4e2c96e67cea039e1bba4bcaedf4a1f5
2022-12-17 16:43:58 UTC,view,1189654,1428548884811402817,apparel.men.shirt,,32.18,500000001,4e2c96e67cea039e1bba4bcaedf4a1f5
2022-12-18 12:16:56 UTC,view,2102225,1516173523019626745,apparel.women.dress,Vantree,36.12,500000008,733900e9297ac2a7bbe87b78b0dc8538
2022-12-18 12:26:04 UTC,view,8966163,1549623645531932356,accessories.bags,Solmara,76.32,500000008,733900e9297ac2a7bbe87b78b0dc8538
2022-12-18 12:30:58 UTC,view,7941277,1594728468612408249,accessories.jewelry,,51.72,500000008,733900e9297ac2a7bbe87b78b0dc8538
2022-12-18 12:33:38 UTC,view,5234930,1589407324608544585,apparel.women.outerwear,Oakspire,183.4,500000008,733900e9297ac2a7bbe87b78b0dc8538
2022-12-18 12:35:28 UTC,view,6801451,1594728468612408249,accessories.jewelry,Thistlewood,36.7,500000008,733900e9297ac2a7bbe87b78b0dc8538
2022-12-19 18:53:27 UTC,view,4143393,1519748099762056932,apparel.men.outerwear,Marlow Row,226.62,500000001,eb34b7bf52938f31d9269baea952f828
2022-12-19 18:55:10 UTC,view,8754194,1482972250706899052,apparel.women.pants,Kestrel & Co,48.72,500000001,eb34b7bf52938f31d9269baea952f828
2022-12-19 19:06:01 UTC,view,9755526,1589407324608544585,apparel.women.outerwear,Ashgrove,78.14,500000001,eb34b7bf52938f31d9269baea952f828
2022-12-19 19:06:52 UTC,view,4059984,1428548884811402817,,,33.48,500000001,eb34b7bf52938f31d9269baea952f828
2022-12-19 19:11:11 UTC,view,7182700,1492821164472423496,apparel.men.jeans,,88.97,500000001,eb34b7bf52938f31d9269baea952f828
2022-12-19 19:14:23 UTC,view,8634461,1428548884811402817,apparel.men.shirt,,20.14,500000001,eb34b7bf52938f31d9269baea952f828
2022-12-19 19:20:44 UTC,view,8966163,1549623645531932356,accessories.bags,Solmara,84.64,500000001,eb34b7bf52938f31d9269baea952f828
2022-12-19 20:03:27 UTC,view,8634461,1428548884811402817,apparel.men.shirt,Kestrel & Co,21.11,500000003,a37e7c7e6fa6a78c08a960745a57a19a
2022-12-19 20:09:53 UTC,cart,5027667,1546390003792228747,footwear.sneakers,Milbrook,111.24,500000003,a37e7c7e6fa6a78c08a960745a57a19a
2022-12-19 20:11:15 UTC,purchase,5027667,1546390003792228747,footwear.sneakers,,114.21,500000003,a37e7c7e6fa6a78c08a960745a57a19a
2022-12-19 20:21:16 UTC,view,5114384,1558186846391920988,apparel.kids.outerwear,Kestrel & Co,29.72,500000003,a37e7c7e6fa6a78c08a960745a57a19a
2022-12-19 20:21:41 UTC,view,6362414,1558364261414932063,,Ferncastle,22.05,500000003,a37e7c7e6fa6a78c08a960745a57a19a
2022-12-19 20:26:22 UTC,view,9036326,1558430393367643133,accessories.hats,,7.91,500000003,a37e7c7e6fa6a78c08a960745a57a19a
2022-12-19 20:27:55 UTC,view,2102225,1516173523019626745,apparel.women.dress,,33.42,500000003,a37e7c7e6fa6a78c08a960745a57a19a
2022-12-21 15:09:09 UTC,view,4648994,1482972250706899052,apparel.women.pants,,26.6,500000001,86e36e655daed42708f86b9111823bcf
2022-12-21 15:09:09 UTC,cart,8966163,1549623645531932356,,,78.15,500000001,86e36e655daed42708f86b9111823bcf
2022-12-21 15:13:34 UTC,purchase,8966163,1549623645531932356,accessories.bags,Solmara,81.27,500000001,86e36e655daed42708f86b9111823bcf
2022-12-21 15:27:14 UTC,view,7182700,1492821164472423496,,,92.53,500000001,86e36e655daed42708f86b9111823bcf
2022-12-23 18:06:20 UTC,view,1083413,1492821164472423496,apparel.men.jeans,,70.72,500000001,d8a6d86f4af9781eeaa8f62d39ea71d1
2022-12-23 18:16:25 UTC,view,6497266,1558430393367643133,accessories.hats,Doverly,11.22,500000001,d8a6d86f4af9781eeaa8f62d39ea71d1
2022-12-23 18:18:36 UTC,view,1162680,1589407324608544585,apparel.women.outerwear,Kestrel & Co,223.03,500000001,d8a6d86f4af9781eeaa8f62d39ea71d1
2022-12-24 06:17:34 UTC,view,7255659,1492821164472423496,apparel.men.jeans,Norlend,91.22,500000005,f2d465cba4c01b69db59b9fff046a427
2022-12-24 06:32:12 UTC,cart,1111123,1482972250706899052,apparel.women.pants,Bramholt,45.64,500000005,f2d465cba4c01b69db59b9fff046a427
2022-12-24 06:34:32 UTC,view,2102225,1516173523019626745,apparel.women.dress,Vantree,38.04,500000005,f2d465cba4c01b69db59b9fff046a427
2022-12-24 06:35:19 UTC,purchase,1111123,1482972250706899052,apparel.women.pants,Bramholt,53.7,500000005,f2d465cba4c01b69db59b9fff046a427
2022-12-24 06:38:00 UTC,view,4747587,1482972250706899052,apparel.women.pants,,71.77,500000005,f2d465cba4c01b69db59b9fff046a427
2022-12-24 10:43:53 UTC,view,3243048,1558364261414932063,,Thistlewood,45.63,500000001,83b7472b92ae3c63ca7894e0546a2684
2022-12-24 10:46:09 UTC,cart,7729308,1482972250706899052,,Ruskin & Fable,40.44,500000001,83b7472b92ae3c63ca7894e0546a2684
2022-12-24 10:47:15 UTC,purchase,7729308,1482972250706899052,apparel.women.pants,Ruskin & Fable,39.37,500000001,83b7472b92ae3c63ca7894e0546a2684
2022-12-24 11:04:50 UTC,view,2731345,1428548884811402817,apparel.men.shirt,,57.58,500000001,83b7472b92ae3c63ca7894e0546a2684
2022-12-24 11:05:42 UTC,view,4194454,1482972250706899052,apparel.women.pants,Vantree,65.27,500000001,83b7472b92ae3c63ca7894e0546a2684
2022-12-24 11:08:26 UTC,view,7182700,1492821164472423496,apparel.men.jeans,,97.09,500000011,d38eb018387739115ee0b166f666dfed
2022-12-24 11:25:28 UTC,view,5114384,1558186846391920988,apparel.kids.outerwear,,25.01,500000011,d38eb018387739115ee0b166f666dfed
2022-12-24 11:27:29 UTC,view,2404737,1516173523019626745,apparel.women.dress,,76.46,500000011,d38eb018387739115ee0b166f666dfed
2022-12-24 11:30:45 UTC,view,1854723,1429628030847824846,footwear.sandals,Greymont,48.27,500000011,d38eb018387739115ee0b166f666dfed
2022-12-24 11:31:30 UTC,cart,2102225,1516173523019626745,apparel.women.dress,Vantree,34.21,500000011,d38eb018387739115ee0b166f666dfed
2022-12-24 11:32:46 UTC,purchase,2102225,1516173523019626745,,,34.53,500000011,d38eb018387739115ee0b166f666dfed
2022-12-24 20:53:14 UTC,view,3383881,1589407324608544585,apparel.women.outerwear,Solmara,138.67,500000001,dc4fe0167d44749da0f0c2180086aa16
2022-12-24 20:55:13 UTC,cart,5862621,1492821164472423496,apparel.men.jeans,Vantree,41.01,500000001,dc4fe0167d44749da0f0c2180086aa16
2022-12-24 20:56:45 UTC,purchase,5862621,1492821164472423496,apparel.men.jeans,Vantree,47.77,500000001,dc4fe0167d44749da0f0c2180086aa16
2022-12-24 21:13:26 UTC,view,8966163,1549623645531932356,accessories.bags,Solmara,85.93,500000001,dc4fe0167d44749da0f0c2180086aa16
2022-12-25 19:52:50 UTC,view,8966163,1549623645531932356,accessories.bags,,90.08,500000001,106c088d6ef9410e9d0e259bd0bbbdf3
2022-12-25 19:52:50 UTC,cart,5315329,1558364261414932063,apparel.women.top,,41.1,500000001,106c088d6ef9410e9d0e259bd0bbbdf3
2022-12-25 19:53:23 UTC,purchase,5315329,1558364261414932063,apparel.women.top,,36.68,500000001,106c088d6ef9410e9d0e259bd0bbbdf3
2022-12-25 19:55:03 UTC,view,8966163,1549623645531932356,accessories.bags,Solmara,79.66,500000001,106c088d6ef9410e9d0e259bd0bbbdf3
2022-12-25 21:36:00 UTC,view,7275086,1558186846391920988,apparel.kids.outerwear,,58.87,500000001,eb4a2238d27ea0cde01af51e05bb6c3a
2022-12-25 21:39:54 UTC,view,7427053,1519748099762056932,apparel.men.outerwear,,58.81,500000001,eb4a2238d27ea0cde01af51e05bb6c3a
2022-12-26 19:39:13 UTC,view,8966163,1549623645531932356,accessories.bags,,78.95,500000001,c33498e35dbe1188fdc0069cc041b74c
2022-12-26 19:43:20 UTC,view,4747587,1482972250706899052,apparel.women.pants,,81.29,500000001,c33498e35dbe1188fdc0069cc041b74c
2022-12-26 19:48:49 UTC,view,7182700,1492821164472423496,apparel.men.jeans,,85.76,500000001,c33498e35dbe1188fdc0069cc041b74c
2022-12-26 20:05:25 UTC,view,2295523,1516173523019626745,,,49.64,500000001,c33498e35dbe1188fdc0069cc041b74c
2022-12-28 07:48:28 UTC,view,9075437,1558364261414932063,,,28.86,500000279,0ec965f7597dc4b2160120728244d66f
2022-12-28 08:07:16 UTC,view,9111330,1589407324608544585,apparel.women.outerwear,,167.54,500000279,0ec965f7597dc4b2160120728244d66f
2022-12-29 06:00:52 UTC,view,8966163,1549623645531932356,accessories.bags,Solmara,84.24,500000010,a08fb3c6a75dacde1889481793cfadb3
2022-12-29 06:07:20 UTC,view,8966163,1549623645531932356,,Solmara,78.41,500000010,a08fb3c6a75dacde1889481793cfadb3
2022-12-29 06:10:13 UTC,cart,3243048,1558364261414932063,,,42.95,500000010,a08fb3c6a75dacde1889481793cfadb3
2022-12-29 06:12:27 UTC,purchase,3243048,1558364261414932063,apparel.women.top,Thistlewood,40.25,500000010,a08fb3c6a75dacde1889481793cfadb3
2022-12-29 06:12:57 UTC,view,5822751,1492821164472423496,,Doverly,69.15,500000010,a08fb3c6a75dacde1889481793cfadb3
2022-12-29 06:25:46 UTC,view,1099410,1558430393367643133,accessories.hats,Norlend,15.42,500000010,a08fb3c6a75dacde1889481793cfadb3
2022-12-29 11:04:54 UTC,view,9645778,1558186846391920988,,,27.41,500000001,b5ec2159571fc0dfde11644eb06f01dc
2022-12-29 11:08:58 UTC,view,3289377,1546390003792228747,footwear.sneakers,Greymont,67.79,500000001,b5ec2159571fc0dfde11644eb06f01dc
2022-12-29 11:11:50 UTC,view,3487534,1429628030847824846,footwear.sandals,,21.02,500000001,b5ec2159571fc0dfde11644eb06f01dc
2022-12-29 11:12:04 UTC,view,1260475,1589407324608544585,apparel.women.outerwear,,195.19,500000001,b5ec2159571fc0dfde11644eb06f01dc
2022-12-29 11:15:31 UTC,view,3698437,1492821164472423496,apparel.men.jeans,,59.19,500000001,b5ec2159571fc0dfde11644eb06f01dc
2022-12-29 18:20:15 UTC,view,9248008,1549623645531932356,accessories.bags,,100.62,500000001,632cfc230c4f5085b847c5109d368140
2022-12-29 18:24:37 UTC,view,2102225,1516173523019626745,apparel.women.dress,Vantree,36.96,500000001,632cfc230c4f5085b847c5109d368140
2022-12-29 18:30:49 UTC,view,1260475,1589407324608544585,apparel.women.outerwear,Kestrel & Co,166.81,500000001,632cfc230c4f5085b847c5109d368140
2022-12-30 11:20:23 UTC,view,2102225,1516173523019626745,apparel.women.dress,Vantree,34.98,500000001,ead01dbad7cc906be9e69887b4fde5b1
2022-12-30 11:20:32 UTC,view,7182700,1492821164472423496,apparel.men.jeans,,96.31,500000001,ead01dbad7cc906be9e69887b4fde5b1
2022-12-30 11:23:59 UTC,view,8966163,1549623645531932356,accessories.bags,Solmara,82.72,500000001,ead01dbad7cc906be9e69887b4fde5b1
2022-12-30 11:27:42 UTC,view,2102225,1516173523019626745,apparel.women.dress,,35.37,500000001,ead01dbad7cc906be9e69887b4fde5b1
2022-12-30 11:36:36 UTC,view,3206674,1428548884811402817,apparel.men.shirt,,28.3,500000001,ead01dbad7cc906be9e69887b4fde5b1
2022-12-30 11:38:47 UTC,view,3243048,1558364261414932063,apparel.women.top,Thistlewood,44.52,500000001,ead01dbad7cc906be9e69887b4fde5b1
2022-12-30 20:34:52 UTC,view,4747587,1482972250706899052,,,84.61,500000001,a7900b3351654d66c7d240e27471658f
2022-12-30 20:53:49 UTC,view,4194454,1482972250706899052,apparel.women.pants,Vantree,69.59,500000001,a7900b3351654d66c7d240e27471658f
2022-12-30 20:55:59 UTC,view,1099410,1558430393367643133,accessories.hats,Norlend,17.89,500000001,a7900b3351654d66c7d240e27471658f
2022-12-30 21:00:40 UTC,cart,4705110,1428548884811402817,apparel.men.shirt,Ashgrove,19.77,500000001,a7900b3351654d66c7d240e27471658f
2022-12-30 21:01:52 UTC,view,2731345,1428548884811402817,apparel.men.shirt,,54.75,500000001,a7900b3351654d66c7d240e27471658f
2022-12-30 21:05:25 UTC,purchase,4705110,1428548884811402817,apparel.men.shirt,,18.1,500000001,a7900b3351654d66c7d240e27471658f
2022-12-31 19:51:54 UTC,view,4098324,1558364261414932063,,Norlend,24.26,500000001,9f2ea7f2c57eeb4c6ec7dfc7b993a5a3
2022-12-31 19:52:29 UTC,view,1099410,1558430393367643133,accessories.hats,Norlend,15.23,500000001,9f2ea7f2c57eeb4c6ec7dfc7b993a5a3
2022-12-31 19:57:48 UTC,view,8795573,1482972250706899052,apparel.women.pants,Palewick,29.59,500000001,9f2ea7f2c57eeb4c6ec7dfc7b993a5a3
2023-01-01 10:32:46 UTC,view,9351656,1428548884811402817,apparel.men.shirt,,24.11,500000001,09b28be335066347f3b31550c3c0e5dc
2023-01-01 10:35:27 UTC,view,2565553,1590725883499271729,,,17.26,500000001,09b28be335066347f3b31550c3c0e5dc
2023-01-01 10:55:58 UTC,view,6953807,1558364261414932063,apparel.women.top,Kestrel & Co,12.96,500000001,09b28be335066347f3b31550c3c0e5dc
2023-01-01 10:57:40 UTC,cart,5711182,1546390003792228747,,Oakspire,81.54,500000001,09b28be335066347f3b31550c3c0e5dc
2023-01-01 11:00:40 UTC,purchase,5711182,1546390003792228747,,,74.5,500000001,09b28be335066347f3b31550c3c0e5dc
2023-01-01 15:51:21 UTC,view,4747587,1482972250706899052,apparel.women.pants,,79.27,500000012,a893cf3b36aa8a6c1169571e5029f3f4
2023-01-01 15:53:16 UTC,view,8966163,1549623645531932356,accessories.bags,,90.83,500000012,a893cf3b36aa8a6c1169571e5029f3f4
2023-01-01 15:59:56 UTC,view,8966163,1549623645531932356,accessories.bags,Solmara,81.17,500000012,a893cf3b36aa8a6c1169571e5029f3f4
2023-01-01 16:00:48 UTC,view,9075437,1558364261414932063,apparel.women.top,Cinderfox,27.68,500000012,a893cf3b36aa8a6c1169571e5029f3f4
2023-01-01 16:01:24 UTC,cart,8966163,1549623645531932356,accessories.bags,Solmara,87.31,500000012,a893cf3b36aa8a6c1169571e5029f3f4
2023-01-01 16:01:52 UTC,view,8966163,1549623645531932356,accessories.bags,,84.38,500000012,a893cf3b36aa8a6c1169571e5029f3f4
2023-01-01 16:03:35 UTC,purchase,8966163,1549623645531932356,accessories.bags,Solmara,80.43,500000012,a893cf3b36aa8a6c1169571e5029f3f4
2023-01-01 16:04:35 UTC,view,4098324,1558364261414932063,apparel.women.top,Norlend,22.59,500000012,a893cf3b36aa8a6c1169571e5029f3f4
2023-01-01 16:07:55 UTC,view,9075437,1558364261414932063,apparel.women.top,,29.17,500000012,a893cf3b36aa8a6c1169571e5029f3f4
2023-01-01 16:13:19 UTC,view,2295523,1516173523019626745,apparel.women.dress,,43.44,500000012,a893cf3b36aa8a6c1169571e5029f3f4
2023-01-01 16:16:32 UTC,view,6362414,1558364261414932063,apparel.women.top,,25.36,500000012,a893cf3b36aa8a6c1169571e5029f3f4
2023-01-01 16:17:29 UTC,view,1522015,1546390003792228747,footwear.sneakers,Bramholt,108.73,500000012,a893cf3b36aa8a6c1169571e5029f3f4
01/01/2023 16:18,view,2527689,1428548884811402817,apparel.men.shirt,,29.03,500000012,a893cf3b36aa8a6c1169571e5029f3f4
,view,1162680,1589407324608544585,apparel.women.outerwear,Kestrel & Co,229.44,500000012,a893cf3b36aa8a6c1169571e5029f3f4
2023-01-02 13:13:50 UTC,view,5822751,1492821164472423496,apparel.men.jeans,,65.84,500000408,f9cc7e2e2d79e0b8695bab111daef5db
2023-01-02 13:17:07 UTC,view,2102225,1516173523019626745,apparel.women.dress,,34.9,500000408,f9cc7e2e2d79e0b8695bab111daef5db
2023-01-02 13:20:21 UTC,view,1029072,1482972250706899052,apparel.women.pants,Palewick,48.95,500000408,f9cc7e2e2d79e0b8695bab111daef5db
2023-01-02 13:32:05 UTC,view,3211935,1482972250706899052,apparel.women.pants,,66.11,500000408,f9cc7e2e2d79e0b8695bab111daef5db
2023-01-03 06:47:00 UTC,view,2295523,1516173523019626745,apparel.women.dress,,47.13,500000004,dc97f2a68b7d7a653e22deb042ea4f5d
2023-01-03 06:49:55 UTC,view,2875921,1546390003792228747,footwear.sneakers,,142.19,500000004,dc97f2a68b7d7a653e22deb042ea4f5d
2023-01-03 06:50:39 UTC,view,2931280,1558364261414932063,apparel.women.top,Thistlewood,31.53,500000004,dc97f2a68b7d7a653e22deb042ea4f5d
2023-01-03 06:51:07 UTC,view,5464062,1508136215129873133,apparel.kids.top,,19.2,500000004,dc97f2a68b7d7a653e22deb042ea4f5d
2023-01-03 06:54:51 UTC,view,4747587,1482972250706899052,apparel.women.pants,,75.29,500000004,dc97f2a68b7d7a653e22deb042ea4f5d
2023-01-03 06:57:59 UTC,view,5027667,1546390003792228747,,Milbrook,104.33,500000004,dc97f2a68b7d7a653e22deb042ea4f5d
2023-01-03 06:58:12 UTC,view,8966163,1549623645531932356,accessories.bags,Solmara,91.49,500000004,dc97f2a68b7d7a653e22deb042ea4f5d
2023-01-03 06:58:28 UTC,view,8966163,1549623645531932356,accessories.bags,,91.65,500000004,dc97f2a68b7d7a653e22deb042ea4f5d
2023-01-03 07:12:04 UTC,view,1517547,1558364261414932063,,,22.92,500000004,dc97f2a68b7d7a653e22deb042ea4f5d
2023-01-03 14:18:33 UTC,view,8966163,1549623645531932356,accessories.bags,Solmara,91.89,500000002,2951e8c907177bb16ec5605e5aa22487
2023-01-03 14:22:07 UTC,view,8634461,1428548884811402817,apparel.men.shirt,Kestrel & Co,23.56,500000002,2951e8c907177bb16ec5605e5aa22487
2023-01-03 14:22:24 UTC,cart,2102225,1516173523019626745,apparel.women.dress,Vantree,37.85,500000002,2951e8c907177bb16ec5605e5aa22487
2023-01-03 14:28:01 UTC,view,7941277,1594728468612408249,accessories.jewelry,,51.5,500000002,2951e8c907177bb16ec5605e5aa22487
2023-01-03 14:28:35 UTC,purchase,2102225,1516173523019626745,apparel.women.dress,Vantree,36.34,500000002,2951e8c907177bb16ec5605e5aa22487
2023-01-03 14:35:42 UTC,view,6079235,1508136215129873133,apparel.kids.top,Bramholt,8.83,500000002,2951e8c907177bb16ec5605e5aa22487
2023-01-03 14:39:31 UTC,view,1428173,1589407324608544585,apparel.women.outerwear,,104.28,500000002,2951e8c907177bb16ec5605e5aa22487
2023-01-03 14:43:56 UTC,view,5068008,1558364261414932063,apparel.women.top,Ashgrove,18.24,500000002,2951e8c907177bb16ec5605e5aa22487
2023-01-03 19:38:12 UTC,view,1260475,1589407324608544585,apparel.women.outerwear,Kestrel & Co,187.49,500000003,b9b59e8d0a39c637ab6936ba1ab79bf4
2023-01-03 19:39:39 UTC,view,9040237,1472209747072745335,footwear.boots,,123.06,500000003,b9b59e8d0a39c637ab6936ba1ab79bf4
2023-01-03 19:48:04 UTC,view,2931280,1558364261414932063,apparel.women.top,Thistlewood,30.3,500000003,b9b59e8d0a39c637ab6936ba1ab79bf4
2023-01-03 19:49:00 UTC,view,3163829,1558364261414932063,apparel.women.top,,40.78,500000003,b9b59e8d0a39c637ab6936ba1ab79bf4
2023-01-04 15:56:40 UTC,view,8966163,1549623645531932356,accessories.bags,Solmara,78.5,500000034,7bb167176c9a387fc0004dd3c33bfd4d
2023-01-04 15:57:35 UTC,view,4059984,1428548884811402817,apparel.men.shirt,,39.81,500000034,7bb167176c9a387fc0004dd3c33bfd4d
2023-01-04 16:01:00 UTC,view,8966163,1549623645531932356,,,79.55,500000034,7bb167176c9a387fc0004dd3c33bfd4d
2023-01-06 15:05:18 UTC,view,6953807,1558364261414932063,apparel.women.top,Kestrel & Co,12.6,500000001,9de2fd7b0e33d03f56552ab983d3ef7d
2023-01-06 15:06:25 UTC,view,1029072,1482972250706899052,apparel.women.pants,Palewick,49.46,500000001,9de2fd7b0e33d03f56552ab983d3ef7d
2023-01-06 15:09:10 UTC,view,6497266,1558430393367643133,accessories.hats,Doverly,10.25,500000001,9de2fd7b0e33d03f56552ab983d3ef7d
2023-01-06 15:12:45 UTC,view,8966163,1549623645531932356,accessories.bags,Solmara,79.22,500000001,9de2fd7b0e33d03f56552ab983d3ef7d
2023-01-06 15:21:45 UTC,cart,5862621,1492821164472423496,apparel.men.jeans,Vantree,43.91,500000001,9de2fd7b0e33d03f56552ab983d3ef7d
2023-01-06 15:22:22 UTC,purchase,5862621,1492821164472423496,apparel.men.jeans,Vantree,40.0,500000001,9de2fd7b0e33d03f56552ab983d3ef7d
2023-01-06 15:24:25 UTC,view,7182700,1492821164472423496,apparel.men.jeans,,85.74,500000001,9de2fd7b0e33d03f56552ab983d3ef7d
2023-01-07 10:54:49 UTC,view,8966163,1549623645531932356,,,83.0,500000015,1b3d317da4a56b8426f56a507c77426b
2023-01-07 10:54:59 UTC,view,9755526,1589407324608544585,apparel.women.outerwear,Ashgrove,78.93,500000015,1b3d317da4a56b8426f56a507c77426b
2023-01-07 11:05:43 UTC,view,8966163,1549623645531932356,,Solmara,86.09,500000015,1b3d317da4a56b8426f56a507c77426b
2023-01-07 15:30:08 UTC,view,8966163,1549623645531932356,accessories.bags,Solmara,77.64,500000003,d53835651e3d177e29d5eb7f51d79d41
2023-01-07 15:38:32 UTC,view,6520765,1546390003792228747,footwear.sneakers,Marlow Row,69.29,500000003,d53835651e3d177e29d5eb7f51d79d41
2023-01-08 13:07:27 UTC,view,4958034,1516173523019626745,apparel.women.dress,,42.2,500000003,6d61d2822c85d7955c32e3af688017ba
2023-01-08 13:19:13 UTC,view,7182700,1492821164472423496,apparel.men.jeans,,96.69,500000003,6d61d2822c85d7955c32e3af688017ba
2023-01-08 13:20:35 UTC,cart,6960004,1549623645531932356,accessories.bags,,52.31,500000003,6d61d2822c85d7955c32e3af688017ba
2023-01-08 13:22:03 UTC,view,5862621,1492821164472423496,apparel.men.jeans,Vantree,48.77,500000003,6d61d2822c85d7955c32e3af688017ba
2023-01-08 13:25:19 UTC,purchase,6960004,1549623645531932356,accessories.bags,,52.49,500000003,6d61d2822c85d7955c32e3af688017ba
2023-01-08 19:17:50 UTC,view,1162680,1589407324608544585,,Kestrel & Co,225.36,500000002,8bf59245c403b5c1ed3429e563ff1e06
2023-01-08 19:17:50 UTC,cart,8754194,1482972250706899052,,,56.82,500000002,8bf59245c403b5c1ed3429e563ff1e06
2023-01-08 19:21:44 UTC,view,9554682,1492821164472423496,apparel.men.jeans,Norlend,103.23,500000002,8bf59245c403b5c1ed3429e563ff1e06
2023-01-08 19:22:22 UTC,view,2645378,1594728468612408249,accessories.jewelry,Harlow Vale,10.69,500000002,8bf59245c403b5c1ed3429e563ff1e06
08/01/2023 19:25,view,2102225,1516173523019626745,apparel.women.dress,Vantree,33.32,500000002,8bf59245c403b5c1ed3429e563ff1e06
2023-01-08 19:28:59 UTC,view,3243048,1558364261414932063,apparel.women.top,Thistlewood,46.52,500000002,8bf59245c403b5c1ed3429e563ff1e06
2023-01-08 19:30:31 UTC,purchase,8754194,1482972250706899052,apparel.women.pants,Kestrel & Co,55.24,500000002,8bf59245c403b5c1ed3429e563ff1e06
2023-01-10 10:04:18 UTC,view,4762867,1594728468612408249,accessories.jewelry,Greymont,18.88,500000016,1ba938431aa3a7fb7b086b605dcfd8d7
2023-01-10 10:07:49 UTC,cart,1517547,1558364261414932063,apparel.women.top,Bellcroft,25.93,500000016,1ba938431aa3a7fb7b086b605dcfd8d7
2023-01-10 14:11:57 UTC,view,8634461,1428548884811402817,apparel.men.shirt,Kestrel & Co,23.6,500000001,550fc155a885c97489d86183e17ead22
2023-01-10 14:13:35 UTC,view,8966163,1549623645531932356,accessories.bags,Solmara,80.82,500000001,550fc155a885c97489d86183e17ead22
2023-01-10 14:17:45 UTC,view,8966163,1549623645531932356,accessories.bags,Solmara,83.51,500000001,550fc155a885c97489d86183e17ead22
2023-01-10 14:19:55 UTC,view,6474782,1492821164472423496,apparel.men.jeans,,96.32,500000001,550fc155a885c97489d86183e17ead22
2023-01-10 14:23:53 UTC,cart,8016491,1546390003792228747,footwear.sneakers,Vantree,154.27,500000001,550fc155a885c97489d86183e17ead22
2023-01-10 14:26:28 UTC,purchase,8016491,1546390003792228747,footwear.sneakers,Vantree,135.75,500000001,550fc155a885c97489d86183e17ead22
2023-01-10 15:43:31 UTC,view,8966163,1549623645531932356,accessories.bags,,78.86,500000002,c367130dcf9c5c22a128f20ca7f58fdc
2023-01-10 15:44:15 UTC,view,2102225,1516173523019626745,apparel.women.dress,Vantree,33.69,500000002,c367130dcf9c5c22a128f20ca7f58fdc
2023-01-10 15:47:52 UTC,view,8966163,1549623645531932356,accessories.bags,Solmara,83.0,500000002,c367130dcf9c5c22a128f20ca7f58fdc
2023-01-10 15:53:44 UTC,view,3301602,1594728468612408249,accessories.jewelry,Vantree,40.59,500000002,c367130dcf9c5c22a128f20ca7f58fdc
2023-01-10 16:00:59 UTC,cart,5520674,1428548884811402817,apparel.men.shirt,,30.26,500000002,c367130dcf9c5c22a128f20ca7f58fdc
2023-01-10 16:02:05 UTC,purchase,5520674,1428548884811402817,apparel.men.shirt,,36.21,500000002,c367130dcf9c5c22a128f20ca7f58fdc
2023-01-11 16:26:29 UTC,view,8634461,1428548884811402817,apparel.men.shirt,Kestrel & Co,21.65,500000003,e3a92b06204aa1d84cd31e2962bdfbd1
2023-01-11 16:29:29 UTC,view,8634461,1428548884811402817,apparel.men.shirt,Kestrel & Co,22.66,500000003,e3a92b06204aa1d84cd31e2962bdfbd1
2023-01-11 16:41:51 UTC,cart,8966163,1549623645531932356,,Solmara,80.16,500000003,e3a92b06204aa1d84cd31e2962bdfbd1
2023-01-11 16:43:45 UTC,purchase,8966163,1549623645531932356,,Solmara,88.7,500000003,e3a92b06204aa1d84cd31e2962bdfbd1
2023-01-11 18:53:30 UTC,view,1072276,1558364261414932063,apparel.women.top,,41.17,500000038,188c6e5f512cb4e027c7053d3f70d96f
2023-01-11 19:11:47 UTC,view,9829417,1546390003792228747,footwear.sneakers,Bellcroft,126.88,500000038,188c6e5f512cb4e027c7053d3f70d96f
2023-01-11 19:13:57 UTC,view,9118832,1589407324608544585,apparel.women.outerwear,Ruskin & Fable,178.33,500000038,188c6e5f512cb4e027c7053d3f70d96f
2023-01-11 19:15:03 UTC,view,5509792,1516173523019626745,apparel.women.dress,Norlend,87.87,500000038,188c6e5f512cb4e027c7053d3f70d96f
2023-01-11 19:19:18 UTC,view,4194454,1482972250706899052,apparel.women.pants,Vantree,67.56,500000038,188c6e5f512cb4e027c7053d3f70d96f
2023-01-11 19:19:51 UTC,view,6338037,1492821164472423496,apparel.men.jeans,,42.22,500000038,188c6e5f512cb4e027c7053d3f70d96f
2023-01-13 12:30:36 UTC,view,5068008,1558364261414932063,apparel.women.top,,18.81,500000006,a70b3eaeb1878dff398c7fcae6ee07bf
2023-01-13 12:30:55 UTC,view,7182700,1492821164472423496,apparel.men.jeans,,97.67,500000006,a70b3eaeb1878dff398c7fcae6ee07bf
2023-01-13 12:32:42 UTC,view,8966163,1549623645531932356,accessories.bags,Solmara,81.04,500000006,a70b3eaeb1878dff398c7fcae6ee07bf
2023-01-13 12:43:14 UTC,view,2102225,1516173523019626745,apparel.women.dress,Vantree,35.38,500000006,a70b3eaeb1878dff398c7fcae6ee07bf
2023-01-13 13:19:28 UTC,view,2102225,1516173523019626745,apparel.women.dress,Vantree,33.86,500000001,11e4ce21cd98f36d3cd7081886170d8f
2023-01-13 13:20:43 UTC,view,4194454,1482972250706899052,apparel.women.pants,Vantree,61.05,500000001,11e4ce21cd98f36d3cd7081886170d8f
2023-01-13 13:38:50 UTC,view,4747587,1482972250706899052,,,79.05,500000001,11e4ce21cd98f36d3cd7081886170d8f
2023-01-13 13:39:20 UTC,view,9748139,1594728468612408249,accessories.jewelry,Ferncastle,20.09,500000001,11e4ce21cd98f36d3cd7081886170d8f
2023-01-13 13:53:42 UTC,view,3676700,1558186846391920988,apparel.kids.outerwear,Oakspire,63.31,500000002,3346c120b1897e69542f430a96280472
2023-01-13 13:56:12 UTC,view,3002277,1558364261414932063,apparel.women.top,Harlow Vale,46.08,500000002,3346c120b1897e69542f430a96280472
2023-01-13 14:03:57 UTC,view,8966163,1549623645531932356,accessories.bags,Solmara,76.63,500000002,3346c120b1897e69542f430a96280472
2023-01-14 17:45:04 UTC,view,9065490,1516173523019626745,apparel.women.dress,Aldyne,104.51,500000001,00ad5e3a5f3e58e8dcf9ec657f656924
2023-01-14 17:46:33 UTC,view,8966163,1549623645531932356,accessories.bags,Solmara,84.39,500000001,00ad5e3a5f3e58e8dcf9ec657f656924
2023-01-14 17:57:14 UTC,cart,8758486,1516173523019626745,apparel.women.dress,,92.82,500000001,00ad5e3a5f3e58e8dcf9ec657f656924
2023-01-14 18:01:27 UTC,purchase,8758486,1516173523019626745,apparel.women.dress,,90.77,500000001,00ad5e3a5f3e58e8dcf9ec657f656924
2023-01-14 20:21:42 UTC,view,8089253,1516173523019626745,apparel.women.dress,Norlend,107.25,500000001,a8cb8f1a1a4eb7fb549f2d3bf932efaa
2023-01-14 20:42:41 UTC,view,9118281,1558364261414932063,apparel.women.top,,17.71,500000001,a8cb8f1a1a4eb7fb549f2d3bf932efaa
2023-01-14 20:45:40 UTC,view,2931280,1558364261414932063,apparel.women.top,Thistlewood,30.69,500000001,a8cb8f1a1a4eb7fb549f2d3bf932efaa
2023-01-14 20:47:56 UTC,view,8634461,1428548884811402817,apparel.men.shirt,Kestrel & Co,23.25,500000001,a8cb8f1a1a4eb7fb549f2d3bf932efaa
2023-01-15 05:25:08 UTC,view,6362414,1558364261414932063,apparel.women.top,Ferncastle,24.42,500000001,8e2429537659953a25c19c1b27138fd0
2023-01-15 05:27:24 UTC,view,7941277,1594728468612408249,accessories.jewelry,,56.02,500000001,8e2429537659953a25c19c1b27138fd0
2023-01-15 05:32:36 UTC,view,9118832,1589407324608544585,apparel.women.outerwear,Ruskin & Fable,178.19,500000001,8e2429537659953a25c19c1b27138fd0
2023-01-15 05:33:12 UTC,view,4747587,1482972250706899052,apparel.women.pants,,75.95,500000001,8e2429537659953a25c19c1b27138fd0
2023-01-15 05:35:20 UTC,view,4170752,1519748099762056932,apparel.men.outerwear,,207.55,500000001,8e2429537659953a25c19c1b27138fd0
2023-01-15 05:36:40 UTC,view,8966163,1549623645531932356,accessories.bags,Solmara,89.81,500000001,8e2429537659953a25c19c1b27138fd0
2023-01-15 05:43:07 UTC,view,8754194,1482972250706899052,apparel.women.pants,,50.24,500000001,8e2429537659953a25c19c1b27138fd0
2023-01-15 05:43:31 UTC,view,4098324,1558364261414932063,apparel.women.top,Norlend,21.0,500000001,8e2429537659953a25c19c1b27138fd0
2023-01-15 05:46:15 UTC,cart,4170752,1519748099762056932,,,213.95,500000001,8e2429537659953a25c19c1b27138fd0
2023-01-15 05:47:02 UTC,purchase,4170752,1519748099762056932,apparel.men.outerwear,,217.25,500000001,8e2429537659953a25c19c1b27138fd0
2023-01-16 09:12:33 UTC,view,3124731,1558364261414932063,apparel.women.top,,28.74,500000009,d37d7a3e9500c6ef5e8a3e97101ed317
2023-01-16 09:31:04 UTC,view,4194454,1482972250706899052,apparel.women.pants,Vantree,69.68,500000009,d37d7a3e9500c6ef5e8a3e97101ed317
2023-01-16 09:35:25 UTC,view,8903471,1428548884811402817,apparel.men.shirt,,20.16,500000009,d37d7a3e9500c6ef5e8a3e97101ed317
2023-01-16 09:35:33 UTC,cart,9319849,1472209747072745335,footwear.boots,Marlow Row,153.32,500000009,d37d7a3e9500c6ef5e8a3e97101ed317
2023-01-16 09:40:16 UTC,purchase,9319849,1472209747072745335,,,156.39,500000009,d37d7a3e9500c6ef5e8a3e97101ed317
2023-01-16 12:38:30 UTC,view,1522015,1546390003792228747,footwear.sneakers,Bramholt,119.35,500000020,61d9cbfa6f9c1b205ac188c224e15d56
2023-01-16 12:40:19 UTC,view,2337045,1558364261414932063,apparel.women.top,,19.02,500000020,61d9cbfa6f9c1b205ac188c224e15d56
2023-01-16 12:45:34 UTC,cart,8966163,1549623645531932356,accessories.bags,Solmara,78.52,500000020,61d9cbfa6f9c1b205ac188c224e15d56
2023-01-16 12:45:58 UTC,purchase,8966163,1549623645531932356,,,82.13,500000020,61d9cbfa6f9c1b205ac188c224e15d56
2023-01-16 12:56:36 UTC,view,3383881,1589407324608544585,apparel.women.outerwear,,-142.59,500000020,61d9cbfa6f9c1b205ac188c224e15d56
2023-01-16 12:58:56 UTC,view,4747587,1482972250706899052,apparel.women.pants,,74.7,500000020,61d9cbfa6f9c1b205ac188c224e15d56
2023-01-16 15:15:29 UTC,view,2292183,1508136215129873133,apparel.kids.top,,15.3,500000048,91380f52b2ce23af461ddf57208440f8
2023-01-16 15:36:44 UTC,view,9036326,1558430393367643133,accessories.hats,,7.6,500000048,91380f52b2ce23af461ddf57208440f8
2023-01-16 15:38:25 UTC,view,8758486,1516173523019626745,apparel.women.dress,,87.31,500000048,91380f52b2ce23af461ddf57208440f8
2023-01-16 15:41:40 UTC,view,9755526,1589407324608544585,apparel.women.outerwear,,86.63,500000048,91380f52b2ce23af461ddf57208440f8
2023-01-16 15:43:24 UTC,view,7346335,1594728468612408249,accessories.jewelry,Milbrook,69.44,500000048,91380f52b2ce23af461ddf57208440f8
2023-01-16 15:44:19 UTC,cart,4143393,1519748099762056932,,,204.63,500000048,91380f52b2ce23af461ddf57208440f8
2023-01-16 15:47:16 UTC,purchase,4143393,1519748099762056932,apparel.men.outerwear,,209.82,500000048,91380f52b2ce23af461ddf57208440f8
2023-01-17 18:59:04 UTC,view,8966163,1549623645531932356,accessories.bags,Solmara,82.94,500000085,1895b7a3f522ba613290b7cb614d9dfc
2023-01-17 18:59:04 UTC,cart,6529231,1558186846391920988,,,30.83,500000085,1895b7a3f522ba613290b7cb614d9dfc
2023-01-17 19:00:28 UTC,view,9755526,1589407324608544585,apparel.women.outerwear,Ashgrove,84.86,500000085,1895b7a3f522ba613290b7cb614d9dfc
2023-01-17 19:00:50 UTC,view,4194454,1482972250706899052,,Vantree,65.0,500000085,1895b7a3f522ba613290b7cb614d9dfc
17/01/2023 19:02,view,4747587,1482972250706899052,apparel.women.pants,,77.86,500000085,1895b7a3f522ba613290b7cb614d9dfc
2023-01-17 19:09:34 UTC,purchase,6529231,1558186846391920988,apparel.kids.outerwear,Greymont,27.69,500000085,1895b7a3f522ba613290b7cb614d9dfc
2023-01-17 19:14:21 UTC,view,9755526,1589407324608544585,apparel.women.outerwear,Ashgrove,76.54,500000085,1895b7a3f522ba613290b7cb614d9dfc
2023-01-18 13:58:36 UTC,view,7390450,1558364261414932063,apparel.women.top,,38.55,500000023,e42b6488f7ccf41496a833bbb283aec5
2023-01-18 14:06:16 UTC,view,5862621,1492821164472423496,apparel.men.jeans,,42.57,500000023,e42b6488f7ccf41496a833bbb283aec5
2023-01-19 11:43:24 UTC,view,3346010,1558430393367643133,accessories.hats,,29.87,500000001,e68e8e1fdc2efcf588dda10448e1fd7a
2023-01-19 11:44:11 UTC,view,9829417,1546390003792228747,,,120.55,500000001,e68e8e1fdc2efcf588dda10448e1fd7a
2023-01-19 11:51:00 UTC,view,5114384,1558186846391920988,apparel.kids.outerwear,Kestrel & Co,27.88,500000001,e68e8e1fdc2efcf588dda10448e1fd7a
2023-01-19 14:41:49 UTC,view,4098324,1558364261414932063,apparel.women.top,Norlend,22.19,500000558,ccaddecf5c3f7fca116a2df01a78f1f5
2023-01-19 14:42:22 UTC,view,9261290,1482972250706899052,apparel.women.pants,,77.17,500000558,ccaddecf5c3f7fca116a2df01a78f1f5
2023-01-19 14:42:59 UTC,cart,9198161,1546390003792228747,footwear.sneakers,Wrenfield,126.02,500000558,ccaddecf5c3f7fca116a2df01a78f1f5
2023-01-19 14:44:41 UTC,purchase,9198161,1546390003792228747,footwear.sneakers,,119.89,500000558,ccaddecf5c3f7fca116a2df01a78f1f5
2023-01-19 14:45:45 UTC,view,3002277,1558364261414932063,apparel.women.top,,39.72,500000558,ccaddecf5c3f7fca116a2df01a78f1f5
2023-01-19 14:49:40 UTC,view,7182700,1492821164472423496,apparel.men.jeans,,82.91,500000558,ccaddecf5c3f7fca116a2df01a78f1f5
2023-01-20 18:42:13 UTC,view,8926382,1558186846391920988,apparel.kids.outerwear,,41.64,500000007,66dd5ab20033ae6b91811e796ed83a35
2023-01-20 18:47:30 UTC,view,1428173,1589407324608544585,apparel.women.outerwear,,117.8,500000007,66dd5ab20033ae6b91811e796ed83a35
2023-01-20 18:59:21 UTC,view,2731345,1428548884811402817,apparel.men.shirt,Aldyne,52.5,500000007,66dd5ab20033ae6b91811e796ed83a35
2023-01-20 19:04:12 UTC,view,7182700,1492821164472423496,apparel.men.jeans,,86.9,500000007,66dd5ab20033ae6b91811e796ed83a35
2023-01-20 19:06:08 UTC,cart,2102225,1516173523019626745,apparel.women.dress,Vantree,36.39,500000007,66dd5ab20033ae6b91811e796ed83a35
2023-01-20 19:06:42 UTC,view,7448961,1590725883499271729,,,15.35,500000007,66dd5ab20033ae6b91811e796ed83a35
2023-01-20 19:09:09 UTC,view,9841830,1508136215129873133,apparel.kids.top,,11.26,500000007,66dd5ab20033ae6b91811e796ed83a35
2023-01-20 19:09:20 UTC,purchase,2102225,1516173523019626745,apparel.women.dress,Vantree,34.2,500000007,66dd5ab20033ae6b91811e796ed83a35
2023-01-21 05:40:58 UTC,view,2295523,1516173523019626745,apparel.women.dress,,43.58,500000007,4e04c9fc4a54365e1197013d218beadf
2023-01-21 05:46:38 UTC,view,8966163,1549623645531932356,accessories.bags,Solmara,86.81,500000007,4e04c9fc4a54365e1197013d218beadf
2023-01-21 05:51:11 UTC,view,3487534,1429628030847824846,footwear.sandals,Bellcroft,21.71,500000007,4e04c9fc4a54365e1197013d218beadf
2023-01-21 05:51:16 UTC,cart,3781033,1558364261414932063,apparel.women.top,Bellcroft,40.93,500000007,4e04c9fc4a54365e1197013d218beadf
2023-01-21 05:52:08 UTC,purchase,3781033,1558364261414932063,apparel.women.top,Bellcroft,48.9,500000007,4e04c9fc4a54365e1197013d218beadf
2023-01-21 05:53:46 UTC,view,9829417,1546390003792228747,,Bellcroft,118.4,500000007,4e04c9fc4a54365e1197013d218beadf
2023-01-21 05:58:10 UTC,view,1162680,1589407324608544585,,,216.26,500000007,4e04c9fc4a54365e1197013d218beadf
2023-01-21 06:01:52 UTC,view,5114384,1558186846391920988,apparel.kids.outerwear,Kestrel & Co,24.95,500000007,4e04c9fc4a54365e1197013d218beadf
2023-01-21 06:02:42 UTC,view,6517467,1516173523019626745,apparel.women.dress,Thistlewood,93.04,500000007,4e04c9fc4a54365e1197013d218beadf
2023-01-22 19:29:30 UTC,view,2154101,1558430393367643133,accessories.hats,,13.01,500000038,f3dc288131411e360e5b92d7e93c7f91
2023-01-22 19:29:35 UTC,view,3243048,1558364261414932063,apparel.women.top,Thistlewood,44.37,500000038,f3dc288131411e360e5b92d7e93c7f91
2023-01-22 19:33:06 UTC,cart,1356979,1482972250706899052,apparel.women.pants,Ferncastle,29.19,500000038,f3dc288131411e360e5b92d7e93c7f91
2023-01-22 19:34:12 UTC,purchase,1356979,1482972250706899052,,Ferncastle,30.95,500000038,f3dc288131411e360e5b92d7e93c7f91
2023-01-22 19:40:49 UTC,view,1099410,1558430393367643133,accessories.hats,Norlend,16.72,500000038,f3dc288131411e360e5b92d7e93c7f91
2023-01-22 19:43:12 UTC,view,2102225,1516173523019626745,apparel.women.dress,Vantree,35.09,500000038,f3dc288131411e360e5b92d7e93c7f91
2023-01-23 10:05:24 UTC,view,9748139,1594728468612408249,accessories.jewelry,Ferncastle,22.72,500000044,e8fca0d1103fc79224ab96dd56cd6a1d
2023-01-23 10:08:44 UTC,view,4489659,1516173523019626745,apparel.women.dress,,58.92,500000044,e8fca0d1103fc79224ab96dd56cd6a1d
2023-01-24 10:07:25 UTC,view,4143393,1519748099762056932,apparel.men.outerwear,Marlow Row,216.85,500000001,8d92b03fadd2a476e0eb3806fe055c3f
2023-01-24 10:14:27 UTC,view,9829417,1546390003792228747,footwear.sneakers,Bellcroft,122.37,500000001,8d92b03fadd2a476e0eb3806fe055c3f
2023-01-24 10:19:26 UTC,view,2102225,1516173523019626745,apparel.women.dress,Vantree,33.86,500000001,8d92b03fadd2a476e0eb3806fe055c3f
2023-01-24 10:28:35 UTC,view,9319849,1472209747072745335,footwear.boots,Marlow Row,137.18,500000001,8d92b03fadd2a476e0eb3806fe055c3f
2023-01-24 11:20:28 UTC,view,9755526,1589407324608544585,apparel.women.outerwear,Ashgrove,78.04,500000001,d10461fbe75eab89d2746b723c617c44
2023-01-24 11:31:44 UTC,view,9841830,1508136215129873133,apparel.kids.top,,11.18,500000001,d10461fbe75eab89d2746b723c617c44
2023-01-24 11:39:02 UTC,cart,8754194,1482972250706899052,apparel.women.pants,Kestrel & Co,59.17,500000001,d10461fbe75eab89d2746b723c617c44
2023-01-24 11:39:34 UTC,purchase,8754194,1482972250706899052,apparel.women.pants,Kestrel & Co,59.31,500000001,d10461fbe75eab89d2746b723c617c44
2023-01-24 15:10:48 UTC,view,3157737,1516173523019626745,apparel.women.dress,,89.92,500000043,b21e7e5cdc6ba725dbf7a4e7f0322fd5
2023-01-24 15:21:44 UTC,view,4098324,1558364261414932063,apparel.women.top,Norlend,23.13,500000043,b21e7e5cdc6ba725dbf7a4e7f0322fd5
2023-01-25 06:39:19 UTC,view,8634461,1428548884811402817,apparel.men.shirt,,20.53,500000009,e19ff44e20a2f86aafcc50273aa53bb1
2023-01-25 06:45:39 UTC,view,4720552,1428548884811402817,,Palewick,16.7,500000009,e19ff44e20a2f86aafcc50273aa53bb1
2023-01-25 10:10:43 UTC,view,4098324,1558364261414932063,apparel.women.top,Norlend,22.67,500000043,04e4e4671379fd72f3ee61f20977df60
2023-01-25 10:22:06 UTC,view,8966163,1549623645531932356,accessories.bags,,86.67,500000043,04e4e4671379fd72f3ee61f20977df60
2023-01-25 10:28:27 UTC,view,9739117,1428548884811402817,apparel.men.shirt,Cinderfox,41.13,500000043,04e4e4671379fd72f3ee61f20977df60
2023-01-26 08:18:46 UTC,view,8832573,1589407324608544585,,Harlow Vale,83.65,500000001,cbfcab0a07ff5849b3a91701b6acea35
26/01/2023 08:23,cart,6380274,1472209747072745335,footwear.boots,Wrenfield,194.29,500000001,cbfcab0a07ff5849b3a91701b6acea35
2023-01-26 08:25:10 UTC,purchase,6380274,1472209747072745335,footwear.boots,,175.94,500000001,cbfcab0a07ff5849b3a91701b6acea35
2023-01-26 08:29:41 UTC,view,1099410,1558430393367643133,accessories.hats,Norlend,16.51,500000001,cbfcab0a07ff5849b3a91701b6acea35
2023-01-26 08:33:17 UTC,view,2731345,1428548884811402817,apparel.men.shirt,Aldyne,47.96,500000001,cbfcab0a07ff5849b3a91701b6acea35
2023-01-26 08:36:11 UTC,view,7630387,1558186846391920988,apparel.kids.outerwear,Greymont,29.42,500000001,cbfcab0a07ff5849b3a91701b6acea35
2023-01-27 08:12:26 UTC,view,8634461,1428548884811402817,apparel.men.shirt,,22.24,500000004,eb1f7aaf43855034e96e90b584b62bb2
2023-01-27 08:22:48 UTC,view,9746038,1516173523019626745,apparel.women.dress,,33.88,500000004,eb1f7aaf43855034e96e90b584b62bb2
2023-01-27 08:27:18 UTC,view,4143393,1519748099762056932,,,217.21,500000004,eb1f7aaf43855034e96e90b584b62bb2
2023-01-27 14:18:34 UTC,view,7390450,1558364261414932063,apparel.women.top,,40.9,500000001,9ec2145dea735d3c82be82b03337616b
2023-01-27 14:20:28 UTC,view,5711182,1546390003792228747,footwear.sneakers,Oakspire,88.61,500000001,9ec2145dea735d3c82be82b03337616b
2023-01-27 14:21:27 UTC,view,5781989,1482972250706899052,apparel.women.pants,Wrenfield,81.88,500000001,9ec2145dea735d3c82be82b03337616b
2023-01-27 14:33:17 UTC,cart,5822751,1492821164472423496,apparel.men.jeans,Doverly,69.31,500000001,9ec2145dea735d3c82be82b03337616b
2023-01-27 14:37:46 UTC,purchase,5822751,1492821164472423496,apparel.men.jeans,Doverly,70.02,500000001,9ec2145dea735d3c82be82b03337616b
2023-01-28 09:10:25 UTC,view,2731345,1428548884811402817,,Aldyne,47.81,500000002,98360a52c9c011011506ad3d2b607574
2023-01-28 09:20:56 UTC,view,9319849,1472209747072745335,footwear.boots,,159.51,500000002,98360a52c9c011011506ad3d2b607574
2023-01-28 09:21:45 UTC,view,7729308,1482972250706899052,apparel.women.pants,,41.58,500000002,98360a52c9c011011506ad3d2b607574
2023-01-28 09:30:23 UTC,view,1162680,1589407324608544585,apparel.women.outerwear,Kestrel & Co,214.87,500000002,98360a52c9c011011506ad3d2b607574
2023-01-28 09:31:23 UTC,view,2804964,1558364261414932063,apparel.women.top,Cinderfox,39.26,500000002,98360a52c9c011011506ad3d2b607574
2023-01-28 17:19:01 UTC,view,4994348,1549623645531932356,accessories.bags,,59.65,500000001,3451b86be6effdd2cce30f5dd0a205f6
2023-01-28 17:22:51 UTC,view,4747587,1482972250706899052,apparel.women.pants,,77.24,500000001,3451b86be6effdd2cce30f5dd0a205f6
2023-01-28 17:36:03 UTC,view,8966163,1549623645531932356,accessories.bags,Solmara,89.52,500000001,3451b86be6effdd2cce30f5dd0a205f6
2023-01-28 17:36:32 UTC,view,9841830,1508136215129873133,apparel.kids.top,Wrenfield,13.16,500000001,3451b86be6effdd2cce30f5dd0a205f6
2023-01-28 17:37:57 UTC,view,2804964,1558364261414932063,apparel.women.top,,39.23,500000001,3451b86be6effdd2cce30f5dd0a205f6
2023-01-28 20:59:35 UTC,view,8966163,1549623645531932356,accessories.bags,Solmara,85.57,500000001,2f57efbd8486e8442aef5dddcc38f33e
2023-01-28 20:59:39 UTC,view,6693651,1482972250706899052,,Cinderfox,31.55,500000001,2f57efbd8486e8442aef5dddcc38f33e
2023-01-28 21:04:15 UTC,view,7429245,1428548884811402817,apparel.men.shirt,Ashgrove,16.8,500000001,2f57efbd8486e8442aef5dddcc38f33e
2023-01-28 21:09:14 UTC,view,4236332,1482972250706899052,apparel.women.pants,,39.35,500000001,2f57efbd8486e8442aef5dddcc38f33e
2023-01-28 21:17:52 UTC,view,7201529,1589407324608544585,apparel.women.outerwear,,81.17,500000001,2f57efbd8486e8442aef5dddcc38f33e
2023-01-28 21:20:13 UTC,view,9940011,1546390003792228747,,Doverly,39.34,500000001,2f57efbd8486e8442aef5dddcc38f33e
2023-01-29 07:49:15 UTC,view,2295523,1516173523019626745,apparel.women.dress,,45.53,500000008,e2f51d50e12324400e10fdd5f94a426e
2023-01-29 07:49:45 UTC,view,8903471,1428548884811402817,apparel.men.shirt,,19.96,500000008,e2f51d50e12324400e10fdd5f94a426e
2023-01-29 07:52:45 UTC,view,6953807,1558364261414932063,,Kestrel & Co,12.41,500000008,e2f51d50e12324400e10fdd5f94a426e
2023-01-29 07:56:17 UTC,view,7182700,1492821164472423496,apparel.men.jeans,,82.71,500000008,e2f51d50e12324400e10fdd5f94a426e
2023-01-29 08:07:09 UTC,view,7275086,1558186846391920988,apparel.kids.outerwear,,58.45,500000008,e2f51d50e12324400e10fdd5f94a426e
2023-01-29 14:34:18 UTC,view,2102225,1516173523019626745,,,34.72,500000005,a78c551a3b47c2b7b0edc21f5a258e86
2023-01-29 14:42:14 UTC,view,8966163,1549623645531932356,accessories.bags,Solmara,89.55,500000005,a78c551a3b47c2b7b0edc21f5a258e86
2023-01-29 14:43:33 UTC,view,8966163,1549623645531932356,accessories.bags,Solmara,88.42,500000005,a78c551a3b47c2b7b0edc21f5a258e86
2023-01-29 14:43:47 UTC,view,5599030,1558430393367643133,accessories.hats,Marlow Row,26.67,500000005,a78c551a3b47c2b7b0edc21f5a258e86
2023-01-29 14:57:32 UTC,view,7182700,1492821164472423496,apparel.men.jeans,,82.69,500000005,a78c551a3b47c2b7b0edc21f5a258e86
2023-01-29 19:00:30 UTC,view,9829417,1546390003792228747,,Bellcroft,127.78,500000001,f7a1a1e8463e69740b40b5ec98e1ad48
2023-01-29 19:01:32 UTC,view,8218381,1516173523019626745,apparel.women.dress,Cinderfox,32.07,500000001,f7a1a1e8463e69740b40b5ec98e1ad48
2023-01-29 19:08:06 UTC,view,2299273,1558364261414932063,apparel.women.top,Aldyne,23.03,500000001,f7a1a1e8463e69740b40b5ec98e1ad48
2023-01-29 19:10:22 UTC,view,7062170,1429628030847824846,,,34.69,500000001,f7a1a1e8463e69740b40b5ec98e1ad48
2023-01-29 19:10:25 UTC,view,8966163,1549623645531932356,accessories.bags,Solmara,88.55,500000001,f7a1a1e8463e69740b40b5ec98e1ad48
29/01/2023 19:11,view,8966163,1549623645531932356,accessories.bags,Solmara,78.02,500000001,f7a1a1e8463e69740b40b5ec98e1ad48
2023-01-29 23:59:41 UTC,view,3243048,1558364261414932063,apparel.women.top,,46.92,500000002,2bea1d2bd14e953a22c33b59006f71fc
2023-01-30 00:01:17 UTC,view,2295523,1516173523019626745,apparel.women.dress,,41.85,500000002,2bea1d2bd14e953a22c33b59006f71fc
2023-01-30 00:03:41 UTC,view,9755526,1589407324608544585,apparel.women.outerwear,,85.63,500000002,2bea1d2bd14e953a22c33b59006f71fc
2023-01-30 00:18:33 UTC,view,9800243,1492821164472423496,apparel.men.jeans,Palewick,84.47,500000002,2bea1d2bd14e953a22c33b59006f71fc
2023-01-30 11:55:08 UTC,view,1428173,1589407324608544585,apparel.women.outerwear,,97.88,500000003,dfae7002372d59ab1537eedcfbd1a47d
2023-01-30 11:58:30 UTC,view,2102225,1516173523019626745,apparel.women.dress,Vantree,34.52,500000003,dfae7002372d59ab1537eedcfbd1a47d
2023-01-30 12:19:51 UTC,view,1162680,1589407324608544585,apparel.women.outerwear,,213.61,500000003,dfae7002372d59ab1537eedcfbd1a47d
2023-01-30 20:52:44 UTC,view,7448961,1590725883499271729,accessories.belts,Harlow Vale,17.77,500000006,823616e1b59ed6132c3e3416b6f8916c
2023-01-30 21:13:40 UTC,view,6380274,1472209747072745335,footwear.boots,Wrenfield,165.05,500000006,823616e1b59ed6132c3e3416b6f8916c
2023-01-30 21:20:46 UTC,view,2287051,1508136215129873133,apparel.kids.top,Norlend,25.26,500000006,823616e1b59ed6132c3e3416b6f8916c
2023-02-01 12:02:08 UTC,view,1162680,1589407324608544585,apparel.women.outerwear,Kestrel & Co,216.17,500000002,c16c49f1f694e601917de9ecd4a2a5dd
2023-02-01 12:02:52 UTC,view,3817121,1482972250706899052,apparel.women.pants,Ferncastle,66.18,500000002,c16c49f1f694e601917de9ecd4a2a5dd
2023-02-01 12:05:01 UTC,purchase,8758486,1516173523019626745,,,92.78,500000002,c16c49f1f694e601917de9ecd4a2a5dd
2023-02-01 12:09:32 UTC,view,1162680,1589407324608544585,apparel.women.outerwear,Kestrel & Co,220.85,500000002,c16c49f1f694e601917de9ecd4a2a5dd
2023-02-01 12:13:15 UTC,view,5464062,1508136215129873133,apparel.kids.top,Bellcroft,19.12,500000002,c16c49f1f694e601917de9ecd4a2a5dd
2023-02-01 16:42:09 UTC,view,8795573,1482972250706899052,apparel.women.pants,,27.06,500000063,e74a35e014a6cab65de691665b25b786
2023-02-01 16:42:09 UTC,cart,9118832,1589407324608544585,apparel.women.outerwear,Ruskin & Fable,174.73,500000063,e74a35e014a6cab65de691665b25b786
2023-02-01 16:43:23 UTC,purchase,9118832,1589407324608544585,apparel.women.outerwear,Ruskin & Fable,154.45,500000063,e74a35e014a6cab65de691665b25b786
2023-02-01 16:46:49 UTC,view,2731345,1428548884811402817,apparel.men.shirt,,51.88,500000063,e74a35e014a6cab65de691665b25b786
2023-02-01 17:57:04 UTC,view,1162680,1589407324608544585,apparel.women.outerwear,,232.48,500000002,386996f1ae8c93b0df9c3c7f894f6d8a
2023-02-01 17:59:47 UTC,view,6497266,1558430393367643133,accessories.hats,,9.72,500000002,386996f1ae8c93b0df9c3c7f894f6d8a
2023-02-01 18:01:43 UTC,view,5425967,1546390003792228747,footwear.sneakers,Kestrel & Co,89.86,500000002,386996f1ae8c93b0df9c3c7f894f6d8a
2023-02-01 18:02:37 UTC,view,6693651,1482972250706899052,apparel.women.pants,,34.86,500000002,386996f1ae8c93b0df9c3c7f894f6d8a
2023-02-01 18:07:00 UTC,view,7871485,1508136215129873133,apparel.kids.top,Wrenfield,18.28,500000002,386996f1ae8c93b0df9c3c7f894f6d8a
2023-02-01 18:12:36 UTC,cart,4076320,1590725883499271729,accessories.belts,Marlow Row,13.39,500000002,386996f1ae8c93b0df9c3c7f894f6d8a
2023-02-01 18:16:02 UTC,purchase,4076320,1590725883499271729,accessories.belts,Marlow Row,12.74,500000002,386996f1ae8c93b0df9c3c7f894f6d8a
2023-02-01 21:20:23 UTC,view,7429245,1428548884811402817,apparel.men.shirt,Ashgrove,17.01,500000002,2b170262c3c563bf9e6d3d4df8681439
2023-02-01 21:23:06 UTC,view,3781033,1558364261414932063,apparel.women.top,Bellcroft,45.62,500000002,2b170262c3c563bf9e6d3d4df8681439
2023-02-01 21:31:19 UTC,view,3243048,1558364261414932063,apparel.women.top,Thistlewood,44.64,500000002,2b170262c3c563bf9e6d3d4df8681439
2023-02-01 21:31:53 UTC,view,9118832,1589407324608544585,apparel.women.outerwear,Ruskin & Fable,170.44,500000002,2b170262c3c563bf9e6d3d4df8681439
2023-02-01 21:33:50 UTC,view,1428173,1589407324608544585,apparel.women.outerwear,,97.19,500000002,2b170262c3c563bf9e6d3d4df8681439
2023-02-01 21:37:10 UTC,view,4870730,1429628030847824846,footwear.sandals,,19.98,500000002,2b170262c3c563bf9e6d3d4df8681439
2023-02-02 12:18:01 UTC,view,6637675,1428548884811402817,apparel.men.shirt,,31.64,500000010,3899dabfd87a562a27194a2e226ba1e7
2023-02-02 12:19:46 UTC,view,8758486,1516173523019626745,apparel.women.dress,,78.7,500000010,3899dabfd87a562a27194a2e226ba1e7
2023-02-02 12:34:58 UTC,view,8728798,1508136215129873133,apparel.kids.top,Vantree,18.18,500000010,3899dabfd87a562a27194a2e226ba1e7
2023-02-02 12:35:50 UTC,view,8758486,1516173523019626745,apparel.women.dress,,93.9,500000010,3899dabfd87a562a27194a2e226ba1e7
2023-02-02 12:47:47 UTC,view,2102225,1516173523019626745,apparel.women.dress,,32.35,500000006,d2195a102bdca6ea3d9189ea0b904bb3
2023-02-02 12:56:58 UTC,view,3243048,1558364261414932063,apparel.women.top,Thistlewood,47.08,500000006,d2195a102bdca6ea3d9189ea0b904bb3
2023-02-02 14:48:44 UTC,view,8966163,1549623645531932356,accessories.bags,Solmara,84.15,500000001,4516c5d8f6c2155fcc1439ad4531a3ab
2023-02-02 14:58:44 UTC,view,9691291,1429628030847824846,footwear.sandals,,52.61,500000001,4516c5d8f6c2155fcc1439ad4531a3ab
2023-02-02 15:05:42 UTC,cart,9739117,1428548884811402817,apparel.men.shirt,,41.56,500000001,4516c5d8f6c2155fcc1439ad4531a3ab
2023-02-02 15:07:38 UTC,view,8966163,1549623645531932356,accessories.bags,Solmara,86.77,500000001,4516c5d8f6c2155fcc1439ad4531a3ab
2023-02-02 15:08:16 UTC,purchase,9739117,1428548884811402817,apparel.men.shirt,Cinderfox,44.09,500000001,4516c5d8f6c2155fcc1439ad4531a3ab
2023-02-02 15:14:06 UTC,view,9036326,1558430393367643133,accessories.hats,,8.28,500000001,4516c5d8f6c2155fcc1439ad4531a3ab
2023-02-02 15:15:29 UTC,view,8926382,1558186846391920988,apparel.kids.outerwear,,43.23,500000001,4516c5d8f6c2155fcc1439ad4531a3ab
2023-02-02 18:05:27 UTC,view,2102225,1516173523019626745,,Vantree,36.22,500000001,9956a1a337f8d988fdb6dcffb360f481
2023-02-02 18:08:43 UTC,view,9075437,1558364261414932063,apparel.women.top,Cinderfox,30.5,500000001,9956a1a337f8d988fdb6dcffb360f481
2023-02-02 18:26:12 UTC,view,7182700,1492821164472423496,apparel.men.jeans,,95.55,500000001,9956a1a337f8d988fdb6dcffb360f481
2023-02-02 18:30:24 UTC,view,1428173,1589407324608544585,apparel.women.outerwear,,97.56,500000001,9956a1a337f8d988fdb6dcffb360f481
2023-02-04 15:48:19 UTC,view,8634461,1428548884811402817,apparel.men.shirt,Kestrel & Co,23.7,500000008,95c82ee353132114c872d990b6c885e3
04/02/2023 16:02,view,9841830,1508136215129873133,apparel.kids.top,Wrenfield,11.69,500000008,95c82ee353132114c872d990b6c885e3
2023-02-04 16:06:39 UTC,view,4895822,1428548884811402817,apparel.men.shirt,,52.69,500000008,95c82ee353132114c872d990b6c885e3
2023-02-04 16:07:43 UTC,view,2102225,1516173523019626745,apparel.women.dress,Vantree,37.51,500000008,95c82ee353132114c872d990b6c885e3
2023-02-04 16:08:59 UTC,view,8634461,1428548884811402817,apparel.men.shirt,,19.71,500000008,95c82ee353132114c872d990b6c885e3
2023-02-05 17:50:09 UTC,view,2102225,1516173523019626745,apparel.women.dress,,36.07,500000001,0f9083b3c5e1021f5acfde2c894eb82c
2023-02-05 17:54:05 UTC,view,8966163,1549623645531932356,accessories.bags,Solmara,82.42,500000001,0f9083b3c5e1021f5acfde2c894eb82c
2023-02-05 17:55:01 UTC,view,2295523,1516173523019626745,apparel.women.dress,,48.15,500000001,0f9083b3c5e1021f5acfde2c894eb82c
2023-02-05 17:55:12 UTC,view,5114384,1558186846391920988,apparel.kids.outerwear,Kestrel & Co,25.67,500000001,0f9083b3c5e1021f5acfde2c894eb82c
2023-02-05 18:16:26 UTC,cart,7729308,1482972250706899052,apparel.women.pants,,43.77,500000001,0f9083b3c5e1021f5acfde2c894eb82c
2023-02-05 18:16:49 UTC,purchase,7729308,1482972250706899052,apparel.women.pants,Ruskin & Fable,40.44,500000001,0f9083b3c5e1021f5acfde2c894eb82c
2023-02-05 20:01:09 UTC,view,4747587,1482972250706899052,apparel.women.pants,,71.09,500000001,33e99a39f997bb97a362bb25d163875f
2023-02-05 20:09:21 UTC,view,1517547,1558364261414932063,apparel.women.top,Bellcroft,23.57,500000001,33e99a39f997bb97a362bb25d163875f
2023-02-05 20:19:42 UTC,view,9939190,1482972250706899052,apparel.women.pants,,60.31,500000001,33e99a39f997bb97a362bb25d163875f
2023-02-05 20:23:56 UTC,view,3428363,1516173523019626745,apparel.women.dress,,69.95,500000001,33e99a39f997bb97a362bb25d163875f
2023-02-05 20:25:04 UTC,view,7692382,1429628030847824846,footwear.sandals,Palewick,47.34,500000001,33e99a39f997bb97a362bb25d163875f
2023-02-05 20:29:37 UTC,view,8966163,1549623645531932356,accessories.bags,Solmara,92.15,500000001,33e99a39f997bb97a362bb25d163875f
2023-02-06 17:38:44 UTC,view,9388289,1589407324608544585,,Milbrook,79.14,500000001,4704a620a8ec84f0e0d7a839298ba0dd
2023-02-06 17:42:42 UTC,view,2102225,1516173523019626745,apparel.women.dress,Vantree,37.2,500000001,4704a620a8ec84f0e0d7a839298ba0dd
2023-02-06 17:45:57 UTC,view,3852546,1482972250706899052,apparel.women.pants,,69.96,500000001,4704a620a8ec84f0e0d7a839298ba0dd
2023-02-06 17:46:53 UTC,view,3004815,1482972250706899052,,,71.03,500000001,4704a620a8ec84f0e0d7a839298ba0dd
2023-02-06 17:48:31 UTC,view,2102225,1516173523019626745,apparel.women.dress,Vantree,37.33,500000001,4704a620a8ec84f0e0d7a839298ba0dd
2023-02-06 18:02:53 UTC,view,4958034,1516173523019626745,apparel.women.dress,Palewick,40.17,500000001,4704a620a8ec84f0e0d7a839298ba0dd
07/02/2023 16:16,view,2102225,1516173523019626745,apparel.women.dress,Vantree,35.63,500000001,79585d6e782e557a38978879eebdcef1
2023-02-07 16:16:40 UTC,view,7182700,1492821164472423496,apparel.men.jeans,,93.4,500000001,79585d6e782e557a38978879eebdcef1
2023-02-07 16:22:23 UTC,cart,5908484,1589407324608544585,apparel.women.outerwear,Aldyne,208.61,500000001,79585d6e782e557a38978879eebdcef1
2023-02-07 16:25:36 UTC,purchase,5908484,1589407324608544585,apparel.women.outerwear,Aldyne,186.75,500000001,79585d6e782e557a38978879eebdcef1
2023-02-07 16:33:39 UTC,view,4747587,1482972250706899052,apparel.women.pants,,81.98,500000001,79585d6e782e557a38978879eebdcef1
2023-02-07 19:23:39 UTC,view,2993399,1546390003792228747,,,92.81,500000003,d3ebf29c15b1946b6e71cd14cb372e75
2023-02-07 19:27:17 UTC,view,9721204,1546390003792228747,footwear.sneakers,Vantree,48.11,500000003,d3ebf29c15b1946b6e71cd14cb372e75
2023-02-07 19:37:19 UTC,view,2804964,1558364261414932063,,Cinderfox,41.43,500000003,d3ebf29c15b1946b6e71cd14cb372e75
2023-02-07 19:37:53 UTC,view,3428363,1516173523019626745,apparel.women.dress,,72.75,500000003,d3ebf29c15b1946b6e71cd14cb372e75
2023-02-07 19:43:46 UTC,view,7182700,1492821164472423496,apparel.men.jeans,,100.35,500000003,d3ebf29c15b1946b6e71cd14cb372e75
2023-02-07 19:44:01 UTC,view,7182700,1492821164472423496,apparel.men.jeans,,88.51,500000003,d3ebf29c15b1946b6e71cd14cb372e75
2023-02-07 19:47:57 UTC,view,2102225,1516173523019626745,apparel.women.dress,Vantree,33.95,500000003,d3ebf29c15b1946b6e71cd14cb372e75
2023-02-08 07:42:20 UTC,view,4747587,1482972250706899052,,,70.17,500000077,317a495c98f53503bb766bb45b266da8
2023-02-08 07:45:14 UTC,view,7182700,1492821164472423496,apparel.men.jeans,,91.72,500000077,317a495c98f53503bb766bb45b266da8
2023-02-08 07:54:50 UTC,view,8754194,1482972250706899052,apparel.women.pants,Kestrel & Co,51.18,500000077,317a495c98f53503bb766bb45b266da8
2023-02-08 07:58:28 UTC,cart,1356979,1482972250706899052,apparel.women.pants,Ferncastle,32.28,500000077,317a495c98f53503bb766bb45b266da8
2023-02-08 08:01:07 UTC,view,1162680,1589407324608544585,apparel.women.outerwear,Kestrel & Co,198.89,500000077,317a495c98f53503bb766bb45b266da8
2023-02-08 08:02:52 UTC,purchase,1356979,1482972250706899052,apparel.women.pants,Ferncastle,28.79,500000077,317a495c98f53503bb766bb45b266da8
2023-02-08 15:40:44 UTC,view,1383693,1492821164472423496,apparel.men.jeans,Palewick,37.95,500000005,db64ba3e92c4807fdca3e7fb11b33953
2023-02-08 15:45:57 UTC,view,5186154,1516173523019626745,apparel.women.dress,,93.82,500000005,db64ba3e92c4807fdca3e7fb11b33953
2023-02-08 15:57:18 UTC,view,6497266,1558430393367643133,accessories.hats,Doverly,9.8,500000005,db64ba3e92c4807fdca3e7fb11b33953
2023-02-09 13:58:35 UTC,view,9319849,1472209747072745335,footwear.boots,,156.14,500000001,1c72c3ad70e8b8462e8ff72910596897
2023-02-09 14:06:14 UTC,view,5599030,1558430393367643133,accessories.hats,Marlow Row,26.22,500000001,1c72c3ad70e8b8462e8ff72910596897
2023-02-09 14:10:57 UTC,cart,9829417,1546390003792228747,,,136.57,500000001,1c72c3ad70e8b8462e8ff72910596897
2023-02-09 14:12:24 UTC,purchase,9829417,1546390003792228747,footwear.sneakers,Bellcroft,118.74,500000001,1c72c3ad70e8b8462e8ff72910596897
2023-02-09 14:12:32 UTC,view,9841830,1508136215129873133,apparel.kids.top,,12.18,500000001,1c72c3ad70e8b8462e8ff72910596897
2023-02-09 14:18:37 UTC,view,7814384,1482972250706899052,apparel.women.pants,Palewick,71.96,500000001,1c72c3ad70e8b8462e8ff72910596897
2023-02-09 14:21:50 UTC,view,3243048,1558364261414932063,apparel.women.top,,47.46,500000001,1c72c3ad70e8b8462e8ff72910596897
2023-02-09 19:42:24 UTC,view,1099410,1558430393367643133,accessories.hats,Norlend,17.65,500000001,dd968368e1151786702e018c771a877f
2023-02-09 19:43:02 UTC,view,4747587,1482972250706899052,apparel.women.pants,,72.5,500000001,dd968368e1151786702e018c771a877f
2023-02-09 19:44:28 UTC,view,4747587,1482972250706899052,,,70.38,500000001,dd968368e1151786702e018c771a877f
2023-02-09 19:47:04 UTC,view,2931280,1558364261414932063,apparel.women.top,Thistlewood,31.44,500000001,dd968368e1151786702e018c771a877f
2023-02-09 19:47:45 UTC,view,8966163,1549623645531932356,accessories.bags,,91.93,500000001,dd968368e1151786702e018c771a877f
2023-02-09 20:04:13 UTC,view,9110019,1492821164472423496,apparel.men.jeans,Kestrel & Co,30.29,500000001,dd968368e1151786702e018c771a877f
2023-02-09 20:05:12 UTC,view,6810241,1428548884811402817,apparel.men.shirt,Milbrook,18.0,500000001,dd968368e1151786702e018c771a877f
2023-02-09 20:07:12 UTC,view,1383693,1492821164472423496,apparel.men.jeans,Palewick,36.42,500000001,dd968368e1151786702e018c771a877f
2023-02-10 09:51:50 UTC,view,1959257,1590725883499271729,accessories.belts,Ashgrove,24.37,500000001,73bce629fa2e69ff7d47d2af156a4ce8
2023-02-10 09:54:28 UTC,view,3163829,1558364261414932063,apparel.women.top,Marlow Row,41.25,500000001,73bce629fa2e69ff7d47d2af156a4ce8
2023-02-10 10:01:58 UTC,cart,3698437,1492821164472423496,apparel.men.jeans,,54.41,500000001,73bce629fa2e69ff7d47d2af156a4ce8
2023-02-10 10:06:02 UTC,purchase,3698437,1492821164472423496,apparel.men.jeans,,57.72,500000001,73bce629fa2e69ff7d47d2af156a4ce8
2023-02-10 10:08:02 UTC,view,9065490,1516173523019626745,apparel.women.dress,,124.26,500000001,73bce629fa2e69ff7d47d2af156a4ce8
2023-02-11 15:06:03 UTC,view,2731345,1428548884811402817,,Aldyne,55.14,500000357,1a321c3e3923647f5690cc5ce192442e
2023-02-11 15:23:49 UTC,view,1428173,1589407324608544585,apparel.women.outerwear,,115.75,500000357,1a321c3e3923647f5690cc5ce192442e
2023-02-11 20:18:43 UTC,view,4663963,1428548884811402817,apparel.men.shirt,,31.68,500000001,f9abc3c837d02f2442eb4e8e48e50b76
2023-02-11 20:34:46 UTC,view,6529231,1558186846391920988,apparel.kids.outerwear,Greymont,30.15,500000001,f9abc3c837d02f2442eb4e8e48e50b76
2023-02-11 20:34:49 UTC,view,1204442,1519748099762056932,apparel.men.outerwear,,114.62,500000001,f9abc3c837d02f2442eb4e8e48e50b76
2023-02-11 20:34:53 UTC,view,7630387,1558186846391920988,,Greymont,31.72,500000001,f9abc3c837d02f2442eb4e8e48e50b76
2023-02-12 10:53:26 UTC,view,7814384,1482972250706899052,apparel.women.pants,,80.24,500000002,e225706e2a9f8895bf62afb58d7baacf
2023-02-12 10:53:26 UTC,cart,7620070,1546390003792228747,footwear.sneakers,,63.41,500000002,e225706e2a9f8895bf62afb58d7baacf
2023-02-12 10:54:16 UTC,purchase,7620070,1546390003792228747,footwear.sneakers,,68.28,500000002,e225706e2a9f8895bf62afb58d7baacf
2023-02-12 11:00:51 UTC,view,4747587,1482972250706899052,apparel.women.pants,,75.07,500000002,e225706e2a9f8895bf62afb58d7baacf
2023-02-13 00:14:26 UTC,view,1428173,1589407324608544585,apparel.women.outerwear,,109.19,500000003,22733cc1f2486137582e45a15e15b895
2023-02-13 00:21:24 UTC,cart,6953807,1558364261414932063,apparel.women.top,,13.31,500000003,22733cc1f2486137582e45a15e15b895
2023-02-13 00:22:26 UTC,purchase,6953807,1558364261414932063,apparel.women.top,Kestrel & Co,13.93,500000003,22733cc1f2486137582e45a15e15b895
2023-02-13 00:27:29 UTC,view,8728798,1508136215129873133,apparel.kids.top,Vantree,16.51,500000003,22733cc1f2486137582e45a15e15b895
2023-02-13 00:29:25 UTC,view,6944057,1428548884811402817,apparel.men.shirt,,53.61,500000003,22733cc1f2486137582e45a15e15b895
2023-02-13 15:28:31 UTC,view,7093987,1492821164472423496,apparel.men.jeans,,32.12,500000004,ffc9a3eda53a452cb8bd9d6ea5e0546b
2023-02-13 15:34:13 UTC,cart,8966163,1549623645531932356,accessories.bags,Solmara,88.35,500000004,ffc9a3eda53a452cb8bd9d6ea5e0546b
2023-02-13 15:34:55 UTC,purchase,8966163,1549623645531932356,accessories.bags,Solmara,87.3,500000004,ffc9a3eda53a452cb8bd9d6ea5e0546b
2023-02-13 15:40:52 UTC,view,8966163,1549623645531932356,accessories.bags,Solmara,77.54,500000004,ffc9a3eda53a452cb8bd9d6ea5e0546b
2023-02-13 15:42:55 UTC,view,3240903,1549623645531932356,accessories.bags,,66.25,500000004,ffc9a3eda53a452cb8bd9d6ea5e0546b
2023-02-13 20:13:45 UTC,view,6801451,1594728468612408249,accessories.jewelry,Thistlewood,36.03,500000011,bf4ad9fc41cda2dca3b294b737bcdfe1
2023-02-13 20:16:32 UTC,view,7496477,1519748099762056932,apparel.men.outerwear,Milbrook,114.39,500000011,bf4ad9fc41cda2dca3b294b737bcdfe1
2023-02-13 20:17:26 UTC,view,7567958,1516173523019626745,apparel.women.dress,,89.51,500000011,bf4ad9fc41cda2dca3b294b737bcdfe1
2023-02-13 20:17:49 UTC,view,8795573,1482972250706899052,apparel.women.pants,Palewick,31.33,500000011,bf4ad9fc41cda2dca3b294b737bcdfe1
2023-02-13 20:22:13 UTC,view,6497266,1558430393367643133,accessories.hats,,10.85,500000011,bf4ad9fc41cda2dca3b294b737bcdfe1
2023-02-13 20:29:12 UTC,view,7346335,1594728468612408249,accessories.jewelry,Milbrook,72.43,500000011,bf4ad9fc41cda2dca3b294b737bcdfe1
2023-02-13 20:37:27 UTC,view,3243048,1558364261414932063,apparel.women.top,,40.87,500000011,bf4ad9fc41cda2dca3b294b737bcdfe1
2023-02-13 20:37:30 UTC,view,9841830,1508136215129873133,apparel.kids.top,Wrenfield,11.87,500000011,bf4ad9fc41cda2dca3b294b737bcdfe1
2023-02-14 20:15:03 UTC,view,8795573,1482972250706899052,apparel.women.pants,Palewick,32.06,500000001,965c071ace7445fd065e3fcdc15c8bfc
2023-02-14 20:18:08 UTC,view,3428363,1516173523019626745,apparel.women.dress,,68.28,500000001,965c071ace7445fd065e3fcdc15c8bfc
2023-02-14 20:21:02 UTC,view,9829417,1546390003792228747,,Bellcroft,130.63,500000001,965c071ace7445fd065e3fcdc15c8bfc
2023-02-14 20:22:50 UTC,view,1260475,1589407324608544585,apparel.women.outerwear,Kestrel & Co,189.8,500000001,965c071ace7445fd065e3fcdc15c8bfc
14/02/2023 20:26,view,8966163,1549623645531932356,accessories.bags,Solmara,84.62,500000001,965c071ace7445fd065e3fcdc15c8bfc
2023-02-14 20:27:24 UTC,view,9755526,1589407324608544585,apparel.women.outerwear,Ashgrove,87.49,500000001,965c071ace7445fd065e3fcdc15c8bfc
2023-02-15 21:28:01 UTC,view,4143393,1519748099762056932,apparel.men.outerwear,Marlow Row,227.09,500000001,d7003e6dcb90463e08f803e8035b8256
2023-02-15 21:36:25 UTC,view,4194454,1482972250706899052,,Vantree,71.69,500000001,d7003e6dcb90463e08f803e8035b8256
2023-02-15 21:45:09 UTC,view,7946407,1519748099762056932,apparel.men.outerwear,Solmara,67.09,500000001,d7003e6dcb90463e08f803e8035b8256
2023-02-16 17:30:32 UTC,view,7620070,1546390003792228747,footwear.sneakers,,63.05,500000003,fbc98edf3169eda41d0e3eb16259bcc5
,view,6517467,1516173523019626745,apparel.women.dress,Thistlewood,90.28,500000003,fbc98edf3169eda41d0e3eb16259bcc5
2023-02-16 17:37:18 UTC,view,9755526,1589407324608544585,apparel.women.outerwear,Ashgrove,81.78,500000003,fbc98edf3169eda41d0e3eb16259bcc5
2023-02-16 17:40:46 UTC,cart,8966163,1549623645531932356,accessories.bags,Solmara,77.71,500000003,fbc98edf3169eda41d0e3eb16259bcc5
2023-02-16 17:42:51 UTC,purchase,8966163,1549623645531932356,accessories.bags,Solmara,81.35,500000003,fbc98edf3169eda41d0e3eb16259bcc5
2023-02-16 17:44:29 UTC,view,7201529,1589407324608544585,apparel.women.outerwear,Ruskin & Fable,84.29,500000003,fbc98edf3169eda41d0e3eb16259bcc5
2023-02-16 17:47:37 UTC,view,3554832,1428548884811402817,apparel.men.shirt,Greymont,53.87,500000003,fbc98edf3169eda41d0e3eb16259bcc5
2023-02-17 16:52:42 UTC,view,7949185,1590725883499271729,accessories.belts,Kestrel & Co,36.83,500000001,d9ec9a3d1e888edd65163acbb23aad0f
2023-02-17 16:55:54 UTC,view,8903471,1428548884811402817,apparel.men.shirt,,21.24,500000001,d9ec9a3d1e888edd65163acbb23aad0f
2023-02-17 17:05:39 UTC,view,8966163,1549623645531932356,accessories.bags,Solmara,93.08,500000001,d9ec9a3d1e888edd65163acbb23aad0f
2023-02-18 01:39:34 UTC,view,7093987,1492821164472423496,apparel.men.jeans,,34.32,500000001,aebafb3537c8f904883d2645ee19b9cf
2023-02-18 01:43:20 UTC,view,8966163,1549623645531932356,accessories.bags,,86.36,500000001,aebafb3537c8f904883d2645ee19b9cf
2023-02-18 01:51:47 UTC,view,9261290,1482972250706899052,apparel.women.pants,Thistlewood,75.17,500000001,aebafb3537c8f904883d2645ee19b9cf
2023-02-18 01:54:56 UTC,view,2295523,1516173523019626745,apparel.women.dress,,46.78,500000001,aebafb3537c8f904883d2645ee19b9cf
2023-02-18 03:09:23 UTC,view,4720552,1428548884811402817,apparel.men.shirt,Palewick,17.87,500000100,483cfb690b6ec2167379932f4c53a6d2
2023-02-18 03:23:19 UTC,view,9075437,1558364261414932063,apparel.women.top,Cinderfox,28.24,500000100,483cfb690b6ec2167379932f4c53a6d2
2023-02-18 03:24:50 UTC,view,2404737,1516173523019626745,apparel.women.dress,,75.24,500000100,483cfb690b6ec2167379932f4c53a6d2
2023-02-18 03:31:10 UTC,view,7182700,1492821164472423496,apparel.men.jeans,,98.25,500000100,483cfb690b6ec2167379932f4c53a6d2
2023-02-18 11:23:40 UTC,view,2704704,1546390003792228747,footwear.sneakers,,87.63,500000001,e95d4691dd0de31d94512ada695d2ac6
2023-02-18 11:24:28 UTC,view,9319849,1472209747072745335,footwear.boots,Marlow Row,157.12,500000001,e95d4691dd0de31d94512ada695d2ac6
2023-02-18 11:29:05 UTC,view,1099410,1558430393367643133,,Norlend,16.67,500000001,e95d4691dd0de31d94512ada695d2ac6
2023-02-18 11:29:49 UTC,cart,7182700,1492821164472423496,apparel.men.jeans,,83.53,500000001,e95d4691dd0de31d94512ada695d2ac6
2023-02-18 11:32:12 UTC,purchase,7182700,1492821164472423496,apparel.men.jeans,,96.08,500000001,e95d4691dd0de31d94512ada695d2ac6
2023-02-19 12:02:38 UTC,view,4747587,1482972250706899052,,,84.1,500000027,9bf7892c56aff03091455ee7f8e8b0e9
2023-02-19 12:06:12 UTC,view,2102225,1516173523019626745,apparel.women.dress,Vantree,38.05,500000027,9bf7892c56aff03091455ee7f8e8b0e9
2023-02-19 12:10:44 UTC,view,6497266,1558430393367643133,accessories.hats,Doverly,11.41,500000027,9bf7892c56aff03091455ee7f8e8b0e9
2023-02-19 12:21:33 UTC,view,4747587,1482972250706899052,apparel.women.pants,,80.48,500000027,9bf7892c56aff03091455ee7f8e8b0e9
2023-02-19 17:22:34 UTC,view,9746038,1516173523019626745,apparel.women.dress,,37.68,500000094,db111f9f1020d8b375e992fc8e996ab8
2023-02-19 17:36:06 UTC,view,4958034,1516173523019626745,apparel.women.dress,Palewick,39.42,500000094,db111f9f1020d8b375e992fc8e996ab8
2023-02-19 17:45:00 UTC,view,9645778,1558186846391920988,apparel.kids.outerwear,,31.06,500000094,db111f9f1020d8b375e992fc8e996ab8
2023-02-19 20:20:25 UTC,view,6854023,1549623645531932356,accessories.bags,Doverly,142.7,500000004,6c980cd0faacba9625a5867fa3478361
2023-02-19 20:39:41 UTC,view,4747587,1482972250706899052,apparel.women.pants,,75.47,500000004,6c980cd0faacba9625a5867fa3478361
2023-02-19 21:33:30 UTC,view,4236332,1482972250706899052,apparel.women.pants,,41.63,500000001,4a533aff4dc001143cb83f74531a9069
2023-02-19 21:33:30 UTC,cart,9319849,1472209747072745335,footwear.boots,,135.87,500000001,4a533aff4dc001143cb83f74531a9069
2023-02-19 21:36:40 UTC,view,8634461,1428548884811402817,apparel.men.shirt,Kestrel & Co,23.16,500000001,4a533aff4dc001143cb83f74531a9069
2023-02-19 21:38:34 UTC,purchase,9319849,1472209747072745335,footwear.boots,Marlow Row,146.34,500000001,4a533aff4dc001143cb83f74531a9069
2023-02-19 21:49:46 UTC,view,3503816,1428548884811402817,apparel.men.shirt,Aldyne,22.57,500000002,180cec169700340b0005e4001235e351
2023-02-19 21:49:52 UTC,view,1910407,1482972250706899052,apparel.women.pants,,76.6,500000002,180cec169700340b0005e4001235e351
2023-02-19 21:56:16 UTC,view,8754194,1482972250706899052,apparel.women.pants,Kestrel & Co,53.37,500000002,180cec169700340b0005e4001235e351
2023-02-19 21:57:27 UTC,view,7182700,1492821164472423496,apparel.men.jeans,,98.28,500000001,4a533aff4dc001143cb83f74531a9069
2023-02-19 21:57:54 UTC,view,9755526,1589407324608544585,apparel.women.outerwear,Ashgrove,87.45,500000002,180cec169700340b0005e4001235e351
2023-02-19 22:00:51 UTC,view,3243048,1558364261414932063,apparel.women.top,Thistlewood,47.12,500000002,180cec169700340b0005e4001235e351
2023-02-19 22:05:52 UTC,view,1428173,1589407324608544585,apparel.women.outerwear,,97.51,500000002,180cec169700340b0005e4001235e351
2023-02-19 22:11:39 UTC,view,9829417,1546390003792228747,footwear.sneakers,Bellcroft,129.97,500000002,180cec169700340b0005e4001235e351
2023-02-19 22:12:40 UTC,cart,7201529,1589407324608544585,apparel.women.outerwear,,87.05,500000002,180cec169700340b0005e4001235e351
2023-02-19 22:17:10 UTC,purchase,7201529,1589407324608544585,apparel.women.outerwear,Ruskin & Fable,80.93,500000002,180cec169700340b0005e4001235e351
2023-02-21 15:19:13 UTC,view,4747587,1482972250706899052,apparel.women.pants,,78.35,500000001,7efeef2f0f7cc8edbd6943f50336ac35
2023-02-21 15:19:13 UTC,cart,4098324,1558364261414932063,,Norlend,21.62,500000001,7efeef2f0f7cc8edbd6943f50336ac35
2023-02-21 15:20:35 UTC,purchase,4098324,1558364261414932063,apparel.women.top,Norlend,24.44,500000001,7efeef2f0f7cc8edbd6943f50336ac35
2023-02-21 15:24:12 UTC,view,8966163,1549623645531932356,accessories.bags,Solmara,84.83,500000001,7efeef2f0f7cc8edbd6943f50336ac35
2023-02-21 15:31:48 UTC,view,7660389,1508136215129873133,apparel.kids.top,,23.82,500000001,7efeef2f0f7cc8edbd6943f50336ac35
2023-02-21 15:32:32 UTC,view,9746038,1516173523019626745,apparel.women.dress,,37.75,500000001,7efeef2f0f7cc8edbd6943f50336ac35
21/02/2023 19:00,view,3301602,1594728468612408249,accessories.jewelry,,45.35,500000004,2c6b9097e459731e11e2374c55848a2f
2023-02-21 19:14:20 UTC,cart,8634461,1428548884811402817,apparel.men.shirt,Kestrel & Co,21.89,500000004,2c6b9097e459731e11e2374c55848a2f
2023-02-21 19:15:43 UTC,purchase,8634461,1428548884811402817,apparel.men.shirt,Kestrel & Co,20.5,500000004,2c6b9097e459731e11e2374c55848a2f
2023-02-21 19:16:22 UTC,view,3240903,1549623645531932356,accessories.bags,,71.54,500000004,2c6b9097e459731e11e2374c55848a2f
2023-02-21 19:19:23 UTC,view,9065490,1516173523019626745,apparel.women.dress,Aldyne,113.74,500000004,2c6b9097e459731e11e2374c55848a2f
2023-02-21 19:27:13 UTC,view,6810241,1428548884811402817,apparel.men.shirt,Milbrook,16.37,500000004,2c6b9097e459731e11e2374c55848a2f
2023-02-21 22:47:08 UTC,view,9829417,1546390003792228747,footwear.sneakers,Bellcroft,121.18,500000006,b0155afb8160b4add27087a9d7ab7aa8
2023-02-21 22:51:37 UTC,view,7182700,1492821164472423496,,,86.94,500000006,b0155afb8160b4add27087a9d7ab7aa8
2023-02-21 22:55:22 UTC,view,9075437,1558364261414932063,apparel.women.top,Cinderfox,26.38,500000006,b0155afb8160b4add27087a9d7ab7aa8
2023-02-21 23:00:11 UTC,cart,1959257,1590725883499271729,accessories.belts,Ashgrove,21.77,500000006,b0155afb8160b4add27087a9d7ab7aa8
2023-02-21 23:02:48 UTC,view,1428173,1589407324608544585,apparel.women.outerwear,,114.52,500000006,b0155afb8160b4add27087a9d7ab7aa8
2023-02-21 23:03:24 UTC,view,9841830,1508136215129873133,apparel.kids.top,Wrenfield,12.28,500000006,b0155afb8160b4add27087a9d7ab7aa8
2023-02-21 23:03:51 UTC,purchase,1959257,1590725883499271729,accessories.belts,Ashgrove,21.24,500000006,b0155afb8160b4add27087a9d7ab7aa8
2023-02-22 01:45:45 UTC,view,6338037,1492821164472423496,apparel.men.jeans,,42.17,500000172,27ebe6d577d7082754387e789b5900db
2023-02-22 01:52:54 UTC,view,2380478,1429628030847824846,footwear.sandals,Aldyne,43.61,500000172,27ebe6d577d7082754387e789b5900db
2023-02-22 01:56:07 UTC,view,1162680,1589407324608544585,apparel.women.outerwear,,214.21,500000172,27ebe6d577d7082754387e789b5900db
2023-02-24 19:47:33 UTC,view,3243048,1558364261414932063,apparel.women.top,Thistlewood,44.78,500000005,d20944f70207d7bdcc6199674f1c711f
2023-02-24 19:48:08 UTC,view,8966163,1549623645531932356,,Solmara,82.02,500000005,d20944f70207d7bdcc6199674f1c711f
2023-02-24 19:50:47 UTC,view,8511889,1594728468612408249,accessories.jewelry,,75.63,500000005,d20944f70207d7bdcc6199674f1c711f
2023-02-24 23:15:13 UTC,view,4705110,1428548884811402817,apparel.men.shirt,,18.76,500000003,b3f5586a4a1de5a253a38ab4dfc4698a
2023-02-24 23:21:27 UTC,view,9829417,1546390003792228747,footwear.sneakers,Bellcroft,125.61,500000003,b3f5586a4a1de5a253a38ab4dfc4698a
2023-02-24 23:35:49 UTC,view,2102225,1516173523019626745,apparel.women.dress,Vantree,34.73,500000003,b3f5586a4a1de5a253a38ab4dfc4698a
24/02/2023 23:35,cart,5466720,1519748099762056932,apparel.men.outerwear,Bramholt,102.75,500000003,b3f5586a4a1de5a253a38ab4dfc4698a
2023-02-24 23:39:39 UTC,purchase,5466720,1519748099762056932,apparel.men.outerwear,Bramholt,104.66,500000003,b3f5586a4a1de5a253a38ab4dfc4698a
2023-02-25 04:10:27 UTC,view,7255659,1492821164472423496,apparel.men.jeans,Norlend,83.24,500000023,69d24c41cef109fb64e64178a993535a
2023-02-25 04:10:27 UTC,cart,3243048,1558364261414932063,apparel.women.top,Thistlewood,45.26,500000023,69d24c41cef109fb64e64178a993535a
2023-02-25 04:15:24 UTC,purchase,3243048,1558364261414932063,apparel.women.top,Thistlewood,41.9,500000023,69d24c41cef109fb64e64178a993535a
2023-02-25 04:18:09 UTC,view,2102225,1516173523019626745,,Vantree,32.13,500000023,69d24c41cef109fb64e64178a993535a
2023-02-25 04:29:42 UTC,view,8728798,1508136215129873133,apparel.kids.top,Vantree,16.87,500000023,69d24c41cef109fb64e64178a993535a
2023-02-25 04:37:48 UTC,view,3648094,1492821164472423496,apparel.men.jeans,Harlow Vale,45.77,500000023,69d24c41cef109fb64e64178a993535a
2023-02-25 06:29:43 UTC,view,1189654,1428548884811402817,apparel.men.shirt,,28.69,500000016,8bcfdf6119a73b6cb04b7c75ac86fb72
2023-02-25 06:36:25 UTC,cart,2377662,1516173523019626745,apparel.women.dress,,125.8,500000016,8bcfdf6119a73b6cb04b7c75ac86fb72
2023-02-25 06:39:17 UTC,view,2102225,1516173523019626745,apparel.women.dress,Vantree,37.45,500000016,8bcfdf6119a73b6cb04b7c75ac86fb72
2023-02-25 06:40:06 UTC,view,1640473,1428548884811402817,,,25.36,500000016,8bcfdf6119a73b6cb04b7c75ac86fb72
2023-02-25 06:47:15 UTC,view,2993399,1546390003792228747,footwear.sneakers,Solmara,99.87,500000016,8bcfdf6119a73b6cb04b7c75ac86fb72
2023-02-25 06:55:10 UTC,view,9841830,1508136215129873133,apparel.kids.top,Wrenfield,13.11,500000016,8bcfdf6119a73b6cb04b7c75ac86fb72
2023-02-25 06:55:49 UTC,view,5186154,1516173523019626745,apparel.women.dress,Doverly,102.19,500000016,8bcfdf6119a73b6cb04b7c75ac86fb72
2023-02-25 07:14:43 UTC,view,9075437,1558364261414932063,apparel.women.top,Cinderfox,30.37,500000001,c2a47d0b4f44ee0bf931fc37cac0d591
2023-02-25 07:14:54 UTC,view,9319849,1472209747072745335,footwear.boots,Marlow Row,153.43,500000001,c2a47d0b4f44ee0bf931fc37cac0d591
2023-02-25 07:16:03 UTC,view,1778504,1549623645531932356,accessories.bags,Thistlewood,67.84,500000001,c2a47d0b4f44ee0bf931fc37cac0d591
2023-02-25 07:31:34 UTC,view,8966163,1549623645531932356,accessories.bags,,92.29,500000001,c2a47d0b4f44ee0bf931fc37cac0d591
2023-02-25 07:37:14 UTC,view,4747587,1482972250706899052,apparel.women.pants,,81.15,500000001,c2a47d0b4f44ee0bf931fc37cac0d591
2023-02-25 12:53:21 UTC,view,8966163,1549623645531932356,accessories.bags,,84.55,500000006,a68b0734c53ec3d924244c8274c97260
2023-02-25 12:53:46 UTC,view,2731345,1428548884811402817,apparel.men.shirt,Aldyne,50.56,500000006,a68b0734c53ec3d924244c8274c97260
25/02/2023 12:56,view,1079923,1516173523019626745,apparel.women.dress,,94.76,500000006,a68b0734c53ec3d924244c8274c97260
2023-02-25 22:03:05 UTC,view,7941277,1594728468612408249,accessories.jewelry,,50.21,500000007,5f378ed5486dadd79bb8d682ade92e67
2023-02-25 22:03:05 UTC,cart,7620070,1546390003792228747,footwear.sneakers,,60.19,500000007,5f378ed5486dadd79bb8d682ade92e67
2023-02-25 22:03:55 UTC,view,9645778,1558186846391920988,apparel.kids.outerwear,,30.65,500000007,5f378ed5486dadd79bb8d682ade92e67
2023-02-25 22:06:25 UTC,purchase,7620070,1546390003792228747,,Milbrook,62.47,500000007,5f378ed5486dadd79bb8d682ade92e67
2023-02-25 23:31:38 UTC,view,9800243,1492821164472423496,apparel.men.jeans,Palewick,85.74,500000026,951d1c3205fa500b817f74c384fe7bba
2023-02-25 23:33:17 UTC,view,9755526,1589407324608544585,apparel.women.outerwear,Ashgrove,81.65,500000026,951d1c3205fa500b817f74c384fe7bba
2023-02-25 23:43:00 UTC,view,2738486,1594728468612408249,accessories.jewelry,Ferncastle,28.11,500000026,951d1c3205fa500b817f74c384fe7bba
2023-02-25 23:49:31 UTC,view,8966163,1549623645531932356,accessories.bags,Solmara,83.28,500000026,951d1c3205fa500b817f74c384fe7bba
2023-02-25 23:57:11 UTC,view,7448961,1590725883499271729,accessories.belts,Harlow Vale,17.88,500000026,951d1c3205fa500b817f74c384fe7bba
2023-02-27 17:16:36 UTC,view,6245368,1558430393367643133,accessories.hats,Ashgrove,25.63,500000001,dcf245a0c6b5f801eeb410217f854fa9
2023-02-27 17:16:55 UTC,cart,8903471,1428548884811402817,,,19.09,500000001,dcf245a0c6b5f801eeb410217f854fa9
2023-02-27 17:19:55 UTC,purchase,8903471,1428548884811402817,apparel.men.shirt,,18.73,500000001,dcf245a0c6b5f801eeb410217f854fa9
2023-02-27 17:28:43 UTC,view,7303637,1516173523019626745,apparel.women.dress,Wrenfield,80.16,500000001,dcf245a0c6b5f801eeb410217f854fa9
2023-02-27 17:37:02 UTC,view,8966163,1549623645531932356,accessories.bags,Solmara,90.4,500000001,dcf245a0c6b5f801eeb410217f854fa9
2023-03-01 19:31:32 UTC,view,7201529,1589407324608544585,apparel.women.outerwear,Ruskin & Fable,94.4,500000001,b5f614a161037130944cff56fbda93bc
2023-03-01 19:31:41 UTC,view,1601049,1558364261414932063,apparel.women.top,,26.16,500000001,b5f614a161037130944cff56fbda93bc
2023-03-01 19:46:10 UTC,view,8966163,1549623645531932356,accessories.bags,,77.17,500000001,b5f614a161037130944cff56fbda93bc
2023-03-01 19:49:13 UTC,cart,2102225,1516173523019626745,apparel.women.dress,Vantree,38.61,500000001,b5f614a161037130944cff56fbda93bc
2023-03-01 19:53:27 UTC,purchase,2102225,1516173523019626745,,Vantree,36.53,500000001,b5f614a161037130944cff56fbda93bc
2023-03-02 10:04:11 UTC,view,2154101,1558430393367643133,accessories.hats,,14.54,500000077,f6306b6948e7acb8e5744d4342ff5f72
2023-03-02 10:08:14 UTC,view,1260475,1589407324608544585,apparel.women.outerwear,Kestrel & Co,170.33,500000077,f6306b6948e7acb8e5744d4342ff5f72
2023-03-02 10:09:52 UTC,view,8634461,1428548884811402817,apparel.men.shirt,,22.28,500000077,f6306b6948e7acb8e5744d4342ff5f72
2023-03-02 10:10:30 UTC,view,3163829,1558364261414932063,apparel.women.top,Marlow Row,45.23,500000077,f6306b6948e7acb8e5744d4342ff5f72
2023-03-02 10:26:25 UTC,view,3428363,1516173523019626745,apparel.women.dress,,66.21,500000077,f6306b6948e7acb8e5744d4342ff5f72
2023-03-04 08:40:57 UTC,view,7182700,1492821164472423496,apparel.men.jeans,,88.48,500000023,445cec4bef933a06a9166024cf375e8b
2023-03-04 08:43:14 UTC,view,8966163,1549623645531932356,accessories.bags,Solmara,85.74,500000023,445cec4bef933a06a9166024cf375e8b
2023-03-04 08:45:36 UTC,view,9679390,1558364261414932063,apparel.women.top,,20.78,500000023,445cec4bef933a06a9166024cf375e8b
2023-03-04 08:47:38 UTC,view,1083413,1492821164472423496,apparel.men.jeans,Thistlewood,71.47,500000023,445cec4bef933a06a9166024cf375e8b
2023-03-04 08:51:15 UTC,view,1910407,1482972250706899052,apparel.women.pants,,77.56,500000023,445cec4bef933a06a9166024cf375e8b
2023-03-04 08:56:14 UTC,view,6801451,1594728468612408249,accessories.jewelry,Thistlewood,39.44,500000023,445cec4bef933a06a9166024cf375e8b
2023-03-04 08:56:23 UTC,view,6474782,1492821164472423496,apparel.men.jeans,,97.08,500000023,445cec4bef933a06a9166024cf375e8b
2023-03-04 08:56:42 UTC,view,1383693,1492821164472423496,apparel.men.jeans,Palewick,40.37,500000023,445cec4bef933a06a9166024cf375e8b
2023-03-04 08:59:17 UTC,cart,9829417,1546390003792228747,footwear.sneakers,Bellcroft,129.34,500000023,445cec4bef933a06a9166024cf375e8b
2023-03-04 09:00:53 UTC,purchase,9829417,1546390003792228747,,Bellcroft,128.43,500000023,445cec4bef933a06a9166024cf375e8b
2023-03-04 09:05:08 UTC,view,8754194,1482972250706899052,apparel.women.pants,Kestrel & Co,57.8,500000023,445cec4bef933a06a9166024cf375e8b
2023-03-04 20:26:18 UTC,view,4076320,1590725883499271729,accessories.belts,Marlow Row,13.77,500000017,3d2e5e72ebeafafbddf2393adf616683
2023-03-04 20:39:06 UTC,view,9355705,1516173523019626745,apparel.women.dress,,94.24,500000017,3d2e5e72ebeafafbddf2393adf616683
2023-03-04 20:49:46 UTC,view,2102225,1516173523019626745,apparel.women.dress,Vantree,38.1,500000017,3d2e5e72ebeafafbddf2393adf616683
2023-03-04 20:51:40 UTC,view,2295523,1516173523019626745,apparel.women.dress,,44.72,500000017,3d2e5e72ebeafafbddf2393adf616683
2023-03-05 07:09:28 UTC,view,7182700,1492821164472423496,apparel.men.jeans,,96.15,500000001,99fe740d8f6bf8f49d0f742c65508ae8
2023-03-05 07:10:26 UTC,view,4994348,1549623645531932356,accessories.bags,,62.22,500000001,99fe740d8f6bf8f49d0f742c65508ae8
2023-03-05 07:10:45 UTC,view,7814384,1482972250706899052,apparel.women.pants,Palewick,70.45,500000001,99fe740d8f6bf8f49d0f742c65508ae8
2023-03-05 07:14:47 UTC,view,8966163,1549623645531932356,,Solmara,86.24,500000001,99fe740d8f6bf8f49d0f742c65508ae8
2023-03-05 07:16:58 UTC,view,2102225,1516173523019626745,apparel.women.dress,Vantree,36.63,500000001,99fe740d8f6bf8f49d0f742c65508ae8
2023-03-05 07:19:32 UTC,view,9755526,1589407324608544585,apparel.women.outerwear,Ashgrove,75.99,500000001,99fe740d8f6bf8f49d0f742c65508ae8
2023-03-05 07:19:32 UTC,view,8966163,1549623645531932356,accessories.bags,Solmara,78.19,500000001,99fe740d8f6bf8f49d0f742c65508ae8
2023-03-05 07:21:50 UTC,view,8966163,1549623645531932356,accessories.bags,Solmara,89.7,500000001,99fe740d8f6bf8f49d0f742c65508ae8
2023-03-05 07:22:28 UTC,view,8754194,1482972250706899052,apparel.women.pants,,57.75,500000001,99fe740d8f6bf8f49d0f742c65508ae8
2023-03-05 14:11:17 UTC,view,9319849,1472209747072745335,footwear.boots,Marlow Row,151.66,500000007,dd4f324cbf7f54f4bed6af00086c6b64
2023-03-05 14:11:42 UTC,view,7182700,1492821164472423496,apparel.men.jeans,,84.89,500000007,dd4f324cbf7f54f4bed6af00086c6b64
2023-03-05 14:23:01 UTC,view,1162680,1589407324608544585,apparel.women.outerwear,Kestrel & Co,196.4,500000007,dd4f324cbf7f54f4bed6af00086c6b64
05/03/2023 14:24,view,9319849,1472209747072745335,footwear.boots,Marlow Row,136.55,500000007,dd4f324cbf7f54f4bed6af00086c6b64
2023-03-05 14:26:45 UTC,view,7729308,1482972250706899052,,Ruskin & Fable,42.07,500000007,dd4f324cbf7f54f4bed6af00086c6b64
2023-03-05 14:27:10 UTC,view,9319849,1472209747072745335,,,153.15,500000007,dd4f324cbf7f54f4bed6af00086c6b64
2023-03-05 14:27:43 UTC,view,1029072,1482972250706899052,apparel.women.pants,Palewick,54.63,500000007,dd4f324cbf7f54f4bed6af00086c6b64
2023-03-05 14:31:59 UTC,view,9841830,1508136215129873133,apparel.kids.top,Wrenfield,12.27,500000007,dd4f324cbf7f54f4bed6af00086c6b64
2023-03-05 14:37:46 UTC,cart,9040237,1472209747072745335,,Wrenfield,120.97,500000007,dd4f324cbf7f54f4bed6af00086c6b64
2023-03-05 21:38:18 UTC,view,6637675,1428548884811402817,,,36.23,500000002,932a2e7014cb9d273fadfdfd6a9e8b3d
2023-03-05 21:40:56 UTC,view,8966163,1549623645531932356,accessories.bags,,87.12,500000002,932a2e7014cb9d273fadfdfd6a9e8b3d
2023-03-05 22:07:38 UTC,cart,8966163,1549623645531932356,accessories.bags,Solmara,80.76,500000002,932a2e7014cb9d273fadfdfd6a9e8b3d
2023-03-05 22:08:56 UTC,purchase,8966163,1549623645531932356,accessories.bags,,86.3,500000002,932a2e7014cb9d273fadfdfd6a9e8b3d
2023-03-07 12:06:29 UTC,view,7567958,1516173523019626745,apparel.women.dress,,91.68,500055450,179ef070cfa5adefed9eb537364efbc1
2023-03-07 12:08:34 UTC,view,9829417,1546390003792228747,footwear.sneakers,Bellcroft,131.0,500055450,179ef070cfa5adefed9eb537364efbc1
2023-03-07 12:25:26 UTC,view,7182700,1492821164472423496,apparel.men.jeans,,96.21,500055450,179ef070cfa5adefed9eb537364efbc1
2023-03-07 12:28:50 UTC,cart,9755526,1589407324608544585,apparel.women.outerwear,Ashgrove,83.29,500055450,179ef070cfa5adefed9eb537364efbc1
2023-03-07 12:29:32 UTC,purchase,9755526,1589407324608544585,apparel.women.outerwear,,91.05,500055450,179ef070cfa5adefed9eb537364efbc1
2023-03-07 19:16:06 UTC,view,8966163,1549623645531932356,accessories.bags,,77.09,500000001,c60449c67b0e784bb1afacf4a3adfe6a
2023-03-07 19:24:26 UTC,view,8966163,1549623645531932356,accessories.bags,Solmara,88.27,500000001,c60449c67b0e784bb1afacf4a3adfe6a
2023-03-07 19:24:40 UTC,view,4747587,1482972250706899052,apparel.women.pants,,81.39,500000001,c60449c67b0e784bb1afacf4a3adfe6a
2023-03-07 19:28:08 UTC,cart,2993399,1546390003792228747,,Solmara,95.09,500000001,c60449c67b0e784bb1afacf4a3adfe6a
2023-03-07 19:28:45 UTC,purchase,2993399,1546390003792228747,footwear.sneakers,Solmara,98.16,500000001,c60449c67b0e784bb1afacf4a3adfe6a
2023-03-08 13:18:29 UTC,view,4747587,1482972250706899052,apparel.women.pants,,75.55,500000001,f05a1105b98109dee54957516a9bc751
2023-03-08 13:28:45 UTC,view,7941277,1594728468612408249,accessories.jewelry,,54.07,500000001,f05a1105b98109dee54957516a9bc751
2023-03-08 13:30:10 UTC,view,6768228,1428548884811402817,apparel.men.shirt,,19.22,500000001,f05a1105b98109dee54957516a9bc751
2023-03-08 13:34:29 UTC,view,8966163,1549623645531932356,accessories.bags,,92.38,500000001,f05a1105b98109dee54957516a9bc751
2023-03-09 10:34:53 UTC,view,7182700,1492821164472423496,apparel.men.jeans,,82.81,500000061,c3ea2bc00f81cd264537bd8186773a98
2023-03-09 10:35:28 UTC,view,8966163,1549623645531932356,accessories.bags,Solmara,85.64,500000061,c3ea2bc00f81cd264537bd8186773a98
2023-03-09 20:56:00 UTC,view,5862621,1492821164472423496,apparel.men.jeans,,45.32,500000019,3de3db4111c2fcc06b3fd5180fb02bea
2023-03-09 21:08:06 UTC,view,7303637,1516173523019626745,apparel.women.dress,Wrenfield,78.39,500000019,3de3db4111c2fcc06b3fd5180fb02bea
2023-03-09 21:10:52 UTC,view,6960004,1549623645531932356,accessories.bags,,44.14,500000019,3de3db4111c2fcc06b3fd5180fb02bea
2023-03-09 21:19:13 UTC,view,8966163,1549623645531932356,,Solmara,92.71,500000019,3de3db4111c2fcc06b3fd5180fb02bea
2023-03-10 10:56:48 UTC,view,6024870,1492821164472423496,apparel.men.jeans,,32.19,500000002,736d7dfd197b2272234341ed7bf03c38
2023-03-10 11:07:52 UTC,view,4720552,1428548884811402817,apparel.men.shirt,,14.93,500000002,736d7dfd197b2272234341ed7bf03c38
2023-03-10 11:12:34 UTC,view,6517467,1516173523019626745,apparel.women.dress,Thistlewood,90.95,500000002,736d7dfd197b2272234341ed7bf03c38
2023-03-10 11:18:50 UTC,view,7814384,1482972250706899052,,Palewick,74.94,500000018,84c02b3634f59345fae5966dfe175dbd
2023-03-10 11:24:08 UTC,view,3487534,1429628030847824846,footwear.sandals,Bellcroft,21.26,500000018,84c02b3634f59345fae5966dfe175dbd
2023-03-10 11:24:21 UTC,view,3243048,1558364261414932063,apparel.women.top,Thistlewood,43.65,500000018,84c02b3634f59345fae5966dfe175dbd
2023-03-10 11:28:31 UTC,view,8634461,1428548884811402817,apparel.men.shirt,Kestrel & Co,20.69,500000018,84c02b3634f59345fae5966dfe175dbd
2023-03-10 11:34:15 UTC,view,3301602,1594728468612408249,accessories.jewelry,Vantree,45.75,500000018,84c02b3634f59345fae5966dfe175dbd
2023-03-10 11:39:52 UTC,view,4994348,1549623645531932356,accessories.bags,,63.62,500000018,84c02b3634f59345fae5966dfe175dbd
2023-03-11 18:19:09 UTC,view,4489659,1516173523019626745,apparel.women.dress,Milbrook,61.45,500000007,595405aae0beaa62d919d781463bc4ea
2023-03-11 18:21:19 UTC,view,7182700,1492821164472423496,apparel.men.jeans,,92.43,500000007,595405aae0beaa62d919d781463bc4ea
2023-03-11 18:24:16 UTC,view,8966163,1549623645531932356,accessories.bags,Solmara,86.98,500000007,595405aae0beaa62d919d781463bc4ea
2023-03-11 18:33:01 UTC,view,8966163,1549623645531932356,,Solmara,92.78,500000007,595405aae0beaa62d919d781463bc4ea
2023-03-12 11:00:38 UTC,view,7567958,1516173523019626745,apparel.women.dress,,86.54,500000003,dec229e86531e8d1048ffc426d799e8d
2023-03-12 11:01:08 UTC,view,6079235,1508136215129873133,,Bramholt,10.16,500000003,dec229e86531e8d1048ffc426d799e8d
2023-03-12 11:09:11 UTC,view,8966163,1549623645531932356,accessories.bags,Solmara,82.97,500000003,dec229e86531e8d1048ffc426d799e8d
2023-03-12 11:11:27 UTC,view,3243048,1558364261414932063,,,40.22,500000003,dec229e86531e8d1048ffc426d799e8d
2023-03-12 11:12:50 UTC,view,9118281,1558364261414932063,apparel.women.top,Solmara,16.64,500000003,dec229e86531e8d1048ffc426d799e8d
2023-03-12 11:18:46 UTC,view,6960004,1549623645531932356,,,50.96,500000003,dec229e86531e8d1048ffc426d799e8d
2023-03-12 11:20:04 UTC,view,6245368,1558430393367643133,accessories.hats,,27.6,500000003,dec229e86531e8d1048ffc426d799e8d
2023-03-12 11:25:17 UTC,view,2102225,1516173523019626745,apparel.women.dress,Vantree,32.69,500000003,dec229e86531e8d1048ffc426d799e8d
2023-03-12 16:49:08 UTC,view,3163829,1558364261414932063,apparel.women.top,,42.5,500000001,41238165f141aaccf3c598c3a3344b33
2023-03-12 16:52:32 UTC,view,5908484,1589407324608544585,apparel.women.outerwear,Aldyne,209.13,500000001,41238165f141aaccf3c598c3a3344b33
2023-03-12 16:59:40 UTC,cart,7346335,1594728468612408249,accessories.jewelry,Milbrook,64.94,500000001,41238165f141aaccf3c598c3a3344b33
2023-03-12 17:00:20 UTC,purchase,7346335,1594728468612408249,,Milbrook,73.02,500000001,41238165f141aaccf3c598c3a3344b33
2023-03-12 17:05:50 UTC,view,8966163,1549623645531932356,accessories.bags,Solmara,77.59,500000001,41238165f141aaccf3c598c3a3344b33
2023-03-12 17:09:25 UTC,view,4194454,1482972250706899052,apparel.women.pants,Vantree,65.52,500000001,41238165f141aaccf3c598c3a3344b33
2023-03-12 17:12:50 UTC,view,1099410,1558430393367643133,accessories.hats,Norlend,15.76,500000001,41238165f141aaccf3c598c3a3344b33
2023-03-13 17:31:17 UTC,view,2731345,1428548884811402817,apparel.men.shirt,,56.02,500000002,9f3cc92ae8486af51e9320de27545e2e
2023-03-13 17:32:49 UTC,view,5425967,1546390003792228747,footwear.sneakers,Kestrel & Co,90.44,500000002,9f3cc92ae8486af51e9320de27545e2e
2023-03-13 17:42:37 UTC,view,4489659,1516173523019626745,apparel.women.dress,,54.98,500000003,a1df525562f8a2d2bc92fb5a840be3f2
2023-03-13 17:45:19 UTC,view,8966163,1549623645531932356,accessories.bags,Solmara,76.78,500000002,9f3cc92ae8486af51e9320de27545e2e
2023-03-13 17:50:24 UTC,view,8966163,1549623645531932356,accessories.bags,,79.64,500000003,a1df525562f8a2d2bc92fb5a840be3f2
2023-03-13 17:53:43 UTC,view,8488816,1429628030847824846,footwear.sandals,Wrenfield,62.67,500000003,a1df525562f8a2d2bc92fb5a840be3f2
2023-03-14 13:12:43 UTC,view,3554832,1428548884811402817,apparel.men.shirt,Greymont,54.75,500000129,010a3cc4bc35d56cea67f94c6ea85b5b
2023-03-14 13:13:28 UTC,view,8966163,1549623645531932356,,,86.37,500000129,010a3cc4bc35d56cea67f94c6ea85b5b
2023-03-14 13:21:11 UTC,view,2295523,1516173523019626745,apparel.women.dress,,44.82,500000129,010a3cc4bc35d56cea67f94c6ea85b5b
2023-03-14 13:32:08 UTC,view,5599030,1558430393367643133,accessories.hats,Marlow Row,27.54,500000129,010a3cc4bc35d56cea67f94c6ea85b5b
2023-03-14 21:11:19 UTC,view,5212958,1516173523019626745,,,98.62,500000001,0a77fdb6e2bf9ae7363f35b078fe57f7
2023-03-14 21:17:43 UTC,view,8754194,1482972250706899052,apparel.women.pants,Kestrel & Co,57.04,500000001,0a77fdb6e2bf9ae7363f35b078fe57f7
2023-03-14 21:23:06 UTC,view,2102225,1516173523019626745,apparel.women.dress,Vantree,35.42,500000001,0a77fdb6e2bf9ae7363f35b078fe57f7
2023-03-14 21:30:00 UTC,view,6245368,1558430393367643133,accessories.hats,,23.97,500000001,0a77fdb6e2bf9ae7363f35b078fe57f7
2023-03-14 21:31:34 UTC,view,7093987,1492821164472423496,apparel.men.jeans,,36.48,500000001,0a77fdb6e2bf9ae7363f35b078fe57f7
2023-03-15 07:45:40 UTC,view,7182700,1492821164472423496,,,95.18,500000065,ed026110127a9f94541c1cc0cc3e588d
2023-03-15 07:50:45 UTC,cart,7201529,1589407324608544585,apparel.women.outerwear,Ruskin & Fable,96.41,500000065,ed026110127a9f94541c1cc0cc3e588d
2023-03-15 07:52:44 UTC,view,2102225,1516173523019626745,apparel.women.dress,Vantree,36.61,500000065,ed026110127a9f94541c1cc0cc3e588d
2023-03-15 07:53:44 UTC,purchase,7201529,1589407324608544585,apparel.women.outerwear,Ruskin & Fable,79.33,500000065,ed026110127a9f94541c1cc0cc3e588d
2023-03-15 10:51:28 UTC,view,7182700,1492821164472423496,,,83.31,500000042,847c3b809f50ca5cd97ff1f7afa468a0
2023-03-15 10:55:04 UTC,view,9248008,1549623645531932356,accessories.bags,Harlow Vale,109.3,500000042,847c3b809f50ca5cd97ff1f7afa468a0
2023-03-15 10:56:28 UTC,cart,7182700,1492821164472423496,apparel.men.jeans,,88.11,500000042,847c3b809f50ca5cd97ff1f7afa468a0
2023-03-15 10:59:14 UTC,purchase,7182700,1492821164472423496,apparel.men.jeans,,91.66,500000042,847c3b809f50ca5cd97ff1f7afa468a0
2023-03-15 11:11:43 UTC,view,1522015,1546390003792228747,footwear.sneakers,Bramholt,112.78,500000042,847c3b809f50ca5cd97ff1f7afa468a0
2023-03-15 11:19:13 UTC,view,9841830,1508136215129873133,apparel.kids.top,Wrenfield,12.69,500000042,847c3b809f50ca5cd97ff1f7afa468a0
2023-03-15 11:20:12 UTC,view,8966163,1549623645531932356,accessories.bags,Solmara,89.34,500000042,847c3b809f50ca5cd97ff1f7afa468a0
2023-03-15 15:44:21 UTC,view,5530296,1558364261414932063,apparel.women.top,Greymont,26.58,500000038,4f6450fefb754d4072d2fe4e64df110d
2023-03-15 15:53:53 UTC,view,1162680,1589407324608544585,apparel.women.outerwear,Kestrel & Co,201.05,500000038,4f6450fefb754d4072d2fe4e64df110d
2023-03-15 15:59:34 UTC,view,8903471,1428548884811402817,apparel.men.shirt,,20.53,500000038,4f6450fefb754d4072d2fe4e64df110d
2023-03-15 16:15:40 UTC,view,3243048,1558364261414932063,apparel.women.top,Thistlewood,43.55,500000027,5e21fad2216ade67aa03d69409ebd64f
2023-03-15 16:29:15 UTC,view,3487534,1429628030847824846,footwear.sandals,Bellcroft,19.52,500000027,5e21fad2216ade67aa03d69409ebd64f
2023-03-15 16:42:59 UTC,view,1428173,1589407324608544585,apparel.women.outerwear,,109.55,500000027,5e21fad2216ade67aa03d69409ebd64f
2023-03-15 22:00:42 UTC,view,1601049,1558364261414932063,,,25.43,500000002,0b2015c1fad420d3ee65f2777d70d0b4
2023-03-15 22:05:10 UTC,view,5114384,1558186846391920988,apparel.kids.outerwear,Kestrel & Co,29.86,500000002,0b2015c1fad420d3ee65f2777d70d0b4
2023-03-15 22:11:56 UTC,cart,6245368,1558430393367643133,accessories.hats,Ashgrove,26.1,500000002,0b2015c1fad420d3ee65f2777d70d0b4
2023-03-15 22:16:36 UTC,purchase,6245368,1558430393367643133,accessories.hats,Ashgrove,28.18,500000002,0b2015c1fad420d3ee65f2777d70d0b4
2023-03-15 22:16:50 UTC,view,8634461,1428548884811402817,apparel.men.shirt,Kestrel & Co,21.74,500000002,0b2015c1fad420d3ee65f2777d70d0b4
2023-03-15 22:18:16 UTC,view,2102225,1516173523019626745,,Vantree,35.23,500000002,0b2015c1fad420d3ee65f2777d70d0b4
15/03/2023 23:41,view,2295523,1516173523019626745,apparel.women.dress,,43.25,500000002,6501642a67985c05b40b5da94191ee62
2023-03-15 23:41:33 UTC,cart,9198161,1546390003792228747,footwear.sneakers,Wrenfield,114.43,500000002,6501642a67985c05b40b5da94191ee62
2023-03-15 23:46:24 UTC,purchase,9198161,1546390003792228747,,Wrenfield,117.14,500000002,6501642a67985c05b40b5da94191ee62
2023-03-15 23:53:33 UTC,view,9036326,1558430393367643133,accessories.hats,,7.34,500000002,6501642a67985c05b40b5da94191ee62
2023-03-15 11:19:13 UTC,view,9841830,1508136215129873133,apparel.kids.top,Wrenfield,12.69,500000042,847c3b809f50ca5cd97ff1f7afa468a0
18/03/2023 16:42,view,8721483,1558364261414932063,apparel.women.top,Norlend,39.16,500000008,e825d04bec2fd90bfe7940be123628db
2023-03-18 16:47:38 UTC,view,8966163,1549623645531932356,accessories.bags,Solmara,85.66,500000008,e825d04bec2fd90bfe7940be123628db
2023-03-18 17:01:48 UTC,view,1162680,1589407324608544585,apparel.women.outerwear,,218.87,500000008,e825d04bec2fd90bfe7940be123628db
2023-03-18 18:45:35 UTC,view,7182700,1492821164472423496,apparel.men.jeans,,84.74,500000002,5d479492f0b948afbb776d263f069634
2023-03-18 18:47:58 UTC,cart,9755526,1589407324608544585,apparel.women.outerwear,Ashgrove,87.45,500000002,5d479492f0b948afbb776d263f069634
2023-03-18 18:49:53 UTC,purchase,9755526,1589407324608544585,apparel.women.outerwear,Ashgrove,89.64,500000002,5d479492f0b948afbb776d263f069634
2023-03-19 06:49:57 UTC,view,8746636,1482972250706899052,apparel.women.pants,Oakspire,53.18,500000006,878c827c61b7dade5a422321d21a535d
2023-03-19 06:52:28 UTC,view,1162680,1589407324608544585,apparel.women.outerwear,Kestrel & Co,217.52,500000006,878c827c61b7dade5a422321d21a535d
2023-03-19 07:03:44 UTC,view,4762867,1594728468612408249,accessories.jewelry,Greymont,19.08,500000006,878c827c61b7dade5a422321d21a535d
2023-03-19 07:12:55 UTC,view,2102225,1516173523019626745,,,35.02,500000006,878c827c61b7dade5a422321d21a535d
2023-03-19 07:16:46 UTC,view,4648994,1482972250706899052,apparel.women.pants,,26.45,500000006,878c827c61b7dade5a422321d21a535d
2023-03-19 12:30:37 UTC,view,4143393,1519748099762056932,apparel.men.outerwear,Marlow Row,215.92,500000001,79702556b35318d65ac25a4b84cf3fcd
2023-03-19 12:38:57 UTC,view,9645778,1558186846391920988,apparel.kids.outerwear,,30.33,500000001,79702556b35318d65ac25a4b84cf3fcd
2023-03-19 12:39:16 UTC,view,1162680,1589407324608544585,apparel.women.outerwear,Kestrel & Co,229.59,500000001,79702556b35318d65ac25a4b84cf3fcd
2023-03-19 12:44:54 UTC,view,6854023,1549623645531932356,accessories.bags,Doverly,153.72,500000001,79702556b35318d65ac25a4b84cf3fcd
2023-03-19 20:14:02 UTC,view,8966163,1549623645531932356,accessories.bags,,92.34,500000001,a4ed81895d37bc0dcbd23e14e99c3c4e
2023-03-19 20:16:37 UTC,view,9800243,1492821164472423496,apparel.men.jeans,Palewick,78.89,500000001,a4ed81895d37bc0dcbd23e14e99c3c4e
2023-03-19 20:28:51 UTC,view,5711182,1546390003792228747,footwear.sneakers,Oakspire,78.23,500000001,a4ed81895d37bc0dcbd23e14e99c3c4e
2023-03-19 20:40:42 UTC,cart,9036326,1558430393367643133,accessories.hats,,8.64,500000001,a4ed81895d37bc0dcbd23e14e99c3c4e
2023-03-19 20:42:12 UTC,purchase,9036326,1558430393367643133,accessories.hats,,8.7,500000001,a4ed81895d37bc0dcbd23e14e99c3c4e
2023-03-19 20:56:14 UTC,view,4747587,1482972250706899052,apparel.women.pants,,76.95,500000001,f4862a839e5b76d13db5b32d48291a35
2023-03-19 21:00:07 UTC,cart,8966163,1549623645531932356,accessories.bags,,81.91,500000001,f4862a839e5b76d13db5b32d48291a35
2023-03-19 21:00:30 UTC,purchase,8966163,1549623645531932356,,,88.18,500000001,f4862a839e5b76d13db5b32d48291a35
2023-03-19 21:11:50 UTC,view,4194454,1482972250706899052,apparel.women.pants,,69.44,500000001,f4862a839e5b76d13db5b32d48291a35
2023-03-19 21:12:33 UTC,view,7255659,1492821164472423496,apparel.men.jeans,Norlend,97.99,500000001,f4862a839e5b76d13db5b32d48291a35
2023-03-19 21:18:51 UTC,view,2377662,1516173523019626745,apparel.women.dress,,114.9,500000001,f4862a839e5b76d13db5b32d48291a35
2023-03-19 23:01:52 UTC,view,1162680,1589407324608544585,apparel.women.outerwear,,196.07,500000018,3d4bfbcfa40c2d656034058761d4c72f
2023-03-19 23:01:52 UTC,cart,8089253,1516173523019626745,apparel.women.dress,Norlend,122.95,500000018,3d4bfbcfa40c2d656034058761d4c72f
2023-03-19 23:04:07 UTC,purchase,8089253,1516173523019626745,apparel.women.dress,Norlend,116.05,500000018,3d4bfbcfa40c2d656034058761d4c72f
2023-03-21 08:40:58 UTC,view,1162680,1589407324608544585,apparel.women.outerwear,Kestrel & Co,200.83,500000002,5d51df96d531ac40f1df5132b38544fe
2023-03-21 08:49:13 UTC,view,3243048,1558364261414932063,apparel.women.top,Thistlewood,40.04,500000002,5d51df96d531ac40f1df5132b38544fe
2023-03-21 08:51:06 UTC,view,5027667,1546390003792228747,footwear.sneakers,Milbrook,111.17,500000002,5d51df96d531ac40f1df5132b38544fe
2023-03-21 09:04:47 UTC,view,1162680,1589407324608544585,apparel.women.outerwear,Kestrel & Co,196.89,500000002,5d51df96d531ac40f1df5132b38544fe
2023-03-21 09:04:48 UTC,view,6079235,1508136215129873133,,Bramholt,8.53,500000002,5d51df96d531ac40f1df5132b38544fe
2023-03-21 09:06:18 UTC,view,3243048,1558364261414932063,apparel.women.top,Thistlewood,41.37,500000002,5d51df96d531ac40f1df5132b38544fe
2023-03-21 22:55:15 UTC,view,8795573,1482972250706899052,apparel.women.pants,Palewick,29.15,500000034,d119b1978e4e6de314f7e756774fbf6c
2023-03-21 22:56:35 UTC,view,7729308,1482972250706899052,apparel.women.pants,Ruskin & Fable,37.73,500000034,d119b1978e4e6de314f7e756774fbf6c
2023-03-21 23:07:27 UTC,view,8966163,1549623645531932356,accessories.bags,Solmara,92.99,500000034,d119b1978e4e6de314f7e756774fbf6c
2023-03-22 13:27:48 UTC,view,5862621,1492821164472423496,apparel.men.jeans,Vantree,41.21,500121762,85f5bc867d5a42191d1dd827ecefb6b3
2023-03-22 13:39:50 UTC,view,3243048,1558364261414932063,apparel.women.top,,48.25,500121762,85f5bc867d5a42191d1dd827ecefb6b3
2023-03-22 13:41:13 UTC,view,7182700,1492821164472423496,apparel.men.jeans,,98.02,500121762,85f5bc867d5a42191d1dd827ecefb6b3
2023-03-22 13:46:06 UTC,view,3428363,1516173523019626745,apparel.women.dress,,65.49,500121762,85f5bc867d5a42191d1dd827ecefb6b3
2023-03-22 13:50:36 UTC,view,9748139,1594728468612408249,accessories.jewelry,Ferncastle,20.44,500121762,85f5bc867d5a42191d1dd827ecefb6b3
2023-03-22 13:53:05 UTC,view,6497266,1558430393367643133,accessories.hats,,9.71,500121762,85f5bc867d5a42191d1dd827ecefb6b3
2023-03-22 13:54:14 UTC,view,9319849,1472209747072745335,footwear.boots,Marlow Row,164.34,500121762,85f5bc867d5a42191d1dd827ecefb6b3
2023-03-22 20:23:44 UTC,view,5114384,1558186846391920988,apparel.kids.outerwear,,29.07,500000001,e07d69512e598df08fe04681234b9158
2023-03-22 20:34:56 UTC,view,4762867,1594728468612408249,,Greymont,18.78,500000001,e07d69512e598df08fe04681234b9158
2023-03-22 20:43:23 UTC,view,7429245,1428548884811402817,apparel.men.shirt,Ashgrove,14.66,500000001,e07d69512e598df08fe04681234b9158
2023-03-22 20:46:20 UTC,view,8795573,1482972250706899052,,Palewick,32.29,500000001,e07d69512e598df08fe04681234b9158
2023-03-22 20:51:42 UTC,cart,1162680,1589407324608544585,apparel.women.outerwear,Kestrel & Co,222.42,500000001,e07d69512e598df08fe04681234b9158
2023-03-22 20:56:23 UTC,purchase,1162680,1589407324608544585,apparel.women.outerwear,Kestrel & Co,206.4,500000001,e07d69512e598df08fe04681234b9158
2023-03-24 19:05:52 UTC,view,9755526,1589407324608544585,apparel.women.outerwear,,89.72,500000011,619d0b0ed8fe44a32e6aebb12f406fbb
2023-03-24 19:18:58 UTC,view,7390450,1558364261414932063,apparel.women.top,,45.74,500000011,619d0b0ed8fe44a32e6aebb12f406fbb
2023-03-24 19:20:16 UTC,view,2317989,1482972250706899052,apparel.women.pants,Palewick,56.6,500000011,619d0b0ed8fe44a32e6aebb12f406fbb
2023-03-24 19:30:52 UTC,view,6380274,1472209747072745335,footwear.boots,Wrenfield,166.91,500000011,619d0b0ed8fe44a32e6aebb12f406fbb
2023-03-24 19:30:57 UTC,view,1162680,1589407324608544585,apparel.women.outerwear,Kestrel & Co,198.94,500000011,619d0b0ed8fe44a32e6aebb12f406fbb
2023-03-25 12:47:52 UTC,view,4123600,1519748099762056932,apparel.men.outerwear,,151.7,500000003,fae3fc16a9525b5e2d7873871ff461ff
2023-03-25 12:50:35 UTC,view,2102225,1516173523019626745,apparel.women.dress,Vantree,35.85,500000003,fae3fc16a9525b5e2d7873871ff461ff
2023-03-25 12:53:44 UTC,view,9118832,1589407324608544585,apparel.women.outerwear,Ruskin & Fable,152.29,500000003,fae3fc16a9525b5e2d7873871ff461ff
2023-03-25 12:58:18 UTC,view,4194454,1482972250706899052,apparel.women.pants,Vantree,65.99,500000003,fae3fc16a9525b5e2d7873871ff461ff
2023-03-25 13:00:40 UTC,view,1079923,1516173523019626745,apparel.women.dress,,113.33,500000003,fae3fc16a9525b5e2d7873871ff461ff
2023-03-25 13:01:21 UTC,view,5234930,1589407324608544585,apparel.women.outerwear,,170.73,500000003,fae3fc16a9525b5e2d7873871ff461ff
2023-03-25 14:22:41 UTC,view,5068008,1558364261414932063,apparel.women.top,Ashgrove,18.49,500000002,47e59459464cf406155ad395f968afc3
2023-03-25 14:29:14 UTC,view,2102225,1516173523019626745,apparel.women.dress,Vantree,34.85,500000002,47e59459464cf406155ad395f968afc3
2023-03-25 14:29:55 UTC,cart,8966163,1549623645531932356,,,92.77,500000002,47e59459464cf406155ad395f968afc3
2023-03-25 14:32:32 UTC,purchase,8966163,1549623645531932356,accessories.bags,Solmara,76.73,500000002,47e59459464cf406155ad395f968afc3
2023-03-25 14:51:07 UTC,view,2102225,1516173523019626745,apparel.women.dress,Vantree,32.36,500000002,47e59459464cf406155ad395f968afc3
2023-03-26 16:50:00 UTC,view,6079235,1508136215129873133,apparel.kids.top,Bramholt,9.45,500000001,afc5c4ac32bd32773ada5b101afabedf
2023-03-26 16:50:00 UTC,cart,3243048,1558364261414932063,apparel.women.top,Thistlewood,44.51,500000001,afc5c4ac32bd32773ada5b101afabedf
2023-03-26 16:53:10 UTC,purchase,3243048,1558364261414932063,apparel.women.top,Thistlewood,47.93,500000001,afc5c4ac32bd32773ada5b101afabedf
2023-03-26 16:55:11 UTC,view,5678537,1472209747072745335,footwear.boots,Aldyne,127.35,500000001,afc5c4ac32bd32773ada5b101afabedf
2023-03-26 16:58:21 UTC,view,4123600,1519748099762056932,apparel.men.outerwear,,182.95,500000001,afc5c4ac32bd32773ada5b101afabedf
2023-03-26 17:04:23 UTC,view,1260475,1589407324608544585,apparel.women.outerwear,Kestrel & Co,189.55,500000001,afc5c4ac32bd32773ada5b101afabedf
2023-03-29 15:57:31 UTC,view,9319849,1472209747072745335,footwear.boots,Marlow Row,136.82,500000171,42f5a45459337f2d66d68ca7842e2156
2023-03-29 16:03:50 UTC,view,9319849,1472209747072745335,footwear.boots,,137.73,500000171,42f5a45459337f2d66d68ca7842e2156
2023-03-29 16:04:31 UTC,view,9746038,1516173523019626745,apparel.women.dress,,33.32,500000171,42f5a45459337f2d66d68ca7842e2156
2023-03-29 16:09:41 UTC,view,1522015,1546390003792228747,footwear.sneakers,Bramholt,117.34,500000171,42f5a45459337f2d66d68ca7842e2156
2023-03-29 16:21:05 UTC,view,6380274,1472209747072745335,footwear.boots,Wrenfield,171.24,500000171,42f5a45459337f2d66d68ca7842e2156
2023-03-29 16:21:12 UTC,cart,3781033,1558364261414932063,apparel.women.top,Bellcroft,40.61,500000171,42f5a45459337f2d66d68ca7842e2156
2023-03-29 16:21:58 UTC,purchase,3781033,1558364261414932063,apparel.women.top,Bellcroft,44.44,500000171,42f5a45459337f2d66d68ca7842e2156
2023-03-31 21:35:53 UTC,view,5466720,1519748099762056932,apparel.men.outerwear,Bramholt,103.12,500000009,8537091e5506c6b8884a9e20ce2cab69
2023-03-31 21:39:19 UTC,view,3163829,1558364261414932063,apparel.women.top,,43.54,500000009,8537091e5506c6b8884a9e20ce2cab69
2023-03-31 21:39:26 UTC,view,5068008,1558364261414932063,,Ashgrove,17.31,500000009,8537091e5506c6b8884a9e20ce2cab69
2023-03-31 21:47:59 UTC,cart,1428173,1589407324608544585,apparel.women.outerwear,,105.89,500000009,8537091e5506c6b8884a9e20ce2cab69
2023-04-01 18:22:00 UTC,view,8903471,1428548884811402817,apparel.men.shirt,,20.72,500000001,43a45ed8ea93e16a8b0f0b0563e74b86
2023-04-01 19:30:50 UTC,view,5114384,1558186846391920988,apparel.kids.outerwear,,26.13,500000081,ef90a30de99538f745eae4fd41d65196
2023-04-01 19:54:41 UTC,view,7182700,1492821164472423496,,,85.41,500000081,ef90a30de99538f745eae4fd41d65196
2023-04-01 19:57:23 UTC,view,7047405,1482972250706899052,apparel.women.pants,Palewick,25.46,500000081,ef90a30de99538f745eae4fd41d65196
2023-04-01 21:41:10 UTC,view,5114384,1558186846391920988,apparel.kids.outerwear,Kestrel & Co,27.65,500000292,fb9bfc82c38e816dc183252c3fedb895
2023-04-01 21:43:49 UTC,view,5553390,1472209747072745335,footwear.boots,Aldyne,56.07,500000292,fb9bfc82c38e816dc183252c3fedb895
2023-04-01 21:45:19 UTC,view,2102225,1516173523019626745,apparel.women.dress,Vantree,37.06,500000292,fb9bfc82c38e816dc183252c3fedb895
2023-04-01 21:47:37 UTC,view,3428363,1516173523019626745,apparel.women.dress,,77.36,500000292,fb9bfc82c38e816dc183252c3fedb895
2023-04-01 21:50:18 UTC,view,8966163,1549623645531932356,accessories.bags,,83.41,500000292,fb9bfc82c38e816dc183252c3fedb895
2023-04-02 10:00:42 UTC,view,4194454,1482972250706899052,,,68.89,500000001,47538935406f7431e730f73dff2f9bd0
2023-04-02 10:03:33 UTC,view,4705110,1428548884811402817,,Ashgrove,20.71,500000001,47538935406f7431e730f73dff2f9bd0
2023-04-02 10:08:32 UTC,view,8634461,1428548884811402817,,,20.36,500000001,47538935406f7431e730f73dff2f9bd0
2023-04-02 10:10:36 UTC,view,8966163,1549623645531932356,accessories.bags,Solmara,90.77,500000001,47538935406f7431e730f73dff2f9bd0
2023-04-02 11:02:44 UTC,view,9036326,1558430393367643133,accessories.hats,,7.39,500000002,93e44c7cebcd2e0728c993775690ab98
2023-04-02 11:06:32 UTC,view,8966163,1549623645531932356,accessories.bags,Solmara,82.95,500000002,93e44c7cebcd2e0728c993775690ab98
2023-04-02 11:07:22 UTC,view,7729308,1482972250706899052,apparel.women.pants,,43.83,500000002,93e44c7cebcd2e0728c993775690ab98
2023-04-02 11:08:20 UTC,view,3689249,1428548884811402817,apparel.men.shirt,Greymont,37.82,500000002,93e44c7cebcd2e0728c993775690ab98
2023-04-02 11:13:55 UTC,view,9841830,1508136215129873133,apparel.kids.top,,11.42,500000002,93e44c7cebcd2e0728c993775690ab98
2023-04-02 11:24:24 UTC,view,7620070,1546390003792228747,footwear.sneakers,,64.78,500000002,93e44c7cebcd2e0728c993775690ab98
2023-04-02 18:28:15 UTC,view,6024870,1492821164472423496,apparel.men.jeans,Doverly,33.22,500000162,bc15e1ef1d48d0a8e5b2baeb012ea116
2023-04-02 18:30:14 UTC,view,5852256,1594728468612408249,accessories.jewelry,,55.11,500000162,bc15e1ef1d48d0a8e5b2baeb012ea116
2023-04-02 18:31:36 UTC,view,3428363,1516173523019626745,apparel.women.dress,,73.38,500000162,bc15e1ef1d48d0a8e5b2baeb012ea116
2023-04-02 21:28:26 UTC,view,1162680,1589407324608544585,apparel.women.outerwear,Kestrel & Co,228.35,500000002,8252314120b88873d9c241badaea14a8
2023-04-02 21:39:56 UTC,view,2102225,1516173523019626745,apparel.women.dress,Vantree,32.12,500000002,8252314120b88873d9c241badaea14a8
2023-04-02 21:53:50 UTC,view,9800243,1492821164472423496,apparel.men.jeans,Palewick,83.18,500000006,770c8bdb61feb83e6eac4620d0e8366b
2023-04-02 21:53:58 UTC,view,4747587,1482972250706899052,apparel.women.pants,,79.77,500000006,770c8bdb61feb83e6eac4620d0e8366b
2023-04-02 21:58:02 UTC,view,8110966,1558364261414932063,apparel.women.top,Solmara,21.61,500000006,770c8bdb61feb83e6eac4620d0e8366b
2023-04-02 22:09:37 UTC,view,4194454,1482972250706899052,apparel.women.pants,Vantree,61.14,500000006,770c8bdb61feb83e6eac4620d0e8366b
2023-04-02 22:09:50 UTC,view,6801451,1594728468612408249,accessories.jewelry,,35.8,500000006,770c8bdb61feb83e6eac4620d0e8366b
2023-04-02 22:34:01 UTC,view,4489659,1516173523019626745,apparel.women.dress,Milbrook,58.64,500000001,4485b21ec040000f5a918957bf53169c
2023-04-02 22:34:50 UTC,view,3301602,1594728468612408249,accessories.jewelry,,44.71,500000001,4485b21ec040000f5a918957bf53169c
2023-04-02 22:44:39 UTC,view,7182700,1492821164472423496,apparel.men.jeans,,85.48,500000001,4485b21ec040000f5a918957bf53169c
2023-04-02 22:47:40 UTC,view,8754194,1482972250706899052,apparel.women.pants,Kestrel & Co,52.93,500000001,4485b21ec040000f5a918957bf53169c
2023-04-02 22:50:50 UTC,view,4194454,1482972250706899052,apparel.women.pants,Vantree,68.47,500000001,4485b21ec040000f5a918957bf53169c
2023-04-02 22:54:45 UTC,view,8966163,1549623645531932356,accessories.bags,Solmara,81.78,500000001,4485b21ec040000f5a918957bf53169c
2023-04-02 22:57:00 UTC,view,4489659,1516173523019626745,apparel.women.dress,Milbrook,63.15,500000001,4485b21ec040000f5a918957bf53169c
2023-04-02 22:57:15 UTC,view,6362414,1558364261414932063,apparel.women.top,Ferncastle,23.61,500000001,4485b21ec040000f5a918957bf53169c
2023-04-03 08:42:21 UTC,view,3243048,1558364261414932063,apparel.women.top,,47.45,500000305,0895e567dadee478efd9f5715f1fcd18
2023-04-03 08:44:08 UTC,view,7182700,1492821164472423496,apparel.men.jeans,,83.1,500000305,0895e567dadee478efd9f5715f1fcd18
2023-04-03 08:48:49 UTC,view,1428173,1589407324608544585,apparel.women.outerwear,,98.88,500000305,0895e567dadee478efd9f5715f1fcd18
2023-04-03 08:51:07 UTC,view,4705110,1428548884811402817,,Ashgrove,18.56,500000305,0895e567dadee478efd9f5715f1fcd18
2023-04-03 08:56:09 UTC,view,8795573,1482972250706899052,apparel.women.pants,Palewick,27.22,500000305,0895e567dadee478efd9f5715f1fcd18
2023-04-03 08:59:52 UTC,view,3487534,1429628030847824846,,,19.6,500000305,0895e567dadee478efd9f5715f1fcd18
2023-04-03 09:00:37 UTC,view,4747587,1482972250706899052,apparel.women.pants,,78.8,500000305,0895e567dadee478efd9f5715f1fcd18
2023-04-03 13:43:35 UTC,view,8966163,1549623645531932356,accessories.bags,,79.5,500000014,1c8509ea7eaebaf29378040a70bbddf4
2023-04-03 13:44:32 UTC,view,8016491,1546390003792228747,footwear.sneakers,Vantree,140.72,500000014,1c8509ea7eaebaf29378040a70bbddf4
2023-04-03 13:49:52 UTC,view,4194454,1482972250706899052,apparel.women.pants,Vantree,70.12,500000014,1c8509ea7eaebaf29378040a70bbddf4
2023-04-03 13:52:15 UTC,view,6801451,1594728468612408249,,,36.02,500000014,1c8509ea7eaebaf29378040a70bbddf4
2023-04-04 13:59:44 UTC,view,4747587,1482972250706899052,,,72.55,500000024,d3d82804322dc40f45b901ff7963b531
2023-04-04 14:03:11 UTC,view,4720552,1428548884811402817,apparel.men.shirt,,14.82,500000024,d3d82804322dc40f45b901ff7963b531
2023-04-04 14:10:23 UTC,view,9040237,1472209747072745335,,,120.31,500000024,d3d82804322dc40f45b901ff7963b531
2023-04-04 14:17:22 UTC,view,8016491,1546390003792228747,footwear.sneakers,Vantree,153.68,500000024,d3d82804322dc40f45b901ff7963b531
2023-04-04 14:36:53 UTC,view,3211935,1482972250706899052,apparel.women.pants,Vantree,58.23,500000003,100316e6e096a7fddd392635bd7165d5
2023-04-04 14:41:05 UTC,view,9319849,1472209747072745335,footwear.boots,Marlow Row,163.42,500000003,100316e6e096a7fddd392635bd7165d5
2023-04-04 14:50:54 UTC,view,3243048,1558364261414932063,apparel.women.top,,40.66,500000003,100316e6e096a7fddd392635bd7165d5
2023-04-04 14:52:39 UTC,view,5678537,1472209747072745335,footwear.boots,Aldyne,111.03,500000003,100316e6e096a7fddd392635bd7165d5
2023-04-04 14:53:49 UTC,view,4194454,1482972250706899052,apparel.women.pants,Vantree,61.78,500000003,100316e6e096a7fddd392635bd7165d5
2023-04-04 16:33:15 UTC,view,4194454,1482972250706899052,apparel.women.pants,Vantree,66.25,500001108,368ed18e26aa420bd27bc7ac0f201bb4
2023-04-04 16:49:15 UTC,view,9319849,1472209747072745335,footwear.boots,Marlow Row,159.99,500001108,368ed18e26aa420bd27bc7ac0f201bb4
2023-04-04 16:58:17 UTC,view,5711182,1546390003792228747,footwear.sneakers,Oakspire,87.99,500001108,368ed18e26aa420bd27bc7ac0f201bb4
2023-04-05 11:28:35 UTC,view,6801451,1594728468612408249,accessories.jewelry,Thistlewood,36.55,500000001,f0b616f7f1767cdfabbd41bab08ff6e7
2023-04-05 11:36:50 UTC,view,3346010,1558430393367643133,accessories.hats,,27.02,500000001,f0b616f7f1767cdfabbd41bab08ff6e7
2023-04-05 11:41:22 UTC,view,6854023,1549623645531932356,accessories.bags,Doverly,153.23,500000001,f0b616f7f1767cdfabbd41bab08ff6e7
2023-04-07 16:02:37 UTC,view,3318117,1492821164472423496,apparel.men.jeans,,48.82,500000001,4011e51f99ccf3c4bf576f465cd6830d
2023-04-07 16:02:37 UTC,cart,2102225,1516173523019626745,apparel.women.dress,Vantree,32.05,500000001,4011e51f99ccf3c4bf576f465cd6830d
2023-04-07 16:05:05 UTC,purchase,2102225,1516173523019626745,,Vantree,35.98,500000001,4011e51f99ccf3c4bf576f465cd6830d
2023-04-08 10:55:39 UTC,view,8966163,1549623645531932356,accessories.bags,Solmara,88.43,500000007,4ae06e0bcef5a0fef48b0da3b99e2440
2023-04-08 10:55:43 UTC,view,6245368,1558430393367643133,accessories.hats,Ashgrove,25.54,500000007,4ae06e0bcef5a0fef48b0da3b99e2440
2023-04-08 10:59:28 UTC,view,9172205,1508136215129873133,apparel.kids.top,Bramholt,21.56,500000007,4ae06e0bcef5a0fef48b0da3b99e2440
2023-04-08 21:54:49 UTC,view,8966163,1549623645531932356,accessories.bags,,91.85,500000001,4f443888cb8d47f9a33727f69c52702a
2023-04-08 22:02:36 UTC,view,8926382,1558186846391920988,apparel.kids.outerwear,,38.81,500000001,4f443888cb8d47f9a33727f69c52702a
2023-04-09 11:10:40 UTC,view,7106580,1428548884811402817,apparel.men.shirt,Wrenfield,36.2,500000032,abde9a98863499aadd262242f85a2307
2023-04-10 19:34:34 UTC,view,8795573,1482972250706899052,apparel.women.pants,,30.13,500000002,e20730c0d01280c6519fbc4f07468f23
2023-04-10 19:39:21 UTC,view,6380274,1472209747072745335,footwear.boots,,171.07,500000002,e20730c0d01280c6519fbc4f07468f23
2023-04-10 19:43:31 UTC,view,8754194,1482972250706899052,apparel.women.pants,Kestrel & Co,58.73,500000002,e20730c0d01280c6519fbc4f07468f23
2023-04-10 19:44:06 UTC,cart,8488816,1429628030847824846,footwear.sandals,Wrenfield,52.81,500000002,e20730c0d01280c6519fbc4f07468f23
2023-04-10 19:44:28 UTC,purchase,8488816,1429628030847824846,footwear.sandals,Wrenfield,61.78,500000002,e20730c0d01280c6519fbc4f07468f23
2023-04-10 19:46:20 UTC,view,5234930,1589407324608544585,apparel.women.outerwear,,186.52,500000002,e20730c0d01280c6519fbc4f07468f23
2023-04-10 19:47:31 UTC,view,8966163,1549623645531932356,accessories.bags,Solmara,91.05,500000002,e20730c0d01280c6519fbc4f07468f23
2023-04-10 19:48:04 UTC,view,7182700,1492821164472423496,apparel.men.jeans,,83.85,500000002,e20730c0d01280c6519fbc4f07468f23
2023-04-10 19:52:00 UTC,view,3157737,1516173523019626745,apparel.women.dress,Ruskin & Fable,86.28,500000002,e20730c0d01280c6519fbc4f07468f23
2023-04-10 19:54:21 UTC,view,2102225,1516173523019626745,apparel.women.dress,,35.83,500000002,e20730c0d01280c6519fbc4f07468f23
2023-04-10 19:57:22 UTC,view,7448961,1590725883499271729,accessories.belts,Harlow Vale,15.61,500000002,e20730c0d01280c6519fbc4f07468f23
2023-04-10 21:54:43 UTC,view,8728798,1508136215129873133,apparel.kids.top,,17.87,500000001,a45fc77c503e64dd65d9087ace71ca5b
2023-04-10 22:07:35 UTC,view,7062170,1429628030847824846,footwear.sandals,,30.93,500000001,a45fc77c503e64dd65d9087ace71ca5b
2023-04-10 22:13:44 UTC,cart,4705110,1428548884811402817,apparel.men.shirt,,20.04,500000001,a45fc77c503e64dd65d9087ace71ca5b
2023-04-10 22:15:50 UTC,view,9829417,1546390003792228747,footwear.sneakers,Bellcroft,134.14,500000001,a45fc77c503e64dd65d9087ace71ca5b
2023-04-10 22:17:24 UTC,purchase,4705110,1428548884811402817,,Ashgrove,21.12,500000001,a45fc77c503e64dd65d9087ace71ca5b
2023-04-11 14:25:14 UTC,view,6380274,1472209747072745335,footwear.boots,Wrenfield,183.63,500000002,61c98f549014f343ce29190de9a9bd9b
2023-04-11 14:36:37 UTC,view,1162680,1589407324608544585,,Kestrel & Co,229.3,500000002,61c98f549014f343ce29190de9a9bd9b
2023-04-11 14:42:40 UTC,view,3428363,1516173523019626745,,,73.04,500000002,61c98f549014f343ce29190de9a9bd9b
2023-04-11 14:43:11 UTC,cart,9800243,1492821164472423496,apparel.men.jeans,Palewick,80.75,500000002,61c98f549014f343ce29190de9a9bd9b
2023-04-11 14:45:53 UTC,remove_from_cart,9800243,1492821164472423496,apparel.men.jeans,Palewick,82.91,500000002,61c98f549014f343ce29190de9a9bd9b
2023-04-11 16:31:40 UTC,view,2102225,1516173523019626745,apparel.women.dress,Vantree,33.67,500000001,b4dc74d9ded2f5e74b2a7c3bf57657bb
2023-04-11 16:32:43 UTC,view,9841830,1508136215129873133,apparel.kids.top,Wrenfield,13.2,500000001,b4dc74d9ded2f5e74b2a7c3bf57657bb
2023-04-11 16:36:08 UTC,view,7275086,1558186846391920988,apparel.kids.outerwear,,55.73,500000001,b4dc74d9ded2f5e74b2a7c3bf57657bb
2023-04-12 15:58:18 UTC,view,2102225,1516173523019626745,apparel.women.dress,Vantree,38.23,500000003,5d233bf9ca9657514fdb19147cc29875
2023-04-12 16:00:29 UTC,view,1778504,1549623645531932356,accessories.bags,Thistlewood,68.77,500000003,5d233bf9ca9657514fdb19147cc29875
2023-04-12 16:00:38 UTC,view,4994348,1549623645531932356,,,60.59,500000003,5d233bf9ca9657514fdb19147cc29875
2023-04-12 16:03:36 UTC,view,9755526,1589407324608544585,,Ashgrove,84.83,500000003,5d233bf9ca9657514fdb19147cc29875
2023-04-12 16:18:20 UTC,view,7729308,1482972250706899052,apparel.women.pants,,40.33,500000003,5d233bf9ca9657514fdb19147cc29875
2023-04-12 16:22:24 UTC,view,4747587,1482972250706899052,apparel.women.pants,,82.65,500000003,5d233bf9ca9657514fdb19147cc29875
2023-04-12 16:24:57 UTC,view,2102225,1516173523019626745,,Vantree,32.06,500000003,5d233bf9ca9657514fdb19147cc29875
2023-04-12 20:01:49 UTC,view,7201529,1589407324608544585,apparel.women.outerwear,Ruskin & Fable,90.61,500000003,47b553c78e3cdf746932f206d04efd2b
2023-04-12 20:01:49 UTC,cart,8634461,1428548884811402817,apparel.men.shirt,Kestrel & Co,23.84,500000003,47b553c78e3cdf746932f206d04efd2b
2023-04-12 20:02:28 UTC,purchase,8634461,1428548884811402817,apparel.men.shirt,Kestrel & Co,19.71,500000003,47b553c78e3cdf746932f206d04efd2b
2023-04-12 20:02:55 UTC,view,4170752,1519748099762056932,apparel.men.outerwear,,198.22,500000003,47b553c78e3cdf746932f206d04efd2b
2023-04-13 15:00:06 UTC,view,3163829,1558364261414932063,apparel.women.top,Marlow Row,44.08,500000001,e8e1fd6eff96e9b161429e33f625a3d8
2023-04-13 15:36:02 UTC,view,7275086,1558186846391920988,,,63.94,500000005,268815733797ae30cb1b8578e546035c
2023-04-13 15:40:33 UTC,cart,2317989,1482972250706899052,apparel.women.pants,Palewick,63.21,500000005,268815733797ae30cb1b8578e546035c
2023-04-13 15:41:59 UTC,view,6460385,1472209747072745335,footwear.boots,,103.35,500000005,268815733797ae30cb1b8578e546035c
2023-04-13 15:43:46 UTC,purchase,2317989,1482972250706899052,,Palewick,60.2,500000005,268815733797ae30cb1b8578e546035c
2023-04-13 16:01:01 UTC,view,3554832,1428548884811402817,apparel.men.shirt,Greymont,50.82,500000005,268815733797ae30cb1b8578e546035c
2023-04-13 16:02:03 UTC,view,1959257,1590725883499271729,accessories.belts,Ashgrove,22.59,500000005,268815733797ae30cb1b8578e546035c
2023-04-13 18:27:00 UTC,view,7182700,1492821164472423496,apparel.men.jeans,,92.47,500000010,5a16d01a519ef94e640285d2cef9c8e5
2023-04-13 18:27:25 UTC,view,6245368,1558430393367643133,accessories.hats,Ashgrove,24.83,500000010,5a16d01a519ef94e640285d2cef9c8e5
2023-04-13 18:29:40 UTC,view,2875921,1546390003792228747,footwear.sneakers,,138.96,500000010,5a16d01a519ef94e640285d2cef9c8e5
2023-04-13 18:29:51 UTC,view,3676700,1558186846391920988,,,65.02,500000010,5a16d01a519ef94e640285d2cef9c8e5
2023-04-13 18:34:47 UTC,view,7182700,1492821164472423496,apparel.men.jeans,,99.69,500000010,5a16d01a519ef94e640285d2cef9c8e5
2023-04-13 18:34:55 UTC,view,6079235,1508136215129873133,apparel.kids.top,Bramholt,8.69,500000010,5a16d01a519ef94e640285d2cef9c8e5
2023-04-13 18:55:49 UTC,view,8966163,1549623645531932356,accessories.bags,,87.72,500000010,5a16d01a519ef94e640285d2cef9c8e5
2023-04-13 20:43:21 UTC,view,4170752,1519748099762056932,apparel.men.outerwear,Bramholt,216.44,500000004,6473080d553076ac32eba1015a772461
2023-04-13 20:57:46 UTC,cart,2102225,1516173523019626745,apparel.women.dress,Vantree,37.14,500000004,6473080d553076ac32eba1015a772461
2023-04-13 20:59:01 UTC,purchase,2102225,1516173523019626745,,Vantree,38.77,500000004,6473080d553076ac32eba1015a772461
2023-04-13 21:00:51 UTC,view,8795573,1482972250706899052,apparel.women.pants,Palewick,28.35,500000004,6473080d553076ac32eba1015a772461
2023-04-13 21:02:02 UTC,view,2102225,1516173523019626745,apparel.women.dress,Vantree,38.73,500000004,6473080d553076ac32eba1015a772461
2023-04-13 21:04:07 UTC,view,8261390,1519748099762056932,,,164.79,500000004,6473080d553076ac32eba1015a772461
2023-04-14 05:47:34 UTC,view,1428173,1589407324608544585,apparel.women.outerwear,,105.39,500000006,b36f1cda2f0408f38a1524d9f3550dfe
2023-04-14 05:56:05 UTC,cart,4747587,1482972250706899052,apparel.women.pants,,85.22,500000006,b36f1cda2f0408f38a1524d9f3550dfe
2023-04-14 05:56:47 UTC,purchase,4747587,1482972250706899052,apparel.women.pants,,73.35,500000006,b36f1cda2f0408f38a1524d9f3550dfe
2023-04-14 06:02:38 UTC,view,1162680,1589407324608544585,apparel.women.outerwear,Kestrel & Co,195.91,500000006,b36f1cda2f0408f38a1524d9f3550dfe
2023-04-14 06:05:23 UTC,view,9746038,1516173523019626745,apparel.women.dress,,32.18,500000006,b36f1cda2f0408f38a1524d9f3550dfe
2023-04-14 12:03:53 UTC,view,3002277,1558364261414932063,apparel.women.top,,44.61,500000002,8b9dffbefd013d6d3ea358768cec95d3
2023-04-14 12:10:35 UTC,cart,8966163,1549623645531932356,accessories.bags,Solmara,79.29,500000002,8b9dffbefd013d6d3ea358768cec95d3
2023-04-14 12:11:59 UTC,purchase,8966163,1549623645531932356,accessories.bags,Solmara,80.79,500000002,8b9dffbefd013d6d3ea358768cec95d3
2023-04-14 12:12:52 UTC,view,2295523,1516173523019626745,apparel.women.dress,,48.4,500000002,8b9dffbefd013d6d3ea358768cec95d3
2023-04-15 13:30:55 UTC,view,1640473,1428548884811402817,apparel.men.shirt,,23.18,500000001,903dfc69325a027c794e24338d0ff4f0
2023-04-15 13:32:04 UTC,view,5027667,1546390003792228747,footwear.sneakers,Milbrook,104.88,500000001,903dfc69325a027c794e24338d0ff4f0
2023-04-15 13:33:27 UTC,view,9748139,1594728468612408249,accessories.jewelry,Ferncastle,22.42,500000001,903dfc69325a027c794e24338d0ff4f0
2023-04-15 13:43:34 UTC,view,2102225,1516173523019626745,apparel.women.dress,Vantree,31.98,500000001,903dfc69325a027c794e24338d0ff4f0
2023-04-15 13:55:29 UTC,cart,2102225,1516173523019626745,apparel.women.dress,Vantree,35.69,500000001,903dfc69325a027c794e24338d0ff4f0
2023-04-15 13:56:45 UTC,purchase,2102225,1516173523019626745,apparel.women.dress,Vantree,36.62,500000001,903dfc69325a027c794e24338d0ff4f0
2023-04-15 14:56:28 UTC,view,5599767,1558364261414932063,apparel.women.top,Ferncastle,16.97,500000001,95b78f6511ed3f23ce001c0071b36571
2023-04-15 16:48:38 UTC,view,8004216,1482972250706899052,apparel.women.pants,Cinderfox,43.83,500000152,f92fd34e455047f44c00bf23d744d56c
2023-04-15 16:58:42 UTC,view,2102225,1516173523019626745,apparel.women.dress,,38.19,500000152,f92fd34e455047f44c00bf23d744d56c
2023-04-15 17:14:16 UTC,view,3533080,1519748099762056932,,,114.24,500000152,f92fd34e455047f44c00bf23d744d56c
2023-04-15 17:16:03 UTC,view,2102225,1516173523019626745,apparel.women.dress,Vantree,33.26,500000152,f92fd34e455047f44c00bf23d744d56c
2023-04-15 20:31:48 UTC,view,4747587,1482972250706899052,apparel.women.pants,,75.48,500000023,b35f9bee9464bad80c352866a5c71550
15/04/2023 20:32,view,8634461,1428548884811402817,apparel.men.shirt,Kestrel & Co,23.64,500000023,b35f9bee9464bad80c352866a5c71550
2023-04-15 20:45:28 UTC,view,5530296,1558364261414932063,,Greymont,28.47,500000023,b35f9bee9464bad80c352866a5c71550
2023-04-15 20:45:51 UTC,view,1522015,1546390003792228747,footwear.sneakers,,122.19,500000023,b35f9bee9464bad80c352866a5c71550
2023-04-15 23:00:10 UTC,view,9800243,1492821164472423496,apparel.men.jeans,Palewick,81.49,500000009,e064950559c71c6c79f2b51534adb4ec
2023-04-15 23:20:47 UTC,view,9829417,1546390003792228747,footwear.sneakers,Bellcroft,121.08,500000009,e064950559c71c6c79f2b51534adb4ec
2023-04-15 23:22:07 UTC,view,5852256,1594728468612408249,accessories.jewelry,,53.83,500000009,e064950559c71c6c79f2b51534adb4ec
2023-04-15 23:25:50 UTC,view,8832573,1589407324608544585,apparel.women.outerwear,,90.65,500000009,e064950559c71c6c79f2b51534adb4ec
2023-04-16 20:33:00 UTC,view,8966163,1549623645531932356,accessories.bags,Solmara,84.74,500000074,fc142f7689965b2ab6239fdf83dfd064
2023-04-16 20:36:49 UTC,cart,8795573,1482972250706899052,apparel.women.pants,,28.83,500000074,fc142f7689965b2ab6239fdf83dfd064
2023-04-16 20:37:34 UTC,view,8966163,1549623645531932356,accessories.bags,,77.49,500000074,fc142f7689965b2ab6239fdf83dfd064
2023-04-16 20:38:09 UTC,view,5068008,1558364261414932063,apparel.women.top,Ashgrove,16.3,500000074,fc142f7689965b2ab6239fdf83dfd064
2023-04-16 20:39:28 UTC,purchase,8795573,1482972250706899052,apparel.women.pants,Palewick,29.12,500000074,fc142f7689965b2ab6239fdf83dfd064
2023-04-16 20:42:30 UTC,view,8966163,1549623645531932356,accessories.bags,Solmara,86.28,500000074,fc142f7689965b2ab6239fdf83dfd064
2023-04-16 20:47:35 UTC,view,7871485,1508136215129873133,apparel.kids.top,Wrenfield,20.26,500000074,fc142f7689965b2ab6239fdf83dfd064
2023-04-16 20:51:20 UTC,view,9800243,1492821164472423496,apparel.men.jeans,Palewick,77.6,500000074,fc142f7689965b2ab6239fdf83dfd064
2023-04-16 20:56:41 UTC,view,5822751,1492821164472423496,apparel.men.jeans,Doverly,66.91,500000074,fc142f7689965b2ab6239fdf83dfd064
2023-04-17 12:54:46 UTC,view,9829417,1546390003792228747,footwear.sneakers,Bellcroft,136.21,500000002,2cf58829756a4f97409a58b517c1df05
2023-04-17 12:56:52 UTC,view,4194454,1482972250706899052,,Vantree,72.74,500000002,2cf58829756a4f97409a58b517c1df05
2023-04-17 13:02:47 UTC,view,8966163,1549623645531932356,accessories.bags,Solmara,84.07,500000002,2cf58829756a4f97409a58b517c1df05
2023-04-17 13:12:39 UTC,cart,4663963,1428548884811402817,apparel.men.shirt,Greymont,35.74,500000002,2cf58829756a4f97409a58b517c1df05
2023-04-17 13:19:22 UTC,purchase,4663963,1428548884811402817,apparel.men.shirt,Greymont,32.41,500000002,2cf58829756a4f97409a58b517c1df05
2023-04-17 22:55:00 UTC,view,7567958,1516173523019626745,apparel.women.dress,,87.47,500000001,37142a35314f6c2de3add25daf15c92f
2023-04-17 22:55:00 UTC,cart,2704704,1546390003792228747,footwear.sneakers,,96.64,500000001,37142a35314f6c2de3add25daf15c92f
2023-04-17 23:00:51 UTC,purchase,2704704,1546390003792228747,footwear.sneakers,,97.11,500000001,37142a35314f6c2de3add25daf15c92f
2023-04-17 23:01:58 UTC,view,1162680,1589407324608544585,apparel.women.outerwear,Kestrel & Co,203.3,500000001,37142a35314f6c2de3add25daf15c92f
2023-04-17 23:03:05 UTC,view,8754194,1482972250706899052,apparel.women.pants,Kestrel & Co,51.77,500000001,37142a35314f6c2de3add25daf15c92f
2023-04-17 23:15:04 UTC,view,4236332,1482972250706899052,apparel.women.pants,,42.4,500000001,37142a35314f6c2de3add25daf15c92f
2023-04-17 23:17:04 UTC,view,8795573,1482972250706899052,,,27.09,500000001,37142a35314f6c2de3add25daf15c92f
2023-04-18 11:49:10 UTC,view,1083413,1492821164472423496,apparel.men.jeans,,69.55,500000007,8f3ff01a1b470e1dc15e70794247a991
2023-04-18 11:52:25 UTC,view,4194454,1482972250706899052,apparel.women.pants,Vantree,70.99,500000007,8f3ff01a1b470e1dc15e70794247a991
2023-04-18 11:52:50 UTC,view,7182700,1492821164472423496,apparel.men.jeans,,93.75,500000007,8f3ff01a1b470e1dc15e70794247a991
2023-04-18 12:08:50 UTC,view,8966163,1549623645531932356,,Solmara,89.06,500000007,8f3ff01a1b470e1dc15e70794247a991
2023-04-18 12:11:09 UTC,view,7941277,1594728468612408249,accessories.jewelry,,46.23,500000007,8f3ff01a1b470e1dc15e70794247a991
2023-04-18 15:14:17 UTC,view,7182700,1492821164472423496,apparel.men.jeans,,94.34,500000010,0b88fbf0f21c798e7122d678ad73c62f
2023-04-18 15:14:17 UTC,cart,3852546,1482972250706899052,apparel.women.pants,Bramholt,74.78,500000010,0b88fbf0f21c798e7122d678ad73c62f
2023-04-18 15:14:54 UTC,purchase,3852546,1482972250706899052,apparel.women.pants,Bramholt,72.87,500000010,0b88fbf0f21c798e7122d678ad73c62f
2023-04-18 15:17:07 UTC,view,7275086,1558186846391920988,,,63.55,500000010,0b88fbf0f21c798e7122d678ad73c62f
2023-04-18 15:22:36 UTC,view,4747587,1482972250706899052,,,76.21,500000010,0b88fbf0f21c798e7122d678ad73c62f
2023-04-18 16:08:33 UTC,view,5599767,1558364261414932063,apparel.women.top,Ferncastle,16.86,500000001,9cbf20ea2d62c453b843158194ae5ff4
2023-04-18 16:19:51 UTC,view,9319849,1472209747072745335,footwear.boots,Marlow Row,142.45,500000001,9cbf20ea2d62c453b843158194ae5ff4
2023-04-18 16:24:11 UTC,view,8966163,1549623645531932356,accessories.bags,Solmara,88.59,500000001,9cbf20ea2d62c453b843158194ae5ff4
2023-04-18 16:29:01 UTC,view,4356662,1519748099762056932,apparel.men.outerwear,Bramholt,231.73,500000001,9cbf20ea2d62c453b843158194ae5ff4
2023-04-18 16:29:28 UTC,view,5711182,1546390003792228747,footwear.sneakers,,80.45,500000001,9cbf20ea2d62c453b843158194ae5ff4
2023-04-20 11:44:15 UTC,view,7692382,1429628030847824846,footwear.sandals,,45.2,500000001,b0f3cba7234335622d0c4b6c09dfd530
2023-04-20 11:44:15 UTC,cart,8966163,1549623645531932356,accessories.bags,Solmara,83.03,500000001,b0f3cba7234335622d0c4b6c09dfd530
2023-04-20 11:44:39 UTC,view,1162680,1589407324608544585,apparel.women.outerwear,,217.77,500000001,b0f3cba7234335622d0c4b6c09dfd530
2023-04-20 11:44:54 UTC,view,8966163,1549623645531932356,accessories.bags,,81.91,500000001,b0f3cba7234335622d0c4b6c09dfd530
2023-04-20 11:52:07 UTC,purchase,8966163,1549623645531932356,accessories.bags,,87.74,500000001,b0f3cba7234335622d0c4b6c09dfd530
2023-04-20 12:01:32 UTC,view,4663963,1428548884811402817,apparel.men.shirt,Greymont,37.03,500000001,b0f3cba7234335622d0c4b6c09dfd530
2023-04-21 18:48:36 UTC,view,7182700,1492821164472423496,apparel.men.jeans,,82.61,500000006,a09fcd5b1fceffce5601f64f07878a3d
2023-04-21 18:49:04 UTC,view,8966163,1549623645531932356,accessories.bags,,87.72,500000006,a09fcd5b1fceffce5601f64f07878a3d
2023-04-21 19:00:08 UTC,view,8903471,1428548884811402817,apparel.men.shirt,,21.29,500000006,a09fcd5b1fceffce5601f64f07878a3d
2023-04-21 19:02:53 UTC,view,2102225,1516173523019626745,apparel.women.dress,Vantree,33.6,500000006,a09fcd5b1fceffce5601f64f07878a3d
2023-04-21 19:08:34 UTC,view,9800243,1492821164472423496,apparel.men.jeans,Palewick,83.35,500000006,a09fcd5b1fceffce5601f64f07878a3d
2023-04-22 00:33:40 UTC,view,7182700,1492821164472423496,apparel.men.jeans,,86.1,500000001,00628440d6980db27997773d4282a959
2023-04-22 00:34:21 UTC,view,2731345,1428548884811402817,apparel.men.shirt,Aldyne,48.78,500000001,00628440d6980db27997773d4282a959
2023-04-22 00:36:05 UTC,cart,4194454,1482972250706899052,apparel.women.pants,Vantree,65.57,500000001,00628440d6980db27997773d4282a959
2023-04-22 00:39:01 UTC,purchase,4194454,1482972250706899052,apparel.women.pants,,69.66,500000001,00628440d6980db27997773d4282a959
2023-04-22 00:39:38 UTC,view,9355705,1516173523019626745,apparel.women.dress,Bramholt,94.03,500000001,00628440d6980db27997773d4282a959
2023-04-22 00:53:12 UTC,view,3004815,1482972250706899052,apparel.women.pants,,64.07,500000001,00628440d6980db27997773d4282a959
2023-04-22 09:25:23 UTC,view,9748139,1594728468612408249,accessories.jewelry,,20.02,500000003,58b59200f7a1c7adfcfe6d709938cdfc
2023-04-22 09:25:23 UTC,cart,9315482,1594728468612408249,,Marlow Row,68.71,500000003,58b59200f7a1c7adfcfe6d709938cdfc
2023-04-22 09:27:18 UTC,purchase,9315482,1594728468612408249,accessories.jewelry,Marlow Row,67.73,500000003,58b59200f7a1c7adfcfe6d709938cdfc
2023-04-22 09:30:32 UTC,view,6497266,1558430393367643133,accessories.hats,Doverly,9.74,500000003,58b59200f7a1c7adfcfe6d709938cdfc
2023-04-22 09:32:45 UTC,view,9800243,1492821164472423496,apparel.men.jeans,Palewick,81.16,500000003,58b59200f7a1c7adfcfe6d709938cdfc
2023-04-22 09:36:32 UTC,view,4194454,1482972250706899052,apparel.women.pants,Vantree,67.66,500000003,58b59200f7a1c7adfcfe6d709938cdfc
2023-04-22 09:41:31 UTC,view,1162680,1589407324608544585,apparel.women.outerwear,Kestrel & Co,213.01,500000228,7a0a9d46483f8e556e34013a802fadae
2023-04-22 09:41:49 UTC,view,4194454,1482972250706899052,apparel.women.pants,Vantree,67.56,500000003,58b59200f7a1c7adfcfe6d709938cdfc
2023-04-22 09:46:15 UTC,cart,7429245,1428548884811402817,apparel.men.shirt,Ashgrove,16.85,500000228,7a0a9d46483f8e556e34013a802fadae
2023-04-22 09:48:28 UTC,purchase,7429245,1428548884811402817,apparel.men.shirt,Ashgrove,16.4,500000228,7a0a9d46483f8e556e34013a802fadae
2023-04-22 09:48:35 UTC,view,9829417,1546390003792228747,footwear.sneakers,Bellcroft,135.56,500000003,58b59200f7a1c7adfcfe6d709938cdfc
2023-04-22 09:54:02 UTC,view,4194454,1482972250706899052,,Vantree,64.0,500000228,7a0a9d46483f8e556e34013a802fadae
2023-04-22 09:55:03 UTC,view,8634461,1428548884811402817,apparel.men.shirt,,21.15,500000228,7a0a9d46483f8e556e34013a802fadae
2023-04-22 10:05:42 UTC,view,9319849,1472209747072745335,footwear.boots,,164.34,500000228,7a0a9d46483f8e556e34013a802fadae
2023-04-22 11:26:07 UTC,view,8966163,1549623645531932356,accessories.bags,Solmara,80.67,500000001,b4f63060c975c0f31a92a7930ad8fae3
2023-04-22 11:26:07 UTC,cart,1162680,1589407324608544585,,,236.09,500000001,b4f63060c975c0f31a92a7930ad8fae3
2023-04-22 11:27:40 UTC,purchase,1162680,1589407324608544585,apparel.women.outerwear,Kestrel & Co,213.4,500000001,b4f63060c975c0f31a92a7930ad8fae3
2023-04-23 12:33:38 UTC,view,8754194,1482972250706899052,apparel.women.pants,Kestrel & Co,55.34,500000003,9a07d2b23c7f9545a97986120a46c2fb
2023-04-23 12:42:26 UTC,view,9829417,1546390003792228747,footwear.sneakers,Bellcroft,116.21,500000003,9a07d2b23c7f9545a97986120a46c2fb
2023-04-23 12:51:11 UTC,cart,3243048,1558364261414932063,apparel.women.top,Thistlewood,45.1,500000003,9a07d2b23c7f9545a97986120a46c2fb
2023-04-23 12:53:27 UTC,purchase,3243048,1558364261414932063,,Thistlewood,48.72,500000003,9a07d2b23c7f9545a97986120a46c2fb
2023-04-23 13:18:08 UTC,view,8966163,1549623645531932356,accessories.bags,Solmara,87.31,500000003,8c2352ecbc054ea98b0af9b42c9a3c44
2023-04-23 13:24:12 UTC,view,7182700,1492821164472423496,apparel.men.jeans,,100.12,500000003,8c2352ecbc054ea98b0af9b42c9a3c44
2023-04-23 13:25:46 UTC,view,2102225,1516173523019626745,apparel.women.dress,Vantree,37.81,500000003,8c2352ecbc054ea98b0af9b42c9a3c44
2023-04-23 13:33:49 UTC,view,8966163,1549623645531932356,accessories.bags,Solmara,84.29,500000003,8c2352ecbc054ea98b0af9b42c9a3c44
2023-04-23 13:39:25 UTC,view,1162680,1589407324608544585,apparel.women.outerwear,Kestrel & Co,211.97,500000003,8c2352ecbc054ea98b0af9b42c9a3c44
2023-04-23 13:42:39 UTC,view,7182700,1492821164472423496,apparel.men.jeans,,92.13,500000003,8c2352ecbc054ea98b0af9b42c9a3c44
2023-04-23 18:25:20 UTC,view,1092786,1558430393367643133,accessories.hats,,10.72,500000021,a07217ffc37be72740e048f0f49bb6ba
2023-04-23 22:11:20 UTC,view,6079235,1508136215129873133,apparel.kids.top,Bramholt,10.16,500000005,c4a2465159ebf2cc58d97adc7f010965
2023-04-23 22:13:29 UTC,view,1260475,1589407324608544585,apparel.women.outerwear,Kestrel & Co,170.66,500000005,c4a2465159ebf2cc58d97adc7f010965
2023-04-23 22:15:20 UTC,view,2380478,1429628030847824846,footwear.sandals,Aldyne,45.86,500000005,c4a2465159ebf2cc58d97adc7f010965
2023-04-23 22:16:03 UTC,view,7941277,1594728468612408249,,,53.24,500000005,c4a2465159ebf2cc58d97adc7f010965
2023-04-23 22:24:02 UTC,cart,8758486,1516173523019626745,apparel.women.dress,,88.58,500000005,c4a2465159ebf2cc58d97adc7f010965
2023-04-23 22:26:29 UTC,purchase,8758486,1516173523019626745,,,88.37,500000005,c4a2465159ebf2cc58d97adc7f010965
2023-04-24 10:32:22 UTC,view,1260475,1589407324608544585,apparel.women.outerwear,Kestrel & Co,200.25,500038421,583ed674d104702351b49fc2b801bbae
2023-04-24 10:35:39 UTC,view,8634461,1428548884811402817,apparel.men.shirt,,21.3,500038421,583ed674d104702351b49fc2b801bbae
2023-04-24 10:43:00 UTC,view,8966163,1549623645531932356,accessories.bags,,80.38,500038421,583ed674d104702351b49fc2b801bbae
2023-04-24 10:51:12 UTC,view,2295523,1516173523019626745,apparel.women.dress,,41.16,500038421,583ed674d104702351b49fc2b801bbae
2023-04-24 10:52:25 UTC,cart,6695684,1516173523019626745,apparel.women.dress,,56.67,500038421,583ed674d104702351b49fc2b801bbae
2023-04-24 10:52:34 UTC,view,8966163,1549623645531932356,accessories.bags,Solmara,78.14,500038421,583ed674d104702351b49fc2b801bbae
2023-04-24 10:53:27 UTC,purchase,6695684,1516173523019626745,,,53.89,500038421,583ed674d104702351b49fc2b801bbae
2023-04-24 11:00:14 UTC,view,2295523,1516173523019626745,apparel.women.dress,,46.13,500038421,583ed674d104702351b49fc2b801bbae
2023-04-24 11:27:58 UTC,view,2295523,1516173523019626745,apparel.women.dress,,48.99,500000001,10ce292ef7bbc76dae1172a2b5d747a5
2023-04-24 11:39:47 UTC,view,6801451,1594728468612408249,accessories.jewelry,Thistlewood,40.78,500000001,10ce292ef7bbc76dae1172a2b5d747a5
2023-04-24 11:55:03 UTC,cart,7255659,1492821164472423496,apparel.men.jeans,Norlend,91.19,500000001,10ce292ef7bbc76dae1172a2b5d747a5
2023-04-24 12:00:26 UTC,purchase,7255659,1492821164472423496,apparel.men.jeans,Norlend,91.84,500000001,10ce292ef7bbc76dae1172a2b5d747a5
2023-04-24 20:53:28 UTC,view,8966163,1549623645531932356,accessories.bags,,90.7,500000001,b2e0adcc24bc3ea12af160cfe74d9adf
2023-04-24 20:58:42 UTC,cart,6768228,1428548884811402817,apparel.men.shirt,,19.63,500000001,b2e0adcc24bc3ea12af160cfe74d9adf
2023-04-24 21:00:08 UTC,purchase,6768228,1428548884811402817,apparel.men.shirt,,17.64,500000001,b2e0adcc24bc3ea12af160cfe74d9adf
2023-04-24 21:05:49 UTC,view,9800243,1492821164472423496,,Palewick,83.22,500000001,b2e0adcc24bc3ea12af160cfe74d9adf
2023-04-25 12:38:14 UTC,view,4648994,1482972250706899052,apparel.women.pants,,23.73,500000007,c0906003177a5618741feb5da28f10d2
2023-04-25 16:28:54 UTC,view,6810241,1428548884811402817,apparel.men.shirt,Milbrook,17.47,500000001,f9a2f598803385aaedf336bc85ddf182
2023-04-25 16:40:17 UTC,view,2102225,1516173523019626745,apparel.women.dress,,35.16,500000001,f9a2f598803385aaedf336bc85ddf182
2023-04-25 23:42:53 UTC,view,7182700,1492821164472423496,apparel.men.jeans,,96.8,500000005,7713442d7def5be06179039f342873c0
2023-04-25 23:54:49 UTC,view,7182700,1492821164472423496,,,87.59,500000005,7713442d7def5be06179039f342873c0
2023-04-25 23:57:10 UTC,view,6362414,1558364261414932063,apparel.women.top,Ferncastle,22.05,500000005,7713442d7def5be06179039f342873c0
2023-04-28 11:33:20 UTC,view,2102225,1516173523019626745,apparel.women.dress,,32.56,500000001,b9ec2b2310523063cd05e2d85b613fb8
2023-04-28 11:33:20 UTC,cart,5114384,1558186846391920988,,Kestrel & Co,27.27,500000001,b9ec2b2310523063cd05e2d85b613fb8
2023-04-28 11:33:46 UTC,purchase,5114384,1558186846391920988,apparel.kids.outerwear,,29.51,500000001,b9ec2b2310523063cd05e2d85b613fb8
2023-04-28 11:41:01 UTC,view,9036326,1558430393367643133,accessories.hats,,8.48,500000001,b9ec2b2310523063cd05e2d85b613fb8
2023-04-28 15:53:30 UTC,view,8634461,1428548884811402817,apparel.men.shirt,,22.57,500000008,7b2e7cb9f61b698d72b19b75ec5b01b6
2023-04-28 15:55:34 UTC,view,1099410,1558430393367643133,accessories.hats,,15.53,500000008,7b2e7cb9f61b698d72b19b75ec5b01b6
2023-04-28 16:08:16 UTC,view,8966163,1549623645531932356,accessories.bags,Solmara,91.27,500000008,7b2e7cb9f61b698d72b19b75ec5b01b6
2023-04-28 16:10:15 UTC,view,5409305,1516173523019626745,apparel.women.dress,,105.43,500000008,7b2e7cb9f61b698d72b19b75ec5b01b6
2023-04-28 16:22:13 UTC,view,8966163,1549623645531932356,accessories.bags,Solmara,91.48,500000008,7b2e7cb9f61b698d72b19b75ec5b01b6
2023-04-28 18:33:02 UTC,view,1428173,1589407324608544585,apparel.women.outerwear,,115.72,500000003,765e3152db4f30492949a2846a64ec7f
2023-04-28 18:34:07 UTC,view,5027667,1546390003792228747,footwear.sneakers,Milbrook,104.66,500000003,765e3152db4f30492949a2846a64ec7f
2023-04-28 18:44:38 UTC,cart,7567958,1516173523019626745,apparel.women.dress,,93.32,500000003,765e3152db4f30492949a2846a64ec7f
2023-04-28 18:46:26 UTC,purchase,7567958,1516173523019626745,apparel.women.dress,,100.29,500000003,765e3152db4f30492949a2846a64ec7f
2023-04-28 18:48:22 UTC,view,8966163,1549623645531932356,accessories.bags,Solmara,90.21,500000003,765e3152db4f30492949a2846a64ec7f
28/04/2023 18:50,view,2102225,1516173523019626745,apparel.women.dress,,34.13,500000003,765e3152db4f30492949a2846a64ec7f
2023-04-29 10:45:22 UTC,view,8966163,1549623645531932356,accessories.bags,Solmara,82.53,500000001,fcbeb89fb53a33c848d0673fd1ce735b
2023-04-29 11:04:24 UTC,view,8966163,1549623645531932356,accessories.bags,Solmara,76.72,500000001,fcbeb89fb53a33c848d0673fd1ce735b
2023-04-29 11:05:20 UTC,cart,1099410,1558430393367643133,accessories.hats,Norlend,15.25,500000001,fcbeb89fb53a33c848d0673fd1ce735b
2023-04-29 11:06:37 UTC,remove_from_cart,1099410,1558430393367643133,accessories.hats,Norlend,17.35,500000001,fcbeb89fb53a33c848d0673fd1ce735b
2023-04-29 14:08:18 UTC,view,8966163,1549623645531932356,accessories.bags,Solmara,85.35,500000003,66056c8568ad3e3f6a9a65c50e9c5240
2023-04-29 14:09:10 UTC,view,4098324,1558364261414932063,apparel.women.top,Norlend,23.04,500000003,66056c8568ad3e3f6a9a65c50e9c5240
2023-04-29 14:15:49 UTC,view,9319849,1472209747072745335,footwear.boots,,149.52,500000003,66056c8568ad3e3f6a9a65c50e9c5240
2023-04-29 14:25:23 UTC,view,3243048,1558364261414932063,apparel.women.top,Thistlewood,43.77,500000003,66056c8568ad3e3f6a9a65c50e9c5240
2023-04-29 14:28:50 UTC,cart,9755526,1589407324608544585,apparel.women.outerwear,Ashgrove,91.24,500000003,66056c8568ad3e3f6a9a65c50e9c5240
2023-04-29 14:31:01 UTC,view,5678537,1472209747072745335,,Aldyne,113.22,500000003,66056c8568ad3e3f6a9a65c50e9c5240
2023-04-29 14:31:54 UTC,view,2102225,1516173523019626745,apparel.women.dress,,37.59,500000003,66056c8568ad3e3f6a9a65c50e9c5240
2023-04-29 14:34:21 UTC,purchase,9755526,1589407324608544585,,Ashgrove,77.63,500000003,66056c8568ad3e3f6a9a65c50e9c5240
2023-04-29 19:42:57 UTC,view,8634461,1428548884811402817,apparel.men.shirt,Kestrel & Co,23.19,500000005,3b3b702f5fa183f49efa9ab51708fae2
2023-04-29 19:42:57 UTC,cart,9388289,1589407324608544585,apparel.women.outerwear,Milbrook,74.25,500000005,3b3b702f5fa183f49efa9ab51708fae2
2023-04-29 19:50:50 UTC,purchase,9388289,1589407324608544585,apparel.women.outerwear,Milbrook,78.32,500000005,3b3b702f5fa183f49efa9ab51708fae2
2023-04-29 20:02:21 UTC,view,7279985,1516173523019626745,apparel.women.dress,Marlow Row,108.66,500000005,3b3b702f5fa183f49efa9ab51708fae2
2023-04-29 20:04:16 UTC,view,9755526,1589407324608544585,apparel.women.outerwear,,84.0,500000005,3b3b702f5fa183f49efa9ab51708fae2
2023-04-30 09:45:02 UTC,view,7182700,1492821164472423496,apparel.men.jeans,,84.09,500000002,06bbb0494c58bbfccfaa61a82a7ea716
2023-04-30 09:48:33 UTC,view,3206674,1428548884811402817,,,28.82,500000002,06bbb0494c58bbfccfaa61a82a7ea716
2023-04-30 09:50:12 UTC,view,5234930,1589407324608544585,apparel.women.outerwear,Oakspire,186.82,500000002,06bbb0494c58bbfccfaa61a82a7ea716
2023-04-30 10:03:30 UTC,view,6854023,1549623645531932356,accessories.bags,,135.38,500000002,06bbb0494c58bbfccfaa61a82a7ea716
2023-04-30 10:03:36 UTC,cart,4994348,1549623645531932356,accessories.bags,,70.48,500000002,06bbb0494c58bbfccfaa61a82a7ea716
2023-04-30 10:04:24 UTC,purchase,4994348,1549623645531932356,accessories.bags,,60.2,500000002,06bbb0494c58bbfccfaa61a82a7ea716
2023-04-30 20:13:18 UTC,view,8966163,1549623645531932356,accessories.bags,Solmara,85.09,500000001,fd55c56c482c2b5f74e541d9c8328956
2023-04-30 20:13:18 UTC,cart,4489659,1516173523019626745,apparel.women.dress,Milbrook,57.02,500000001,fd55c56c482c2b5f74e541d9c8328956
2023-04-30 20:14:18 UTC,purchase,4489659,1516173523019626745,apparel.women.dress,,61.62,500000001,fd55c56c482c2b5f74e541d9c8328956
2023-05-01 21:04:53 UTC,view,1367097,1482972250706899052,,Kestrel & Co,61.27,500000001,1a04bc40b1602a3abca34117d2240189
2023-05-01 21:05:15 UTC,view,4747587,1482972250706899052,apparel.women.pants,,74.18,500000001,1a04bc40b1602a3abca34117d2240189
2023-05-01 21:17:38 UTC,view,2804964,1558364261414932063,,Cinderfox,41.06,500000001,1a04bc40b1602a3abca34117d2240189
2023-05-01 21:23:54 UTC,cart,1850756,1428548884811402817,apparel.men.shirt,Doverly,51.54,500000001,1a04bc40b1602a3abca34117d2240189
2023-05-01 21:24:57 UTC,view,8966163,1549623645531932356,accessories.bags,Solmara,88.1,500000001,1a04bc40b1602a3abca34117d2240189
2023-05-01 21:27:07 UTC,purchase,1850756,1428548884811402817,apparel.men.shirt,Doverly,50.58,500000001,1a04bc40b1602a3abca34117d2240189
2023-05-03 11:14:18 UTC,view,5520674,1428548884811402817,apparel.men.shirt,,31.79,500000024,ac696f932f74258ed456a7a176972433
2023-05-03 11:16:22 UTC,view,1260475,1589407324608544585,apparel.women.outerwear,,196.6,500000024,ac696f932f74258ed456a7a176972433
2023-05-03 11:18:01 UTC,view,8966163,1549623645531932356,accessories.bags,Solmara,76.78,500000024,ac696f932f74258ed456a7a176972433
2023-05-03 11:24:47 UTC,cart,2118773,1428548884811402817,,Ferncastle,34.11,500000024,ac696f932f74258ed456a7a176972433
2023-05-03 11:25:10 UTC,purchase,2118773,1428548884811402817,apparel.men.shirt,Ferncastle,31.45,500000024,ac696f932f74258ed456a7a176972433
2023-05-03 11:28:16 UTC,view,2377662,1516173523019626745,apparel.women.dress,,111.61,500000024,ac696f932f74258ed456a7a176972433
2023-05-03 11:38:23 UTC,view,6953807,1558364261414932063,apparel.women.top,Kestrel & Co,13.7,500000024,ac696f932f74258ed456a7a176972433
2023-05-03 21:03:58 UTC,view,7182700,1492821164472423496,apparel.men.jeans,,99.88,500000001,0ecaac9b2b8a196ffc0ba5f2a5ed1476
2023-05-04 13:24:36 UTC,view,9748139,1594728468612408249,accessories.jewelry,Ferncastle,19.08,500000023,7434eb74fa07353565f6dfd49750a0a4
2023-05-04 13:27:33 UTC,view,7660389,1508136215129873133,apparel.kids.top,,26.39,500000023,7434eb74fa07353565f6dfd49750a0a4
2023-05-04 13:28:02 UTC,view,8758486,1516173523019626745,apparel.women.dress,,83.58,500000023,7434eb74fa07353565f6dfd49750a0a4
2023-05-04 13:30:46 UTC,view,5599767,1558364261414932063,apparel.women.top,,16.27,500000023,7434eb74fa07353565f6dfd49750a0a4
2023-05-04 13:35:55 UTC,cart,7303637,1516173523019626745,apparel.women.dress,Wrenfield,80.0,500000023,7434eb74fa07353565f6dfd49750a0a4
2023-05-05 13:10:23 UTC,view,3243048,1558364261414932063,apparel.women.top,,45.68,500000009,440f51962172d94adfb7e9ab97ba7579
2023-05-05 13:17:58 UTC,view,4123600,1519748099762056932,apparel.men.outerwear,,183.68,500000009,440f51962172d94adfb7e9ab97ba7579
2023-05-05 13:24:43 UTC,view,6801451,1594728468612408249,accessories.jewelry,Thistlewood,41.5,500000009,440f51962172d94adfb7e9ab97ba7579
2023-05-05 13:27:45 UTC,view,4170752,1519748099762056932,apparel.men.outerwear,Bramholt,189.38,500000009,440f51962172d94adfb7e9ab97ba7579
2023-05-05 17:00:01 UTC,view,4236332,1482972250706899052,apparel.women.pants,,39.03,500000019,8b5b0b8f205fee1535993ce50612db5c
2023-05-05 17:00:01 UTC,cart,3301602,1594728468612408249,accessories.jewelry,Vantree,44.32,500000019,8b5b0b8f205fee1535993ce50612db5c
2023-05-05 17:02:38 UTC,view,9841830,1508136215129873133,apparel.kids.top,Wrenfield,11.92,500000019,8b5b0b8f205fee1535993ce50612db5c
2023-05-05 17:03:22 UTC,purchase,3301602,1594728468612408249,accessories.jewelry,Vantree,39.72,500000019,8b5b0b8f205fee1535993ce50612db5c
2023-05-05 17:15:15 UTC,view,8966163,1549623645531932356,,Solmara,84.19,500000019,8b5b0b8f205fee1535993ce50612db5c
2023-05-05 18:11:32 UTC,view,7182700,1492821164472423496,apparel.men.jeans,,85.47,500000010,700ce773ccca8f74e3892854097fbf0a
2023-05-05 18:12:27 UTC,view,9841830,1508136215129873133,apparel.kids.top,Wrenfield,12.2,500000010,700ce773ccca8f74e3892854097fbf0a
2023-05-05 18:25:59 UTC,view,9829417,1546390003792228747,footwear.sneakers,Bellcroft,125.53,500000010,700ce773ccca8f74e3892854097fbf0a
2023-05-05 18:30:00 UTC,view,9829417,1546390003792228747,footwear.sneakers,Bellcroft,120.75,500000010,700ce773ccca8f74e3892854097fbf0a
2023-05-05 18:34:13 UTC,cart,3330012,1428548884811402817,apparel.men.shirt,Ruskin & Fable,20.5,500000010,700ce773ccca8f74e3892854097fbf0a
2023-05-05 18:42:43 UTC,purchase,3330012,1428548884811402817,apparel.men.shirt,,20.56,500000010,700ce773ccca8f74e3892854097fbf0a
2023-05-06 09:07:09 UTC,view,9118832,1589407324608544585,,Ruskin & Fable,150.39,500000005,3f6f7000d6e10f3cf1ac5c54854abba9
2023-05-06 09:18:35 UTC,view,4762867,1594728468612408249,accessories.jewelry,Greymont,17.38,500000005,3f6f7000d6e10f3cf1ac5c54854abba9
2023-05-06 09:22:41 UTC,cart,4236332,1482972250706899052,apparel.women.pants,,37.42,500000005,3f6f7000d6e10f3cf1ac5c54854abba9
2023-05-06 09:23:16 UTC,view,6245368,1558430393367643133,accessories.hats,Ashgrove,27.27,500000005,3f6f7000d6e10f3cf1ac5c54854abba9
2023-05-06 09:27:59 UTC,purchase,4236332,1482972250706899052,apparel.women.pants,,36.26,500000005,3f6f7000d6e10f3cf1ac5c54854abba9
2023-05-06 20:27:51 UTC,view,7567958,1516173523019626745,apparel.women.dress,,92.09,500001182,a4f6f9b8a1aaee16b0b71e67eb95d660
2023-05-06 20:50:03 UTC,view,3289377,1546390003792228747,footwear.sneakers,Greymont,59.53,500001182,a4f6f9b8a1aaee16b0b71e67eb95d660
2023-05-06 20:50:54 UTC,view,4747587,1482972250706899052,apparel.women.pants,,78.55,500001182,a4f6f9b8a1aaee16b0b71e67eb95d660
2023-05-06 20:52:31 UTC,view,7692382,1429628030847824846,footwear.sandals,Palewick,45.64,500001182,a4f6f9b8a1aaee16b0b71e67eb95d660
2023-05-07 03:33:00 UTC,view,2380478,1429628030847824846,footwear.sandals,,44.32,500000002,a08414782e014895c1812d653b622b81
2023-05-07 03:44:10 UTC,view,3554832,1428548884811402817,,Greymont,58.0,500000002,a08414782e014895c1812d653b622b81
2023-05-07 03:47:18 UTC,view,2102225,1516173523019626745,apparel.women.dress,Vantree,35.1,500000002,a08414782e014895c1812d653b622b81
2023-05-07 15:54:51 UTC,view,3163829,1558364261414932063,apparel.women.top,Marlow Row,39.51,500000002,8cb2deb534a7b8fc1596cc5cd0e0934b
2023-05-07 16:09:46 UTC,view,6953807,1558364261414932063,apparel.women.top,,13.3,500000002,8cb2deb534a7b8fc1596cc5cd0e0934b
2023-05-07 16:09:49 UTC,view,6693651,1482972250706899052,apparel.women.pants,Cinderfox,33.27,500000002,8cb2deb534a7b8fc1596cc5cd0e0934b
2023-05-07 16:20:27 UTC,cart,8966163,1549623645531932356,accessories.bags,Solmara,81.91,500000002,8cb2deb534a7b8fc1596cc5cd0e0934b
2023-05-07 16:23:11 UTC,purchase,8966163,1549623645531932356,accessories.bags,Solmara,92.21,500000002,8cb2deb534a7b8fc1596cc5cd0e0934b
2023-05-09 14:57:28 UTC,view,7182700,1492821164472423496,,,84.24,500000007,197ee032c57f15fe3978af5ff63976e2
2023-05-09 14:57:28 UTC,cart,1162680,1589407324608544585,apparel.women.outerwear,Kestrel & Co,233.58,500000007,197ee032c57f15fe3978af5ff63976e2
2023-05-09 15:00:31 UTC,purchase,1162680,1589407324608544585,apparel.women.outerwear,Kestrel & Co,203.31,500000007,197ee032c57f15fe3978af5ff63976e2
2023-05-09 15:01:18 UTC,view,6854023,1549623645531932356,accessories.bags,Doverly,142.81,500000007,197ee032c57f15fe3978af5ff63976e2
2023-05-09 15:04:09 UTC,view,5862621,1492821164472423496,apparel.men.jeans,,46.53,500000007,197ee032c57f15fe3978af5ff63976e2
2023-05-09 15:09:55 UTC,view,7275086,1558186846391920988,apparel.kids.outerwear,,62.52,500000007,197ee032c57f15fe3978af5ff63976e2
2023-05-09 15:11:01 UTC,view,9829417,1546390003792228747,footwear.sneakers,,138.18,500000007,197ee032c57f15fe3978af5ff63976e2
2023-05-09 15:42:59 UTC,view,6693651,1482972250706899052,apparel.women.pants,,31.04,500000002,0af209b39a8bb7c079c19d92fe2d040a
2023-05-09 15:47:02 UTC,view,1162680,1589407324608544585,apparel.women.outerwear,Kestrel & Co,200.25,500000002,0af209b39a8bb7c079c19d92fe2d040a
2023-05-09 20:02:51 UTC,view,1260475,1589407324608544585,apparel.women.outerwear,Kestrel & Co,167.07,500000004,baca066cdfbf691b7c19e9b449e85ac6
2023-05-09 20:07:03 UTC,view,8966163,1549623645531932356,accessories.bags,Solmara,83.66,500000002,b58a6f2dfd0402bb977fd4a5cfefc8d8
2023-05-09 20:11:06 UTC,view,9841830,1508136215129873133,apparel.kids.top,Wrenfield,11.95,500000004,baca066cdfbf691b7c19e9b449e85ac6
2023-05-09 20:15:55 UTC,cart,1162680,1589407324608544585,apparel.women.outerwear,,198.74,500000004,baca066cdfbf691b7c19e9b449e85ac6
2023-05-09 20:18:54 UTC,view,2102225,1516173523019626745,apparel.women.dress,Vantree,35.29,500000002,b58a6f2dfd0402bb977fd4a5cfefc8d8
2023-05-09 20:22:10 UTC,view,6079235,1508136215129873133,apparel.kids.top,Bramholt,10.05,500000002,b58a6f2dfd0402bb977fd4a5cfefc8d8
2023-05-09 20:24:39 UTC,view,7433330,1428548884811402817,apparel.men.shirt,Greymont,15.91,500000002,b58a6f2dfd0402bb977fd4a5cfefc8d8
2023-05-09 20:25:41 UTC,view,8966163,1549623645531932356,accessories.bags,Solmara,90.35,500000004,baca066cdfbf691b7c19e9b449e85ac6
2023-05-09 20:26:29 UTC,view,6517467,1516173523019626745,,,85.68,500000004,baca066cdfbf691b7c19e9b449e85ac6
2023-05-09 20:27:07 UTC,view,6079235,1508136215129873133,apparel.kids.top,Bramholt,10.14,500000002,b58a6f2dfd0402bb977fd4a5cfefc8d8
2023-05-09 20:27:37 UTC,view,4076320,1590725883499271729,accessories.belts,Marlow Row,11.98,500000004,baca066cdfbf691b7c19e9b449e85ac6
2023-05-09 23:18:13 UTC,view,6693651,1482972250706899052,apparel.women.pants,Cinderfox,32.01,500000001,b36bd35a2154001ae0bfa6ff2c16f85a
2023-05-09 23:31:08 UTC,view,8966163,1549623645531932356,accessories.bags,Solmara,85.71,500000001,b36bd35a2154001ae0bfa6ff2c16f85a
2023-05-10 19:01:48 UTC,view,2102225,1516173523019626745,apparel.women.dress,Vantree,37.28,500000001,a4403a24d23c3d4a06fbd65e14f823f4
10/05/2023 19:14,view,9118832,1589407324608544585,apparel.women.outerwear,,173.03,500000001,a4403a24d23c3d4a06fbd65e14f823f4
2023-05-11 14:04:35 UTC,view,6362414,1558364261414932063,apparel.women.top,Ferncastle,22.48,500000001,7c1987a657af96bd687a5c7df8018701
2023-05-11 14:06:27 UTC,view,4705110,1428548884811402817,apparel.men.shirt,,21.88,500000001,7c1987a657af96bd687a5c7df8018701
2023-05-11 14:15:51 UTC,view,4098324,1558364261414932063,apparel.women.top,Norlend,23.19,500000001,7c1987a657af96bd687a5c7df8018701
2023-05-11 14:18:44 UTC,view,8966163,1549623645531932356,accessories.bags,Solmara,88.2,500000001,7c1987a657af96bd687a5c7df8018701
2023-05-11 14:19:28 UTC,view,2102225,1516173523019626745,apparel.women.dress,Vantree,37.39,500000001,7c1987a657af96bd687a5c7df8018701
2023-05-11 14:21:35 UTC,cart,8966163,1549623645531932356,,,92.16,500000001,7c1987a657af96bd687a5c7df8018701
2023-05-11 14:25:38 UTC,remove_from_cart,8966163,1549623645531932356,,Solmara,80.35,500000001,7c1987a657af96bd687a5c7df8018701
2023-05-12 14:11:28 UTC,view,8966163,1549623645531932356,accessories.bags,Solmara,78.53,500000001,40c238ef1025fa49e78274d932388ad1
2023-05-12 14:13:47 UTC,view,2102225,1516173523019626745,apparel.women.dress,Vantree,38.66,500000001,40c238ef1025fa49e78274d932388ad1
2023-05-12 14:20:07 UTC,view,8754194,1482972250706899052,apparel.women.pants,Kestrel & Co,55.02,500000001,40c238ef1025fa49e78274d932388ad1
2023-05-12 14:28:34 UTC,view,9841830,1508136215129873133,apparel.kids.top,Wrenfield,11.33,500000001,40c238ef1025fa49e78274d932388ad1
2023-05-12 14:32:37 UTC,view,7047405,1482972250706899052,apparel.women.pants,,25.93,500000001,40c238ef1025fa49e78274d932388ad1
2023-05-12 15:24:48 UTC,view,6810241,1428548884811402817,apparel.men.shirt,Milbrook,17.83,500000001,6c0da9f538234b037c7251549dfcb91c
2023-05-12 15:31:34 UTC,cart,6024870,1492821164472423496,,,33.46,500000001,6c0da9f538234b037c7251549dfcb91c
2023-05-12 15:33:54 UTC,view,3124731,1558364261414932063,,,26.88,500000001,6c0da9f538234b037c7251549dfcb91c
12/05/2023 15:36,purchase,6024870,1492821164472423496,apparel.men.jeans,Doverly,33.63,500000001,6c0da9f538234b037c7251549dfcb91c
2023-05-12 15:39:25 UTC,view,9065490,1516173523019626745,apparel.women.dress,Aldyne,111.19,500000001,6c0da9f538234b037c7251549dfcb91c
2023-05-12 16:15:46 UTC,view,9036326,1558430393367643133,accessories.hats,,8.51,500000001,16ef5f88a49a58a4defaf2a9a5b347fd
2023-05-12 16:19:55 UTC,view,1260475,1589407324608544585,apparel.women.outerwear,Kestrel & Co,192.5,500000001,16ef5f88a49a58a4defaf2a9a5b347fd
2023-05-12 16:25:33 UTC,view,7171122,1558186846391920988,apparel.kids.outerwear,Harlow Vale,66.26,500000001,16ef5f88a49a58a4defaf2a9a5b347fd
2023-05-12 16:30:23 UTC,view,9829417,1546390003792228747,footwear.sneakers,,137.24,500000001,16ef5f88a49a58a4defaf2a9a5b347fd
2023-05-13 15:25:57 UTC,view,8966163,1549623645531932356,accessories.bags,Solmara,85.04,500000186,2631de9f69d4083f6c06bdb1cccfd03c
2023-05-13 15:39:08 UTC,view,1162680,1589407324608544585,apparel.women.outerwear,Kestrel & Co,233.65,500000186,2631de9f69d4083f6c06bdb1cccfd03c
2023-05-13 15:43:30 UTC,view,4958034,1516173523019626745,apparel.women.dress,Palewick,40.01,500000186,2631de9f69d4083f6c06bdb1cccfd03c
2023-05-13 15:45:45 UTC,view,8966163,1549623645531932356,accessories.bags,Solmara,76.83,500000186,2631de9f69d4083f6c06bdb1cccfd03c
2023-05-13 15:46:36 UTC,cart,3243048,1558364261414932063,apparel.women.top,Thistlewood,41.92,500000186,2631de9f69d4083f6c06bdb1cccfd03c
2023-05-13 15:53:20 UTC,purchase,3243048,1558364261414932063,apparel.women.top,Thistlewood,41.08,500000186,2631de9f69d4083f6c06bdb1cccfd03c
2023-05-13 19:49:52 UTC,view,7949185,1590725883499271729,accessories.belts,Kestrel & Co,39.02,500000002,15d3af3e400fa95b295a71486423c366
2023-05-13 19:51:50 UTC,view,7182700,1492821164472423496,apparel.men.jeans,,100.11,500000002,15d3af3e400fa95b295a71486423c366
13/05/2023 19:58,view,2295523,1516173523019626745,apparel.women.dress,,44.82,500000002,15d3af3e400fa95b295a71486423c366
2023-05-13 20:06:53 UTC,view,7427053,1519748099762056932,,Thistlewood,51.92,500000002,15d3af3e400fa95b295a71486423c366
2023-05-13 20:09:38 UTC,view,9388289,1589407324608544585,apparel.women.outerwear,Milbrook,74.59,500000002,15d3af3e400fa95b295a71486423c366
2023-05-13 20:09:43 UTC,view,2102225,1516173523019626745,apparel.women.dress,Vantree,33.83,500000002,15d3af3e400fa95b295a71486423c366
2023-05-13 20:14:13 UTC,view,2102225,1516173523019626745,apparel.women.dress,,35.51,500000002,15d3af3e400fa95b295a71486423c366
2023-05-14 19:45:00 UTC,view,5908484,1589407324608544585,apparel.women.outerwear,Aldyne,197.72,500000055,07438599e04d8b0c3c1c7d24574076eb
2023-05-14 19:47:21 UTC,view,2102225,1516173523019626745,apparel.women.dress,,32.6,500000055,07438599e04d8b0c3c1c7d24574076eb
2023-05-14 19:50:20 UTC,view,9036326,1558430393367643133,,,8.47,500000055,07438599e04d8b0c3c1c7d24574076eb
2023-05-14 20:00:13 UTC,view,8966163,1549623645531932356,accessories.bags,Solmara,79.44,500000055,07438599e04d8b0c3c1c7d24574076eb
2023-05-14 20:02:49 UTC,view,4705110,1428548884811402817,apparel.men.shirt,Ashgrove,18.26,500000055,07438599e04d8b0c3c1c7d24574076eb
2023-05-14 20:07:43 UTC,view,7620070,1546390003792228747,footwear.sneakers,Milbrook,60.93,500000055,07438599e04d8b0c3c1c7d24574076eb
2023-05-14 20:07:59 UTC,view,8966163,1549623645531932356,accessories.bags,Solmara,92.96,500000055,07438599e04d8b0c3c1c7d24574076eb
2023-05-16 10:08:12 UTC,view,9036326,1558430393367643133,accessories.hats,,7.63,500000001,51acf375689047e01b8a2fadf05886dc
2023-05-16 10:13:06 UTC,view,1080071,1429628030847824846,footwear.sandals,Oakspire,36.94,500000001,51acf375689047e01b8a2fadf05886dc
2023-05-16 10:14:48 UTC,view,7729308,1482972250706899052,apparel.women.pants,Ruskin & Fable,39.31,500000001,51acf375689047e01b8a2fadf05886dc
16/05/2023 10:15,view,9172205,1508136215129873133,apparel.kids.top,,20.32,500000001,51acf375689047e01b8a2fadf05886dc
2023-05-16 10:16:13 UTC,cart,2875921,1546390003792228747,footwear.sneakers,,168.2,500000001,51acf375689047e01b8a2fadf05886dc
2023-05-16 10:19:55 UTC,purchase,2875921,1546390003792228747,footwear.sneakers,,149.01,500000001,51acf375689047e01b8a2fadf05886dc
2023-05-16 10:31:49 UTC,view,5862621,1492821164472423496,,Vantree,44.09,500000001,51acf375689047e01b8a2fadf05886dc
2023-05-16 16:02:27 UTC,view,1959257,1590725883499271729,accessories.belts,Ashgrove,23.8,500000001,f3e6f877fa0e9d658acb27f7464af4c4
2023-05-16 16:18:22 UTC,view,9841830,1508136215129873133,,Wrenfield,11.04,500000001,f3e6f877fa0e9d658acb27f7464af4c4
2023-05-16 16:25:06 UTC,view,5068008,1558364261414932063,apparel.women.top,,18.07,500000001,f3e6f877fa0e9d658acb27f7464af4c4
2023-05-16 16:25:29 UTC,cart,1162680,1589407324608544585,apparel.women.outerwear,Kestrel & Co,209.6,500000001,f3e6f877fa0e9d658acb27f7464af4c4
2023-05-16 16:26:35 UTC,purchase,1162680,1589407324608544585,apparel.women.outerwear,Kestrel & Co,225.09,500000001,f3e6f877fa0e9d658acb27f7464af4c4
2023-05-16 17:42:56 UTC,view,2102225,1516173523019626745,apparel.women.dress,Vantree,35.76,500000021,f2e119febecb08a9a82a948831b2a431
2023-05-16 17:43:47 UTC,view,9248008,1549623645531932356,accessories.bags,Harlow Vale,100.79,500000021,f2e119febecb08a9a82a948831b2a431
2023-05-16 17:56:54 UTC,view,2527689,1428548884811402817,apparel.men.shirt,,34.99,500000021,f2e119febecb08a9a82a948831b2a431
2023-05-16 21:22:51 UTC,view,8004216,1482972250706899052,,,43.62,500000002,bbea39f93d11cf41fed33c0f0d7e08db
2023-05-16 21:24:43 UTC,view,2102225,1516173523019626745,apparel.women.dress,Vantree,31.88,500000002,bbea39f93d11cf41fed33c0f0d7e08db
2023-05-16 21:26:29 UTC,view,6474782,1492821164472423496,apparel.men.jeans,,91.52,500000002,bbea39f93d11cf41fed33c0f0d7e08db
2023-05-16 21:33:51 UTC,view,8966163,1549623645531932356,accessories.bags,Solmara,91.49,500000002,bbea39f93d11cf41fed33c0f0d7e08db
2023-05-17 18:34:18 UTC,view,9841830,1508136215129873133,apparel.kids.top,Wrenfield,12.46,500000001,c2f6d4e024ccf59211df7a8ee568462c
2023-05-17 18:34:28 UTC,view,8966163,1549623645531932356,accessories.bags,Solmara,91.44,500000001,c2f6d4e024ccf59211df7a8ee568462c
2023-05-17 18:39:01 UTC,cart,3163829,1558364261414932063,apparel.women.top,Marlow Row,39.98,500000001,c2f6d4e024ccf59211df7a8ee568462c
2023-05-17 18:39:30 UTC,purchase,3163829,1558364261414932063,,Marlow Row,37.21,500000001,c2f6d4e024ccf59211df7a8ee568462c
2023-05-17 18:39:50 UTC,view,6529231,1558186846391920988,apparel.kids.outerwear,Greymont,28.28,500000001,c2f6d4e024ccf59211df7a8ee568462c
2023-05-17 18:40:57 UTC,view,3243048,1558364261414932063,apparel.women.top,Thistlewood,40.45,500000001,c2f6d4e024ccf59211df7a8ee568462c
2023-05-17 18:45:52 UTC,view,2102225,1516173523019626745,apparel.women.dress,Vantree,37.44,500000001,c2f6d4e024ccf59211df7a8ee568462c
2023-05-17 18:55:06 UTC,view,2102225,1516173523019626745,apparel.women.dress,Vantree,33.48,500000001,c2f6d4e024ccf59211df7a8ee568462c
2023-05-20 05:02:32 UTC,view,4489659,1516173523019626745,,Milbrook,66.5,500000007,477ec37a1db7bd744ef9faea46f83afa
2023-05-20 05:13:41 UTC,view,7303637,1516173523019626745,apparel.women.dress,Wrenfield,75.76,500000007,477ec37a1db7bd744ef9faea46f83afa
20/05/2023 05:19,view,1162680,1589407324608544585,apparel.women.outerwear,Kestrel & Co,207.64,500000007,477ec37a1db7bd744ef9faea46f83afa
2023-05-20 05:21:30 UTC,view,2102225,1516173523019626745,apparel.women.dress,Vantree,37.94,500000007,477ec37a1db7bd744ef9faea46f83afa
2023-05-20 05:23:42 UTC,view,8754194,1482972250706899052,apparel.women.pants,Kestrel & Co,58.04,500000007,477ec37a1db7bd744ef9faea46f83afa
2023-05-20 10:36:16 UTC,view,7429245,1428548884811402817,apparel.men.shirt,Ashgrove,15.76,500000002,665556e46e7381fcc8b4ff1dd0c0b0cf
2023-05-20 14:01:14 UTC,view,7390450,1558364261414932063,apparel.women.top,,41.66,500000016,472d40f102213d3114c8319bccb2a8b2
2023-05-20 14:03:08 UTC,view,2317989,1482972250706899052,apparel.women.pants,Palewick,57.47,500000016,472d40f102213d3114c8319bccb2a8b2
2023-05-20 14:07:15 UTC,view,7182700,1492821164472423496,apparel.men.jeans,,86.49,500000016,472d40f102213d3114c8319bccb2a8b2
2023-05-21 13:17:07 UTC,view,8966163,1549623645531932356,accessories.bags,Solmara,92.48,500000002,2890a02a057143b5c3eff8bea8a25fe1
2023-05-21 13:31:34 UTC,cart,7373415,1428548884811402817,apparel.men.shirt,Vantree,30.09,500000002,2890a02a057143b5c3eff8bea8a25fe1
2023-05-21 13:31:59 UTC,purchase,7373415,1428548884811402817,apparel.men.shirt,,30.65,500000002,2890a02a057143b5c3eff8bea8a25fe1
2023-05-21 15:00:52 UTC,view,6079235,1508136215129873133,apparel.kids.top,Bramholt,10.06,500000002,8d3a9561379babda88ee4a50986e9f99
2023-05-21 15:09:41 UTC,view,8511889,1594728468612408249,accessories.jewelry,,84.49,500000002,8d3a9561379babda88ee4a50986e9f99
2023-05-21 18:10:54 UTC,view,8488816,1429628030847824846,footwear.sandals,Wrenfield,54.07,500000004,54a17ea0d96d5b46277e1aa315ad784a
2023-05-21 18:16:54 UTC,view,6497266,1558430393367643133,accessories.hats,,11.16,500000004,54a17ea0d96d5b46277e1aa315ad784a
2023-05-21 18:31:51 UTC,cart,7275086,1558186846391920988,apparel.kids.outerwear,,54.87,500000004,54a17ea0d96d5b46277e1aa315ad784a
2023-05-21 18:33:50 UTC,view,3157737,1516173523019626745,apparel.women.dress,Ruskin & Fable,80.58,500000004,54a17ea0d96d5b46277e1aa315ad784a
2023-05-21 18:36:06 UTC,purchase,7275086,1558186846391920988,apparel.kids.outerwear,,58.13,500000004,54a17ea0d96d5b46277e1aa315ad784a
2023-05-22 07:25:09 UTC,view,3243048,1558364261414932063,,Thistlewood,45.61,500000002,ad1c180962d5114a06d2a820275fd848
2023-05-22 07:27:50 UTC,cart,9739117,1428548884811402817,apparel.men.shirt,,43.33,500000002,ad1c180962d5114a06d2a820275fd848
2023-05-22 07:39:29 UTC,view,8966163,1549623645531932356,accessories.bags,Solmara,91.79,500000002,ad1c180962d5114a06d2a820275fd848
2023-05-22 07:40:37 UTC,view,5862621,1492821164472423496,apparel.men.jeans,Vantree,44.74,500000002,ad1c180962d5114a06d2a820275fd848
2023-05-22 07:44:33 UTC,view,7949185,1590725883499271729,accessories.belts,,35.98,500000002,ad1c180962d5114a06d2a820275fd848
2023-05-22 19:18:32 UTC,view,1162680,1589407324608544585,,Kestrel & Co,208.91,500000004,91423340f24309ac008d574f21fbe775
2023-05-22 19:22:05 UTC,view,9036326,1558430393367643133,accessories.hats,,7.71,500000004,91423340f24309ac008d574f21fbe775
2023-05-22 19:24:06 UTC,cart,5678537,1472209747072745335,footwear.boots,Aldyne,112.85,500000004,91423340f24309ac008d574f21fbe775
2023-05-22 19:25:41 UTC,purchase,5678537,1472209747072745335,footwear.boots,Aldyne,128.17,500000004,91423340f24309ac008d574f21fbe775
2023-05-22 19:27:13 UTC,view,8754194,1482972250706899052,apparel.women.pants,Kestrel & Co,53.53,500000004,91423340f24309ac008d574f21fbe775
2023-05-22 19:27:44 UTC,view,3487534,1429628030847824846,footwear.sandals,Bellcroft,22.4,500000004,91423340f24309ac008d574f21fbe775
2023-05-22 21:45:41 UTC,view,6362414,1558364261414932063,apparel.women.top,,23.73,500000001,e3345ea576070dbc7685d7297f1401f7
2023-05-22 21:45:53 UTC,view,7692382,1429628030847824846,footwear.sandals,Palewick,47.39,500000001,e3345ea576070dbc7685d7297f1401f7
2023-05-22 21:51:26 UTC,view,2102225,1516173523019626745,apparel.women.dress,Vantree,31.83,500000001,e3345ea576070dbc7685d7297f1401f7
2023-05-22 21:53:24 UTC,view,9319849,1472209747072745335,footwear.boots,Marlow Row,149.91,500000001,e3345ea576070dbc7685d7297f1401f7
2023-05-22 22:01:21 UTC,view,9388289,1589407324608544585,apparel.women.outerwear,Milbrook,78.37,500000001,e3345ea576070dbc7685d7297f1401f7
2023-05-22 22:08:54 UTC,cart,8966163,1549623645531932356,accessories.bags,Solmara,79.42,500000001,e3345ea576070dbc7685d7297f1401f7
2023-05-22 22:12:52 UTC,purchase,8966163,1549623645531932356,accessories.bags,Solmara,79.09,500000001,e3345ea576070dbc7685d7297f1401f7
2023-05-23 13:09:19 UTC,view,1162680,1589407324608544585,apparel.women.outerwear,Kestrel & Co,231.26,500000006,1effa3394e849035271b49456c324024
2023-05-23 13:09:19 UTC,cart,9036326,1558430393367643133,accessories.hats,,7.8,500000006,1effa3394e849035271b49456c324024
2023-05-23 13:10:59 UTC,purchase,9036326,1558430393367643133,accessories.hats,,7.96,500000006,1effa3394e849035271b49456c324024
2023-05-23 13:19:23 UTC,view,3243048,1558364261414932063,apparel.women.top,Thistlewood,44.24,500000006,1effa3394e849035271b49456c324024
2023-05-23 13:19:25 UTC,view,1083413,1492821164472423496,apparel.men.jeans,Thistlewood,67.64,500000006,1effa3394e849035271b49456c324024
2023-05-23 13:26:40 UTC,view,2102225,1516173523019626745,apparel.women.dress,Vantree,34.2,500000006,1effa3394e849035271b49456c324024
2023-05-23 14:21:20 UTC,view,7941277,1594728468612408249,accessories.jewelry,,46.77,500000034,ed525394fa5b79699845ac73aa304c1e
2023-05-23 14:25:46 UTC,view,8634461,1428548884811402817,apparel.men.shirt,,21.36,500000034,ed525394fa5b79699845ac73aa304c1e
2023-05-23 14:26:32 UTC,view,7567958,1516173523019626745,apparel.women.dress,,96.06,500000034,ed525394fa5b79699845ac73aa304c1e
23/05/2023 14:31,cart,2102225,1516173523019626745,apparel.women.dress,,33.98,500000034,ed525394fa5b79699845ac73aa304c1e
2023-05-23 14:32:06 UTC,purchase,2102225,1516173523019626745,apparel.women.dress,Vantree,34.04,500000034,ed525394fa5b79699845ac73aa304c1e
2023-05-23 14:33:49 UTC,view,9829417,1546390003792228747,footwear.sneakers,,134.38,500000034,ed525394fa5b79699845ac73aa304c1e
2023-05-23 14:38:28 UTC,view,2102225,1516173523019626745,apparel.women.dress,Vantree,32.47,500000034,ed525394fa5b79699845ac73aa304c1e
2023-05-23 14:58:52 UTC,view,6953807,1558364261414932063,apparel.women.top,Kestrel & Co,13.04,500000004,0b0ca064bdbd2fda276b9d55e232c4cf
2023-05-23 15:02:52 UTC,view,6362414,1558364261414932063,,Ferncastle,25.69,500000004,0b0ca064bdbd2fda276b9d55e232c4cf
2023-05-23 15:04:08 UTC,cart,3006131,1546390003792228747,footwear.sneakers,,121.67,500000004,0b0ca064bdbd2fda276b9d55e232c4cf
2023-05-23 15:05:50 UTC,purchase,3006131,1546390003792228747,footwear.sneakers,Ruskin & Fable,107.71,500000004,0b0ca064bdbd2fda276b9d55e232c4cf
2023-05-23 15:06:13 UTC,view,5599767,1558364261414932063,apparel.women.top,Ferncastle,14.77,500000004,0b0ca064bdbd2fda276b9d55e232c4cf
2023-05-23 15:23:10 UTC,view,3243048,1558364261414932063,apparel.women.top,Thistlewood,47.77,500000004,0b0ca064bdbd2fda276b9d55e232c4cf
2023-05-23 18:06:18 UTC,view,2704704,1546390003792228747,footwear.sneakers,,92.95,500000001,f064624f0c306825692d038816da2dcd
2023-05-23 18:19:17 UTC,view,8016491,1546390003792228747,footwear.sneakers,,144.91,500000001,f064624f0c306825692d038816da2dcd
2023-05-23 18:22:47 UTC,view,9388289,1589407324608544585,apparel.women.outerwear,Milbrook,75.06,500000001,f064624f0c306825692d038816da2dcd
2023-05-23 18:31:05 UTC,view,1162680,1589407324608544585,apparel.women.outerwear,,196.59,500000001,f064624f0c306825692d038816da2dcd
2023-05-24 10:11:35 UTC,view,8754194,1482972250706899052,apparel.women.pants,,52.23,500000002,b3dc464e446f17457bbe76b1233bc61e
2023-05-24 10:16:50 UTC,view,4747587,1482972250706899052,apparel.women.pants,,79.31,500000002,b3dc464e446f17457bbe76b1233bc61e
2023-05-24 10:24:07 UTC,view,8966163,1549623645531932356,accessories.bags,Solmara,88.29,500000002,b3dc464e446f17457bbe76b1233bc61e
2023-05-24 10:24:32 UTC,view,2931280,1558364261414932063,apparel.women.top,Thistlewood,36.5,500000002,b3dc464e446f17457bbe76b1233bc61e
2023-05-24 10:27:01 UTC,cart,7814384,1482972250706899052,,Palewick,78.42,500000002,b3dc464e446f17457bbe76b1233bc61e
2023-05-24 10:28:21 UTC,purchase,7814384,1482972250706899052,apparel.women.pants,Palewick,78.15,500000002,b3dc464e446f17457bbe76b1233bc61e
2023-05-24 10:32:29 UTC,view,8634461,1428548884811402817,apparel.men.shirt,Kestrel & Co,19.7,500000002,b3dc464e446f17457bbe76b1233bc61e
2023-05-24 10:36:00 UTC,view,9800243,1492821164472423496,apparel.men.jeans,Palewick,77.13,500000002,b3dc464e446f17457bbe76b1233bc61e
2023-05-24 16:02:43 UTC,view,3554832,1428548884811402817,apparel.men.shirt,,54.55,500000006,d530e802614e3be0800dd8322825c023
2023-05-24 16:02:43 UTC,cart,4747587,1482972250706899052,apparel.women.pants,,84.5,500000006,d530e802614e3be0800dd8322825c023
2023-05-24 16:04:35 UTC,purchase,4747587,1482972250706899052,apparel.women.pants,,79.1,500000006,d530e802614e3be0800dd8322825c023
2023-05-24 16:09:35 UTC,view,1910407,1482972250706899052,apparel.women.pants,,71.93,500000006,d530e802614e3be0800dd8322825c023
2023-05-24 16:16:09 UTC,view,1162680,1589407324608544585,apparel.women.outerwear,Kestrel & Co,232.7,500000006,d530e802614e3be0800dd8322825c023
2023-05-24 18:17:36 UTC,view,8966163,1549623645531932356,accessories.bags,Solmara,82.79,500000002,10fbd1331ea0750ca3039a5a4cca65ac
2023-05-24 18:18:05 UTC,view,9351656,1428548884811402817,apparel.men.shirt,,24.9,500000002,10fbd1331ea0750ca3039a5a4cca65ac
2023-05-24 18:21:38 UTC,view,7212311,1594728468612408249,accessories.jewelry,Doverly,42.1,500000002,10fbd1331ea0750ca3039a5a4cca65ac
2023-05-24 20:18:27 UTC,view,8795573,1482972250706899052,apparel.women.pants,Palewick,31.1,500023107,69c1a3d7e1b26d984e027982b3fe2453
2023-05-24 20:25:05 UTC,view,9829417,1546390003792228747,footwear.sneakers,,119.03,500023107,69c1a3d7e1b26d984e027982b3fe2453
2023-05-24 20:25:24 UTC,view,9319849,1472209747072745335,footwear.boots,,138.84,500023107,69c1a3d7e1b26d984e027982b3fe2453
2023-05-24 20:37:40 UTC,view,9829417,1546390003792228747,footwear.sneakers,Bellcroft,130.68,500023107,69c1a3d7e1b26d984e027982b3fe2453
2023-05-24 20:44:41 UTC,view,4648994,1482972250706899052,apparel.women.pants,,27.41,500023107,69c1a3d7e1b26d984e027982b3fe2453
2023-05-24 21:42:28 UTC,view,4747587,1482972250706899052,,,70.01,500000217,25cd2ddfc2be07c2434cc478eead1aab
2023-05-24 21:42:28 UTC,cart,2102225,1516173523019626745,apparel.women.dress,Vantree,34.98,500000217,25cd2ddfc2be07c2434cc478eead1aab
2023-05-24 21:43:46 UTC,purchase,2102225,1516173523019626745,apparel.women.dress,Vantree,38.09,500000217,25cd2ddfc2be07c2434cc478eead1aab
2023-05-24 21:45:53 UTC,view,2102225,1516173523019626745,apparel.women.dress,Vantree,34.82,500000217,25cd2ddfc2be07c2434cc478eead1aab
2023-05-24 21:58:54 UTC,view,3301602,1594728468612408249,accessories.jewelry,Vantree,37.84,500000217,25cd2ddfc2be07c2434cc478eead1aab
2023-05-24 22:04:24 UTC,view,8966163,1549623645531932356,accessories.bags,Solmara,81.45,500000217,25cd2ddfc2be07c2434cc478eead1aab
2023-05-24 22:05:07 UTC,view,9829417,1546390003792228747,footwear.sneakers,,135.23,500000217,25cd2ddfc2be07c2434cc478eead1aab
2023-05-25 01:51:06 UTC,view,2102225,1516173523019626745,apparel.women.dress,Vantree,33.72,500000001,4ea90a9bcec8f0d9b822fb28d671d8bb
2023-05-25 01:52:49 UTC,view,2102225,1516173523019626745,apparel.women.dress,,31.98,500000001,4ea90a9bcec8f0d9b822fb28d671d8bb
2023-05-25 01:53:42 UTC,view,6801451,1594728468612408249,accessories.jewelry,Thistlewood,37.87,500000001,4ea90a9bcec8f0d9b822fb28d671d8bb
2023-05-25 02:02:55 UTC,view,7729308,1482972250706899052,apparel.women.pants,Ruskin & Fable,41.57,500000001,4ea90a9bcec8f0d9b822fb28d671d8bb
2023-05-25 02:05:39 UTC,view,8966163,1549623645531932356,accessories.bags,Solmara,82.0,500000001,4ea90a9bcec8f0d9b822fb28d671d8bb
2023-05-25 02:08:23 UTC,view,9755526,1589407324608544585,apparel.women.outerwear,Ashgrove,91.4,500000001,4ea90a9bcec8f0d9b822fb28d671d8bb
2023-05-25 09:36:39 UTC,view,4476707,1492821164472423496,apparel.men.jeans,Aldyne,99.33,500000001,71b234dfb1c987f2a728110ea37ebd00
2023-05-25 09:38:46 UTC,view,9319849,1472209747072745335,footwear.boots,Marlow Row,140.7,500000001,71b234dfb1c987f2a728110ea37ebd00
2023-05-25 09:44:55 UTC,view,7255659,1492821164472423496,apparel.men.jeans,Norlend,86.72,500000001,71b234dfb1c987f2a728110ea37ebd00
2023-05-25 09:51:55 UTC,view,6351542,1558364261414932063,apparel.women.top,,31.83,500000001,71b234dfb1c987f2a728110ea37ebd00
2023-05-25 09:52:47 UTC,view,2292183,1508136215129873133,apparel.kids.top,,14.65,500000001,71b234dfb1c987f2a728110ea37ebd00
2023-05-25 10:45:23 UTC,view,6854023,1549623645531932356,accessories.bags,Doverly,148.97,500000080,cda7087cdfd9c000380f9d32e9dd0bf8
2023-05-25 10:49:31 UTC,cart,8966163,1549623645531932356,accessories.bags,Solmara,88.3,500000080,cda7087cdfd9c000380f9d32e9dd0bf8
2023-05-25 10:49:55 UTC,purchase,8966163,1549623645531932356,accessories.bags,,77.11,500000080,cda7087cdfd9c000380f9d32e9dd0bf8
2023-05-25 10:50:19 UTC,view,3243048,1558364261414932063,apparel.women.top,Thistlewood,45.87,500000080,cda7087cdfd9c000380f9d32e9dd0bf8
2023-05-25 11:03:49 UTC,view,5466720,1519748099762056932,apparel.men.outerwear,Bramholt,104.57,500000080,cda7087cdfd9c000380f9d32e9dd0bf8
2023-05-25 13:11:36 UTC,view,6280890,1482972250706899052,,,27.68,500000001,3b4b4cd12b1a75386ca8a599f23a4844
2023-05-25 13:18:52 UTC,view,4747587,1482972250706899052,apparel.women.pants,,73.88,500000001,3b4b4cd12b1a75386ca8a599f23a4844
2023-05-25 13:21:18 UTC,view,7729308,1482972250706899052,apparel.women.pants,Ruskin & Fable,40.71,500000001,3b4b4cd12b1a75386ca8a599f23a4844
2023-05-25 14:31:56 UTC,view,8966163,1549623645531932356,,Solmara,84.6,500000003,112b7ab47481cc8b447c84a80d41f27b
2023-05-25 14:35:34 UTC,view,3428363,1516173523019626745,apparel.women.dress,,74.6,500000003,112b7ab47481cc8b447c84a80d41f27b
2023-05-25 14:47:50 UTC,view,3428363,1516173523019626745,apparel.women.dress,,75.86,500000003,112b7ab47481cc8b447c84a80d41f27b
2023-05-25 14:49:27 UTC,view,3243048,1558364261414932063,apparel.women.top,Thistlewood,40.81,500000003,112b7ab47481cc8b447c84a80d41f27b
2023-05-25 14:51:25 UTC,view,4720552,1428548884811402817,apparel.men.shirt,Palewick,16.66,500000003,112b7ab47481cc8b447c84a80d41f27b
2023-05-25 14:52:32 UTC,view,5315329,1558364261414932063,apparel.women.top,,41.89,500000003,112b7ab47481cc8b447c84a80d41f27b
2023-05-25 22:33:06 UTC,view,7255659,1492821164472423496,,Norlend,82.72,500000001,3c199035f2b8a533f6f09c46fd9661ed
2023-05-25 22:38:57 UTC,view,9841830,1508136215129873133,apparel.kids.top,Wrenfield,11.72,500000001,3c199035f2b8a533f6f09c46fd9661ed
2023-05-25 22:46:26 UTC,view,8966163,1549623645531932356,accessories.bags,,86.13,500000001,3c199035f2b8a533f6f09c46fd9661ed
2023-05-25 22:47:00 UTC,view,4747587,1482972250706899052,apparel.women.pants,,69.89,500000001,3c199035f2b8a533f6f09c46fd9661ed
2023-05-25 22:50:57 UTC,view,2704704,1546390003792228747,,,89.38,500000001,3c199035f2b8a533f6f09c46fd9661ed
2023-05-26 10:18:46 UTC,view,5186154,1516173523019626745,apparel.women.dress,Doverly,107.48,500000008,9a7b0696f8ae3e7efff99b92711d3fbf
2023-05-26 10:18:46 UTC,cart,2102225,1516173523019626745,,Vantree,32.14,500000008,9a7b0696f8ae3e7efff99b92711d3fbf
2023-05-26 10:21:59 UTC,view,4489659,1516173523019626745,apparel.women.dress,Milbrook,63.84,500000008,9a7b0696f8ae3e7efff99b92711d3fbf
2023-05-26 10:22:00 UTC,remove_from_cart,2102225,1516173523019626745,apparel.women.dress,Vantree,37.94,500000008,9a7b0696f8ae3e7efff99b92711d3fbf
2023-05-26 10:24:02 UTC,view,4747587,1482972250706899052,,,71.04,500000008,9a7b0696f8ae3e7efff99b92711d3fbf
2023-05-26 10:31:34 UTC,view,2704704,1546390003792228747,footwear.sneakers,,104.46,500000008,9a7b0696f8ae3e7efff99b92711d3fbf
2023-05-26 10:36:59 UTC,view,3428363,1516173523019626745,apparel.women.dress,,77.26,500000008,9a7b0696f8ae3e7efff99b92711d3fbf
2023-05-27 10:07:05 UTC,view,8966163,1549623645531932356,accessories.bags,Solmara,76.62,500000020,0606ea74b1a29eb274715e9e47cb130b
2023-05-27 10:25:31 UTC,view,4762867,1594728468612408249,accessories.jewelry,Greymont,18.72,500000020,0606ea74b1a29eb274715e9e47cb130b
2023-05-27 10:33:05 UTC,view,2102225,1516173523019626745,apparel.women.dress,,35.81,500000020,0606ea74b1a29eb274715e9e47cb130b
2023-05-27 10:34:38 UTC,view,7801595,1589407324608544585,apparel.women.outerwear,Aldyne,95.23,500000020,0606ea74b1a29eb274715e9e47cb130b
2023-05-27 10:38:01 UTC,view,5822751,1492821164472423496,apparel.men.jeans,Doverly,71.21,500000001,44cc6713578b86ac920a7b284cf1e6c3
2023-05-27 10:38:01 UTC,cart,2102225,1516173523019626745,apparel.women.dress,,36.52,500000001,44cc6713578b86ac920a7b284cf1e6c3
2023-05-27 10:39:34 UTC,view,1383693,1492821164472423496,apparel.men.jeans,Palewick,37.48,500000001,44cc6713578b86ac920a7b284cf1e6c3
2023-05-27 10:39:35 UTC,purchase,2102225,1516173523019626745,apparel.women.dress,Vantree,37.58,500000001,44cc6713578b86ac920a7b284cf1e6c3
27/05/2023 10:40,view,2299273,1558364261414932063,apparel.women.top,Aldyne,24.06,500000001,44cc6713578b86ac920a7b284cf1e6c3
2023-05-27 10:44:01 UTC,view,9755526,1589407324608544585,apparel.women.outerwear,,88.51,500000001,44cc6713578b86ac920a7b284cf1e6c3
2023-05-27 10:52:36 UTC,view,8926382,1558186846391920988,,,43.53,500000001,44cc6713578b86ac920a7b284cf1e6c3
2023-05-27 21:11:03 UTC,view,7106580,1428548884811402817,apparel.men.shirt,Wrenfield,33.23,500000002,dc4d2e46a331c1b1716256d2b2eae0eb
2023-05-27 21:15:08 UTC,view,1162680,1589407324608544585,apparel.women.outerwear,Kestrel & Co,234.31,500000002,dc4d2e46a331c1b1716256d2b2eae0eb
2023-05-27 21:18:22 UTC,view,9748139,1594728468612408249,accessories.jewelry,Ferncastle,22.12,500000002,dc4d2e46a331c1b1716256d2b2eae0eb
2023-05-27 21:19:30 UTC,cart,4489659,1516173523019626745,apparel.women.dress,,60.66,500000002,dc4d2e46a331c1b1716256d2b2eae0eb
2023-05-27 21:20:41 UTC,purchase,4489659,1516173523019626745,apparel.women.dress,,58.71,500000002,dc4d2e46a331c1b1716256d2b2eae0eb
2023-05-27 21:22:37 UTC,view,1162680,1589407324608544585,apparel.women.outerwear,Kestrel & Co,224.36,500000002,dc4d2e46a331c1b1716256d2b2eae0eb
2023-05-27 21:24:05 UTC,view,7182700,1492821164472423496,,,97.92,500000002,dc4d2e46a331c1b1716256d2b2eae0eb
2023-05-27 21:28:59 UTC,view,1083413,1492821164472423496,apparel.men.jeans,Thistlewood,68.81,500000002,dc4d2e46a331c1b1716256d2b2eae0eb
2023-05-27 21:39:15 UTC,view,3330012,1428548884811402817,apparel.men.shirt,,18.36,500000002,dc4d2e46a331c1b1716256d2b2eae0eb
2023-05-28 11:00:03 UTC,view,7182700,1492821164472423496,apparel.men.jeans,,95.82,500000001,7e6f893ece98984393804423d48e560a
2023-05-28 11:13:33 UTC,view,9118832,1589407324608544585,apparel.women.outerwear,Ruskin & Fable,173.33,500000001,7e6f893ece98984393804423d48e560a
2023-05-28 11:23:22 UTC,view,8966163,1549623645531932356,accessories.bags,Solmara,92.33,500000001,7e6f893ece98984393804423d48e560a
2023-05-28 21:04:49 UTC,view,6520765,1546390003792228747,,Marlow Row,62.21,500000001,fbe499d05d821cb2df50d05d5ddf9d2f
2023-05-31 10:20:15 UTC,view,7182700,1492821164472423496,apparel.men.jeans,,86.61,500000004,341bf91765d4ce9690f06e2a9208d2b1
2023-05-31 10:27:09 UTC,view,8966163,1549623645531932356,,,77.42,500000004,341bf91765d4ce9690f06e2a9208d2b1
2023-05-31 17:53:37 UTC,view,7729308,1482972250706899052,,Ruskin & Fable,43.95,500000080,bb2c49780769ac4f96ce750c0582035c
2023-05-31 18:05:06 UTC,cart,5114384,1558186846391920988,apparel.kids.outerwear,Kestrel & Co,30.03,500000080,bb2c49780769ac4f96ce750c0582035c
2023-05-31 18:05:39 UTC,purchase,5114384,1558186846391920988,apparel.kids.outerwear,Kestrel & Co,28.7,500000080,bb2c49780769ac4f96ce750c0582035c
2023-05-31 23:56:12 UTC,view,1162680,1589407324608544585,apparel.women.outerwear,Kestrel & Co,235.77,500000003,c6afb7ea0a4d4867788b03e9161ece97
2023-06-01 00:07:03 UTC,view,8721483,1558364261414932063,apparel.women.top,,35.95,500000003,c6afb7ea0a4d4867788b03e9161ece97
2023-06-01 00:24:34 UTC,cart,5908484,1589407324608544585,apparel.women.outerwear,Aldyne,224.64,500000003,c6afb7ea0a4d4867788b03e9161ece97
2023-06-01 00:28:09 UTC,purchase,5908484,1589407324608544585,apparel.women.outerwear,,215.4,500000003,c6afb7ea0a4d4867788b03e9161ece97
2023-06-01 16:08:17 UTC,view,2102225,1516173523019626745,apparel.women.dress,,33.94,500000005,32b856c73b17e98f66a6da6969951026
2023-06-01 16:08:52 UTC,view,8795573,1482972250706899052,apparel.women.pants,Palewick,27.95,500000005,32b856c73b17e98f66a6da6969951026
2023-06-01 16:14:34 UTC,view,4194454,1482972250706899052,apparel.women.pants,,61.68,500000005,32b856c73b17e98f66a6da6969951026
2023-06-01 16:21:18 UTC,view,7182700,1492821164472423496,apparel.men.jeans,,92.49,500000005,32b856c73b17e98f66a6da6969951026
2023-06-01 16:23:34 UTC,view,7182700,1492821164472423496,apparel.men.jeans,,83.92,500000005,32b856c73b17e98f66a6da6969951026
2023-06-01 16:32:08 UTC,view,2738486,1594728468612408249,accessories.jewelry,Ferncastle,27.81,500000005,32b856c73b17e98f66a6da6969951026
2023-06-02 11:16:19 UTC,view,9739117,1428548884811402817,apparel.men.shirt,Cinderfox,39.1,500000006,7b5b575ad586d62a0dc138a22e3cc829
2023-06-02 11:19:36 UTC,cart,8838340,1492821164472423496,,,35.86,500000006,7b5b575ad586d62a0dc138a22e3cc829
2023-06-02 11:20:10 UTC,purchase,8838340,1492821164472423496,apparel.men.jeans,,35.31,500000006,7b5b575ad586d62a0dc138a22e3cc829
2023-06-02 11:38:33 UTC,view,8754194,1482972250706899052,apparel.women.pants,Kestrel & Co,51.53,500000006,7b5b575ad586d62a0dc138a22e3cc829
2023-06-02 18:48:24 UTC,view,8966163,1549623645531932356,accessories.bags,Solmara,90.04,500000001,9f21822a5f56a7e43f99db89854fb1a7
2023-06-02 18:54:13 UTC,view,8966163,1549623645531932356,accessories.bags,Solmara,81.16,500000001,9f21822a5f56a7e43f99db89854fb1a7
2023-06-02 19:14:52 UTC,view,3428363,1516173523019626745,apparel.women.dress,,68.81,500000001,9f21822a5f56a7e43f99db89854fb1a7
2023-06-03 04:28:44 UTC,view,2102225,1516173523019626745,apparel.women.dress,Vantree,32.06,500000316,21352ea18d14949f80054ab0e55906fd
2023-06-03 04:38:00 UTC,view,9829417,1546390003792228747,,Bellcroft,137.37,500000316,21352ea18d14949f80054ab0e55906fd
2023-06-03 04:44:23 UTC,view,4098324,1558364261414932063,apparel.women.top,Norlend,20.24,500000316,21352ea18d14949f80054ab0e55906fd
2023-06-03 04:48:30 UTC,view,6280890,1482972250706899052,apparel.women.pants,Oakspire,29.43,500000316,21352ea18d14949f80054ab0e55906fd
2023-06-03 07:59:00 UTC,view,8966163,1549623645531932356,accessories.bags,Solmara,81.84,500000006,c21274c0f79a445fd56d92f78f69561c
2023-06-03 08:09:37 UTC,view,2102225,1516173523019626745,apparel.women.dress,Vantree,32.97,500000006,c21274c0f79a445fd56d92f78f69561c
2023-06-03 08:15:17 UTC,view,2993399,1546390003792228747,footwear.sneakers,Solmara,88.98,500000006,c21274c0f79a445fd56d92f78f69561c
2023-06-04 12:39:02 UTC,view,3428363,1516173523019626745,apparel.women.dress,,70.49,500000001,8b8a2859effb8d451dd61c02c59eec63
2023-06-04 12:39:48 UTC,view,4895822,1428548884811402817,apparel.men.shirt,Doverly,48.82,500000001,8b8a2859effb8d451dd61c02c59eec63
2023-06-05 11:59:41 UTC,view,9351656,1428548884811402817,apparel.men.shirt,,23.68,500000001,2c9cd1d2dafb73963670bb001d6d2e06
2023-06-05 12:05:26 UTC,view,4747587,1482972250706899052,apparel.women.pants,,71.21,500000001,2c9cd1d2dafb73963670bb001d6d2e06
2023-06-05 12:06:47 UTC,view,4747587,1482972250706899052,,,81.44,500000001,2c9cd1d2dafb73963670bb001d6d2e06
2023-06-06 09:08:48 UTC,view,3163829,1558364261414932063,apparel.women.top,,42.72,500000101,17ab4738d9690139ede9ebf950505f43
2023-06-06 09:16:25 UTC,cart,2102225,1516173523019626745,apparel.women.dress,,32.29,500000101,17ab4738d9690139ede9ebf950505f43
2023-06-06 09:17:58 UTC,purchase,2102225,1516173523019626745,apparel.women.dress,Vantree,38.19,500000101,17ab4738d9690139ede9ebf950505f43
2023-06-06 09:25:44 UTC,view,9800243,1492821164472423496,apparel.men.jeans,Palewick,76.43,500000101,17ab4738d9690139ede9ebf950505f43
2023-06-06 09:27:29 UTC,view,2380478,1429628030847824846,footwear.sandals,Aldyne,46.11,500000101,17ab4738d9690139ede9ebf950505f43
2023-06-06 13:52:32 UTC,view,8966163,1549623645531932356,accessories.bags,Solmara,83.81,500000002,484f907a726f0ac55d17375a179e3d98
2023-06-06 13:53:40 UTC,view,8903471,1428548884811402817,apparel.men.shirt,,20.36,500000002,484f907a726f0ac55d17375a179e3d98
2023-06-06 13:59:33 UTC,view,7182700,1492821164472423496,apparel.men.jeans,,89.58,500000002,484f907a726f0ac55d17375a179e3d98
2023-06-06 14:01:47 UTC,view,8966163,1549623645531932356,accessories.bags,Solmara,87.88,500000002,484f907a726f0ac55d17375a179e3d98
2023-06-06 14:06:58 UTC,view,1162680,1589407324608544585,apparel.women.outerwear,Kestrel & Co,215.64,500000002,484f907a726f0ac55d17375a179e3d98
2023-06-06 14:08:12 UTC,view,1428173,1589407324608544585,apparel.women.outerwear,,101.14,500000002,484f907a726f0ac55d17375a179e3d98
2023-06-06 14:18:55 UTC,view,1162680,1589407324608544585,apparel.women.outerwear,Kestrel & Co,214.08,500000002,484f907a726f0ac55d17375a179e3d98
2023-06-07 22:46:45 UTC,view,8795573,1482972250706899052,apparel.women.pants,Palewick,28.8,500000001,dd16afc8ff9e6f246d46b88ebe526d23
2023-06-07 22:49:41 UTC,view,9841830,1508136215129873133,apparel.kids.top,Wrenfield,13.24,500000001,dd16afc8ff9e6f246d46b88ebe526d23
2023-06-07 22:54:42 UTC,view,2102225,1516173523019626745,apparel.women.dress,,32.85,500000001,dd16afc8ff9e6f246d46b88ebe526d23
2023-06-07 23:02:54 UTC,cart,2102225,1516173523019626745,apparel.women.dress,,36.2,500000001,dd16afc8ff9e6f246d46b88ebe526d23
2023-06-07 23:07:51 UTC,purchase,2102225,1516173523019626745,apparel.women.dress,Vantree,35.11,500000001,dd16afc8ff9e6f246d46b88ebe526d23
2023-06-08 12:58:08 UTC,view,7201529,1589407324608544585,apparel.women.outerwear,Ruskin & Fable,82.52,500000004,f5bc94846431a071ae03383fa14fc74e
2023-06-08 13:04:03 UTC,view,7182700,1492821164472423496,apparel.men.jeans,,88.27,500000004,f5bc94846431a071ae03383fa14fc74e
2023-06-08 13:14:07 UTC,view,7729308,1482972250706899052,apparel.women.pants,,40.85,500000004,f5bc94846431a071ae03383fa14fc74e
2023-06-08 13:15:44 UTC,cart,3781033,1558364261414932063,apparel.women.top,,40.88,500000004,f5bc94846431a071ae03383fa14fc74e
2023-06-08 13:17:15 UTC,purchase,3781033,1558364261414932063,apparel.women.top,,44.06,500000004,f5bc94846431a071ae03383fa14fc74e
2023-06-08 13:19:12 UTC,view,7093987,1492821164472423496,apparel.men.jeans,,31.19,500000004,f5bc94846431a071ae03383fa14fc74e
2023-06-08 13:22:50 UTC,view,5822751,1492821164472423496,apparel.men.jeans,Doverly,68.2,500000004,f5bc94846431a071ae03383fa14fc74e
2023-06-08 14:06:16 UTC,view,1162680,1589407324608544585,apparel.women.outerwear,,228.48,500008645,7eca8dc33b070a932ed9018cf28c0147
2023-06-08 14:16:37 UTC,view,4747587,1482972250706899052,apparel.women.pants,,70.3,500008645,7eca8dc33b070a932ed9018cf28c0147
2023-06-08 14:16:59 UTC,view,8089253,1516173523019626745,apparel.women.dress,,104.53,500008645,7eca8dc33b070a932ed9018cf28c0147
2023-06-08 14:17:13 UTC,view,5711182,1546390003792228747,footwear.sneakers,,89.11,500008645,7eca8dc33b070a932ed9018cf28c0147
08/06/2023 14:22,view,6529231,1558186846391920988,apparel.kids.outerwear,Greymont,27.88,500008645,7eca8dc33b070a932ed9018cf28c0147
2023-06-08 14:22:14 UTC,view,7182700,1492821164472423496,apparel.men.jeans,,87.84,500008645,7eca8dc33b070a932ed9018cf28c0147
2023-06-08 14:24:08 UTC,view,7427053,1519748099762056932,apparel.men.outerwear,Thistlewood,63.28,500008645,7eca8dc33b070a932ed9018cf28c0147
2023-06-08 18:02:32 UTC,view,1517547,1558364261414932063,apparel.women.top,,22.84,500000002,2ced91996ae893fec7e130ec5af335ad
2023-06-08 18:12:29 UTC,view,7429245,1428548884811402817,apparel.men.shirt,Ashgrove,15.41,500000002,2ced91996ae893fec7e130ec5af335ad
2023-06-09 11:55:41 UTC,view,7814384,1482972250706899052,apparel.women.pants,Palewick,82.07,500000001,e09b4a41bc441aabb000667a6987606b
2023-06-09 11:55:41 UTC,cart,7429245,1428548884811402817,apparel.men.shirt,,14.0,500000001,e09b4a41bc441aabb000667a6987606b
2023-06-09 11:58:25 UTC,view,6529231,1558186846391920988,apparel.kids.outerwear,Greymont,29.8,500000001,e09b4a41bc441aabb000667a6987606b
2023-06-09 12:00:17 UTC,purchase,7429245,1428548884811402817,apparel.men.shirt,Ashgrove,15.34,500000001,e09b4a41bc441aabb000667a6987606b
2023-06-09 12:02:00 UTC,view,8966163,1549623645531932356,accessories.bags,Solmara,92.26,500000001,e09b4a41bc441aabb000667a6987606b
2023-06-08 12:58:08 UTC,view,7201529,1589407324608544585,apparel.women.outerwear,Ruskin & Fable,82.52,500000004,f5bc94846431a071ae03383fa14fc74e
2023-06-10 09:38:49 UTC,view,4648994,1482972250706899052,apparel.women.pants,,23.87,500000002,f95f796d6d058a65df753f443e86e5a1
2023-06-10 09:55:46 UTC,view,7373415,1428548884811402817,apparel.men.shirt,Vantree,30.72,500000002,f95f796d6d058a65df753f443e86e5a1
2023-06-10 09:59:00 UTC,view,8966163,1549623645531932356,accessories.bags,Solmara,83.37,500001674,ce0ef2d37bfbce5976aa1a0e098eb65a
2023-06-10 10:00:21 UTC,view,7201529,1589407324608544585,apparel.women.outerwear,Ruskin & Fable,83.03,500001674,ce0ef2d37bfbce5976aa1a0e098eb65a
2023-06-10 10:03:17 UTC,view,9388289,1589407324608544585,apparel.women.outerwear,,76.53,500000002,f95f796d6d058a65df753f443e86e5a1
2023-06-10 10:10:01 UTC,view,4747587,1482972250706899052,apparel.women.pants,,78.47,500001674,ce0ef2d37bfbce5976aa1a0e098eb65a
2023-06-10 10:16:40 UTC,view,8966163,1549623645531932356,accessories.bags,Solmara,81.26,500001674,ce0ef2d37bfbce5976aa1a0e098eb65a
2023-06-10 10:19:30 UTC,cart,6810241,1428548884811402817,apparel.men.shirt,Milbrook,16.92,500001674,ce0ef2d37bfbce5976aa1a0e098eb65a
2023-06-10 10:20:46 UTC,view,5711182,1546390003792228747,footwear.sneakers,,80.7,500001674,ce0ef2d37bfbce5976aa1a0e098eb65a
2023-06-10 10:20:46 UTC,purchase,6810241,1428548884811402817,apparel.men.shirt,Milbrook,17.19,500001674,ce0ef2d37bfbce5976aa1a0e098eb65a
2023-06-10 19:16:46 UTC,view,9841830,1508136215129873133,apparel.kids.top,Wrenfield,13.09,500000007,4acebd29ce79e7c73e87b21a56d439fb
2023-06-10 19:29:03 UTC,view,3676700,1558186846391920988,apparel.kids.outerwear,,64.48,500000007,4acebd29ce79e7c73e87b21a56d439fb
2023-06-10 19:37:23 UTC,view,7182700,1492821164472423496,apparel.men.jeans,,82.8,500000007,4acebd29ce79e7c73e87b21a56d439fb
11/06/2023 18:00,view,7182700,1492821164472423496,apparel.men.jeans,,91.99,500000002,06a9a0f8ff4478b848ff24c8df6fa3fc
2023-06-11 18:06:21 UTC,cart,3583619,1558430393367643133,,,26.51,500000002,06a9a0f8ff4478b848ff24c8df6fa3fc
2023-06-11 18:08:32 UTC,purchase,3583619,1558430393367643133,accessories.hats,,27.4,500000002,06a9a0f8ff4478b848ff24c8df6fa3fc
2023-06-11 18:12:43 UTC,view,6079235,1508136215129873133,apparel.kids.top,Bramholt,10.18,500000001,10cb329db9760556cb3bb8b09f09103f
2023-06-11 18:12:53 UTC,view,8966163,1549623645531932356,accessories.bags,Solmara,88.47,500000001,10cb329db9760556cb3bb8b09f09103f
2023-06-12 11:58:16 UTC,view,2102225,1516173523019626745,apparel.women.dress,Vantree,34.64,500000496,16070f344d87ddbf604f7ec33d74beb3
2023-06-12 12:25:31 UTC,view,4994348,1549623645531932356,accessories.bags,,66.61,500000496,16070f344d87ddbf604f7ec33d74beb3
2023-06-12 12:25:36 UTC,view,2102225,1516173523019626745,apparel.women.dress,Vantree,32.48,500000496,16070f344d87ddbf604f7ec33d74beb3
2023-06-12 17:08:19 UTC,view,2292183,1508136215129873133,apparel.kids.top,,13.42,500000048,0e1337bc308210ec4066ec3cac2b9e81
2023-06-12 17:12:06 UTC,view,6079235,1508136215129873133,apparel.kids.top,,9.36,500000048,0e1337bc308210ec4066ec3cac2b9e81
2023-06-12 17:12:33 UTC,view,5908484,1589407324608544585,,Aldyne,218.46,500000048,0e1337bc308210ec4066ec3cac2b9e81
2023-06-12 17:20:49 UTC,view,9111330,1589407324608544585,apparel.women.outerwear,Cinderfox,179.52,500000048,0e1337bc308210ec4066ec3cac2b9e81
2023-06-12 17:21:11 UTC,view,1162680,1589407324608544585,,Kestrel & Co,201.12,500000048,0e1337bc308210ec4066ec3cac2b9e81
2023-06-12 17:25:34 UTC,view,1383693,1492821164472423496,apparel.men.jeans,Palewick,38.5,500000048,0e1337bc308210ec4066ec3cac2b9e81
2023-06-12 17:29:37 UTC,view,3240903,1549623645531932356,accessories.bags,,67.72,500000048,0e1337bc308210ec4066ec3cac2b9e81
2023-06-12 21:30:11 UTC,view,8966163,1549623645531932356,accessories.bags,Solmara,88.15,500000001,a70470c73c9001c5f366f01f33972754
2023-06-12 21:30:11 UTC,cart,9800243,1492821164472423496,apparel.men.jeans,Palewick,81.07,500000001,a70470c73c9001c5f366f01f33972754
2023-06-12 21:31:09 UTC,purchase,9800243,1492821164472423496,apparel.men.jeans,Palewick,91.48,500000001,a70470c73c9001c5f366f01f33972754
2023-06-12 21:45:11 UTC,view,8966163,1549623645531932356,accessories.bags,Solmara,86.16,500000001,a70470c73c9001c5f366f01f33972754
2023-06-12 21:47:09 UTC,view,2337045,1558364261414932063,apparel.women.top,Oakspire,21.02,500000001,a70470c73c9001c5f366f01f33972754
2023-06-14 12:51:52 UTC,view,8966163,1549623645531932356,accessories.bags,,91.15,500000007,f93e96b0eaf689cc154d34a7fe854457
2023-06-14 12:53:15 UTC,view,7182700,1492821164472423496,apparel.men.jeans,,95.82,500000007,f93e96b0eaf689cc154d34a7fe854457
2023-06-14 12:53:35 UTC,view,7275086,1558186846391920988,apparel.kids.outerwear,,62.9,500000007,f93e96b0eaf689cc154d34a7fe854457
2023-06-14 12:56:49 UTC,view,1099410,1558430393367643133,accessories.hats,Norlend,15.0,500000007,f93e96b0eaf689cc154d34a7fe854457
2023-06-14 13:07:11 UTC,view,8966163,1549623645531932356,accessories.bags,Solmara,80.4,500000007,f93e96b0eaf689cc154d34a7fe854457
2023-06-14 13:10:29 UTC,view,6517467,1516173523019626745,apparel.women.dress,,90.59,500000007,f93e96b0eaf689cc154d34a7fe854457
2023-06-14 13:11:58 UTC,view,2102225,1516173523019626745,apparel.women.dress,Vantree,36.92,500000007,f93e96b0eaf689cc154d34a7fe854457
2023-06-14 13:12:25 UTC,view,5425967,1546390003792228747,footwear.sneakers,Kestrel & Co,87.23,500000007,f93e96b0eaf689cc154d34a7fe854457
2023-06-14 13:15:19 UTC,view,3676700,1558186846391920988,apparel.kids.outerwear,Oakspire,73.72,500000007,f93e96b0eaf689cc154d34a7fe854457
2023-06-14 13:18:44 UTC,view,8966163,1549623645531932356,accessories.bags,Solmara,82.85,500000007,f93e96b0eaf689cc154d34a7fe854457
2023-06-14 15:55:56 UTC,view,6380274,1472209747072745335,footwear.boots,Wrenfield,189.86,500000001,b6c6cefeb0a01e0771a4f2a8e333692a
2023-06-14 16:00:21 UTC,view,8966163,1549623645531932356,accessories.bags,Solmara,79.23,500000001,b6c6cefeb0a01e0771a4f2a8e333692a
2023-06-14 16:07:26 UTC,view,8966163,1549623645531932356,accessories.bags,Solmara,89.08,500000001,b6c6cefeb0a01e0771a4f2a8e333692a
2023-06-14 16:16:22 UTC,cart,9829417,1546390003792228747,footwear.sneakers,Bellcroft,130.75,500000001,b6c6cefeb0a01e0771a4f2a8e333692a
2023-06-14 16:26:28 UTC,purchase,9829417,1546390003792228747,footwear.sneakers,Bellcroft,115.52,500000001,b6c6cefeb0a01e0771a4f2a8e333692a
2023-06-15 13:00:21 UTC,view,5466720,1519748099762056932,apparel.men.outerwear,Bramholt,95.47,500000001,ffb1a2dc0e4ed3e23f02e08ee2d016f8
2023-06-15 13:01:00 UTC,view,8795573,1482972250706899052,apparel.women.pants,Palewick,29.69,500000001,ffb1a2dc0e4ed3e23f02e08ee2d016f8
2023-06-15 13:03:55 UTC,view,7567958,1516173523019626745,apparel.women.dress,,86.23,500000001,ffb1a2dc0e4ed3e23f02e08ee2d016f8
2023-06-15 13:14:29 UTC,view,4747587,1482972250706899052,apparel.women.pants,,74.44,500000001,ffb1a2dc0e4ed3e23f02e08ee2d016f8
2023-06-15 13:16:45 UTC,view,2295523,1516173523019626745,apparel.women.dress,,44.92,500000001,ffb1a2dc0e4ed3e23f02e08ee2d016f8
2023-06-15 13:19:34 UTC,view,8966163,1549623645531932356,accessories.bags,Solmara,87.86,500000001,ffb1a2dc0e4ed3e23f02e08ee2d016f8
2023-06-15 19:34:52 UTC,view,9036326,1558430393367643133,accessories.hats,,8.3,500000010,500ecf14a61c39613af1dbfd6bfbabc7
2023-06-15 19:39:36 UTC,view,9841830,1508136215129873133,apparel.kids.top,,13.37,500000010,500ecf14a61c39613af1dbfd6bfbabc7
2023-06-15 19:43:15 UTC,view,8754194,1482972250706899052,apparel.women.pants,Kestrel & Co,49.74,500000010,500ecf14a61c39613af1dbfd6bfbabc7
2023-06-15 19:53:28 UTC,view,8966163,1549623645531932356,,Solmara,82.78,500000010,500ecf14a61c39613af1dbfd6bfbabc7
2023-06-15 19:54:25 UTC,view,9388289,1589407324608544585,apparel.women.outerwear,Milbrook,74.13,500000010,500ecf14a61c39613af1dbfd6bfbabc7
2023-06-15 19:55:12 UTC,cart,3004815,1482972250706899052,apparel.women.pants,,62.63,500000010,500ecf14a61c39613af1dbfd6bfbabc7
2023-06-15 19:55:33 UTC,purchase,3004815,1482972250706899052,apparel.women.pants,,66.45,500000010,500ecf14a61c39613af1dbfd6bfbabc7
2023-06-15 19:57:03 UTC,view,9036326,1558430393367643133,accessories.hats,,8.37,500000010,500ecf14a61c39613af1dbfd6bfbabc7
2023-06-15 19:59:31 UTC,view,8966163,1549623645531932356,accessories.bags,Solmara,92.78,500000010,500ecf14a61c39613af1dbfd6bfbabc7
2023-06-16 15:18:19 UTC,view,2102225,1516173523019626745,apparel.women.dress,Vantree,38.53,500000008,ebeec74e2a5cb29d78ff6127289c2efb
2023-06-16 15:35:14 UTC,view,8966163,1549623645531932356,accessories.bags,Solmara,86.83,500000008,ebeec74e2a5cb29d78ff6127289c2efb
2023-06-16 15:35:39 UTC,view,4646091,1516173523019626745,apparel.women.dress,,70.74,500000008,ebeec74e2a5cb29d78ff6127289c2efb
2023-06-17 10:46:34 UTC,view,4170752,1519748099762056932,apparel.men.outerwear,Bramholt,200.59,500000002,3a761fdc2dd9bc5b1d3baca1bb5f8739
2023-06-17 10:56:51 UTC,view,6810241,1428548884811402817,apparel.men.shirt,Milbrook,16.72,500000002,3a761fdc2dd9bc5b1d3baca1bb5f8739
2023-06-17 11:06:32 UTC,view,1111123,1482972250706899052,apparel.women.pants,Bramholt,50.42,500000002,3a761fdc2dd9bc5b1d3baca1bb5f8739
2023-06-17 23:20:21 UTC,view,2527689,1428548884811402817,apparel.men.shirt,,31.65,500000050,364c76e8db240fdb1b4a5d72808deef7
2023-06-17 23:28:46 UTC,view,8089253,1516173523019626745,apparel.women.dress,Norlend,109.49,500000050,364c76e8db240fdb1b4a5d72808deef7
2023-06-17 23:29:29 UTC,cart,8966163,1549623645531932356,accessories.bags,Solmara,78.97,500000050,364c76e8db240fdb1b4a5d72808deef7
2023-06-17 23:33:11 UTC,purchase,8966163,1549623645531932356,accessories.bags,Solmara,92.8,500000050,364c76e8db240fdb1b4a5d72808deef7
2023-06-17 23:34:23 UTC,view,8966163,1549623645531932356,,,76.45,500000050,364c76e8db240fdb1b4a5d72808deef7
2023-06-17 23:38:23 UTC,view,8728798,1508136215129873133,apparel.kids.top,Vantree,17.4,500000050,364c76e8db240fdb1b4a5d72808deef7
2023-06-18 13:39:43 UTC,view,1910407,1482972250706899052,apparel.women.pants,,71.0,500000001,e50596fccbf4e1968540bebee6112a19
2023-06-18 13:51:40 UTC,view,1430298,1519748099762056932,apparel.men.outerwear,,126.68,500000001,e50596fccbf4e1968540bebee6112a19
2023-06-18 13:54:58 UTC,view,9036326,1558430393367643133,accessories.hats,,7.39,500000001,e50596fccbf4e1968540bebee6112a19
2023-06-18 20:57:06 UTC,view,9065490,1516173523019626745,apparel.women.dress,,111.66,500000001,dd3fb8108f42741e4cf5a0f8e52f303e
2023-06-18 21:04:45 UTC,view,8966163,1549623645531932356,accessories.bags,,90.05,500000001,dd3fb8108f42741e4cf5a0f8e52f303e
2023-06-18 21:14:13 UTC,view,1162680,1589407324608544585,apparel.women.outerwear,Kestrel & Co,213.08,500000001,dd3fb8108f42741e4cf5a0f8e52f303e
2023-06-18 21:18:48 UTC,view,8634461,1428548884811402817,apparel.men.shirt,Kestrel & Co,22.42,500000001,dd3fb8108f42741e4cf5a0f8e52f303e
2023-06-18 21:21:11 UTC,view,8966163,1549623645531932356,accessories.bags,Solmara,81.78,500000001,dd3fb8108f42741e4cf5a0f8e52f303e
2023-06-18 21:22:33 UTC,view,5711182,1546390003792228747,footwear.sneakers,Oakspire,80.86,500000001,dd3fb8108f42741e4cf5a0f8e52f303e
2023-06-19 04:50:56 UTC,view,1640473,1428548884811402817,apparel.men.shirt,,22.3,500000022,b4a1413caf40938e6c57c84a9ac096d4
2023-06-19 20:55:50 UTC,view,3301602,1594728468612408249,accessories.jewelry,,38.32,500000002,2dbdfbf27bf9d1d9d7887252d6f33c3f
2023-06-19 20:57:09 UTC,view,4489659,1516173523019626745,,,56.7,500000002,2dbdfbf27bf9d1d9d7887252d6f33c3f
2023-06-19 21:09:39 UTC,view,3676700,1558186846391920988,apparel.kids.outerwear,Oakspire,74.03,500000003,8f255deee0456f5b69f3e4253beb04b1
2023-06-19 21:10:58 UTC,view,7390450,1558364261414932063,apparel.women.top,,40.04,500000002,2dbdfbf27bf9d1d9d7887252d6f33c3f
2023-06-19 21:11:42 UTC,cart,3554832,1428548884811402817,apparel.men.shirt,Greymont,59.02,500000003,8f255deee0456f5b69f3e4253beb04b1
2023-06-19 21:12:17 UTC,purchase,3554832,1428548884811402817,apparel.men.shirt,Greymont,58.68,500000003,8f255deee0456f5b69f3e4253beb04b1
2023-06-19 21:16:19 UTC,view,5908484,1589407324608544585,apparel.women.outerwear,Aldyne,191.17,500000003,8f255deee0456f5b69f3e4253beb04b1
2023-06-20 12:42:29 UTC,view,6351542,1558364261414932063,,Palewick,37.26,500000002,a21fa15d33c91df70a221aee32dc4a4f
2023-06-20 12:42:51 UTC,view,2102225,1516173523019626745,apparel.women.dress,,36.09,500000002,a21fa15d33c91df70a221aee32dc4a4f
2023-06-20 12:48:01 UTC,cart,5114384,1558186846391920988,apparel.kids.outerwear,,27.26,500000002,a21fa15d33c91df70a221aee32dc4a4f
2023-06-20 12:48:22 UTC,purchase,5114384,1558186846391920988,apparel.kids.outerwear,Kestrel & Co,25.21,500000002,a21fa15d33c91df70a221aee32dc4a4f
20/06/2023 12:55,view,1162680,1589407324608544585,apparel.women.outerwear,Kestrel & Co,225.75,500000002,a21fa15d33c91df70a221aee32dc4a4f
2023-06-20 13:01:53 UTC,view,7429245,1428548884811402817,,Ashgrove,16.44,500000002,a21fa15d33c91df70a221aee32dc4a4f
2023-06-20 13:07:18 UTC,view,7660389,1508136215129873133,apparel.kids.top,,27.97,500000002,a21fa15d33c91df70a221aee32dc4a4f
2023-06-20 13:08:57 UTC,view,8754194,1482972250706899052,apparel.women.pants,Kestrel & Co,57.14,500000002,a21fa15d33c91df70a221aee32dc4a4f
2023-06-20 21:21:50 UTC,view,4762867,1594728468612408249,,Greymont,17.67,500000001,b3ad4ebce767d5956f1e4ef1fe1c4aa9
2023-06-20 21:22:53 UTC,view,8795573,1482972250706899052,apparel.women.pants,,29.19,500000001,b3ad4ebce767d5956f1e4ef1fe1c4aa9
2023-06-20 21:37:26 UTC,view,4411802,1594728468612408249,accessories.jewelry,,61.74,500000001,b3ad4ebce767d5956f1e4ef1fe1c4aa9
2023-06-20 21:39:15 UTC,view,4098324,1558364261414932063,,,21.12,500000001,b3ad4ebce767d5956f1e4ef1fe1c4aa9
2023-06-21 06:02:33 UTC,view,4747587,1482972250706899052,apparel.women.pants,,80.63,500000001,1ccc53b1b5282d04d91c5b40c1cc7acf
2023-06-21 06:05:46 UTC,view,9554682,1492821164472423496,apparel.men.jeans,Norlend,96.1,500000001,1ccc53b1b5282d04d91c5b40c1cc7acf
2023-06-21 06:07:33 UTC,view,9755526,1589407324608544585,apparel.women.outerwear,Ashgrove,75.66,500000001,1ccc53b1b5282d04d91c5b40c1cc7acf
2023-06-21 06:16:28 UTC,view,1260475,1589407324608544585,apparel.women.outerwear,Kestrel & Co,174.55,500000001,1ccc53b1b5282d04d91c5b40c1cc7acf
2023-06-21 11:41:12 UTC,view,6079235,1508136215129873133,apparel.kids.top,Bramholt,8.96,500000003,38781d95d4e4bfafd66070af1fda239a
2023-06-21 11:42:25 UTC,view,7182700,1492821164472423496,apparel.men.jeans,,99.03,500000003,38781d95d4e4bfafd66070af1fda239a
2023-06-21 11:53:32 UTC,view,7390450,1558364261414932063,apparel.women.top,,39.89,500000003,38781d95d4e4bfafd66070af1fda239a
2023-06-21 11:53:51 UTC,cart,6693651,1482972250706899052,apparel.women.pants,Cinderfox,31.48,500000003,38781d95d4e4bfafd66070af1fda239a
2023-06-21 11:54:45 UTC,view,8634461,1428548884811402817,apparel.men.shirt,Kestrel & Co,20.09,500000003,38781d95d4e4bfafd66070af1fda239a
2023-06-21 11:56:19 UTC,purchase,6693651,1482972250706899052,apparel.women.pants,Cinderfox,31.04,500000003,38781d95d4e4bfafd66070af1fda239a
2023-06-21 12:01:13 UTC,view,4194454,1482972250706899052,apparel.women.pants,Vantree,68.89,500000003,38781d95d4e4bfafd66070af1fda239a
2023-06-21 12:36:02 UTC,view,5862621,1492821164472423496,apparel.men.jeans,,48.15,500000004,c8050df6e1a55e1aef19a0502bc05bae
2023-06-21 12:48:09 UTC,view,8966163,1549623645531932356,accessories.bags,Solmara,91.75,500000004,c8050df6e1a55e1aef19a0502bc05bae
2023-06-21 12:55:18 UTC,cart,8966163,1549623645531932356,,Solmara,85.45,500000004,c8050df6e1a55e1aef19a0502bc05bae
2023-06-21 12:57:19 UTC,purchase,8966163,1549623645531932356,accessories.bags,Solmara,88.21,500000004,c8050df6e1a55e1aef19a0502bc05bae
2023-06-21 12:59:17 UTC,view,9755526,1589407324608544585,,Ashgrove,86.13,500000004,c8050df6e1a55e1aef19a0502bc05bae
2023-06-21 18:27:18 UTC,view,3554832,1428548884811402817,,Greymont,52.74,500000019,3bab383d68bfb1a38fe3f1b07af91d82
2023-06-21 18:30:21 UTC,view,9319849,1472209747072745335,footwear.boots,,139.52,500000019,3bab383d68bfb1a38fe3f1b07af91d82
2023-06-21 18:36:52 UTC,view,2295523,1516173523019626745,apparel.women.dress,,49.65,500000019,3bab383d68bfb1a38fe3f1b07af91d82
2023-06-21 18:40:34 UTC,view,7182700,1492821164472423496,apparel.men.jeans,,83.61,500000019,3bab383d68bfb1a38fe3f1b07af91d82
2023-06-21 18:44:37 UTC,cart,1162680,1589407324608544585,apparel.women.outerwear,Kestrel & Co,236.22,500000019,3bab383d68bfb1a38fe3f1b07af91d82
2023-06-21 18:45:46 UTC,purchase,1162680,1589407324608544585,apparel.women.outerwear,Kestrel & Co,206.66,500000019,3bab383d68bfb1a38fe3f1b07af91d82
2023-06-22 17:53:50 UTC,view,1260475,1589407324608544585,apparel.women.outerwear,Kestrel & Co,189.3,500000001,9537276d114e9e6397b686c23e0e4c84
2023-06-22 17:55:51 UTC,view,2317989,1482972250706899052,apparel.women.pants,Palewick,66.95,500000001,9537276d114e9e6397b686c23e0e4c84
2023-06-22 18:03:26 UTC,view,1778504,1549623645531932356,accessories.bags,Thistlewood,80.95,500000001,9537276d114e9e6397b686c23e0e4c84
2023-06-22 18:04:43 UTC,view,4646091,1516173523019626745,apparel.women.dress,,72.13,500000001,9537276d114e9e6397b686c23e0e4c84
2023-06-22 18:23:17 UTC,cart,8795573,1482972250706899052,apparel.women.pants,Palewick,30.58,500000001,9537276d114e9e6397b686c23e0e4c84
2023-06-22 18:24:19 UTC,purchase,8795573,1482972250706899052,apparel.women.pants,,27.17,500000001,9537276d114e9e6397b686c23e0e4c84
2023-06-24 11:42:17 UTC,view,2380478,1429628030847824846,,Aldyne,41.85,500002884,55e46ed9addcc4bde0bf1ef5f9a591cd
2023-06-24 11:47:04 UTC,view,3487534,1429628030847824846,footwear.sandals,Bellcroft,19.35,500002884,55e46ed9addcc4bde0bf1ef5f9a591cd
2023-06-24 11:53:01 UTC,view,9065490,1516173523019626745,,,124.5,500002884,55e46ed9addcc4bde0bf1ef5f9a591cd
2023-06-24 12:05:05 UTC,view,9841830,1508136215129873133,,Wrenfield,11.53,500002884,55e46ed9addcc4bde0bf1ef5f9a591cd
2023-06-24 12:07:46 UTC,view,9036326,1558430393367643133,accessories.hats,,8.26,500002884,55e46ed9addcc4bde0bf1ef5f9a591cd
2023-06-24 12:09:09 UTC,view,2102225,1516173523019626745,apparel.women.dress,Vantree,37.28,500002884,55e46ed9addcc4bde0bf1ef5f9a591cd
2023-06-24 20:12:13 UTC,view,3289377,1546390003792228747,footwear.sneakers,,65.35,500000132,0694f8216c0d2cc00228a99f8ffbb9ef
2023-06-24 20:20:14 UTC,view,3206674,1428548884811402817,apparel.men.shirt,,28.77,500000132,0694f8216c0d2cc00228a99f8ffbb9ef
2023-06-24 20:26:53 UTC,view,5599030,1558430393367643133,accessories.hats,Marlow Row,26.8,500000132,0694f8216c0d2cc00228a99f8ffbb9ef
2023-06-24 20:27:03 UTC,view,9841830,1508136215129873133,apparel.kids.top,Wrenfield,12.51,500000132,0694f8216c0d2cc00228a99f8ffbb9ef
2023-06-24 20:27:43 UTC,view,3676700,1558186846391920988,apparel.kids.outerwear,,69.51,500000132,0694f8216c0d2cc00228a99f8ffbb9ef
2023-06-25 09:41:05 UTC,view,7310073,1482972250706899052,apparel.women.pants,Palewick,77.06,500000003,009f8e3e1453342a4db2b9355244aefb
2023-06-25 09:41:25 UTC,view,4143393,1519748099762056932,apparel.men.outerwear,Marlow Row,191.75,500000003,009f8e3e1453342a4db2b9355244aefb
2023-06-25 09:48:37 UTC,view,9065490,1516173523019626745,apparel.women.dress,Aldyne,125.0,500000003,009f8e3e1453342a4db2b9355244aefb
2023-06-25 11:55:42 UTC,view,2292183,1508136215129873133,apparel.kids.top,,14.44,500000004,c8b5c64113a219433049f8ec4301e13a
2023-06-25 11:55:42 UTC,cart,7567958,1516173523019626745,apparel.women.dress,,99.95,500000004,c8b5c64113a219433049f8ec4301e13a
2023-06-25 12:04:56 UTC,view,7729308,1482972250706899052,apparel.women.pants,Ruskin & Fable,41.48,500000004,c8b5c64113a219433049f8ec4301e13a
2023-06-25 12:05:40 UTC,purchase,7567958,1516173523019626745,apparel.women.dress,,89.87,500000004,c8b5c64113a219433049f8ec4301e13a
2023-06-25 12:06:03 UTC,view,5114384,1558186846391920988,apparel.kids.outerwear,Kestrel & Co,28.35,500000024,097a7e1567da15e441ce29f146efa2b4
2023-06-25 12:09:26 UTC,view,3163829,1558364261414932063,apparel.women.top,Marlow Row,40.56,500000024,097a7e1567da15e441ce29f146efa2b4
25/06/2023 12:13,cart,1162680,1589407324608544585,apparel.women.outerwear,Kestrel & Co,214.22,500000024,097a7e1567da15e441ce29f146efa2b4
2023-06-25 12:15:39 UTC,purchase,1162680,1589407324608544585,apparel.women.outerwear,,221.67,500000024,097a7e1567da15e441ce29f146efa2b4
2023-06-25 12:20:30 UTC,view,6245368,1558430393367643133,,Ashgrove,27.69,500000004,c8b5c64113a219433049f8ec4301e13a
2023-06-25 12:22:40 UTC,view,1850756,1428548884811402817,apparel.men.shirt,,45.26,500000024,097a7e1567da15e441ce29f146efa2b4
2023-06-26 19:28:11 UTC,view,7182700,1492821164472423496,apparel.men.jeans,,98.64,500000139,8180c2efddf3fe08a190a831e06feb7d
2023-06-26 19:29:12 UTC,view,3346010,1558430393367643133,accessories.hats,Ferncastle,27.41,500000139,8180c2efddf3fe08a190a831e06feb7d
2023-06-26 19:30:19 UTC,view,2102225,1516173523019626745,apparel.women.dress,Vantree,33.98,500000139,8180c2efddf3fe08a190a831e06feb7d
2023-06-26 19:32:16 UTC,view,5186154,1516173523019626745,apparel.women.dress,Doverly,107.68,500000139,8180c2efddf3fe08a190a831e06feb7d
2023-06-26 19:41:37 UTC,view,6024870,1492821164472423496,,,36.01,500000139,8180c2efddf3fe08a190a831e06feb7d
2023-06-26 19:44:58 UTC,cart,6529231,1558186846391920988,apparel.kids.outerwear,Greymont,27.7,500000139,8180c2efddf3fe08a190a831e06feb7d
2023-06-26 19:53:57 UTC,view,1162680,1589407324608544585,apparel.women.outerwear,Kestrel & Co,223.03,500000139,8180c2efddf3fe08a190a831e06feb7d
2023-06-27 09:46:34 UTC,view,9829417,1546390003792228747,footwear.sneakers,Bellcroft,121.96,500000001,33f37c6d535ed47562d3401dacfda1c8
2023-06-27 09:56:05 UTC,view,9036326,1558430393367643133,accessories.hats,,7.67,500000001,33f37c6d535ed47562d3401dacfda1c8
2023-06-27 10:02:22 UTC,view,8966163,1549623645531932356,accessories.bags,Solmara,82.42,500000001,33f37c6d535ed47562d3401dacfda1c8
2023-06-27 10:03:48 UTC,view,7171122,1558186846391920988,apparel.kids.outerwear,Harlow Vale,66.95,500000001,33f37c6d535ed47562d3401dacfda1c8
2023-06-27 10:08:22 UTC,view,1162680,1589407324608544585,apparel.women.outerwear,Kestrel & Co,214.75,500000001,33f37c6d535ed47562d3401dacfda1c8
2023-06-27 10:14:08 UTC,view,6693651,1482972250706899052,apparel.women.pants,,30.38,500000001,33f37c6d535ed47562d3401dacfda1c8
2023-06-27 10:27:19 UTC,view,9315482,1594728468612408249,accessories.jewelry,Marlow Row,72.64,500000001,a3705a4561519721bd5cc506ed7b52fd
2023-06-27 10:29:49 UTC,view,4747587,1482972250706899052,,,77.12,500000001,a3705a4561519721bd5cc506ed7b52fd
2023-06-27 10:30:17 UTC,cart,5908484,1589407324608544585,apparel.women.outerwear,Aldyne,208.27,500000001,a3705a4561519721bd5cc506ed7b52fd
27/06/2023 10:31,purchase,5908484,1589407324608544585,apparel.women.outerwear,Aldyne,220.06,500000001,a3705a4561519721bd5cc506ed7b52fd
2023-06-27 10:45:01 UTC,view,8800984,1558364261414932063,apparel.women.top,Oakspire,15.88,500000001,a3705a4561519721bd5cc506ed7b52fd
2023-06-27 10:52:38 UTC,view,2704704,1546390003792228747,footwear.sneakers,,91.59,500000001,a3705a4561519721bd5cc506ed7b52fd
2023-06-27 10:54:47 UTC,view,2102225,1516173523019626745,apparel.women.dress,Vantree,38.46,500000001,a3705a4561519721bd5cc506ed7b52fd
2023-06-27 11:42:59 UTC,view,8966163,1549623645531932356,,,79.87,500000012,364df52b53ef8a8d0ab36afc8ac08ee5
2023-06-27 11:52:17 UTC,view,2102225,1516173523019626745,apparel.women.dress,,35.13,500000012,364df52b53ef8a8d0ab36afc8ac08ee5
2023-06-27 12:00:51 UTC,view,9118832,1589407324608544585,,Ruskin & Fable,166.61,500019253,738f997b1b80f581a7b6764fcb8a61bc
2023-06-27 12:02:07 UTC,view,8634461,1428548884811402817,apparel.men.shirt,Kestrel & Co,22.11,500019253,738f997b1b80f581a7b6764fcb8a61bc
2023-06-27 12:02:12 UTC,view,5847380,1492821164472423496,apparel.men.jeans,,43.53,500000012,364df52b53ef8a8d0ab36afc8ac08ee5
2023-06-27 12:05:00 UTC,view,1162680,1589407324608544585,apparel.women.outerwear,Kestrel & Co,220.58,500019253,738f997b1b80f581a7b6764fcb8a61bc
2023-06-27 12:11:29 UTC,view,3428363,1516173523019626745,apparel.women.dress,,71.75,500019253,738f997b1b80f581a7b6764fcb8a61bc
2023-06-27 12:17:39 UTC,view,4747587,1482972250706899052,apparel.women.pants,,70.51,500019253,738f997b1b80f581a7b6764fcb8a61bc
2023-06-27 12:22:47 UTC,view,7182700,1492821164472423496,apparel.men.jeans,,88.27,500019253,738f997b1b80f581a7b6764fcb8a61bc
2023-06-27 19:39:55 UTC,view,4194454,1482972250706899052,apparel.women.pants,,70.53,500000016,4fced8598b38422bf33c759d8ec8f0cd
2023-06-27 19:49:59 UTC,cart,9755526,1589407324608544585,apparel.women.outerwear,Ashgrove,81.98,500000016,4fced8598b38422bf33c759d8ec8f0cd
2023-06-27 19:51:33 UTC,purchase,9755526,1589407324608544585,apparel.women.outerwear,Ashgrove,79.9,500000016,4fced8598b38422bf33c759d8ec8f0cd
2023-06-27 19:56:35 UTC,view,1038403,1519748099762056932,apparel.men.outerwear,Ashgrove,60.11,500000016,4fced8598b38422bf33c759d8ec8f0cd
2023-06-27 19:58:23 UTC,view,6953807,1558364261414932063,apparel.women.top,Kestrel & Co,12.23,500000016,4fced8598b38422bf33c759d8ec8f0cd
2023-06-28 16:22:11 UTC,view,4870730,1429628030847824846,footwear.sandals,,20.55,500000002,df4eb802c241303f7693b343ee3a15d9
2023-06-28 16:28:58 UTC,view,6960004,1549623645531932356,accessories.bags,,50.61,500000002,df4eb802c241303f7693b343ee3a15d9
2023-06-28 16:30:46 UTC,view,8634461,1428548884811402817,apparel.men.shirt,,20.22,500000002,df4eb802c241303f7693b343ee3a15d9
2023-06-28 16:39:16 UTC,view,6529231,1558186846391920988,apparel.kids.outerwear,,33.09,500000002,df4eb802c241303f7693b343ee3a15d9
2023-06-28 16:40:28 UTC,view,6155600,1594728468612408249,accessories.jewelry,,51.43,500000002,df4eb802c241303f7693b343ee3a15d9
2023-06-28 16:42:15 UTC,view,9829417,1546390003792228747,footwear.sneakers,Bellcroft,130.69,500000002,df4eb802c241303f7693b343ee3a15d9
2023-06-28 19:01:24 UTC,view,8966163,1549623645531932356,accessories.bags,Solmara,87.96,500000002,b0c8751ce073b8b48b7e9a3d8b891d33
2023-06-28 19:08:43 UTC,view,1029072,1482972250706899052,apparel.women.pants,Palewick,54.54,500000002,b0c8751ce073b8b48b7e9a3d8b891d33
2023-06-28 19:17:57 UTC,view,3002277,1558364261414932063,apparel.women.top,Harlow Vale,42.05,500000002,b0c8751ce073b8b48b7e9a3d8b891d33
2023-06-28 19:27:12 UTC,view,2337045,1558364261414932063,apparel.women.top,Oakspire,19.27,500000002,b0c8751ce073b8b48b7e9a3d8b891d33
2023-06-28 19:28:47 UTC,view,5114384,1558186846391920988,apparel.kids.outerwear,Kestrel & Co,25.86,500000002,b0c8751ce073b8b48b7e9a3d8b891d33
2023-06-28 22:08:29 UTC,view,4762867,1594728468612408249,accessories.jewelry,Greymont,16.18,500000006,1889c10dc305914988daed4c45bf7877
2023-06-28 22:22:31 UTC,cart,9800243,1492821164472423496,apparel.men.jeans,Palewick,92.68,500000006,1889c10dc305914988daed4c45bf7877
2023-06-28 22:23:23 UTC,view,6000495,1546390003792228747,footwear.sneakers,,48.44,500000006,1889c10dc305914988daed4c45bf7877
2023-06-28 22:24:13 UTC,view,8004216,1482972250706899052,apparel.women.pants,Cinderfox,38.31,500000006,1889c10dc305914988daed4c45bf7877
2023-06-28 22:25:25 UTC,purchase,9800243,1492821164472423496,apparel.men.jeans,Palewick,85.85,500000006,1889c10dc305914988daed4c45bf7877
2023-06-29 13:22:47 UTC,view,7729308,1482972250706899052,apparel.women.pants,Ruskin & Fable,38.04,500000001,c62111cf86c08f2b662ccebc627ede4f
2023-06-29 13:33:11 UTC,view,2875921,1546390003792228747,footwear.sneakers,,158.44,500000001,c62111cf86c08f2b662ccebc627ede4f
2023-06-29 13:36:39 UTC,view,6245368,1558430393367643133,accessories.hats,Ashgrove,24.25,500000001,c62111cf86c08f2b662ccebc627ede4f
2023-06-29 20:18:58 UTC,view,6280890,1482972250706899052,apparel.women.pants,,24.7,500000001,68b4a3961e598386696e8d8730cb92a1
2023-06-29 20:23:51 UTC,view,2102225,1516173523019626745,apparel.women.dress,Vantree,33.35,500000001,68b4a3961e598386696e8d8730cb92a1
2023-06-29 20:24:13 UTC,view,8966163,1549623645531932356,,Solmara,78.24,500000001,68b4a3961e598386696e8d8730cb92a1
2023-06-29 20:37:48 UTC,view,8746636,1482972250706899052,,Oakspire,64.05,500000001,68b4a3961e598386696e8d8730cb92a1
2023-06-29 20:45:46 UTC,view,2102225,1516173523019626745,apparel.women.dress,,33.59,500000001,68b4a3961e598386696e8d8730cb92a1
2023-06-30 16:25:00 UTC,view,4236332,1482972250706899052,,,41.97,500000001,aef1f1bf9370ae444c28b0a6d19b8f32
2023-06-30 16:28:35 UTC,view,8966163,1549623645531932356,accessories.bags,Solmara,87.47,500000001,aef1f1bf9370ae444c28b0a6d19b8f32
2023-06-30 16:29:05 UTC,view,4994348,1549623645531932356,accessories.bags,,69.37,500000001,aef1f1bf9370ae444c28b0a6d19b8f32
2023-06-30 16:42:46 UTC,view,4194454,1482972250706899052,,Vantree,68.11,500000001,aef1f1bf9370ae444c28b0a6d19b8f32
2023-07-01 06:46:42 UTC,view,4747587,1482972250706899052,apparel.women.pants,,85.04,500000001,9accea1426c7caba190bd8eb07f5c00d
2023-07-01 06:48:08 UTC,view,9829417,1546390003792228747,footwear.sneakers,Bellcroft,119.8,500000001,9accea1426c7caba190bd8eb07f5c00d
2023-07-01 06:50:20 UTC,view,8758486,1516173523019626745,,,91.89,500000001,9accea1426c7caba190bd8eb07f5c00d
2023-07-01 06:58:57 UTC,view,7390450,1558364261414932063,apparel.women.top,,44.37,500000001,9accea1426c7caba190bd8eb07f5c00d
2023-07-01 06:59:55 UTC,view,7373415,1428548884811402817,apparel.men.shirt,Vantree,30.99,500000001,9accea1426c7caba190bd8eb07f5c00d
2023-07-01 07:02:26 UTC,view,1383693,1492821164472423496,apparel.men.jeans,Palewick,37.02,500000001,9accea1426c7caba190bd8eb07f5c00d
2023-07-01 07:03:00 UTC,view,8746636,1482972250706899052,apparel.women.pants,Oakspire,57.19,500000001,9accea1426c7caba190bd8eb07f5c00d
2023-07-01 08:55:24 UTC,view,2102225,1516173523019626745,apparel.women.dress,Vantree,36.06,500015891,837ac8fb7b98cbd5a03ca15dbc1a92dd
2023-07-01 08:55:45 UTC,view,6079235,1508136215129873133,apparel.kids.top,Bramholt,8.79,500015891,837ac8fb7b98cbd5a03ca15dbc1a92dd
2023-07-01 09:09:22 UTC,cart,5027667,1546390003792228747,footwear.sneakers,,114.75,500015891,837ac8fb7b98cbd5a03ca15dbc1a92dd
2023-07-01 09:09:26 UTC,view,7182700,1492821164472423496,apparel.men.jeans,,85.62,500015891,837ac8fb7b98cbd5a03ca15dbc1a92dd
2023-07-01 09:11:51 UTC,purchase,5027667,1546390003792228747,footwear.sneakers,,103.18,500015891,837ac8fb7b98cbd5a03ca15dbc1a92dd
2023-07-01 09:12:41 UTC,view,9829417,1546390003792228747,,Bellcroft,113.76,500015891,837ac8fb7b98cbd5a03ca15dbc1a92dd
2023-07-01 10:23:54 UTC,view,3124731,1558364261414932063,apparel.women.top,,28.82,500000001,f61eeb2e32fec5ccb519ec2a65ef3034
2023-07-01 10:24:11 UTC,view,4747587,1482972250706899052,apparel.women.pants,,79.74,500000001,f61eeb2e32fec5ccb519ec2a65ef3034
2023-07-01 10:33:37 UTC,view,4646091,1516173523019626745,apparel.women.dress,,65.38,500000001,f61eeb2e32fec5ccb519ec2a65ef3034
2023-07-01 10:34:23 UTC,view,8004216,1482972250706899052,,,37.48,500000001,f61eeb2e32fec5ccb519ec2a65ef3034
2023-07-01 11:58:20 UTC,view,9065490,1516173523019626745,apparel.women.dress,,104.99,500000001,f4f9ff712e1a69941d4e41649e914257
2023-07-01 11:58:37 UTC,view,6768228,1428548884811402817,apparel.men.shirt,,16.34,500000001,f4f9ff712e1a69941d4e41649e914257
2023-07-01 12:16:11 UTC,view,4705110,1428548884811402817,apparel.men.shirt,Ashgrove,19.94,500000001,f4f9ff712e1a69941d4e41649e914257
2023-07-01 12:18:07 UTC,view,4747587,1482972250706899052,apparel.women.pants,,74.15,500000001,f4f9ff712e1a69941d4e41649e914257
2023-07-01 12:21:52 UTC,view,8634461,1428548884811402817,apparel.men.shirt,Kestrel & Co,19.74,500000001,f4f9ff712e1a69941d4e41649e914257
2023-07-01 12:24:01 UTC,view,7660389,1508136215129873133,apparel.kids.top,,23.59,500000001,f4f9ff712e1a69941d4e41649e914257
2023-07-01 12:35:50 UTC,view,2404737,1516173523019626745,apparel.women.dress,,70.19,500000002,994e6c23fffe944c7f0b4057f0db5de4
2023-07-01 12:35:50 UTC,cart,4747587,1482972250706899052,apparel.women.pants,,77.7,500000002,994e6c23fffe944c7f0b4057f0db5de4
2023-07-01 12:37:46 UTC,view,1385609,1589407324608544585,apparel.women.outerwear,,127.49,500000002,994e6c23fffe944c7f0b4057f0db5de4
2023-07-01 12:37:56 UTC,view,7390450,1558364261414932063,apparel.women.top,,39.02,500000002,994e6c23fffe944c7f0b4057f0db5de4
2023-07-01 12:46:47 UTC,view,8721483,1558364261414932063,apparel.women.top,Norlend,37.3,500000002,994e6c23fffe944c7f0b4057f0db5de4
2023-07-01 14:22:55 UTC,view,8966163,1549623645531932356,accessories.bags,,91.69,500000020,1ce044bccc9da2a37ae14bedc78e6272
2023-07-01 14:38:00 UTC,view,7729308,1482972250706899052,apparel.women.pants,Ruskin & Fable,42.53,500000020,1ce044bccc9da2a37ae14bedc78e6272
2023-07-01 14:38:17 UTC,view,4170752,1519748099762056932,apparel.men.outerwear,Bramholt,211.81,500000020,1ce044bccc9da2a37ae14bedc78e6272
2023-07-01 20:15:05 UTC,view,8966163,1549623645531932356,accessories.bags,Solmara,91.02,500000080,d478816798ffe85bf7ad61ec7bcc3d1b
2023-07-01 20:19:01 UTC,view,8016491,1546390003792228747,footwear.sneakers,Vantree,144.07,500000080,d478816798ffe85bf7ad61ec7bcc3d1b
2023-07-01 20:30:47 UTC,view,7941277,1594728468612408249,accessories.jewelry,,53.8,500000080,d478816798ffe85bf7ad61ec7bcc3d1b
2023-07-01 20:35:01 UTC,view,9800243,1492821164472423496,apparel.men.jeans,Palewick,91.43,500000080,d478816798ffe85bf7ad61ec7bcc3d1b
2023-07-01 20:36:50 UTC,view,9319849,1472209747072745335,footwear.boots,Marlow Row,156.63,500000080,d478816798ffe85bf7ad61ec7bcc3d1b
2023-07-02 14:49:49 UTC,view,7826018,1558364261414932063,apparel.women.top,Cinderfox,14.66,500000003,e5c52392957dc765b09376ce3f7a9837
2023-07-02 14:52:04 UTC,view,1204442,1519748099762056932,,,105.9,500000003,e5c52392957dc765b09376ce3f7a9837
2023-07-02 14:57:24 UTC,view,8966163,1549623645531932356,accessories.bags,Solmara,83.07,500000003,e5c52392957dc765b09376ce3f7a9837
2023-07-02 15:06:29 UTC,view,1162680,1589407324608544585,apparel.women.outerwear,,201.82,500000003,e5c52392957dc765b09376ce3f7a9837
2023-07-02 19:39:36 UTC,view,4747587,1482972250706899052,apparel.women.pants,,71.23,500000001,7171571104f0a8c6590cb8a08e161c3f
2023-07-02 19:47:01 UTC,view,4747587,1482972250706899052,apparel.women.pants,,81.0,500000001,7171571104f0a8c6590cb8a08e161c3f
2023-07-02 19:48:07 UTC,view,9829417,1546390003792228747,,,121.52,500000001,7171571104f0a8c6590cb8a08e161c3f
2023-07-02 19:58:16 UTC,view,8966163,1549623645531932356,accessories.bags,Solmara,79.25,500000001,7171571104f0a8c6590cb8a08e161c3f
2023-07-02 23:40:00 UTC,view,3211935,1482972250706899052,apparel.women.pants,Vantree,60.16,500000001,5813eb7e2279b9c6fb4007b6c0bb8d01
2023-07-02 23:46:06 UTC,view,7801595,1589407324608544585,apparel.women.outerwear,Aldyne,91.93,500000001,5813eb7e2279b9c6fb4007b6c0bb8d01
2023-07-02 23:51:47 UTC,cart,3781033,1558364261414932063,apparel.women.top,,45.65,500000001,5813eb7e2279b9c6fb4007b6c0bb8d01
2023-07-02 23:52:33 UTC,purchase,3781033,1558364261414932063,apparel.women.top,Bellcroft,44.78,500000001,5813eb7e2279b9c6fb4007b6c0bb8d01
2023-07-03 14:34:34 UTC,view,9829417,1546390003792228747,footwear.sneakers,Bellcroft,123.2,500000002,46ce7e6fa4722fa6e3953aa3e4e49a4b
2023-07-03 14:38:33 UTC,view,2102225,1516173523019626745,apparel.women.dress,Vantree,32.27,500000002,46ce7e6fa4722fa6e3953aa3e4e49a4b
2023-07-03 14:39:22 UTC,view,4170752,1519748099762056932,apparel.men.outerwear,,202.73,500000002,46ce7e6fa4722fa6e3953aa3e4e49a4b
2023-07-03 14:41:27 UTC,view,7182700,1492821164472423496,apparel.men.jeans,,82.67,500000002,46ce7e6fa4722fa6e3953aa3e4e49a4b
2023-07-03 14:43:27 UTC,view,7567958,1516173523019626745,apparel.women.dress,,89.87,500000002,46ce7e6fa4722fa6e3953aa3e4e49a4b
2023-07-04 17:29:23 UTC,view,4663963,1428548884811402817,apparel.men.shirt,,35.91,500000001,2edeb8041a074783ab1564d492bce674
2023-07-04 17:42:07 UTC,view,3243048,1558364261414932063,apparel.women.top,Thistlewood,45.42,500000001,2edeb8041a074783ab1564d492bce674
2023-07-04 17:44:16 UTC,view,2993399,1546390003792228747,footwear.sneakers,Solmara,103.48,500000001,2edeb8041a074783ab1564d492bce674
2023-07-04 17:45:33 UTC,view,6362414,1558364261414932063,apparel.women.top,,21.29,500000001,2edeb8041a074783ab1564d492bce674
2023-07-04 17:55:23 UTC,view,9036326,1558430393367643133,,,7.75,500000001,2edeb8041a074783ab1564d492bce674
2023-07-05 18:15:44 UTC,view,7303637,1516173523019626745,apparel.women.dress,,72.5,500000001,5e5580bdf6bf31e265515b7810136e7d
2023-07-05 18:15:44 UTC,cart,7182700,1492821164472423496,apparel.men.jeans,,93.72,500000001,5e5580bdf6bf31e265515b7810136e7d
2023-07-05 18:20:30 UTC,purchase,7182700,1492821164472423496,apparel.men.jeans,,87.81,500000001,5e5580bdf6bf31e265515b7810136e7d
2023-07-06 13:01:32 UTC,view,7182700,1492821164472423496,apparel.men.jeans,,92.53,500000001,02dfb787888c2382b53c84455fcf1f19
2023-07-06 13:02:07 UTC,view,9319849,1472209747072745335,footwear.boots,,144.1,500000001,02dfb787888c2382b53c84455fcf1f19
2023-07-06 13:17:00 UTC,cart,8754194,1482972250706899052,apparel.women.pants,,51.56,500000001,02dfb787888c2382b53c84455fcf1f19
2023-07-06 13:20:59 UTC,view,9691291,1429628030847824846,footwear.sandals,,50.51,500000001,02dfb787888c2382b53c84455fcf1f19
2023-07-06 13:22:08 UTC,purchase,8754194,1482972250706899052,apparel.women.pants,Kestrel & Co,50.23,500000001,02dfb787888c2382b53c84455fcf1f19
2023-07-06 13:24:36 UTC,view,7182700,1492821164472423496,apparel.men.jeans,,93.86,500000001,02dfb787888c2382b53c84455fcf1f19
2023-07-06 13:25:25 UTC,view,5908484,1589407324608544585,apparel.women.outerwear,Aldyne,214.82,500000001,02dfb787888c2382b53c84455fcf1f19
2023-07-06 13:44:51 UTC,view,5678537,1472209747072745335,footwear.boots,,113.24,500000001,147124ecd615de7af651a1998e105b4a
2023-07-06 13:44:51 UTC,cart,1162680,1589407324608544585,apparel.women.outerwear,Kestrel & Co,201.9,500000001,147124ecd615de7af651a1998e105b4a
2023-07-06 13:49:18 UTC,purchase,1162680,1589407324608544585,apparel.women.outerwear,,207.72,500000001,147124ecd615de7af651a1998e105b4a
2023-07-06 18:48:44 UTC,view,4663963,1428548884811402817,,Greymont,36.63,500000004,49c59f05938f08376d829481c9c44c02
2023-07-06 18:53:48 UTC,view,4646091,1516173523019626745,apparel.women.dress,,71.17,500000004,49c59f05938f08376d829481c9c44c02
2023-07-06 19:04:53 UTC,view,3243048,1558364261414932063,apparel.women.top,Thistlewood,44.72,500000004,49c59f05938f08376d829481c9c44c02
2023-07-08 01:39:29 UTC,view,1430298,1519748099762056932,apparel.men.outerwear,,117.91,500000023,f8c116b33340449f04a2e00eeb8385ed
2023-07-08 01:41:06 UTC,view,8634461,1428548884811402817,apparel.men.shirt,Kestrel & Co,23.2,500000023,f8c116b33340449f04a2e00eeb8385ed
2023-07-08 01:48:50 UTC,view,6976349,1482972250706899052,apparel.women.pants,,44.85,500000023,f8c116b33340449f04a2e00eeb8385ed
2023-07-08 02:01:18 UTC,cart,8966163,1549623645531932356,accessories.bags,Solmara,88.18,500000023,f8c116b33340449f04a2e00eeb8385ed
2023-07-08 02:02:29 UTC,purchase,8966163,1549623645531932356,accessories.bags,Solmara,89.56,500000023,f8c116b33340449f04a2e00eeb8385ed
2023-07-08 09:50:29 UTC,view,3157737,1516173523019626745,apparel.women.dress,,89.26,500000001,2570ac4091402d7460e40b8fda647699
2023-07-08 09:55:58 UTC,view,5530296,1558364261414932063,,Greymont,29.46,500000001,2570ac4091402d7460e40b8fda647699
2023-07-08 10:00:26 UTC,view,8754194,1482972250706899052,apparel.women.pants,Kestrel & Co,52.83,500000001,2570ac4091402d7460e40b8fda647699
2023-07-08 17:00:28 UTC,view,8966163,1549623645531932356,accessories.bags,Solmara,79.43,500000002,e61e1df675f3cf256bdbec56c96e0a32
2023-07-08 17:03:47 UTC,view,4194454,1482972250706899052,,Vantree,70.58,500000002,e61e1df675f3cf256bdbec56c96e0a32
2023-07-08 17:07:41 UTC,view,5250988,1558364261414932063,apparel.women.top,Doverly,23.09,500000002,e61e1df675f3cf256bdbec56c96e0a32
2023-07-08 17:08:48 UTC,cart,4194454,1482972250706899052,apparel.women.pants,Vantree,60.12,500000002,e61e1df675f3cf256bdbec56c96e0a32
2023-07-08 17:09:57 UTC,purchase,4194454,1482972250706899052,apparel.women.pants,,66.4,500000002,e61e1df675f3cf256bdbec56c96e0a32
2023-07-08 17:12:32 UTC,view,8800984,1558364261414932063,apparel.women.top,,17.36,500000002,e61e1df675f3cf256bdbec56c96e0a32
2023-07-08 17:18:42 UTC,view,1029072,1482972250706899052,,Palewick,52.83,500000002,e61e1df675f3cf256bdbec56c96e0a32
2023-07-08 17:22:02 UTC,view,4762867,1594728468612408249,accessories.jewelry,Greymont,19.0,500000002,e61e1df675f3cf256bdbec56c96e0a32
2023-07-09 19:05:51 UTC,view,7630387,1558186846391920988,apparel.kids.outerwear,Greymont,28.47,500000003,4be78597438eec92940c8106dc41743c
2023-07-09 19:06:51 UTC,view,7182700,1492821164472423496,apparel.men.jeans,,94.34,500000003,4be78597438eec92940c8106dc41743c
2023-07-09 19:07:47 UTC,view,9841830,1508136215129873133,apparel.kids.top,Wrenfield,12.59,500000003,4be78597438eec92940c8106dc41743c
2023-07-09 19:09:52 UTC,cart,1260475,1589407324608544585,apparel.women.outerwear,Kestrel & Co,170.34,500000003,4be78597438eec92940c8106dc41743c
2023-07-09 19:13:56 UTC,view,1162680,1589407324608544585,apparel.women.outerwear,,209.65,500000003,4be78597438eec92940c8106dc41743c
2023-07-09 19:13:57 UTC,view,4747587,1482972250706899052,apparel.women.pants,,70.1,500000003,4be78597438eec92940c8106dc41743c
2023-07-09 19:14:42 UTC,view,1260475,1589407324608544585,apparel.women.outerwear,,191.4,500000003,4be78597438eec92940c8106dc41743c
2023-07-09 19:15:10 UTC,purchase,1260475,1589407324608544585,apparel.women.outerwear,Kestrel & Co,194.35,500000003,4be78597438eec92940c8106dc41743c
2023-07-09 19:20:22 UTC,view,2704704,1546390003792228747,footwear.sneakers,,104.07,500000003,4be78597438eec92940c8106dc41743c
2023-07-10 09:49:12 UTC,view,9755526,1589407324608544585,apparel.women.outerwear,Ashgrove,86.47,500000007,06089cfd9c4ef93537680238cba7ff3a
2023-07-10 09:52:11 UTC,view,7814384,1482972250706899052,apparel.women.pants,Palewick,67.62,500000007,06089cfd9c4ef93537680238cba7ff3a
2023-07-10 10:02:02 UTC,view,9829417,1546390003792228747,footwear.sneakers,Bellcroft,132.37,500000007,06089cfd9c4ef93537680238cba7ff3a
2023-07-10 10:15:53 UTC,view,4476707,1492821164472423496,apparel.men.jeans,,97.14,500000007,06089cfd9c4ef93537680238cba7ff3a
2023-07-10 11:18:09 UTC,view,8966163,1549623645531932356,accessories.bags,,84.71,500000002,fc7cceaa1cd7c5b0328115dcfe90455c
2023-07-10 11:25:26 UTC,cart,1428173,1589407324608544585,apparel.women.outerwear,,118.08,500000002,fc7cceaa1cd7c5b0328115dcfe90455c
2023-07-10 11:27:53 UTC,view,8966163,1549623645531932356,accessories.bags,Solmara,86.82,500000002,fc7cceaa1cd7c5b0328115dcfe90455c
2023-07-10 11:27:56 UTC,view,4747587,1482972250706899052,apparel.women.pants,,78.27,500000002,fc7cceaa1cd7c5b0328115dcfe90455c
2023-07-10 11:28:34 UTC,purchase,1428173,1589407324608544585,apparel.women.outerwear,,110.99,500000002,fc7cceaa1cd7c5b0328115dcfe90455c
2023-07-10 11:39:17 UTC,view,3428363,1516173523019626745,apparel.women.dress,,77.49,500000002,fc7cceaa1cd7c5b0328115dcfe90455c
2023-07-10 11:44:18 UTC,view,9800243,1492821164472423496,apparel.men.jeans,Palewick,87.35,500000002,fc7cceaa1cd7c5b0328115dcfe90455c
2023-07-10 11:45:47 UTC,view,5315329,1558364261414932063,apparel.women.top,,41.2,500000002,fc7cceaa1cd7c5b0328115dcfe90455c
2023-07-10 12:10:45 UTC,view,6854023,1549623645531932356,accessories.bags,Doverly,152.5,500000002,888f59132087d3930c9f4fa282bea21c
2023-07-10 12:23:22 UTC,view,3428363,1516173523019626745,apparel.women.dress,,75.5,500000002,888f59132087d3930c9f4fa282bea21c
2023-07-10 12:25:41 UTC,view,7182700,1492821164472423496,apparel.men.jeans,,87.52,500000002,888f59132087d3930c9f4fa282bea21c
2023-07-10 12:27:33 UTC,view,9319849,1472209747072745335,footwear.boots,Marlow Row,149.61,500000002,888f59132087d3930c9f4fa282bea21c
2023-07-10 12:28:34 UTC,cart,8966163,1549623645531932356,,Solmara,82.26,500000002,888f59132087d3930c9f4fa282bea21c
2023-07-10 12:33:52 UTC,purchase,8966163,1549623645531932356,accessories.bags,,81.43,500000002,888f59132087d3930c9f4fa282bea21c
2023-07-10 13:10:39 UTC,view,3583619,1558430393367643133,accessories.hats,,26.84,500000024,1f14adbe63df5abe9caabf05c89bc4ff
2023-07-10 13:24:12 UTC,view,1204442,1519748099762056932,,Marlow Row,104.7,500000024,1f14adbe63df5abe9caabf05c89bc4ff
2023-07-10 13:24:28 UTC,view,9755526,1589407324608544585,apparel.women.outerwear,,83.76,500000024,1f14adbe63df5abe9caabf05c89bc4ff
2023-07-10 13:30:59 UTC,cart,8634461,1428548884811402817,apparel.men.shirt,,22.24,500000024,1f14adbe63df5abe9caabf05c89bc4ff
2023-07-10 13:31:02 UTC,view,6362414,1558364261414932063,apparel.women.top,,22.31,500000024,1f14adbe63df5abe9caabf05c89bc4ff
2023-07-10 13:35:49 UTC,purchase,8634461,1428548884811402817,apparel.men.shirt,,20.69,500000024,1f14adbe63df5abe9caabf05c89bc4ff
2023-07-10 22:11:42 UTC,view,8966163,1549623645531932356,accessories.bags,Solmara,81.06,500000002,7fc2f547966747a4c2540b3426a8748a
2023-07-10 22:25:01 UTC,view,9645778,1558186846391920988,apparel.kids.outerwear,,29.61,500000002,7fc2f547966747a4c2540b3426a8748a
2023-07-10 22:33:59 UTC,view,2102225,1516173523019626745,,Vantree,38.03,500000002,7fc2f547966747a4c2540b3426a8748a
11/07/2023 09:18,view,5114384,1558186846391920988,apparel.kids.outerwear,,26.22,500000003,d4e0ccae9c8d0185a7c1fdf48a57b161
2023-07-11 09:21:15 UTC,view,5781989,1482972250706899052,apparel.women.pants,Wrenfield,82.41,500000003,d4e0ccae9c8d0185a7c1fdf48a57b161
2023-07-11 09:26:52 UTC,view,1099410,1558430393367643133,accessories.hats,Norlend,15.13,500000003,d4e0ccae9c8d0185a7c1fdf48a57b161
2023-07-11 09:34:15 UTC,view,8966163,1549623645531932356,accessories.bags,,78.19,500000003,d4e0ccae9c8d0185a7c1fdf48a57b161
2023-07-11 09:42:24 UTC,view,1162680,1589407324608544585,apparel.women.outerwear,Kestrel & Co,225.7,500000003,d4e0ccae9c8d0185a7c1fdf48a57b161
2023-07-11 09:43:48 UTC,view,4747587,1482972250706899052,apparel.women.pants,,82.08,500000003,d4e0ccae9c8d0185a7c1fdf48a57b161
2023-07-11 10:38:52 UTC,view,6693651,1482972250706899052,apparel.women.pants,Cinderfox,36.52,500000050,34de7befc3bc04e331ca81d3fa3ac8af
2023-07-11 10:50:32 UTC,view,2102225,1516173523019626745,apparel.women.dress,Vantree,32.31,500000050,34de7befc3bc04e331ca81d3fa3ac8af
2023-07-11 10:57:53 UTC,view,8966163,1549623645531932356,,Solmara,81.89,500000050,34de7befc3bc04e331ca81d3fa3ac8af
2023-07-11 11:03:32 UTC,view,4747587,1482972250706899052,,,82.07,500000050,34de7befc3bc04e331ca81d3fa3ac8af
2023-07-11 18:20:38 UTC,view,5599767,1558364261414932063,,Ferncastle,14.89,500000009,1658dc3e2b2b201d04ba888dd9f9bcba
2023-07-11 18:20:49 UTC,view,6960004,1549623645531932356,accessories.bags,,47.03,500000009,1658dc3e2b2b201d04ba888dd9f9bcba
2023-07-11 21:34:58 UTC,view,7171122,1558186846391920988,apparel.kids.outerwear,Harlow Vale,71.43,500000003,81dc353b897e3cea33a307da3af12176
2023-07-11 21:42:10 UTC,view,9691291,1429628030847824846,footwear.sandals,,51.27,500000003,81dc353b897e3cea33a307da3af12176
2023-07-11 21:56:53 UTC,view,5114384,1558186846391920988,apparel.kids.outerwear,,29.03,500000003,81dc353b897e3cea33a307da3af12176
2023-07-12 10:20:33 UTC,view,4194454,1482972250706899052,apparel.women.pants,Vantree,72.28,500000004,1a402e5c5b85ee42245fe0129840ad5b
2023-07-12 10:33:17 UTC,view,2102225,1516173523019626745,apparel.women.dress,,34.23,500000004,1a402e5c5b85ee42245fe0129840ad5b
2023-07-12 10:37:38 UTC,view,4143393,1519748099762056932,apparel.men.outerwear,Marlow Row,218.1,500000004,1a402e5c5b85ee42245fe0129840ad5b
2023-07-12 10:39:59 UTC,view,4747587,1482972250706899052,apparel.women.pants,,83.6,500000004,1a402e5c5b85ee42245fe0129840ad5b
2023-07-12 17:14:03 UTC,view,5131367,1549623645531932356,accessories.bags,,33.29,500000001,6c54f829a5098c0173058de4a6d520c7
2023-07-12 17:16:07 UTC,view,8966163,1549623645531932356,,Solmara,83.84,500000001,6c54f829a5098c0173058de4a6d520c7
2023-07-12 17:31:24 UTC,cart,9829417,1546390003792228747,footwear.sneakers,Bellcroft,124.03,500000001,6c54f829a5098c0173058de4a6d520c7
2023-07-12 17:34:39 UTC,purchase,9829417,1546390003792228747,footwear.sneakers,,120.93,500000001,6c54f829a5098c0173058de4a6d520c7
2023-07-12 17:37:01 UTC,view,1356979,1482972250706899052,apparel.women.pants,,31.12,500000001,6c54f829a5098c0173058de4a6d520c7
2023-07-13 14:28:52 UTC,view,5068008,1558364261414932063,apparel.women.top,,17.14,500000073,f5b4171d7abd46deb242bf945fbd7a4c
2023-07-13 14:31:52 UTC,view,3487534,1429628030847824846,footwear.sandals,Bellcroft,22.01,500000073,f5b4171d7abd46deb242bf945fbd7a4c
2023-07-13 14:33:34 UTC,cart,7182700,1492821164472423496,apparel.men.jeans,,84.08,500000073,f5b4171d7abd46deb242bf945fbd7a4c
2023-07-13 14:34:07 UTC,view,3689249,1428548884811402817,apparel.men.shirt,Greymont,42.66,500000073,f5b4171d7abd46deb242bf945fbd7a4c
2023-07-13 14:34:44 UTC,view,8966163,1549623645531932356,accessories.bags,,82.62,500000073,f5b4171d7abd46deb242bf945fbd7a4c
2023-07-13 14:37:08 UTC,view,8966163,1549623645531932356,accessories.bags,Solmara,91.51,500000073,f5b4171d7abd46deb242bf945fbd7a4c
2023-07-13 14:37:24 UTC,purchase,7182700,1492821164472423496,apparel.men.jeans,,86.14,500000073,f5b4171d7abd46deb242bf945fbd7a4c
2023-07-13 18:40:58 UTC,view,9829417,1546390003792228747,footwear.sneakers,Bellcroft,136.63,500000001,9c0125bd980ba3ab19324705b6037717
2023-07-13 18:47:20 UTC,view,3243048,1558364261414932063,apparel.women.top,Thistlewood,47.2,500000001,9c0125bd980ba3ab19324705b6037717
2023-07-13 18:54:02 UTC,view,8966163,1549623645531932356,accessories.bags,,85.25,500000001,9c0125bd980ba3ab19324705b6037717
2023-07-13 18:58:12 UTC,view,1092786,1558430393367643133,accessories.hats,Thistlewood,10.38,500000001,9c0125bd980ba3ab19324705b6037717
2023-07-13 19:06:23 UTC,view,9800243,1492821164472423496,,Palewick,82.49,500000001,9c0125bd980ba3ab19324705b6037717
2023-07-13 19:43:35 UTC,view,4747587,1482972250706899052,apparel.women.pants,,81.15,500000005,1cce86a4334d971034998f2d189773b9
2023-07-13 19:45:35 UTC,view,9075437,1558364261414932063,apparel.women.top,,28.68,500000005,1cce86a4334d971034998f2d189773b9
2023-07-13 19:46:05 UTC,view,6079235,1508136215129873133,apparel.kids.top,Bramholt,8.64,500000005,1cce86a4334d971034998f2d189773b9
2023-07-13 19:50:07 UTC,view,6520765,1546390003792228747,footwear.sneakers,Marlow Row,68.7,500000005,1cce86a4334d971034998f2d189773b9
2023-07-13 19:56:28 UTC,view,9755526,1589407324608544585,apparel.women.outerwear,Ashgrove,89.02,500000005,1cce86a4334d971034998f2d189773b9
2023-07-13 21:37:42 UTC,view,8966163,1549623645531932356,accessories.bags,Solmara,77.05,500000004,52b6026da910d42b549a5accfd6460f0
2023-07-13 21:46:28 UTC,view,7182700,1492821164472423496,apparel.men.jeans,,86.28,500000004,52b6026da910d42b549a5accfd6460f0
2023-07-13 21:52:47 UTC,view,7567958,1516173523019626745,apparel.women.dress,,98.33,500000004,52b6026da910d42b549a5accfd6460f0
2023-07-13 22:02:57 UTC,view,3676700,1558186846391920988,apparel.kids.outerwear,Oakspire,75.25,500000004,52b6026da910d42b549a5accfd6460f0
2023-07-15 12:24:08 UTC,view,5250988,1558364261414932063,,Doverly,23.11,500000006,5654792284443b690bdf9b19da0155a1
2023-07-15 12:29:49 UTC,cart,7182700,1492821164472423496,,,84.69,500000006,5654792284443b690bdf9b19da0155a1
2023-07-15 12:34:25 UTC,purchase,7182700,1492821164472423496,,,96.97,500000006,5654792284443b690bdf9b19da0155a1
2023-07-15 12:42:25 UTC,view,9829417,1546390003792228747,,Bellcroft,133.83,500000006,5654792284443b690bdf9b19da0155a1
2023-07-15 12:44:27 UTC,view,8966163,1549623645531932356,accessories.bags,Solmara,78.13,500000006,5654792284443b690bdf9b19da0155a1
2023-07-15 12:53:35 UTC,view,3163829,1558364261414932063,apparel.women.top,Marlow Row,40.41,500000001,7dbfba5a69657aef27e7574e29019a13
2023-07-15 13:10:33 UTC,view,4747587,1482972250706899052,apparel.women.pants,,71.11,500000001,7dbfba5a69657aef27e7574e29019a13
2023-07-15 13:17:35 UTC,view,4747587,1482972250706899052,,,70.76,500000001,7dbfba5a69657aef27e7574e29019a13
2023-07-15 20:52:44 UTC,view,2102225,1516173523019626745,apparel.women.dress,Vantree,34.32,500000028,c263e7f8c1caf8cc2c9f0e78b4d31d46
2023-07-15 20:59:35 UTC,view,7182700,1492821164472423496,apparel.men.jeans,,86.48,500000028,c263e7f8c1caf8cc2c9f0e78b4d31d46
2023-07-15 21:06:20 UTC,view,1260475,1589407324608544585,apparel.women.outerwear,Kestrel & Co,185.22,500000028,c263e7f8c1caf8cc2c9f0e78b4d31d46
15/07/2023 21:54,view,8758486,1516173523019626745,apparel.women.dress,,88.98,500000001,96386dc10d5d7f6d724953112d7f7cf6
2023-07-15 21:59:52 UTC,view,8966163,1549623645531932356,accessories.bags,,88.75,500000001,96386dc10d5d7f6d724953112d7f7cf6
2023-07-15 22:06:52 UTC,view,8966163,1549623645531932356,accessories.bags,Solmara,81.15,500000001,96386dc10d5d7f6d724953112d7f7cf6
2023-07-15 22:17:06 UTC,view,4489659,1516173523019626745,,Milbrook,54.93,500000001,96386dc10d5d7f6d724953112d7f7cf6
2023-07-15 22:19:29 UTC,view,2102225,1516173523019626745,apparel.women.dress,,33.31,500000001,96386dc10d5d7f6d724953112d7f7cf6
2023-07-16 00:26:39 UTC,view,1854723,1429628030847824846,footwear.sandals,Greymont,46.8,500000004,738f5716c5aa4d6462cb90a46b7e8263
2023-07-16 00:32:14 UTC,view,7275086,1558186846391920988,apparel.kids.outerwear,,58.24,500000004,738f5716c5aa4d6462cb90a46b7e8263
2023-07-16 00:33:06 UTC,view,4365384,1519748099762056932,apparel.men.outerwear,,189.01,500000004,738f5716c5aa4d6462cb90a46b7e8263
2023-07-16 00:35:05 UTC,view,8966163,1549623645531932356,accessories.bags,Solmara,77.47,500000004,738f5716c5aa4d6462cb90a46b7e8263
2023-07-16 05:30:02 UTC,view,4170752,1519748099762056932,apparel.men.outerwear,Bramholt,210.54,500000041,3646b5df6e7668c66e3b08a3a408d7e5
2023-07-16 05:30:02 UTC,cart,3163829,1558364261414932063,apparel.women.top,Marlow Row,45.2,500000041,3646b5df6e7668c66e3b08a3a408d7e5
2023-07-16 05:30:09 UTC,view,4720552,1428548884811402817,apparel.men.shirt,Palewick,17.6,500000041,3646b5df6e7668c66e3b08a3a408d7e5
2023-07-16 05:30:33 UTC,view,7182700,1492821164472423496,apparel.men.jeans,,82.95,500000041,3646b5df6e7668c66e3b08a3a408d7e5
2023-07-16 05:33:42 UTC,purchase,3163829,1558364261414932063,apparel.women.top,Marlow Row,39.53,500000041,3646b5df6e7668c66e3b08a3a408d7e5
2023-07-16 05:46:37 UTC,view,4705110,1428548884811402817,apparel.men.shirt,,21.5,500000041,3646b5df6e7668c66e3b08a3a408d7e5
2023-07-16 05:57:13 UTC,view,9118832,1589407324608544585,apparel.women.outerwear,,156.74,500000041,3646b5df6e7668c66e3b08a3a408d7e5
16/07/2023 05:58,view,8966163,1549623645531932356,accessories.bags,Solmara,89.92,500000041,3646b5df6e7668c66e3b08a3a408d7e5
2023-07-16 08:56:53 UTC,view,4098324,1558364261414932063,,Norlend,20.37,500000001,6ac21387954d00e0dd20c91f7c907bb7
2023-07-16 09:05:21 UTC,view,8754194,1482972250706899052,apparel.women.pants,Kestrel & Co,51.0,500000001,6ac21387954d00e0dd20c91f7c907bb7
2023-07-16 09:09:47 UTC,view,3243048,1558364261414932063,apparel.women.top,Thistlewood,43.33,500000001,6ac21387954d00e0dd20c91f7c907bb7
2023-07-16 09:11:22 UTC,cart,3243048,1558364261414932063,apparel.women.top,Thistlewood,46.31,500000001,6ac21387954d00e0dd20c91f7c907bb7
2023-07-16 09:11:57 UTC,purchase,3243048,1558364261414932063,apparel.women.top,Thistlewood,41.18,500000001,6ac21387954d00e0dd20c91f7c907bb7
2023-07-16 09:13:16 UTC,view,9748139,1594728468612408249,accessories.jewelry,,21.19,500000001,6ac21387954d00e0dd20c91f7c907bb7
2023-07-16 12:50:26 UTC,view,4747587,1482972250706899052,,,83.93,500000967,2c6db5402afa66a860dae5a07eb90633
2023-07-16 12:52:15 UTC,view,5678537,1472209747072745335,footwear.boots,,112.75,500000967,2c6db5402afa66a860dae5a07eb90633
2023-07-16 13:11:34 UTC,view,9829417,1546390003792228747,footwear.sneakers,Bellcroft,118.24,500000967,2c6db5402afa66a860dae5a07eb90633
2023-07-16 13:13:43 UTC,view,8966163,1549623645531932356,accessories.bags,Solmara,80.52,500000967,2c6db5402afa66a860dae5a07eb90633
2023-07-17 09:59:01 UTC,view,3289377,1546390003792228747,footwear.sneakers,,67.61,500000002,0bd23f9376792d7ab70c280a1e9892f3
2023-07-17 09:59:01 UTC,cart,6362414,1558364261414932063,apparel.women.top,Ferncastle,21.76,500000002,0bd23f9376792d7ab70c280a1e9892f3
2023-07-17 10:02:38 UTC,view,8634461,1428548884811402817,apparel.men.shirt,Kestrel & Co,21.73,500000002,0bd23f9376792d7ab70c280a1e9892f3
2023-07-18 15:17:02 UTC,view,1029072,1482972250706899052,apparel.women.pants,,54.68,500000002,7f99ab2454df51dd4a4a8040dfdfd7c5
2023-07-18 15:19:17 UTC,view,8966163,1549623645531932356,accessories.bags,Solmara,76.53,500000002,7f99ab2454df51dd4a4a8040dfdfd7c5
2023-07-18 15:19:53 UTC,view,8634461,1428548884811402817,apparel.men.shirt,Kestrel & Co,20.98,500000002,7f99ab2454df51dd4a4a8040dfdfd7c5
2023-07-18 15:23:44 UTC,view,3428363,1516173523019626745,,,75.1,500000002,7f99ab2454df51dd4a4a8040dfdfd7c5
2023-07-18 16:40:55 UTC,view,3676700,1558186846391920988,apparel.kids.outerwear,Oakspire,69.1,500000001,eaa07658c7f2276a2fb7e4e4a4e18364
2023-07-18 16:40:55 UTC,cart,5711182,1546390003792228747,footwear.sneakers,Oakspire,78.63,500000001,eaa07658c7f2276a2fb7e4e4a4e18364
2023-07-18 16:42:39 UTC,purchase,5711182,1546390003792228747,footwear.sneakers,Oakspire,82.69,500000001,eaa07658c7f2276a2fb7e4e4a4e18364
2023-07-18 16:44:53 UTC,view,8966163,1549623645531932356,accessories.bags,,91.58,500000001,0638998f1aa539593a01f13ad96336fb
2023-07-18 16:45:39 UTC,view,2295523,1516173523019626745,apparel.women.dress,,42.18,500000001,0638998f1aa539593a01f13ad96336fb
2023-07-18 17:06:44 UTC,view,8634461,1428548884811402817,apparel.men.shirt,Kestrel & Co,22.42,500000001,0638998f1aa539593a01f13ad96336fb
2023-07-18 17:06:51 UTC,view,7429245,1428548884811402817,apparel.men.shirt,Ashgrove,14.49,500000001,0638998f1aa539593a01f13ad96336fb
2023-07-18 17:07:27 UTC,view,5852256,1594728468612408249,accessories.jewelry,,48.57,500000001,0638998f1aa539593a01f13ad96336fb
2023-07-18 17:08:18 UTC,view,9118281,1558364261414932063,apparel.women.top,,18.6,500000001,0638998f1aa539593a01f13ad96336fb
2023-07-18 17:11:23 UTC,cart,7567958,1516173523019626745,apparel.women.dress,,82.52,500000001,0638998f1aa539593a01f13ad96336fb
2023-07-18 17:13:20 UTC,purchase,7567958,1516173523019626745,apparel.women.dress,,95.4,500000001,0638998f1aa539593a01f13ad96336fb
2023-07-18 18:40:54 UTC,view,9040237,1472209747072745335,footwear.boots,,121.57,500000001,f90d787ae43f5719a220582715a0ebfd
2023-07-18 18:42:28 UTC,view,3002277,1558364261414932063,apparel.women.top,Harlow Vale,43.24,500000001,f90d787ae43f5719a220582715a0ebfd
2023-07-18 18:48:33 UTC,view,8966163,1549623645531932356,accessories.bags,,81.6,500000001,f90d787ae43f5719a220582715a0ebfd
2023-07-18 18:52:12 UTC,view,2102225,1516173523019626745,apparel.women.dress,Vantree,33.78,500000001,f90d787ae43f5719a220582715a0ebfd
2023-07-19 07:42:19 UTC,view,6079235,1508136215129873133,apparel.kids.top,Bramholt,9.14,500000001,7664e90692a770541899d950c7b7b6d1
2023-07-19 07:42:38 UTC,view,6079235,1508136215129873133,apparel.kids.top,,10.2,500000001,7664e90692a770541899d950c7b7b6d1
2023-07-19 07:45:39 UTC,view,1080071,1429628030847824846,,Oakspire,36.17,500000001,7664e90692a770541899d950c7b7b6d1
2023-07-19 07:59:04 UTC,view,9755526,1589407324608544585,apparel.women.outerwear,Ashgrove,89.21,500000001,7664e90692a770541899d950c7b7b6d1
2023-07-20 00:22:44 UTC,view,9829417,1546390003792228747,footwear.sneakers,,115.49,500000001,e4f228f8d365442310b750b48477f737
2023-07-20 00:27:42 UTC,view,8966163,1549623645531932356,accessories.bags,Solmara,81.65,500000001,e4f228f8d365442310b750b48477f737
2023-07-20 00:33:55 UTC,view,8966163,1549623645531932356,accessories.bags,Solmara,92.89,500000001,e4f228f8d365442310b750b48477f737
2023-07-20 00:34:47 UTC,view,7622260,1516173523019626745,apparel.women.dress,Ashgrove,97.04,500000001,e4f228f8d365442310b750b48477f737
2023-07-20 00:38:00 UTC,view,5234930,1589407324608544585,apparel.women.outerwear,,168.11,500000001,e4f228f8d365442310b750b48477f737
2023-07-20 00:43:19 UTC,view,8966163,1549623645531932356,accessories.bags,,93.19,500000001,e4f228f8d365442310b750b48477f737
2023-07-20 17:27:58 UTC,view,6520765,1546390003792228747,footwear.sneakers,Marlow Row,63.57,500000006,9622e5358af89ba7cebd42b980ad27a4
2023-07-20 17:29:23 UTC,view,6362414,1558364261414932063,apparel.women.top,Ferncastle,21.61,500000006,9622e5358af89ba7cebd42b980ad27a4
2023-07-20 17:46:50 UTC,view,2295523,1516173523019626745,apparel.women.dress,,47.17,500000006,9622e5358af89ba7cebd42b980ad27a4
2023-07-20 17:50:54 UTC,view,9040237,1472209747072745335,footwear.boots,,113.3,500000006,9622e5358af89ba7cebd42b980ad27a4
2023-07-21 09:18:22 UTC,view,6497266,1558430393367643133,accessories.hats,Doverly,10.02,500000001,d9918e212b6a86e8dbeaf5222028157c
2023-07-21 09:18:29 UTC,view,6693651,1482972250706899052,apparel.women.pants,Cinderfox,30.76,500000001,d9918e212b6a86e8dbeaf5222028157c
2023-07-21 09:37:08 UTC,view,9829417,1546390003792228747,footwear.sneakers,,132.37,500000001,d9918e212b6a86e8dbeaf5222028157c
2023-07-21 09:37:26 UTC,view,8966163,1549623645531932356,accessories.bags,,90.52,500000001,d9918e212b6a86e8dbeaf5222028157c
2023-07-21 09:37:39 UTC,cart,2317989,1482972250706899052,apparel.women.pants,Palewick,62.68,500000001,d9918e212b6a86e8dbeaf5222028157c
2023-07-21 09:39:37 UTC,remove_from_cart,2317989,1482972250706899052,apparel.women.pants,Palewick,57.39,500000001,d9918e212b6a86e8dbeaf5222028157c
2023-07-21 14:29:36 UTC,view,4747587,1482972250706899052,apparel.women.pants,,75.61,500000024,4451710523c384c8f9287eba9e961de8
2023-07-21 14:35:42 UTC,view,3240903,1549623645531932356,accessories.bags,,76.06,500000024,4451710523c384c8f9287eba9e961de8
2023-07-21 14:37:14 UTC,view,5114384,1558186846391920988,apparel.kids.outerwear,Kestrel & Co,26.13,500000024,4451710523c384c8f9287eba9e961de8
2023-07-22 01:15:50 UTC,view,8966163,1549623645531932356,accessories.bags,Solmara,88.11,500000004,10d61ce955dbec35c97f3be555122009
2023-07-22 01:25:59 UTC,view,9388289,1589407324608544585,apparel.women.outerwear,Milbrook,73.76,500000004,10d61ce955dbec35c97f3be555122009
2023-07-22 12:20:10 UTC,view,3243048,1558364261414932063,apparel.women.top,Thistlewood,41.9,500000005,4fb527d9f0a5b0202e08c4e465e5b0b2
2023-07-22 12:20:45 UTC,view,5186154,1516173523019626745,apparel.women.dress,Doverly,93.6,500000005,4fb527d9f0a5b0202e08c4e465e5b0b2
2023-07-22 12:27:35 UTC,view,5908484,1589407324608544585,apparel.women.outerwear,Aldyne,209.28,500000005,4fb527d9f0a5b0202e08c4e465e5b0b2
2023-07-22 12:28:16 UTC,view,8966163,1549623645531932356,accessories.bags,Solmara,79.44,500000005,4fb527d9f0a5b0202e08c4e465e5b0b2
2023-07-22 19:24:21 UTC,view,5212958,1516173523019626745,apparel.women.dress,,113.78,500000018,5ea3b697288b0492b30b2891d3ec3c72
2023-07-23 10:42:10 UTC,view,1099410,1558430393367643133,accessories.hats,Norlend,17.03,500000103,20d9844ed4b6cbea05a9d4dfd53f873f
2023-07-23 10:46:36 UTC,view,7106580,1428548884811402817,apparel.men.shirt,,36.3,500000103,20d9844ed4b6cbea05a9d4dfd53f873f
2023-07-23 10:46:49 UTC,view,5599767,1558364261414932063,apparel.women.top,Ferncastle,14.41,500000103,20d9844ed4b6cbea05a9d4dfd53f873f
2023-07-23 10:51:19 UTC,view,4476707,1492821164472423496,apparel.men.jeans,,88.2,500000103,20d9844ed4b6cbea05a9d4dfd53f873f
2023-07-23 11:04:16 UTC,view,4170752,1519748099762056932,apparel.men.outerwear,Bramholt,202.44,500000103,20d9844ed4b6cbea05a9d4dfd53f873f
2023-07-23 12:49:10 UTC,view,7212311,1594728468612408249,accessories.jewelry,,47.81,500000001,9159104c42e71265012b2e41eed03122
2023-07-23 12:55:54 UTC,view,3533080,1519748099762056932,apparel.men.outerwear,,115.5,500000001,9159104c42e71265012b2e41eed03122
2023-07-23 13:07:05 UTC,view,4762867,1594728468612408249,,Greymont,17.19,500000001,9159104c42e71265012b2e41eed03122
2023-07-23 13:08:55 UTC,view,3817121,1482972250706899052,apparel.women.pants,,72.8,500000001,9159104c42e71265012b2e41eed03122
2023-07-23 18:48:43 UTC,view,3330012,1428548884811402817,apparel.men.shirt,,18.24,500000003,ca0912a69efffb212e0d237420415673
2023-07-23 18:51:56 UTC,view,1079923,1516173523019626745,apparel.women.dress,,102.83,500000003,ca0912a69efffb212e0d237420415673
2023-07-23 18:53:26 UTC,cart,8966163,1549623645531932356,accessories.bags,,81.52,500000003,ca0912a69efffb212e0d237420415673
2023-07-23 21:59:45 UTC,view,8966163,1549623645531932356,accessories.bags,Solmara,88.51,500000001,bda5a9126629476b2383351226b37c0a
2023-07-23 22:09:38 UTC,view,4646091,1516173523019626745,apparel.women.dress,,66.2,500000001,bda5a9126629476b2383351226b37c0a
2023-07-23 22:17:30 UTC,view,8966163,1549623645531932356,accessories.bags,,83.4,500000001,bda5a9126629476b2383351226b37c0a
2023-07-23 22:23:01 UTC,cart,9748139,1594728468612408249,accessories.jewelry,Ferncastle,19.67,500000001,bda5a9126629476b2383351226b37c0a
2023-07-23 22:23:14 UTC,view,3243048,1558364261414932063,apparel.women.top,,40.46,500000001,bda5a9126629476b2383351226b37c0a
2023-07-23 22:26:45 UTC,view,9118281,1558364261414932063,,Solmara,16.64,500000001,bda5a9126629476b2383351226b37c0a
2023-07-23 22:29:16 UTC,purchase,9748139,1594728468612408249,accessories.jewelry,Ferncastle,22.08,500000001,bda5a9126629476b2383351226b37c0a
2023-07-24 10:13:55 UTC,view,8966163,1549623645531932356,,,85.47,500000001,c1a7ba28bccd8eebbfafdc88ad61f8ae
2023-07-24 10:18:32 UTC,view,8966163,1549623645531932356,accessories.bags,,80.54,500000001,c1a7ba28bccd8eebbfafdc88ad61f8ae
2023-07-24 10:26:22 UTC,view,5466720,1519748099762056932,,Bramholt,110.25,500000001,c1a7ba28bccd8eebbfafdc88ad61f8ae
2023-07-25 00:52:10 UTC,view,9065490,1516173523019626745,apparel.women.dress,Aldyne,109.38,500002833,6dc15de29f030cf0b4c831cd70afc3a5
2023-07-25 00:53:29 UTC,view,9075437,1558364261414932063,apparel.women.top,Cinderfox,25.96,500002833,6dc15de29f030cf0b4c831cd70afc3a5
2023-07-25 01:01:55 UTC,view,7729308,1482972250706899052,apparel.women.pants,Ruskin & Fable,40.46,500002833,6dc15de29f030cf0b4c831cd70afc3a5
2023-07-25 01:04:27 UTC,cart,4705110,1428548884811402817,apparel.men.shirt,Ashgrove,20.68,500002833,6dc15de29f030cf0b4c831cd70afc3a5
2023-07-25 01:06:08 UTC,purchase,4705110,1428548884811402817,apparel.men.shirt,Ashgrove,20.15,500002833,6dc15de29f030cf0b4c831cd70afc3a5
2023-07-25 01:10:24 UTC,view,7255659,1492821164472423496,,Norlend,95.95,500002833,6dc15de29f030cf0b4c831cd70afc3a5
2023-07-25 11:12:11 UTC,view,2102225,1516173523019626745,apparel.women.dress,Vantree,33.98,500000007,8eb02b94a1be660cb0718ed8ad526c09
2023-07-25 11:12:11 UTC,cart,3817121,1482972250706899052,apparel.women.pants,Ferncastle,76.03,500000007,8eb02b94a1be660cb0718ed8ad526c09
2023-07-25 11:13:39 UTC,view,9118281,1558364261414932063,apparel.women.top,Solmara,18.18,500000007,8eb02b94a1be660cb0718ed8ad526c09
2023-07-25 11:16:33 UTC,view,2102225,1516173523019626745,apparel.women.dress,Vantree,35.4,500000007,8eb02b94a1be660cb0718ed8ad526c09
2023-07-25 11:23:35 UTC,purchase,3817121,1482972250706899052,apparel.women.pants,,78.73,500000007,8eb02b94a1be660cb0718ed8ad526c09
2023-07-25 15:59:07 UTC,view,3428363,1516173523019626745,apparel.women.dress,,68.02,500047212,e9f46940f8d83ba3114136c93197c452
2023-07-25 15:59:19 UTC,view,7303637,1516173523019626745,apparel.women.dress,,79.25,500047212,e9f46940f8d83ba3114136c93197c452
2023-07-25 16:00:24 UTC,view,3301602,1594728468612408249,accessories.jewelry,Vantree,38.85,500047212,e9f46940f8d83ba3114136c93197c452
2023-07-25 16:01:17 UTC,view,4705110,1428548884811402817,,Ashgrove,19.39,500047212,e9f46940f8d83ba3114136c93197c452
2023-07-25 16:05:07 UTC,cart,3163829,1558364261414932063,apparel.women.top,Marlow Row,40.98,500047212,e9f46940f8d83ba3114136c93197c452
2023-07-25 16:06:50 UTC,view,6079235,1508136215129873133,apparel.kids.top,,9.29,500047212,e9f46940f8d83ba3114136c93197c452
2023-07-25 16:11:20 UTC,view,6520765,1546390003792228747,footwear.sneakers,Marlow Row,64.25,500047212,e9f46940f8d83ba3114136c93197c452
2023-07-25 16:14:39 UTC,purchase,3163829,1558364261414932063,apparel.women.top,,40.21,500047212,e9f46940f8d83ba3114136c93197c452
2023-07-25 16:15:01 UTC,view,2102225,1516173523019626745,apparel.women.dress,Vantree,36.32,500000001,4f5a2e1977e2529e5148370cd36efccd
2023-07-25 16:15:07 UTC,view,2404737,1516173523019626745,apparel.women.dress,,66.63,500000001,4f5a2e1977e2529e5148370cd36efccd
2023-07-25 16:16:12 UTC,view,3166872,1428548884811402817,apparel.men.shirt,,34.01,500000001,4f5a2e1977e2529e5148370cd36efccd
2023-07-25 16:20:11 UTC,cart,9841830,1508136215129873133,apparel.kids.top,Wrenfield,11.61,500000001,4f5a2e1977e2529e5148370cd36efccd
2023-07-25 16:22:22 UTC,purchase,9841830,1508136215129873133,apparel.kids.top,Wrenfield,12.54,500000001,4f5a2e1977e2529e5148370cd36efccd
2023-07-25 16:24:42 UTC,view,2295523,1516173523019626745,apparel.women.dress,,49.65,500000001,4f5a2e1977e2529e5148370cd36efccd
2023-07-25 19:42:07 UTC,view,3428363,1516173523019626745,apparel.women.dress,,76.51,500000001,f6204ec01857e7e55842282e502dfb3e
2023-07-25 19:44:03 UTC,view,3346010,1558430393367643133,accessories.hats,,28.8,500000001,f6204ec01857e7e55842282e502dfb3e
2023-07-25 19:56:29 UTC,view,5530296,1558364261414932063,apparel.women.top,,26.48,500000001,f6204ec01857e7e55842282e502dfb3e
2023-07-25 20:00:13 UTC,view,8966163,1549623645531932356,accessories.bags,Solmara,90.77,500000001,f6204ec01857e7e55842282e502dfb3e
2023-07-25 20:03:35 UTC,view,9829417,1546390003792228747,footwear.sneakers,,134.56,500000001,f6204ec01857e7e55842282e502dfb3e
2023-07-25 20:03:43 UTC,view,5822751,1492821164472423496,apparel.men.jeans,Doverly,62.34,500000001,f6204ec01857e7e55842282e502dfb3e
2023-07-25 21:58:54 UTC,view,3243048,1558364261414932063,apparel.women.top,,44.31,500000003,fbd39c80f4d99b73d33feb755580bb68
2023-07-25 22:02:38 UTC,view,3240903,1549623645531932356,,,75.84,500000003,fbd39c80f4d99b73d33feb755580bb68
2023-07-25 22:08:19 UTC,view,3004815,1482972250706899052,apparel.women.pants,,63.53,500000003,fbd39c80f4d99b73d33feb755580bb68
2023-07-25 22:12:34 UTC,view,2295523,1516173523019626745,apparel.women.dress,,42.84,500000003,fbd39c80f4d99b73d33feb755580bb68
2023-07-25 22:20:02 UTC,view,3428363,1516173523019626745,apparel.women.dress,,67.95,500000003,fbd39c80f4d99b73d33feb755580bb68
2023-07-25 22:24:58 UTC,cart,6695684,1516173523019626745,apparel.women.dress,,50.26,500000003,fbd39c80f4d99b73d33feb755580bb68
2023-07-25 22:26:09 UTC,purchase,6695684,1516173523019626745,apparel.women.dress,,50.21,500000003,fbd39c80f4d99b73d33feb755580bb68
26/07/2023 11:27,view,7182700,1492821164472423496,apparel.men.jeans,,95.64,500000002,17f78e2d338d4f1a58d5193a6770d066
2023-07-26 11:27:26 UTC,cart,3243048,1558364261414932063,apparel.women.top,Thistlewood,47.93,500000002,17f78e2d338d4f1a58d5193a6770d066
2023-07-28 12:55:26 UTC,view,5114384,1558186846391920988,apparel.kids.outerwear,Kestrel & Co,27.48,500000062,fe5591a2ecc435832ea08a9e2db941e0
2023-07-28 13:23:45 UTC,view,5599767,1558364261414932063,apparel.women.top,Ferncastle,16.93,500000062,fe5591a2ecc435832ea08a9e2db941e0
2023-07-28 13:24:03 UTC,view,3487534,1429628030847824846,,,19.87,500000062,fe5591a2ecc435832ea08a9e2db941e0
2023-07-30 10:23:34 UTC,view,9841830,1508136215129873133,apparel.kids.top,Wrenfield,11.58,500000001,4889cff93c8f12fc0f65f7ce01e2a23d
2023-07-30 10:35:21 UTC,view,2102225,1516173523019626745,apparel.women.dress,Vantree,37.22,500000001,4889cff93c8f12fc0f65f7ce01e2a23d
2023-07-30 10:39:13 UTC,view,1162680,1589407324608544585,apparel.women.outerwear,Kestrel & Co,216.98,500000001,4889cff93c8f12fc0f65f7ce01e2a23d
2023-07-30 10:41:07 UTC,view,6280890,1482972250706899052,apparel.women.pants,Oakspire,25.84,500000001,4889cff93c8f12fc0f65f7ce01e2a23d
2023-07-30 10:43:35 UTC,view,1099410,1558430393367643133,accessories.hats,,17.63,500000001,4889cff93c8f12fc0f65f7ce01e2a23d
2023-07-30 18:25:50 UTC,view,3243048,1558364261414932063,apparel.women.top,,48.67,500000010,5304439d32ec4243b1c2bbd15876295c
2023-07-30 18:30:34 UTC,view,8966163,1549623645531932356,accessories.bags,Solmara,80.89,500000010,5304439d32ec4243b1c2bbd15876295c
2023-07-30 18:34:37 UTC,view,9036326,1558430393367643133,accessories.hats,,7.83,500000010,5304439d32ec4243b1c2bbd15876295c
2023-07-30 18:36:54 UTC,view,2287051,1508136215129873133,apparel.kids.top,Norlend,24.5,500000010,5304439d32ec4243b1c2bbd15876295c
2023-07-30 18:37:47 UTC,cart,9829417,1546390003792228747,footwear.sneakers,Bellcroft,122.35,500000010,5304439d32ec4243b1c2bbd15876295c
2023-07-30 18:39:34 UTC,purchase,9829417,1546390003792228747,footwear.sneakers,Bellcroft,120.96,500000010,5304439d32ec4243b1c2bbd15876295c
2023-07-30 18:41:04 UTC,view,4356662,1519748099762056932,apparel.men.outerwear,Bramholt,225.52,500000010,5304439d32ec4243b1c2bbd15876295c
2023-07-30 18:41:57 UTC,view,2993399,1546390003792228747,footwear.sneakers,Solmara,98.72,500000010,5304439d32ec4243b1c2bbd15876295c
2023-07-30 18:50:42 UTC,view,7182700,1492821164472423496,apparel.men.jeans,,92.36,500000010,5304439d32ec4243b1c2bbd15876295c
2023-07-30 18:53:24 UTC,view,5409305,1516173523019626745,apparel.women.dress,,118.04,500000010,5304439d32ec4243b1c2bbd15876295c
2023-07-30 18:53:59 UTC,view,9829417,1546390003792228747,footwear.sneakers,Bellcroft,121.11,500000010,5304439d32ec4243b1c2bbd15876295c
2023-07-31 15:57:22 UTC,view,5822751,1492821164472423496,apparel.men.jeans,Doverly,63.68,500000006,9eca6806c928e81540b2408a94d173dd
2023-07-31 15:58:03 UTC,view,8754194,1482972250706899052,apparel.women.pants,,59.11,500000006,9eca6806c928e81540b2408a94d173dd
2023-07-31 16:10:48 UTC,view,2102225,1516173523019626745,apparel.women.dress,Vantree,33.59,500000006,9eca6806c928e81540b2408a94d173dd
2023-07-31 16:11:22 UTC,view,7567958,1516173523019626745,apparel.women.dress,,93.67,500000006,9eca6806c928e81540b2408a94d173dd
2023-07-31 16:20:24 UTC,view,4123413,1589407324608544585,apparel.women.outerwear,Solmara,62.62,500000006,9eca6806c928e81540b2408a94d173dd
2023-07-31 16:20:51 UTC,view,7182700,1492821164472423496,apparel.men.jeans,,93.5,500000006,9eca6806c928e81540b2408a94d173dd
2023-08-03 15:36:13 UTC,view,7303637,1516173523019626745,apparel.women.dress,Wrenfield,84.96,500000001,1cc866096c6b176545c6dbee5957df5a
2023-08-03 15:40:10 UTC,view,6024870,1492821164472423496,apparel.men.jeans,Doverly,32.23,500000001,1cc866096c6b176545c6dbee5957df5a
2023-08-03 15:47:39 UTC,view,7275086,1558186846391920988,,,63.85,500000001,1cc866096c6b176545c6dbee5957df5a
2023-08-03 16:53:12 UTC,view,8758486,1516173523019626745,,,83.26,500000005,9168cd42754851463c01113e7521e470
2023-08-03 16:56:59 UTC,view,9841830,1508136215129873133,apparel.kids.top,Wrenfield,11.92,500000005,9168cd42754851463c01113e7521e470
2023-08-03 17:03:34 UTC,cart,7182700,1492821164472423496,apparel.men.jeans,,85.37,500000005,9168cd42754851463c01113e7521e470
2023-08-03 17:04:03 UTC,purchase,7182700,1492821164472423496,apparel.men.jeans,,84.9,500000005,9168cd42754851463c01113e7521e470
2023-08-03 17:06:37 UTC,view,6380274,1472209747072745335,footwear.boots,,183.95,500000005,9168cd42754851463c01113e7521e470
2023-08-03 20:01:03 UTC,view,2102225,1516173523019626745,,Vantree,33.44,500000001,c64b0c15257b611558fe144eaf036132
2023-08-03 20:07:15 UTC,view,8966163,1549623645531932356,accessories.bags,Solmara,79.64,500000001,c64b0c15257b611558fe144eaf036132
2023-08-03 20:08:59 UTC,view,8754194,1482972250706899052,apparel.women.pants,Kestrel & Co,56.2,500000001,c64b0c15257b611558fe144eaf036132
2023-08-03 20:12:23 UTC,view,2102225,1516173523019626745,apparel.women.dress,Vantree,36.28,500000001,c64b0c15257b611558fe144eaf036132
2023-08-03 20:17:17 UTC,view,5466720,1519748099762056932,apparel.men.outerwear,Bramholt,99.23,500000001,c64b0c15257b611558fe144eaf036132
2023-08-03 20:17:58 UTC,view,7212311,1594728468612408249,accessories.jewelry,Doverly,45.98,500000001,c64b0c15257b611558fe144eaf036132
2023-08-04 19:35:44 UTC,view,6474782,1492821164472423496,apparel.men.jeans,,86.84,500000048,34d5edc54b6fa9aa2c6d79a4d6f0d926
2023-08-04 19:41:58 UTC,view,3243048,1558364261414932063,apparel.women.top,Thistlewood,40.08,500000048,34d5edc54b6fa9aa2c6d79a4d6f0d926
2023-08-04 19:50:56 UTC,view,3243048,1558364261414932063,apparel.women.top,Thistlewood,43.16,500000048,34d5edc54b6fa9aa2c6d79a4d6f0d926
2023-08-04 19:51:26 UTC,view,7182700,1492821164472423496,apparel.men.jeans,,87.48,500000048,34d5edc54b6fa9aa2c6d79a4d6f0d926
2023-08-05 09:54:45 UTC,view,7567958,1516173523019626745,apparel.women.dress,,90.49,500000001,807d84eea67d06547770acc4787c34cd
2023-08-05 09:54:45 UTC,cart,4994348,1549623645531932356,accessories.bags,,66.67,500000001,807d84eea67d06547770acc4787c34cd
2023-08-05 09:56:39 UTC,purchase,4994348,1549623645531932356,accessories.bags,,62.1,500000001,807d84eea67d06547770acc4787c34cd
2023-08-05 10:00:21 UTC,view,4895822,1428548884811402817,apparel.men.shirt,Doverly,45.34,500000001,807d84eea67d06547770acc4787c34cd
2023-08-05 10:05:12 UTC,view,4705110,1428548884811402817,apparel.men.shirt,Ashgrove,20.55,500000001,807d84eea67d06547770acc4787c34cd
2023-08-05 10:06:24 UTC,view,9755526,1589407324608544585,apparel.women.outerwear,Ashgrove,84.54,500000001,807d84eea67d06547770acc4787c34cd
2023-08-05 10:22:59 UTC,view,4123413,1589407324608544585,apparel.women.outerwear,Solmara,61.6,500000001,807d84eea67d06547770acc4787c34cd
2023-08-05 20:46:34 UTC,view,9829417,1546390003792228747,footwear.sneakers,,115.16,500000001,02da8489015ceb20cf556326a5e78c57
2023-08-05 20:49:31 UTC,view,4098324,1558364261414932063,apparel.women.top,,23.79,500000001,02da8489015ceb20cf556326a5e78c57
2023-08-05 20:52:00 UTC,view,8795573,1482972250706899052,apparel.women.pants,,29.84,500000001,02da8489015ceb20cf556326a5e78c57
2023-08-05 20:59:00 UTC,view,8966163,1549623645531932356,accessories.bags,,79.97,500000001,02da8489015ceb20cf556326a5e78c57
2023-08-06 09:24:01 UTC,view,8966163,1549623645531932356,accessories.bags,Solmara,82.29,500000001,cbad1af52674e3c16bb4871c93de15b0
2023-08-06 09:27:50 UTC,view,9841830,1508136215129873133,apparel.kids.top,Wrenfield,12.75,500000001,cbad1af52674e3c16bb4871c93de15b0
2023-08-06 09:28:28 UTC,view,9065490,1516173523019626745,apparel.women.dress,Aldyne,120.29,500000001,cbad1af52674e3c16bb4871c93de15b0
2023-08-06 09:32:04 UTC,view,8966163,1549623645531932356,accessories.bags,Solmara,77.51,500000001,cbad1af52674e3c16bb4871c93de15b0
2023-08-06 09:39:35 UTC,view,5495706,1589407324608544585,apparel.women.outerwear,Vantree,148.64,500000001,cbad1af52674e3c16bb4871c93de15b0
2023-08-06 09:40:35 UTC,cart,8795573,1482972250706899052,,Palewick,28.84,500000001,cbad1af52674e3c16bb4871c93de15b0
2023-08-06 09:41:55 UTC,view,1385609,1589407324608544585,apparel.women.outerwear,,153.74,500000001,cbad1af52674e3c16bb4871c93de15b0
2023-08-06 09:44:43 UTC,purchase,8795573,1482972250706899052,apparel.women.pants,Palewick,27.66,500000001,cbad1af52674e3c16bb4871c93de15b0
2023-08-06 09:48:00 UTC,view,3002277,1558364261414932063,apparel.women.top,Harlow Vale,43.74,500000001,cbad1af52674e3c16bb4871c93de15b0
2023-08-09 21:04:05 UTC,view,4747587,1482972250706899052,apparel.women.pants,,77.42,500000003,88c968ce6f54733a1818f1bae0b814f3
2023-08-09 21:06:04 UTC,view,3240903,1549623645531932356,accessories.bags,,70.82,500000003,88c968ce6f54733a1818f1bae0b814f3
2023-08-09 21:06:47 UTC,cart,4170752,1519748099762056932,apparel.men.outerwear,Bramholt,204.85,500000003,88c968ce6f54733a1818f1bae0b814f3
2023-08-09 21:08:11 UTC,view,2404737,1516173523019626745,apparel.women.dress,,74.82,500000003,88c968ce6f54733a1818f1bae0b814f3
2023-08-09 21:08:48 UTC,purchase,4170752,1519748099762056932,apparel.men.outerwear,Bramholt,217.95,500000003,88c968ce6f54733a1818f1bae0b814f3
2023-08-09 21:28:39 UTC,view,4870730,1429628030847824846,,,22.64,500000003,88c968ce6f54733a1818f1bae0b814f3
2023-08-10 15:05:55 UTC,view,8966163,1549623645531932356,accessories.bags,,87.95,500000004,f0dc1658f1cd1e9c9f94a22fb704c4c7
2023-08-10 15:05:55 UTC,cart,9755526,1589407324608544585,apparel.women.outerwear,Ashgrove,91.75,500000004,f0dc1658f1cd1e9c9f94a22fb704c4c7
2023-08-10 15:07:52 UTC,purchase,9755526,1589407324608544585,apparel.women.outerwear,Ashgrove,79.98,500000004,f0dc1658f1cd1e9c9f94a22fb704c4c7
2023-08-10 17:19:57 UTC,view,9315482,1594728468612408249,accessories.jewelry,Marlow Row,67.5,500000060,67935feaf65b90fa00d7087667bc0491
2023-08-10 17:24:14 UTC,view,1162680,1589407324608544585,apparel.women.outerwear,Kestrel & Co,220.58,500000060,67935feaf65b90fa00d7087667bc0491
10/08/2023 17:27,view,8746636,1482972250706899052,apparel.women.pants,Oakspire,63.63,500000060,67935feaf65b90fa00d7087667bc0491
2023-08-10 17:32:44 UTC,view,8754194,1482972250706899052,apparel.women.pants,Kestrel & Co,57.93,500000060,67935feaf65b90fa00d7087667bc0491
2023-08-10 17:38:52 UTC,view,7182700,1492821164472423496,apparel.men.jeans,,97.46,500000060,67935feaf65b90fa00d7087667bc0491
2023-08-10 17:40:03 UTC,view,8966163,1549623645531932356,accessories.bags,Solmara,88.33,500000060,67935feaf65b90fa00d7087667bc0491
2023-08-10 17:41:32 UTC,cart,7047405,1482972250706899052,apparel.women.pants,Palewick,23.86,500000060,67935feaf65b90fa00d7087667bc0491
2023-08-10 17:43:20 UTC,purchase,7047405,1482972250706899052,,Palewick,25.42,500000060,67935feaf65b90fa00d7087667bc0491
2023-08-10 18:38:01 UTC,view,6079235,1508136215129873133,apparel.kids.top,Bramholt,8.63,500000011,b115979b833dc8592ef4929ca15de773
2023-08-10 18:41:50 UTC,view,6079235,1508136215129873133,apparel.kids.top,Bramholt,9.97,500000011,b115979b833dc8592ef4929ca15de773
2023-08-10 18:42:41 UTC,view,7182700,1492821164472423496,apparel.men.jeans,,82.54,500000011,b115979b833dc8592ef4929ca15de773
2023-08-10 18:46:59 UTC,view,1383693,1492821164472423496,apparel.men.jeans,Palewick,36.12,500000011,b115979b833dc8592ef4929ca15de773
2023-08-10 18:49:34 UTC,cart,4705110,1428548884811402817,,Ashgrove,18.46,500000011,b115979b833dc8592ef4929ca15de773
2023-08-10 18:50:15 UTC,purchase,4705110,1428548884811402817,apparel.men.shirt,Ashgrove,20.04,500000011,b115979b833dc8592ef4929ca15de773
2023-08-10 18:53:58 UTC,view,9829417,1546390003792228747,,Bellcroft,133.94,500000011,b115979b833dc8592ef4929ca15de773
2023-08-11 01:11:49 UTC,view,8966163,1549623645531932356,accessories.bags,Solmara,92.75,500000015,20fcbd938c19dbe70f39dcb4d712c4be
2023-08-11 01:16:57 UTC,view,2102225,1516173523019626745,apparel.women.dress,Vantree,37.98,500000015,20fcbd938c19dbe70f39dcb4d712c4be
2023-08-11 01:19:48 UTC,view,2102225,1516173523019626745,apparel.women.dress,Vantree,35.74,500000015,20fcbd938c19dbe70f39dcb4d712c4be
2023-08-11 14:36:28 UTC,view,9800243,1492821164472423496,apparel.men.jeans,Palewick,87.8,500000001,744175f04049b67fb9e2fd0119077040
2023-08-11 14:36:32 UTC,view,4747587,1482972250706899052,apparel.women.pants,,77.73,500000001,744175f04049b67fb9e2fd0119077040
2023-08-11 14:41:11 UTC,view,8966163,1549623645531932356,accessories.bags,Solmara,79.27,500000001,744175f04049b67fb9e2fd0119077040
2023-08-11 14:49:48 UTC,view,8966163,1549623645531932356,accessories.bags,,79.78,500000001,744175f04049b67fb9e2fd0119077040
2023-08-11 14:52:03 UTC,view,9040237,1472209747072745335,footwear.boots,Wrenfield,110.76,500000001,744175f04049b67fb9e2fd0119077040
2023-08-11 14:59:20 UTC,view,1162680,1589407324608544585,,Kestrel & Co,207.83,500000001,744175f04049b67fb9e2fd0119077040
2023-08-11 15:02:10 UTC,view,2295523,1516173523019626745,apparel.women.dress,,42.51,500000001,744175f04049b67fb9e2fd0119077040
2023-08-11 17:11:43 UTC,view,6976349,1482972250706899052,apparel.women.pants,,43.08,500000004,81314b72101ca06ee348414f869955c9
2023-08-11 17:23:30 UTC,view,1162680,1589407324608544585,apparel.women.outerwear,Kestrel & Co,200.07,500000004,81314b72101ca06ee348414f869955c9
2023-08-11 17:32:47 UTC,view,8966163,1549623645531932356,accessories.bags,Solmara,88.47,500000004,81314b72101ca06ee348414f869955c9
2023-08-12 07:50:40 UTC,view,8634461,1428548884811402817,apparel.men.shirt,Kestrel & Co,22.7,500000006,666dda61347bdae6d1e2f64b5d345040
2023-08-12 07:51:40 UTC,view,1517547,1558364261414932063,apparel.women.top,Bellcroft,24.3,500000006,666dda61347bdae6d1e2f64b5d345040
2023-08-12 07:53:02 UTC,view,3346010,1558430393367643133,accessories.hats,Ferncastle,25.57,500000006,666dda61347bdae6d1e2f64b5d345040
2023-08-12 07:58:34 UTC,view,9118832,1589407324608544585,apparel.women.outerwear,Ruskin & Fable,162.96,500000006,666dda61347bdae6d1e2f64b5d345040
2023-08-12 08:06:02 UTC,view,1099410,1558430393367643133,accessories.hats,Norlend,17.43,500000006,666dda61347bdae6d1e2f64b5d345040
2023-08-12 09:15:29 UTC,view,8754194,1482972250706899052,apparel.women.pants,,52.51,500000001,faa7a38886ee09067c55f7c297d66197
2023-08-12 09:20:54 UTC,view,9065490,1516173523019626745,apparel.women.dress,Aldyne,123.93,500000001,faa7a38886ee09067c55f7c297d66197
2023-08-12 09:24:39 UTC,view,8966163,1549623645531932356,accessories.bags,,90.12,500000001,faa7a38886ee09067c55f7c297d66197
2023-08-12 09:34:13 UTC,view,7182700,1492821164472423496,apparel.men.jeans,,94.85,500000001,faa7a38886ee09067c55f7c297d66197
2023-08-12 09:40:12 UTC,view,9748139,1594728468612408249,accessories.jewelry,Ferncastle,20.06,500000001,faa7a38886ee09067c55f7c297d66197
2023-08-12 09:41:14 UTC,view,8634461,1428548884811402817,,,22.59,500000001,faa7a38886ee09067c55f7c297d66197
2023-08-13 13:42:23 UTC,view,2154101,1558430393367643133,accessories.hats,,15.1,500000215,ab811a845810dcc0bc9bb65ab8e67e9c
2023-08-13 13:47:23 UTC,cart,6944057,1428548884811402817,,,51.18,500000215,ab811a845810dcc0bc9bb65ab8e67e9c
2023-08-13 13:47:28 UTC,view,3698437,1492821164472423496,,,59.46,500000215,ab811a845810dcc0bc9bb65ab8e67e9c
2023-08-13 13:50:53 UTC,view,3428363,1516173523019626745,apparel.women.dress,,66.81,500000215,ab811a845810dcc0bc9bb65ab8e67e9c
2023-08-13 13:54:13 UTC,purchase,6944057,1428548884811402817,apparel.men.shirt,,51.23,500000215,ab811a845810dcc0bc9bb65ab8e67e9c
2023-08-13 13:57:57 UTC,view,8966163,1549623645531932356,accessories.bags,Solmara,78.83,500000215,ab811a845810dcc0bc9bb65ab8e67e9c
2023-08-13 14:01:49 UTC,view,1083413,1492821164472423496,,Thistlewood,75.29,500000215,ab811a845810dcc0bc9bb65ab8e67e9c
2023-08-13 14:08:24 UTC,view,1099410,1558430393367643133,accessories.hats,,14.82,500000215,ab811a845810dcc0bc9bb65ab8e67e9c
2023-08-13 15:56:41 UTC,view,6810241,1428548884811402817,,Milbrook,16.58,500000003,75f979de52b7076c0f0a93df4e6a9c6f
2023-08-13 16:11:02 UTC,view,2102225,1516173523019626745,apparel.women.dress,Vantree,37.42,500000003,75f979de52b7076c0f0a93df4e6a9c6f
2023-08-13 21:45:10 UTC,view,3166872,1428548884811402817,apparel.men.shirt,,33.9,500000001,b80b50315e243ff9a1d63159ecee72cf
2023-08-13 21:51:40 UTC,view,6497266,1558430393367643133,accessories.hats,,10.4,500000001,b80b50315e243ff9a1d63159ecee72cf
2023-08-13 21:56:36 UTC,view,8966163,1549623645531932356,accessories.bags,Solmara,83.45,500000001,b80b50315e243ff9a1d63159ecee72cf
2023-08-13 21:58:48 UTC,view,1162680,1589407324608544585,apparel.women.outerwear,Kestrel & Co,222.4,500000001,b80b50315e243ff9a1d63159ecee72cf
2023-08-13 22:00:52 UTC,view,9110019,1492821164472423496,apparel.men.jeans,Kestrel & Co,33.55,500000001,b80b50315e243ff9a1d63159ecee72cf
2023-08-14 07:30:32 UTC,view,4123413,1589407324608544585,apparel.women.outerwear,Solmara,59.26,500000001,5be6bd300bb3273a257d249ae27f9022
2023-08-14 07:31:45 UTC,view,7567958,1516173523019626745,apparel.women.dress,,93.71,500000001,5be6bd300bb3273a257d249ae27f9022
2023-08-14 07:39:53 UTC,view,7182700,1492821164472423496,,,98.15,500000001,5be6bd300bb3273a257d249ae27f9022
2023-08-14 07:46:29 UTC,cart,4720552,1428548884811402817,,,16.16,500000001,5be6bd300bb3273a257d249ae27f9022
2023-08-14 07:47:38 UTC,view,7182700,1492821164472423496,apparel.men.jeans,,97.19,500000001,5be6bd300bb3273a257d249ae27f9022
2023-08-14 07:49:59 UTC,view,9118832,1589407324608544585,apparel.women.outerwear,Ruskin & Fable,174.64,500000001,5be6bd300bb3273a257d249ae27f9022
2023-08-14 07:52:40 UTC,view,2299273,1558364261414932063,apparel.women.top,Aldyne,22.75,500000001,5be6bd300bb3273a257d249ae27f9022
2023-08-14 07:54:11 UTC,purchase,4720552,1428548884811402817,apparel.men.shirt,Palewick,16.82,500000001,5be6bd300bb3273a257d249ae27f9022
2023-08-14 07:56:22 UTC,view,7182700,1492821164472423496,apparel.men.jeans,,87.9,500000001,5be6bd300bb3273a257d249ae27f9022
2023-08-14 12:07:38 UTC,view,6079235,1508136215129873133,apparel.kids.top,Bramholt,10.08,500000002,07f78b5be39c0dcec57c52e14ec67dce
2023-08-14 12:19:19 UTC,view,2527689,1428548884811402817,apparel.men.shirt,,31.7,500000002,07f78b5be39c0dcec57c52e14ec67dce
2023-08-14 13:21:46 UTC,view,2295523,1516173523019626745,apparel.women.dress,,47.11,500001896,95eac35819d69da94415a1b4456eab53
2023-08-14 13:30:36 UTC,view,8966163,1549623645531932356,accessories.bags,Solmara,87.6,500001896,95eac35819d69da94415a1b4456eab53
2023-08-14 13:46:56 UTC,view,3163829,1558364261414932063,apparel.women.top,Marlow Row,44.37,500001896,95eac35819d69da94415a1b4456eab53
2023-08-14 13:47:29 UTC,view,9036326,1558430393367643133,accessories.hats,,8.23,500001896,95eac35819d69da94415a1b4456eab53
2023-08-16 10:30:31 UTC,view,9829417,1546390003792228747,footwear.sneakers,Bellcroft,126.77,500000001,f9596a22de1275d61161f115cefcf4ac
2023-08-16 10:35:01 UTC,view,3243048,1558364261414932063,apparel.women.top,Thistlewood,43.42,500000001,f9596a22de1275d61161f115cefcf4ac
2023-08-16 10:35:08 UTC,view,9748139,1594728468612408249,accessories.jewelry,Ferncastle,19.52,500000001,f9596a22de1275d61161f115cefcf4ac
2023-08-16 20:31:47 UTC,view,8966163,1549623645531932356,accessories.bags,Solmara,91.77,500000003,d604bd22de6ba7322be9c8eeb6bad2ab
2023-08-16 20:31:55 UTC,view,8634461,1428548884811402817,,,20.41,500000003,d604bd22de6ba7322be9c8eeb6bad2ab
2023-08-16 20:43:56 UTC,view,9755526,1589407324608544585,apparel.women.outerwear,,83.52,500000003,d604bd22de6ba7322be9c8eeb6bad2ab
2023-08-17 13:55:26 UTC,view,2102225,1516173523019626745,,Vantree,33.4,500000002,aa3f0f90332768a99e21cb65b3d82423
2023-08-17 13:56:10 UTC,view,4648994,1482972250706899052,apparel.women.pants,,23.13,500000002,aa3f0f90332768a99e21cb65b3d82423
2023-08-17 14:03:19 UTC,view,8966163,1549623645531932356,accessories.bags,Solmara,92.5,500000002,aa3f0f90332768a99e21cb65b3d82423
2023-08-17 14:07:36 UTC,view,9036326,1558430393367643133,accessories.hats,,8.47,500000011,4d072450aa5740a202ee6726758bde1d
2023-08-17 14:08:40 UTC,view,2102225,1516173523019626745,apparel.women.dress,Vantree,38.38,500000002,aa3f0f90332768a99e21cb65b3d82423
2023-08-17 14:09:45 UTC,view,6079235,1508136215129873133,apparel.kids.top,Bramholt,8.68,500000002,aa3f0f90332768a99e21cb65b3d82423
2023-08-17 14:12:10 UTC,view,5822751,1492821164472423496,apparel.men.jeans,,60.61,500000002,aa3f0f90332768a99e21cb65b3d82423
2023-08-17 14:15:05 UTC,view,9841830,1508136215129873133,apparel.kids.top,Wrenfield,13.33,500000011,4d072450aa5740a202ee6726758bde1d
17/08/2023 14:25,view,9841830,1508136215129873133,apparel.kids.top,,11.19,500000011,4d072450aa5740a202ee6726758bde1d
2023-08-18 14:29:49 UTC,view,1778504,1549623645531932356,accessories.bags,Thistlewood,74.25,500000015,9d09eeda4d68428e8ba8a6ee3d1eef21
2023-08-18 14:35:55 UTC,cart,5068008,1558364261414932063,apparel.women.top,Ashgrove,17.48,500000015,9d09eeda4d68428e8ba8a6ee3d1eef21
2023-08-18 14:41:23 UTC,purchase,5068008,1558364261414932063,apparel.women.top,Ashgrove,17.44,500000015,9d09eeda4d68428e8ba8a6ee3d1eef21
2023-08-18 14:46:34 UTC,view,4747587,1482972250706899052,apparel.women.pants,,76.67,500000015,9d09eeda4d68428e8ba8a6ee3d1eef21
2023-08-18 14:48:38 UTC,view,4170752,1519748099762056932,apparel.men.outerwear,Bramholt,195.22,500000015,9d09eeda4d68428e8ba8a6ee3d1eef21
2023-08-18 14:48:47 UTC,view,3166872,1428548884811402817,apparel.men.shirt,,35.11,500000015,9d09eeda4d68428e8ba8a6ee3d1eef21
2023-08-18 14:53:54 UTC,view,4123600,1519748099762056932,apparel.men.outerwear,,161.88,500000015,9d09eeda4d68428e8ba8a6ee3d1eef21
2023-08-20 13:40:33 UTC,view,9319849,1472209747072745335,footwear.boots,,147.87,500000001,9ed73d5ae8996901ac45b4f7d9443cf1
2023-08-20 13:52:18 UTC,view,3698437,1492821164472423496,apparel.men.jeans,,56.72,500000001,9ed73d5ae8996901ac45b4f7d9443cf1
2023-08-20 13:57:03 UTC,cart,7182700,1492821164472423496,apparel.men.jeans,,97.53,500000001,9ed73d5ae8996901ac45b4f7d9443cf1
2023-08-20 13:58:45 UTC,view,7427053,1519748099762056932,apparel.men.outerwear,Thistlewood,58.03,500000001,9ed73d5ae8996901ac45b4f7d9443cf1
2023-08-20 13:58:49 UTC,purchase,7182700,1492821164472423496,,,99.14,500000001,9ed73d5ae8996901ac45b4f7d9443cf1
2023-08-20 14:02:15 UTC,view,8838340,1492821164472423496,apparel.men.jeans,,37.41,500000001,9ed73d5ae8996901ac45b4f7d9443cf1
2023-08-20 14:09:07 UTC,view,3852546,1482972250706899052,apparel.women.pants,,73.66,500000001,9ed73d5ae8996901ac45b4f7d9443cf1
2023-08-21 04:31:54 UTC,view,9319849,1472209747072745335,,Marlow Row,153.4,500000001,07c9e978f8272871d5a97f9803b7a1fa
2023-08-21 04:37:16 UTC,view,4356662,1519748099762056932,apparel.men.outerwear,Bramholt,248.55,500000001,07c9e978f8272871d5a97f9803b7a1fa
2023-08-21 04:39:46 UTC,view,7427053,1519748099762056932,apparel.men.outerwear,Thistlewood,59.83,500000001,07c9e978f8272871d5a97f9803b7a1fa
2023-08-21 04:43:31 UTC,view,8966163,1549623645531932356,accessories.bags,,77.02,500000001,07c9e978f8272871d5a97f9803b7a1fa
2023-08-21 08:10:57 UTC,view,5678537,1472209747072745335,footwear.boots,Aldyne,128.94,500000002,161130a3ac67a8ceeddc59462a7ea8b7
2023-08-21 08:13:53 UTC,view,7390450,1558364261414932063,apparel.women.top,,44.76,500000002,161130a3ac67a8ceeddc59462a7ea8b7
2023-08-21 08:14:44 UTC,view,4762867,1594728468612408249,accessories.jewelry,Greymont,19.1,500000002,161130a3ac67a8ceeddc59462a7ea8b7
2023-08-21 21:18:30 UTC,view,8966163,1549623645531932356,accessories.bags,Solmara,81.33,500000001,08324f6715b54855589b3b2027a0b372
2023-08-21 21:20:00 UTC,view,1092786,1558430393367643133,accessories.hats,Thistlewood,10.59,500000001,08324f6715b54855589b3b2027a0b372
2023-08-21 21:25:31 UTC,view,8758486,1516173523019626745,apparel.women.dress,,82.11,500000001,08324f6715b54855589b3b2027a0b372
2023-08-21 21:31:21 UTC,view,8004216,1482972250706899052,apparel.women.pants,Cinderfox,38.55,500000001,08324f6715b54855589b3b2027a0b372
2023-08-21 21:31:41 UTC,view,2102225,1516173523019626745,apparel.women.dress,Vantree,37.57,500000001,08324f6715b54855589b3b2027a0b372
2023-08-21 21:32:56 UTC,view,4762867,1594728468612408249,accessories.jewelry,Greymont,17.28,500000001,08324f6715b54855589b3b2027a0b372
2023-08-21 21:35:55 UTC,view,4720552,1428548884811402817,apparel.men.shirt,,17.72,500000001,08324f6715b54855589b3b2027a0b372
2023-08-21 21:41:34 UTC,view,8926382,1558186846391920988,apparel.kids.outerwear,,37.94,500000006,baecf5adf59e153c143e05ae3ac65535
2023-08-21 21:47:32 UTC,view,3301602,1594728468612408249,accessories.jewelry,Vantree,45.31,500000006,baecf5adf59e153c143e05ae3ac65535
2023-08-21 21:52:28 UTC,cart,8966163,1549623645531932356,accessories.bags,Solmara,87.73,500000006,baecf5adf59e153c143e05ae3ac65535
2023-08-21 21:52:55 UTC,purchase,8966163,1549623645531932356,accessories.bags,Solmara,78.67,500000006,baecf5adf59e153c143e05ae3ac65535
2023-08-21 21:54:10 UTC,view,9261290,1482972250706899052,apparel.women.pants,,80.61,500000006,baecf5adf59e153c143e05ae3ac65535
2023-08-21 21:54:18 UTC,view,7275086,1558186846391920988,apparel.kids.outerwear,,64.28,500000006,baecf5adf59e153c143e05ae3ac65535
2023-08-22 10:17:11 UTC,view,7182700,1492821164472423496,apparel.men.jeans,,83.35,500000005,01962ea35446fdb1c9804b14c6405934
2023-08-22 10:26:33 UTC,view,9075437,1558364261414932063,apparel.women.top,Cinderfox,30.54,500000005,01962ea35446fdb1c9804b14c6405934
2023-08-22 10:34:46 UTC,view,3689249,1428548884811402817,apparel.men.shirt,,39.41,500000005,01962ea35446fdb1c9804b14c6405934
2023-08-22 10:35:22 UTC,view,1079923,1516173523019626745,apparel.women.dress,,106.79,500000005,01962ea35446fdb1c9804b14c6405934
2023-08-22 10:36:53 UTC,view,8966163,1549623645531932356,accessories.bags,Solmara,85.7,500000005,01962ea35446fdb1c9804b14c6405934
2023-08-22 10:42:06 UTC,cart,7692382,1429628030847824846,footwear.sandals,Palewick,41.83,500000005,01962ea35446fdb1c9804b14c6405934
2023-08-22 10:45:38 UTC,purchase,7692382,1429628030847824846,footwear.sandals,Palewick,46.25,500000005,01962ea35446fdb1c9804b14c6405934
2023-08-24 20:08:25 UTC,view,5908484,1589407324608544585,apparel.women.outerwear,,211.86,500000002,c97cc4c6b51c6f33601cd9f433739baf
2023-08-24 20:18:24 UTC,view,9319849,1472209747072745335,footwear.boots,Marlow Row,147.79,500000002,c97cc4c6b51c6f33601cd9f433739baf
2023-08-24 20:20:35 UTC,view,7182700,1492821164472423496,,,86.2,500000002,c97cc4c6b51c6f33601cd9f433739baf
2023-08-24 20:25:18 UTC,cart,2102225,1516173523019626745,apparel.women.dress,Vantree,35.18,500000002,c97cc4c6b51c6f33601cd9f433739baf
2023-08-24 20:33:17 UTC,view,4747587,1482972250706899052,apparel.women.pants,,83.48,500000002,c97cc4c6b51c6f33601cd9f433739baf
2023-08-24 20:40:43 UTC,purchase,2102225,1516173523019626745,apparel.women.dress,Vantree,33.77,500000002,c97cc4c6b51c6f33601cd9f433739baf
2023-08-26 16:40:56 UTC,view,5908484,1589407324608544585,,,222.77,500000001,3b77a7751015a9a7139859f3e025a690
2023-08-26 16:47:58 UTC,view,7660389,1508136215129873133,apparel.kids.top,,23.87,500000001,3b77a7751015a9a7139859f3e025a690
2023-08-26 16:52:03 UTC,cart,9319849,1472209747072745335,footwear.boots,Marlow Row,157.58,500000001,3b77a7751015a9a7139859f3e025a690
2023-08-26 16:55:55 UTC,view,3318117,1492821164472423496,apparel.men.jeans,,49.38,500000001,3b77a7751015a9a7139859f3e025a690
2023-08-26 16:58:17 UTC,purchase,9319849,1472209747072745335,footwear.boots,Marlow Row,163.89,500000001,3b77a7751015a9a7139859f3e025a690
2023-08-26 16:58:31 UTC,view,8966163,1549623645531932356,accessories.bags,Solmara,80.94,500000001,3b77a7751015a9a7139859f3e025a690
2023-08-27 10:02:37 UTC,view,8966163,1549623645531932356,accessories.bags,Solmara,86.08,500000004,03e8103fd5374642877b83ae6f8d27f5
2023-08-27 10:02:37 UTC,cart,3211935,1482972250706899052,apparel.women.pants,,58.83,500000004,03e8103fd5374642877b83ae6f8d27f5
2023-08-27 10:06:21 UTC,purchase,3211935,1482972250706899052,apparel.women.pants,Vantree,62.75,500000004,03e8103fd5374642877b83ae6f8d27f5
2023-08-27 10:11:00 UTC,view,2154101,1558430393367643133,,,15.09,500000004,03e8103fd5374642877b83ae6f8d27f5
2023-08-27 10:12:41 UTC,view,1522015,1546390003792228747,footwear.sneakers,,120.6,500000004,03e8103fd5374642877b83ae6f8d27f5
2023-08-27 10:14:23 UTC,view,9841830,1508136215129873133,apparel.kids.top,Wrenfield,11.5,500000004,03e8103fd5374642877b83ae6f8d27f5
2023-08-27 10:21:19 UTC,view,6637675,1428548884811402817,apparel.men.shirt,,35.31,500000004,03e8103fd5374642877b83ae6f8d27f5
2023-08-27 17:21:39 UTC,view,5114384,1558186846391920988,apparel.kids.outerwear,Kestrel & Co,29.48,500000047,46af9fbbf666212ce4dd5b109624c50a
2023-08-27 17:25:53 UTC,view,7212311,1594728468612408249,accessories.jewelry,Doverly,44.92,500000047,46af9fbbf666212ce4dd5b109624c50a
2023-08-27 17:32:07 UTC,view,6953807,1558364261414932063,apparel.women.top,Kestrel & Co,13.45,500000047,46af9fbbf666212ce4dd5b109624c50a
2023-08-27 17:36:22 UTC,view,9748139,1594728468612408249,accessories.jewelry,Ferncastle,20.2,500000047,46af9fbbf666212ce4dd5b109624c50a
2023-08-27 17:44:15 UTC,cart,4958034,1516173523019626745,apparel.women.dress,,40.29,500000047,46af9fbbf666212ce4dd5b109624c50a
2023-08-27 17:49:28 UTC,purchase,4958034,1516173523019626745,,,36.87,500000047,46af9fbbf666212ce4dd5b109624c50a
2023-08-28 12:28:50 UTC,view,4747587,1482972250706899052,apparel.women.pants,,82.77,500000006,bb309126ba362bc70d297c2151953b4d
2023-08-28 12:29:38 UTC,view,1099410,1558430393367643133,accessories.hats,Norlend,15.33,500000006,bb309126ba362bc70d297c2151953b4d
2023-08-28 12:32:03 UTC,view,1162680,1589407324608544585,apparel.women.outerwear,,218.41,500000006,bb309126ba362bc70d297c2151953b4d
2023-08-28 12:35:26 UTC,view,6079235,1508136215129873133,apparel.kids.top,,9.12,500000006,bb309126ba362bc70d297c2151953b4d
2023-08-28 12:40:40 UTC,view,7346335,1594728468612408249,accessories.jewelry,Milbrook,69.0,500000006,bb309126ba362bc70d297c2151953b4d
2023-08-28 12:42:18 UTC,view,5027667,1546390003792228747,footwear.sneakers,Milbrook,109.91,500000006,bb309126ba362bc70d297c2151953b4d
2023-08-28 12:44:25 UTC,view,4663963,1428548884811402817,apparel.men.shirt,Greymont,33.76,500000006,bb309126ba362bc70d297c2151953b4d
2023-08-28 12:47:41 UTC,cart,7474821,1428548884811402817,apparel.men.shirt,Milbrook,46.27,500000006,bb309126ba362bc70d297c2151953b4d
2023-08-28 12:49:23 UTC,view,9829417,1546390003792228747,footwear.sneakers,Bellcroft,133.52,500000006,bb309126ba362bc70d297c2151953b4d
2023-08-28 12:49:51 UTC,purchase,7474821,1428548884811402817,,Milbrook,48.67,500000006,bb309126ba362bc70d297c2151953b4d
2023-08-28 18:47:27 UTC,view,9755526,1589407324608544585,apparel.women.outerwear,Ashgrove,84.11,500000002,01e16b492beb20b0a8bcd4434bdaadd3
2023-08-28 18:50:08 UTC,view,1522015,1546390003792228747,footwear.sneakers,,112.79,500000002,01e16b492beb20b0a8bcd4434bdaadd3
2023-08-28 19:05:35 UTC,view,2102225,1516173523019626745,apparel.women.dress,,35.12,500000002,01e16b492beb20b0a8bcd4434bdaadd3
2023-08-28 19:09:04 UTC,view,1029072,1482972250706899052,apparel.women.pants,Palewick,45.58,500000002,01e16b492beb20b0a8bcd4434bdaadd3
2023-08-28 19:11:19 UTC,view,3487534,1429628030847824846,footwear.sandals,Bellcroft,21.13,500000002,01e16b492beb20b0a8bcd4434bdaadd3
2023-08-28 20:45:28 UTC,view,1356979,1482972250706899052,apparel.women.pants,Ferncastle,30.45,500000463,d2b483aa9658db3e7847e39fb2d82920
2023-08-28 20:55:14 UTC,cart,5530296,1558364261414932063,apparel.women.top,Greymont,28.82,500000463,d2b483aa9658db3e7847e39fb2d82920
2023-08-28 20:59:12 UTC,purchase,5530296,1558364261414932063,apparel.women.top,Greymont,26.71,500000463,d2b483aa9658db3e7847e39fb2d82920
2023-08-30 12:23:20 UTC,view,3163829,1558364261414932063,apparel.women.top,Marlow Row,37.23,500000002,11e30b89adc743167d6ae8f481b8a5cd
2023-08-30 12:24:07 UTC,view,9065490,1516173523019626745,apparel.women.dress,Aldyne,117.47,500000002,11e30b89adc743167d6ae8f481b8a5cd
2023-08-30 12:27:35 UTC,view,4098324,1558364261414932063,apparel.women.top,Norlend,21.12,500000002,11e30b89adc743167d6ae8f481b8a5cd
2023-08-30 12:37:56 UTC,view,8966163,1549623645531932356,accessories.bags,Solmara,84.75,500000002,11e30b89adc743167d6ae8f481b8a5cd
2023-08-30 12:38:21 UTC,view,8966163,1549623645531932356,,Solmara,85.33,500000002,11e30b89adc743167d6ae8f481b8a5cd
2023-08-30 12:38:53 UTC,view,8966163,1549623645531932356,accessories.bags,Solmara,88.3,500000002,11e30b89adc743167d6ae8f481b8a5cd
2023-08-30 12:45:40 UTC,view,8795573,1482972250706899052,,,30.49,500000002,11e30b89adc743167d6ae8f481b8a5cd
2023-08-30 12:48:35 UTC,cart,5092850,1508136215129873133,apparel.kids.top,Milbrook,20.15,500000002,11e30b89adc743167d6ae8f481b8a5cd
2023-08-30 12:48:38 UTC,view,3689249,1428548884811402817,apparel.men.shirt,,43.01,500000002,11e30b89adc743167d6ae8f481b8a5cd
2023-08-30 12:48:57 UTC,purchase,5092850,1508136215129873133,,Milbrook,20.31,500000002,11e30b89adc743167d6ae8f481b8a5cd
2023-08-30 18:38:38 UTC,view,5068008,1558364261414932063,apparel.women.top,Ashgrove,17.4,500000018,b5c4137d983ab5f2e1c6b3f9582d9e86
2023-08-30 18:40:11 UTC,view,7427053,1519748099762056932,apparel.men.outerwear,,54.19,500000018,b5c4137d983ab5f2e1c6b3f9582d9e86
2023-08-30 18:43:15 UTC,view,6474782,1492821164472423496,apparel.men.jeans,,97.29,500000018,b5c4137d983ab5f2e1c6b3f9582d9e86
2023-08-30 18:52:06 UTC,view,4720552,1428548884811402817,apparel.men.shirt,,16.64,500000018,b5c4137d983ab5f2e1c6b3f9582d9e86
2023-08-30 18:56:13 UTC,view,6460385,1472209747072745335,footwear.boots,,97.35,500000018,b5c4137d983ab5f2e1c6b3f9582d9e86
2023-08-30 19:00:50 UTC,view,4747587,1482972250706899052,apparel.women.pants,,73.78,500000018,b5c4137d983ab5f2e1c6b3f9582d9e86
2023-08-30 20:15:46 UTC,view,7180258,1482972250706899052,apparel.women.pants,Aldyne,76.54,500000001,0ba8034d4d1e9fb255442e6fd347d452
2023-08-30 20:15:46 UTC,cart,8966163,1549623645531932356,accessories.bags,Solmara,90.06,500000001,0ba8034d4d1e9fb255442e6fd347d452
2023-08-30 20:16:47 UTC,purchase,8966163,1549623645531932356,accessories.bags,Solmara,76.49,500000001,0ba8034d4d1e9fb255442e6fd347d452
2023-08-30 20:19:43 UTC,view,3006131,1546390003792228747,,Ruskin & Fable,121.38,500000001,0ba8034d4d1e9fb255442e6fd347d452
2023-08-31 16:49:58 UTC,view,6810241,1428548884811402817,apparel.men.shirt,,19.3,500000002,960dc3e41a196c054623a5bb294a7185
31/08/2023 16:49,cart,6497266,1558430393367643133,accessories.hats,Doverly,10.89,500000002,960dc3e41a196c054623a5bb294a7185
2023-08-31 16:50:49 UTC,remove_from_cart,6497266,1558430393367643133,accessories.hats,Doverly,9.67,500000002,960dc3e41a196c054623a5bb294a7185
2023-08-31 17:01:54 UTC,view,4170752,1519748099762056932,apparel.men.outerwear,Bramholt,219.13,500000002,960dc3e41a196c054623a5bb294a7185
2023-08-31 18:47:02 UTC,view,3428363,1516173523019626745,apparel.women.dress,,76.92,500000179,a979f58f93ea92aa60a22f883bacacf0
2023-08-31 19:07:37 UTC,view,7474821,1428548884811402817,apparel.men.shirt,Milbrook,42.59,500000179,a979f58f93ea92aa60a22f883bacacf0
2023-08-31 19:13:35 UTC,cart,7047405,1482972250706899052,apparel.women.pants,Palewick,24.22,500000179,a979f58f93ea92aa60a22f883bacacf0
2023-08-31 19:14:44 UTC,purchase,7047405,1482972250706899052,apparel.women.pants,,28.08,500000179,a979f58f93ea92aa60a22f883bacacf0
2023-09-02 16:50:26 UTC,view,9748139,1594728468612408249,,Ferncastle,20.05,500000007,25e64f5f3c91d0be07668bcdf60debfb
2023-09-02 16:59:00 UTC,view,3689249,1428548884811402817,apparel.men.shirt,,42.68,500000007,25e64f5f3c91d0be07668bcdf60debfb
2023-09-02 16:59:14 UTC,view,8966163,1549623645531932356,accessories.bags,Solmara,90.02,500000007,25e64f5f3c91d0be07668bcdf60debfb
2023-09-02 17:09:17 UTC,view,4098324,1558364261414932063,,Norlend,22.79,500000007,25e64f5f3c91d0be07668bcdf60debfb
2023-09-03 19:07:58 UTC,view,3301602,1594728468612408249,accessories.jewelry,Vantree,38.3,500000027,76b28a37169c6ec364f6046a0e188c28
2023-09-03 19:12:02 UTC,view,8966163,1549623645531932356,,Solmara,88.44,500000027,76b28a37169c6ec364f6046a0e188c28
2023-09-03 19:12:32 UTC,view,4098324,1558364261414932063,apparel.women.top,Norlend,23.6,500000027,76b28a37169c6ec364f6046a0e188c28
2023-09-03 19:15:19 UTC,view,7182700,1492821164472423496,apparel.men.jeans,,86.81,500000027,76b28a37169c6ec364f6046a0e188c28
2023-09-03 19:31:37 UTC,view,8966163,1549623645531932356,,Solmara,80.92,500000027,76b28a37169c6ec364f6046a0e188c28
2023-09-04 10:55:48 UTC,view,7346335,1594728468612408249,accessories.jewelry,Milbrook,66.53,500000318,07269e96e6cb05a56f11056539228ecb
2023-09-04 11:09:55 UTC,view,4705110,1428548884811402817,apparel.men.shirt,Ashgrove,18.2,500000318,07269e96e6cb05a56f11056539228ecb
2023-09-04 11:10:59 UTC,view,7390450,1558364261414932063,,,44.58,500000318,07269e96e6cb05a56f11056539228ecb
2023-09-05 17:00:48 UTC,view,8966163,1549623645531932356,accessories.bags,Solmara,90.02,500000001,63ff4effdbe1a38ea23bb175a7514e37
2023-09-05 17:02:54 UTC,view,8261390,1519748099762056932,apparel.men.outerwear,,177.39,500000001,63ff4effdbe1a38ea23bb175a7514e37
2023-09-05 17:14:21 UTC,view,4194454,1482972250706899052,apparel.women.pants,,69.65,500000001,63ff4effdbe1a38ea23bb175a7514e37
2023-09-05 17:15:37 UTC,view,8966163,1549623645531932356,accessories.bags,Solmara,77.37,500000001,63ff4effdbe1a38ea23bb175a7514e37
2023-09-05 17:16:18 UTC,cart,1162680,1589407324608544585,apparel.women.outerwear,,224.85,500000001,63ff4effdbe1a38ea23bb175a7514e37
2023-09-05 17:19:57 UTC,view,2295523,1516173523019626745,,,43.94,500000001,63ff4effdbe1a38ea23bb175a7514e37
05/09/2023 17:20,view,9065490,1516173523019626745,apparel.women.dress,Aldyne,112.86,500000001,63ff4effdbe1a38ea23bb175a7514e37
2023-09-05 17:28:45 UTC,view,3004815,1482972250706899052,apparel.women.pants,,65.78,500000001,63ff4effdbe1a38ea23bb175a7514e37
2023-09-05 18:10:52 UTC,view,5678537,1472209747072745335,,Aldyne,127.3,500000002,7d9ce79c28f81541e02568b59d86a1dc
2023-09-05 18:13:37 UTC,view,3211935,1482972250706899052,apparel.women.pants,Vantree,57.71,500000002,7d9ce79c28f81541e02568b59d86a1dc
2023-09-05 18:15:41 UTC,view,5212958,1516173523019626745,apparel.women.dress,,111.69,500000002,7d9ce79c28f81541e02568b59d86a1dc
2023-09-05 18:18:40 UTC,view,3243048,1558364261414932063,apparel.women.top,Thistlewood,40.85,500000002,7d9ce79c28f81541e02568b59d86a1dc
2023-09-05 18:28:00 UTC,view,7390450,1558364261414932063,apparel.women.top,,44.27,500000002,7d9ce79c28f81541e02568b59d86a1dc
2023-09-05 19:08:24 UTC,view,1260475,1589407324608544585,apparel.women.outerwear,Kestrel & Co,180.66,500000001,490f682f202b2e7b6d8c9dc122139f93
2023-09-05 19:13:55 UTC,view,8966163,1549623645531932356,accessories.bags,Solmara,89.3,500000001,490f682f202b2e7b6d8c9dc122139f93
2023-09-05 19:15:01 UTC,view,2804964,1558364261414932063,apparel.women.top,Cinderfox,39.78,500000001,490f682f202b2e7b6d8c9dc122139f93
2023-09-05 19:17:02 UTC,view,2102225,1516173523019626745,apparel.women.dress,Vantree,35.75,500000001,490f682f202b2e7b6d8c9dc122139f93
2023-09-05 19:34:18 UTC,view,8966163,1549623645531932356,accessories.bags,Solmara,78.39,500000001,490f682f202b2e7b6d8c9dc122139f93
2023-09-05 19:34:35 UTC,view,7448961,1590725883499271729,,Harlow Vale,17.01,500000001,490f682f202b2e7b6d8c9dc122139f93
2023-09-05 22:20:51 UTC,view,4194454,1482972250706899052,apparel.women.pants,Vantree,65.08,500000001,bcf55e3bc5dcc27ad49b1f91bfe7036c
2023-09-05 22:22:14 UTC,view,4720552,1428548884811402817,apparel.men.shirt,,17.12,500000001,bcf55e3bc5dcc27ad49b1f91bfe7036c
2023-09-05 22:23:51 UTC,view,8966163,1549623645531932356,accessories.bags,Solmara,92.15,500000001,bcf55e3bc5dcc27ad49b1f91bfe7036c
2023-09-06 08:20:56 UTC,view,9036326,1558430393367643133,accessories.hats,,8.51,500000001,1a6c3d8d04176ba09122d0cb1e4c9908
2023-09-06 08:25:13 UTC,view,5114384,1558186846391920988,apparel.kids.outerwear,Kestrel & Co,25.91,500000001,1a6c3d8d04176ba09122d0cb1e4c9908
2023-09-06 08:31:40 UTC,view,9748139,1594728468612408249,,Ferncastle,19.09,500000001,1a6c3d8d04176ba09122d0cb1e4c9908
2023-09-06 08:32:59 UTC,view,4170752,1519748099762056932,apparel.men.outerwear,Bramholt,222.79,500000001,1a6c3d8d04176ba09122d0cb1e4c9908
2023-09-06 08:38:48 UTC,view,4762867,1594728468612408249,accessories.jewelry,Greymont,16.85,500000001,1a6c3d8d04176ba09122d0cb1e4c9908
2023-09-06 08:40:00 UTC,view,3781033,1558364261414932063,apparel.women.top,Bellcroft,44.5,500000001,568e089974419f4c41de7fa1bf903d2b
2023-09-06 08:43:43 UTC,view,8728798,1508136215129873133,apparel.kids.top,,17.0,500000001,568e089974419f4c41de7fa1bf903d2b
2023-09-06 08:49:28 UTC,view,7182700,1492821164472423496,apparel.men.jeans,,99.89,500000001,568e089974419f4c41de7fa1bf903d2b
2023-09-06 08:50:07 UTC,view,1162680,1589407324608544585,apparel.women.outerwear,Kestrel & Co,216.11,500000001,568e089974419f4c41de7fa1bf903d2b
2023-09-06 08:50:15 UTC,view,8966163,1549623645531932356,accessories.bags,Solmara,79.95,500000001,568e089974419f4c41de7fa1bf903d2b
2023-09-06 08:50:17 UTC,view,7182700,1492821164472423496,apparel.men.jeans,,95.23,500000001,568e089974419f4c41de7fa1bf903d2b
2023-09-06 08:52:29 UTC,view,9118832,1589407324608544585,apparel.women.outerwear,Ruskin & Fable,169.72,500000001,568e089974419f4c41de7fa1bf903d2b
2023-09-06 08:54:50 UTC,view,7182700,1492821164472423496,apparel.men.jeans,,83.24,500000001,568e089974419f4c41de7fa1bf903d2b
2023-09-06 08:56:16 UTC,cart,3243048,1558364261414932063,apparel.women.top,,44.47,500000001,568e089974419f4c41de7fa1bf903d2b
2023-09-06 09:01:49 UTC,purchase,3243048,1558364261414932063,apparel.women.top,Thistlewood,41.77,500000001,568e089974419f4c41de7fa1bf903d2b
2023-09-06 09:02:57 UTC,view,6517467,1516173523019626745,,Thistlewood,78.62,500000001,568e089974419f4c41de7fa1bf903d2b
2023-09-06 09:07:11 UTC,view,7182700,1492821164472423496,,,87.42,500000001,568e089974419f4c41de7fa1bf903d2b
2023-09-06 14:31:37 UTC,view,2295523,1516173523019626745,,,48.84,500000001,ee50e2b420d968cb1949d296b1c17178
2023-09-06 14:33:10 UTC,cart,2102225,1516173523019626745,apparel.women.dress,Vantree,36.1,500000001,ee50e2b420d968cb1949d296b1c17178
2023-09-06 14:37:07 UTC,purchase,2102225,1516173523019626745,apparel.women.dress,Vantree,37.79,500000001,ee50e2b420d968cb1949d296b1c17178
2023-09-06 14:40:59 UTC,view,9118832,1589407324608544585,apparel.women.outerwear,,169.15,500000001,ee50e2b420d968cb1949d296b1c17178
2023-09-06 14:42:16 UTC,view,4747587,1482972250706899052,,,77.08,500000001,ee50e2b420d968cb1949d296b1c17178
2023-09-06 20:47:43 UTC,view,9841830,1508136215129873133,apparel.kids.top,Wrenfield,12.36,500000006,e075d6c293e142638793c34c5f3cf131
2023-09-06 20:53:51 UTC,cart,1260475,1589407324608544585,apparel.women.outerwear,Kestrel & Co,197.57,500000006,e075d6c293e142638793c34c5f3cf131
2023-09-06 20:54:11 UTC,purchase,1260475,1589407324608544585,apparel.women.outerwear,,178.96,500000006,e075d6c293e142638793c34c5f3cf131
2023-09-06 20:57:55 UTC,view,3781033,1558364261414932063,apparel.women.top,,46.47,500000006,e075d6c293e142638793c34c5f3cf131
2023-09-06 21:04:40 UTC,view,9829417,1546390003792228747,footwear.sneakers,Bellcroft,119.07,500000006,e075d6c293e142638793c34c5f3cf131
2023-09-06 22:21:37 UTC,view,8634461,1428548884811402817,apparel.men.shirt,,22.72,500000001,a2886c0b5d84d234019120d14f591bff
2023-09-06 22:22:51 UTC,view,3163829,1558364261414932063,apparel.women.top,Marlow Row,40.2,500000001,a2886c0b5d84d234019120d14f591bff
2023-09-06 22:25:52 UTC,view,8795573,1482972250706899052,apparel.women.pants,,30.75,500000001,a2886c0b5d84d234019120d14f591bff
2023-09-06 22:28:02 UTC,view,2102225,1516173523019626745,apparel.women.dress,Vantree,31.91,500000001,a2886c0b5d84d234019120d14f591bff
2023-09-06 22:30:54 UTC,cart,4489659,1516173523019626745,,Milbrook,66.21,500000001,a2886c0b5d84d234019120d14f591bff
2023-09-06 22:35:11 UTC,purchase,4489659,1516173523019626745,apparel.women.dress,Milbrook,62.86,500000001,a2886c0b5d84d234019120d14f591bff
2023-09-06 22:36:51 UTC,view,8966163,1549623645531932356,accessories.bags,Solmara,79.62,500000001,a2886c0b5d84d234019120d14f591bff
2023-09-06 22:39:09 UTC,view,1099410,1558430393367643133,accessories.hats,Norlend,18.02,500000001,a2886c0b5d84d234019120d14f591bff
2023-09-07 11:06:25 UTC,view,6362414,1558364261414932063,apparel.women.top,Ferncastle,21.47,500000001,fbe229db33bf0a1d21cffefa76a8d20e
2023-09-08 12:53:47 UTC,view,9172205,1508136215129873133,apparel.kids.top,Bramholt,18.09,500000001,461e7336e02b9b849aef0bfaa35dae72
2023-09-08 13:19:48 UTC,cart,9755526,1589407324608544585,apparel.women.outerwear,Ashgrove,87.23,500000001,461e7336e02b9b849aef0bfaa35dae72
2023-09-08 13:24:15 UTC,purchase,9755526,1589407324608544585,apparel.women.outerwear,Ashgrove,82.32,500000001,461e7336e02b9b849aef0bfaa35dae72
2023-09-08 13:45:22 UTC,view,5250988,1558364261414932063,apparel.women.top,,25.89,500000025,64d6833d11fcfe1c754177d787e4d51e
2023-09-08 14:02:53 UTC,view,6854023,1549623645531932356,accessories.bags,Doverly,140.76,500000025,64d6833d11fcfe1c754177d787e4d51e
2023-09-08 14:12:04 UTC,view,8903471,1428548884811402817,apparel.men.shirt,,18.25,500000025,64d6833d11fcfe1c754177d787e4d51e
2023-09-09 11:15:39 UTC,view,2993399,1546390003792228747,footwear.sneakers,,96.85,500000007,3492d7d07506e152e9218c7c4ae2a118
2023-09-09 11:26:59 UTC,view,3211935,1482972250706899052,apparel.women.pants,Vantree,61.73,500000007,3492d7d07506e152e9218c7c4ae2a118
2023-09-09 11:36:58 UTC,view,1428173,1589407324608544585,apparel.women.outerwear,,113.55,500000007,3492d7d07506e152e9218c7c4ae2a118
2023-09-09 14:02:11 UTC,view,5822751,1492821164472423496,apparel.men.jeans,Doverly,68.03,500000001,a8046922dcf1e2edbcd8854cf777e218
2023-09-09 14:14:48 UTC,view,2102225,1516173523019626745,apparel.women.dress,Vantree,36.51,500000001,a8046922dcf1e2edbcd8854cf777e218
2023-09-09 14:20:24 UTC,view,3240903,1549623645531932356,accessories.bags,,80.67,500000001,a8046922dcf1e2edbcd8854cf777e218
2023-09-09 17:37:00 UTC,view,9940011,1546390003792228747,,Doverly,40.22,500000004,cbd68b72425ebc839eda9b6e77358ec8
2023-09-09 17:43:13 UTC,view,9829417,1546390003792228747,footwear.sneakers,Bellcroft,114.93,500000004,cbd68b72425ebc839eda9b6e77358ec8
2023-09-09 17:52:28 UTC,view,3428363,1516173523019626745,apparel.women.dress,,73.0,500000004,cbd68b72425ebc839eda9b6e77358ec8
2023-09-09 17:55:18 UTC,view,9755526,1589407324608544585,apparel.women.outerwear,Ashgrove,89.33,500000004,cbd68b72425ebc839eda9b6e77358ec8
2023-09-09 18:03:37 UTC,view,7182700,1492821164472423496,apparel.men.jeans,,90.09,500000004,cbd68b72425ebc839eda9b6e77358ec8
2023-09-09 19:15:44 UTC,view,8488816,1429628030847824846,footwear.sandals,Wrenfield,51.86,500000001,5f14527b8515b5dd6521781997956b69
2023-09-09 19:18:32 UTC,view,9319849,1472209747072745335,footwear.boots,Marlow Row,145.32,500000001,5f14527b8515b5dd6521781997956b69
2023-09-09 19:21:36 UTC,cart,6338037,1492821164472423496,apparel.men.jeans,,40.18,500000001,5f14527b8515b5dd6521781997956b69
2023-09-09 19:22:16 UTC,purchase,6338037,1492821164472423496,apparel.men.jeans,,41.31,500000001,5f14527b8515b5dd6521781997956b69
2023-09-10 01:24:08 UTC,view,8966163,1549623645531932356,accessories.bags,,81.41,500000001,619267594badc33a861e7b0dd4128785
2023-09-10 01:35:59 UTC,cart,9075437,1558364261414932063,apparel.women.top,,27.18,500000001,619267594badc33a861e7b0dd4128785
2023-09-10 01:36:55 UTC,purchase,9075437,1558364261414932063,apparel.women.top,Cinderfox,28.62,500000001,619267594badc33a861e7b0dd4128785
2023-09-10 01:38:33 UTC,view,8634461,1428548884811402817,apparel.men.shirt,,23.27,500000001,619267594badc33a861e7b0dd4128785
2023-09-10 11:44:06 UTC,view,2102225,1516173523019626745,,Vantree,37.37,500000003,0d4b191c6e0b07eb205e4607e2c7e138
2023-09-10 11:47:22 UTC,view,4747587,1482972250706899052,apparel.women.pants,,84.57,500000003,0d4b191c6e0b07eb205e4607e2c7e138
2023-09-10 11:52:28 UTC,view,8926382,1558186846391920988,apparel.kids.outerwear,,43.67,500000003,0d4b191c6e0b07eb205e4607e2c7e138
2023-09-10 18:18:57 UTC,view,3211935,1482972250706899052,apparel.women.pants,Vantree,59.75,500000001,144204505d0829689948879100f78ae9
2023-09-10 18:33:21 UTC,view,8966163,1549623645531932356,accessories.bags,Solmara,93.11,500000001,144204505d0829689948879100f78ae9
2023-09-10 18:36:53 UTC,view,3243048,1558364261414932063,apparel.women.top,Thistlewood,47.39,500000001,144204505d0829689948879100f78ae9
2023-09-10 18:41:00 UTC,view,1079923,1516173523019626745,,,94.77,500000001,144204505d0829689948879100f78ae9
2023-09-10 18:41:00 UTC,view,6695684,1516173523019626745,apparel.women.dress,,58.1,500000001,144204505d0829689948879100f78ae9
2023-09-10 18:43:09 UTC,view,2102225,1516173523019626745,apparel.women.dress,Vantree,36.36,500000001,144204505d0829689948879100f78ae9
2023-09-11 17:23:19 UTC,view,3383881,1589407324608544585,apparel.women.outerwear,Solmara,144.63,500000001,63f1ce312c9dde74301689f134bb280e
2023-09-11 17:37:59 UTC,cart,8966163,1549623645531932356,accessories.bags,Solmara,89.52,500000001,63f1ce312c9dde74301689f134bb280e
2023-09-11 17:40:10 UTC,view,9319849,1472209747072745335,footwear.boots,Marlow Row,149.35,500000001,63f1ce312c9dde74301689f134bb280e
2023-09-11 17:46:15 UTC,view,1092786,1558430393367643133,accessories.hats,Thistlewood,11.49,500000001,63f1ce312c9dde74301689f134bb280e
2023-09-11 17:48:42 UTC,purchase,8966163,1549623645531932356,accessories.bags,Solmara,79.17,500000001,63f1ce312c9dde74301689f134bb280e
2023-09-11 18:55:01 UTC,view,7390450,1558364261414932063,apparel.women.top,,38.78,500000011,878aa70517e3c99136f7c04197fe844a
2023-09-11 19:07:01 UTC,view,2731345,1428548884811402817,apparel.men.shirt,Aldyne,55.19,500000011,878aa70517e3c99136f7c04197fe844a
12/09/2023 11:33,view,9319849,1472209747072745335,footwear.boots,Marlow Row,136.37,500000001,f5c96980272ee7a4b67d020a6da7a93f
2023-09-12 11:49:49 UTC,view,5068008,1558364261414932063,apparel.women.top,,18.34,500000001,f5c96980272ee7a4b67d020a6da7a93f
2023-09-12 11:53:20 UTC,view,4747587,1482972250706899052,apparel.women.pants,,83.73,500000001,f5c96980272ee7a4b67d020a6da7a93f
2023-09-12 19:19:53 UTC,view,8016491,1546390003792228747,footwear.sneakers,,141.94,500000006,40da6c76443388c5392793c9859f3859
2023-09-12 19:20:23 UTC,view,4747587,1482972250706899052,apparel.women.pants,,73.13,500000006,40da6c76443388c5392793c9859f3859
2023-09-12 19:22:08 UTC,view,2295523,1516173523019626745,,,43.79,500000006,40da6c76443388c5392793c9859f3859
2023-09-12 19:28:05 UTC,view,8966163,1549623645531932356,accessories.bags,Solmara,88.93,500000006,40da6c76443388c5392793c9859f3859
2023-09-12 19:39:14 UTC,view,4705110,1428548884811402817,apparel.men.shirt,Ashgrove,21.64,500000006,40da6c76443388c5392793c9859f3859
2023-09-12 19:39:45 UTC,view,2317989,1482972250706899052,apparel.women.pants,Palewick,64.44,500000006,40da6c76443388c5392793c9859f3859
2023-09-12 19:41:11 UTC,view,6693651,1482972250706899052,apparel.women.pants,Cinderfox,30.82,500000006,40da6c76443388c5392793c9859f3859
2023-09-12 21:36:06 UTC,view,4076320,1590725883499271729,accessories.belts,Marlow Row,13.81,500000007,757609806625c74c39ea8722d41651d8
2023-09-12 21:38:46 UTC,view,7660389,1508136215129873133,apparel.kids.top,,23.73,500000007,757609806625c74c39ea8722d41651d8
2023-09-12 21:44:23 UTC,cart,1079923,1516173523019626745,apparel.women.dress,,97.48,500000007,757609806625c74c39ea8722d41651d8
2023-09-12 21:45:27 UTC,purchase,1079923,1516173523019626745,apparel.women.dress,,105.52,500000007,757609806625c74c39ea8722d41651d8
2023-09-12 21:59:57 UTC,view,7182700,1492821164472423496,apparel.men.jeans,,87.53,500000007,757609806625c74c39ea8722d41651d8
2023-09-12 22:01:32 UTC,view,2102225,1516173523019626745,apparel.women.dress,Vantree,35.89,500000007,757609806625c74c39ea8722d41651d8
2023-09-13 08:27:30 UTC,view,6953807,1558364261414932063,apparel.women.top,Kestrel & Co,12.21,500000001,e9f364bc54b76317ba225366b3c598fc
2023-09-13 08:33:05 UTC,cart,5781989,1482972250706899052,,Wrenfield,75.81,500000001,e9f364bc54b76317ba225366b3c598fc
2023-09-13 08:33:58 UTC,purchase,5781989,1482972250706899052,apparel.women.pants,Wrenfield,72.38,500000001,e9f364bc54b76317ba225366b3c598fc
2023-09-13 08:34:37 UTC,view,4663963,1428548884811402817,apparel.men.shirt,Greymont,35.26,500000001,e9f364bc54b76317ba225366b3c598fc
2023-09-13 08:43:23 UTC,view,9940011,1546390003792228747,,Doverly,41.76,500000001,e9f364bc54b76317ba225366b3c598fc
2023-09-13 08:44:13 UTC,view,4123600,1519748099762056932,apparel.men.outerwear,,164.85,500000001,e9f364bc54b76317ba225366b3c598fc
2023-09-13 18:15:18 UTC,view,3817121,1482972250706899052,,,75.73,500000001,e66e6874967b580e664103ba17e84bfe
2023-09-13 18:16:59 UTC,view,3243048,1558364261414932063,apparel.women.top,,40.65,500000002,d71a1cf07594fa45c7c4a6418021032a
2023-09-13 18:16:59 UTC,cart,9739117,1428548884811402817,apparel.men.shirt,Cinderfox,40.66,500000002,d71a1cf07594fa45c7c4a6418021032a
2023-09-13 18:22:46 UTC,cart,8966163,1549623645531932356,,Solmara,79.67,500000001,e66e6874967b580e664103ba17e84bfe
2023-09-13 18:23:27 UTC,purchase,8966163,1549623645531932356,accessories.bags,Solmara,87.75,500000001,e66e6874967b580e664103ba17e84bfe
2023-09-13 18:26:26 UTC,view,8966163,1549623645531932356,accessories.bags,Solmara,85.33,500000002,d71a1cf07594fa45c7c4a6418021032a
2023-09-13 18:26:54 UTC,view,6810241,1428548884811402817,apparel.men.shirt,Milbrook,17.4,500000002,d71a1cf07594fa45c7c4a6418021032a
2023-09-13 18:27:38 UTC,view,3240903,1549623645531932356,accessories.bags,,73.58,500000002,d71a1cf07594fa45c7c4a6418021032a
2023-09-14 15:22:32 UTC,view,8966163,1549623645531932356,accessories.bags,Solmara,91.8,500000002,d6205b5a891f79e3dc3ab3adaf1366fe
2023-09-14 15:22:32 UTC,cart,7182700,1492821164472423496,,,86.99,500000002,d6205b5a891f79e3dc3ab3adaf1366fe
2023-09-14 15:28:10 UTC,purchase,7182700,1492821164472423496,apparel.men.jeans,,90.78,500000002,d6205b5a891f79e3dc3ab3adaf1366fe
2023-09-14 15:31:19 UTC,view,4356662,1519748099762056932,apparel.men.outerwear,Bramholt,207.51,500000002,d6205b5a891f79e3dc3ab3adaf1366fe
2023-09-14 15:37:01 UTC,view,7182700,1492821164472423496,apparel.men.jeans,,94.14,500000002,d6205b5a891f79e3dc3ab3adaf1366fe
2023-09-14 15:43:10 UTC,view,9829417,1546390003792228747,footwear.sneakers,Bellcroft,130.35,500000002,d6205b5a891f79e3dc3ab3adaf1366fe
2023-09-14 15:45:11 UTC,view,4762867,1594728468612408249,accessories.jewelry,,19.25,500000002,d6205b5a891f79e3dc3ab3adaf1366fe
2023-09-14 16:14:21 UTC,view,9841830,1508136215129873133,apparel.kids.top,Wrenfield,11.52,500000001,bb8273d1def1c28805b90035d26392c6
2023-09-14 16:21:10 UTC,view,8903471,1428548884811402817,apparel.men.shirt,,18.36,500000001,bb8273d1def1c28805b90035d26392c6
2023-09-14 16:31:18 UTC,view,7275086,1558186846391920988,apparel.kids.outerwear,,57.01,500000001,bb8273d1def1c28805b90035d26392c6
2023-09-14 16:37:15 UTC,view,8966163,1549623645531932356,accessories.bags,Solmara,77.01,500000001,bb8273d1def1c28805b90035d26392c6
2023-09-14 22:52:53 UTC,view,9388289,1589407324608544585,apparel.women.outerwear,,69.64,500000003,0089cb0196b7beab617cdfa9d4c98ddc
2023-09-14 22:52:53 UTC,cart,1640473,1428548884811402817,apparel.men.shirt,,23.76,500000003,0089cb0196b7beab617cdfa9d4c98ddc
2023-09-14 22:53:43 UTC,purchase,1640473,1428548884811402817,apparel.men.shirt,,23.05,500000003,0089cb0196b7beab617cdfa9d4c98ddc
2023-09-14 23:03:52 UTC,view,2731345,1428548884811402817,apparel.men.shirt,Aldyne,57.92,500000003,0089cb0196b7beab617cdfa9d4c98ddc
2023-09-14 23:05:16 UTC,view,2804964,1558364261414932063,apparel.women.top,Cinderfox,41.35,500000003,0089cb0196b7beab617cdfa9d4c98ddc
2023-09-14 23:08:35 UTC,view,7692382,1429628030847824846,footwear.sandals,Palewick,43.06,500000003,0089cb0196b7beab617cdfa9d4c98ddc
2023-09-15 22:43:03 UTC,view,2102225,1516173523019626745,apparel.women.dress,Vantree,33.21,500000002,933f4387e974603d1bf805327e023bcc
2023-09-15 22:44:59 UTC,view,2102225,1516173523019626745,apparel.women.dress,Vantree,37.73,500000002,933f4387e974603d1bf805327e023bcc
2023-09-15 22:55:04 UTC,view,4994348,1549623645531932356,accessories.bags,,61.64,500000002,933f4387e974603d1bf805327e023bcc
2023-09-15 23:00:16 UTC,cart,3817121,1482972250706899052,apparel.women.pants,Ferncastle,69.9,500000002,933f4387e974603d1bf805327e023bcc
2023-09-15 23:01:08 UTC,view,7201529,1589407324608544585,apparel.women.outerwear,,88.63,500000002,933f4387e974603d1bf805327e023bcc
2023-09-15 23:09:12 UTC,purchase,3817121,1482972250706899052,apparel.women.pants,Ferncastle,76.66,500000002,933f4387e974603d1bf805327e023bcc
2023-09-16 22:08:21 UTC,view,1079923,1516173523019626745,apparel.women.dress,,99.06,500000001,fbf682868110aebbd7041a0699a34799
2023-09-16 22:15:19 UTC,cart,8966163,1549623645531932356,accessories.bags,Solmara,78.12,500000001,fbf682868110aebbd7041a0699a34799
2023-09-16 22:17:14 UTC,purchase,8966163,1549623645531932356,accessories.bags,,87.3,500000001,fbf682868110aebbd7041a0699a34799
2023-09-17 13:28:42 UTC,view,9388289,1589407324608544585,apparel.women.outerwear,Milbrook,75.45,500000003,dfad176149658c822e7a6eec100ec803
2023-09-17 13:28:42 UTC,cart,1522015,1546390003792228747,footwear.sneakers,,128.08,500000003,dfad176149658c822e7a6eec100ec803
2023-09-17 13:29:14 UTC,view,4236332,1482972250706899052,apparel.women.pants,,40.18,500000003,dfad176149658c822e7a6eec100ec803
2023-09-17 13:34:28 UTC,purchase,1522015,1546390003792228747,footwear.sneakers,Bramholt,117.02,500000003,dfad176149658c822e7a6eec100ec803
2023-09-17 17:25:40 UTC,view,1162680,1589407324608544585,apparel.women.outerwear,Kestrel & Co,207.2,500000156,5bd0e338844f2bed347aaffb605174d0
2023-09-17 17:28:17 UTC,view,2299273,1558364261414932063,apparel.women.top,Aldyne,24.6,500000156,5bd0e338844f2bed347aaffb605174d0
2023-09-17 17:30:38 UTC,view,9351656,1428548884811402817,apparel.men.shirt,Solmara,24.94,500000156,5bd0e338844f2bed347aaffb605174d0
2023-09-17 17:37:53 UTC,cart,9645778,1558186846391920988,apparel.kids.outerwear,,31.6,500000156,5bd0e338844f2bed347aaffb605174d0
2023-09-17 17:40:49 UTC,view,4747587,1482972250706899052,apparel.women.pants,,70.25,500000156,5bd0e338844f2bed347aaffb605174d0
2023-09-17 17:41:41 UTC,purchase,9645778,1558186846391920988,apparel.kids.outerwear,,32.02,500000156,5bd0e338844f2bed347aaffb605174d0
2023-09-17 17:43:09 UTC,view,7212311,1594728468612408249,accessories.jewelry,Doverly,47.67,500000156,5bd0e338844f2bed347aaffb605174d0
2023-09-17 22:39:12 UTC,view,4762867,1594728468612408249,accessories.jewelry,,18.49,500000014,815fddd96b3dd4c29e3653e149df4e00
2023-09-17 22:41:03 UTC,view,3301602,1594728468612408249,accessories.jewelry,,42.23,500000014,815fddd96b3dd4c29e3653e149df4e00
2023-09-17 22:41:33 UTC,view,1854723,1429628030847824846,footwear.sandals,Greymont,50.24,500000014,815fddd96b3dd4c29e3653e149df4e00
2023-09-17 22:51:37 UTC,view,6637675,1428548884811402817,apparel.men.shirt,,32.59,500000014,815fddd96b3dd4c29e3653e149df4e00
2023-09-17 22:52:09 UTC,view,1383693,1492821164472423496,apparel.men.jeans,Palewick,41.48,500000014,815fddd96b3dd4c29e3653e149df4e00
2023-09-17 22:58:38 UTC,cart,5234930,1589407324608544585,apparel.women.outerwear,Oakspire,180.56,500000014,815fddd96b3dd4c29e3653e149df4e00
2023-09-17 23:03:39 UTC,purchase,5234930,1589407324608544585,apparel.women.outerwear,Oakspire,173.48,500000014,815fddd96b3dd4c29e3653e149df4e00
2023-09-18 00:34:54 UTC,view,7427053,1519748099762056932,apparel.men.outerwear,Thistlewood,55.63,500000001,1a5f7bfc6bdc05387a973f80d0770915
2023-09-18 00:36:22 UTC,view,6079235,1508136215129873133,apparel.kids.top,,8.92,500000001,1a5f7bfc6bdc05387a973f80d0770915
2023-09-18 00:38:15 UTC,view,9755526,1589407324608544585,apparel.women.outerwear,,76.17,500000001,1a5f7bfc6bdc05387a973f80d0770915
2023-09-18 12:57:44 UTC,view,8966163,1549623645531932356,accessories.bags,Solmara,89.66,500000001,2f147a29d3e834690b16dfb6adca551f
2023-09-18 12:58:31 UTC,view,3554832,1428548884811402817,apparel.men.shirt,Greymont,49.61,500000001,2f147a29d3e834690b16dfb6adca551f
2023-09-18 13:08:48 UTC,view,3301602,1594728468612408249,,Vantree,40.88,500000001,2f147a29d3e834690b16dfb6adca551f
2023-09-18 13:19:26 UTC,cart,8966163,1549623645531932356,accessories.bags,Solmara,77.35,500000001,2f147a29d3e834690b16dfb6adca551f
2023-09-18 13:21:51 UTC,purchase,8966163,1549623645531932356,accessories.bags,Solmara,79.31,500000001,2f147a29d3e834690b16dfb6adca551f
2023-09-19 15:42:17 UTC,view,8832573,1589407324608544585,apparel.women.outerwear,Harlow Vale,88.07,500000032,b987f9fee7f5b2b29143e23f5eb5c159
2023-09-19 15:48:12 UTC,view,1083413,1492821164472423496,apparel.men.jeans,Thistlewood,72.2,500000032,b987f9fee7f5b2b29143e23f5eb5c159
2023-09-19 15:49:03 UTC,cart,1383693,1492821164472423496,apparel.men.jeans,Palewick,40.62,500000032,b987f9fee7f5b2b29143e23f5eb5c159
2023-09-19 15:50:34 UTC,purchase,1383693,1492821164472423496,,Palewick,38.75,500000032,b987f9fee7f5b2b29143e23f5eb5c159
2023-09-19 15:54:08 UTC,view,8754194,1482972250706899052,apparel.women.pants,,54.41,500000032,b987f9fee7f5b2b29143e23f5eb5c159
2023-09-19 16:00:33 UTC,view,8966163,1549623645531932356,accessories.bags,Solmara,85.05,500000032,b987f9fee7f5b2b29143e23f5eb5c159
2023-09-19 21:27:12 UTC,view,8966163,1549623645531932356,accessories.bags,Solmara,77.64,500000020,e0cfe1dd808b2356289f8c20e895fa72
2023-09-19 21:30:29 UTC,view,4098324,1558364261414932063,apparel.women.top,Norlend,20.61,500000020,e0cfe1dd808b2356289f8c20e895fa72
2023-09-19 21:31:56 UTC,view,8721483,1558364261414932063,apparel.women.top,Norlend,37.34,500000020,e0cfe1dd808b2356289f8c20e895fa72
2023-09-20 04:51:41 UTC,view,2102225,1516173523019626745,,,37.32,500000003,b5c5e3cabfe64530c81da1d60c5907bb
2023-09-20 04:58:05 UTC,cart,5114384,1558186846391920988,,,27.24,500000003,b5c5e3cabfe64530c81da1d60c5907bb
2023-09-20 04:59:41 UTC,view,2102225,1516173523019626745,apparel.women.dress,Vantree,34.31,500000003,b5c5e3cabfe64530c81da1d60c5907bb
2023-09-20 05:05:32 UTC,purchase,5114384,1558186846391920988,apparel.kids.outerwear,Kestrel & Co,29.2,500000003,b5c5e3cabfe64530c81da1d60c5907bb
2023-09-20 15:09:38 UTC,view,8795573,1482972250706899052,apparel.women.pants,Palewick,30.02,500000188,c63d55e15e5dc256c75cb11f19078309
2023-09-20 15:13:33 UTC,view,3383881,1589407324608544585,apparel.women.outerwear,Solmara,156.68,500000188,c63d55e15e5dc256c75cb11f19078309
2023-09-20 15:18:17 UTC,view,9388289,1589407324608544585,apparel.women.outerwear,,80.1,500000188,c63d55e15e5dc256c75cb11f19078309
2023-09-20 15:19:45 UTC,cart,1517547,1558364261414932063,apparel.women.top,Bellcroft,26.33,500000188,c63d55e15e5dc256c75cb11f19078309
2023-09-20 15:20:30 UTC,purchase,1517547,1558364261414932063,apparel.women.top,Bellcroft,22.11,500000188,c63d55e15e5dc256c75cb11f19078309
2023-09-20 15:23:11 UTC,view,8966163,1549623645531932356,accessories.bags,Solmara,92.57,500000188,c63d55e15e5dc256c75cb11f19078309
2023-09-20 15:24:40 UTC,view,3583619,1558430393367643133,,,28.84,500000188,c63d55e15e5dc256c75cb11f19078309
2023-09-20 15:25:03 UTC,view,2102225,1516173523019626745,apparel.women.dress,Vantree,34.52,500000188,c63d55e15e5dc256c75cb11f19078309
2023-09-20 22:39:41 UTC,view,7182700,1492821164472423496,apparel.men.jeans,,89.39,500000001,adb3bc87eca7140a8706b6739705798b
2023-09-20 22:40:38 UTC,view,2102225,1516173523019626745,apparel.women.dress,Vantree,31.76,500000001,adb3bc87eca7140a8706b6739705798b
2023-09-20 22:47:16 UTC,view,6362414,1558364261414932063,,Ferncastle,21.47,500000001,adb3bc87eca7140a8706b6739705798b
2023-09-21 21:40:26 UTC,view,8721483,1558364261414932063,apparel.women.top,Norlend,36.37,500000001,3394bc82120f5f558edd4e0a228ec4ab
2023-09-21 21:41:13 UTC,cart,5599767,1558364261414932063,apparel.women.top,Ferncastle,14.53,500000001,3394bc82120f5f558edd4e0a228ec4ab
2023-09-21 21:45:36 UTC,purchase,5599767,1558364261414932063,apparel.women.top,,14.21,500000001,3394bc82120f5f558edd4e0a228ec4ab
2023-09-21 21:51:03 UTC,view,5862621,1492821164472423496,apparel.men.jeans,Vantree,42.19,500000001,3394bc82120f5f558edd4e0a228ec4ab
2023-09-21 21:58:05 UTC,view,2102225,1516173523019626745,,Vantree,32.47,500000001,3394bc82120f5f558edd4e0a228ec4ab
2023-09-22 12:13:23 UTC,view,7448961,1590725883499271729,,Harlow Vale,16.67,500000001,9c2ecca75775a95248cec90c85abed8c
2023-09-22 12:13:36 UTC,view,8966163,1549623645531932356,accessories.bags,Solmara,84.59,500000001,9c2ecca75775a95248cec90c85abed8c
2023-09-22 12:23:45 UTC,cart,3163829,1558364261414932063,apparel.women.top,Marlow Row,42.82,500000001,9c2ecca75775a95248cec90c85abed8c
2023-09-22 12:24:47 UTC,purchase,3163829,1558364261414932063,apparel.women.top,Marlow Row,37.51,500000001,9c2ecca75775a95248cec90c85abed8c
2023-09-22 12:27:23 UTC,view,7949185,1590725883499271729,accessories.belts,,39.96,500000001,9c2ecca75775a95248cec90c85abed8c
2023-09-22 12:38:20 UTC,view,8634461,1428548884811402817,,,23.46,500000001,9c2ecca75775a95248cec90c85abed8c
2023-09-22 15:30:51 UTC,view,4648994,1482972250706899052,apparel.women.pants,,26.02,500000007,6e888aaa94ef69cf973bfed126286faf
2023-09-22 15:32:19 UTC,view,4747587,1482972250706899052,apparel.women.pants,,75.13,500000007,6e888aaa94ef69cf973bfed126286faf
2023-09-22 15:34:10 UTC,cart,5234930,1589407324608544585,apparel.women.outerwear,Oakspire,177.61,500000007,6e888aaa94ef69cf973bfed126286faf
2023-09-22 15:37:45 UTC,purchase,5234930,1589407324608544585,,Oakspire,202.28,500000007,6e888aaa94ef69cf973bfed126286faf
2023-09-22 15:43:22 UTC,view,1383693,1492821164472423496,apparel.men.jeans,Palewick,38.91,500000007,6e888aaa94ef69cf973bfed126286faf
2023-09-22 15:44:26 UTC,view,6362414,1558364261414932063,apparel.women.top,Ferncastle,22.08,500000007,6e888aaa94ef69cf973bfed126286faf
2023-09-22 15:48:46 UTC,view,6529231,1558186846391920988,,,32.73,500000007,6e888aaa94ef69cf973bfed126286faf
2023-09-22 15:49:34 UTC,view,1428173,1589407324608544585,apparel.women.outerwear,,113.11,500000007,6e888aaa94ef69cf973bfed126286faf
2023-09-22 17:24:35 UTC,view,4747587,1482972250706899052,,,77.65,500000001,8d886fce4fac7fc7c6d4188b8f444c71
2023-09-22 17:26:37 UTC,view,1428173,1589407324608544585,apparel.women.outerwear,,109.92,500000001,8d886fce4fac7fc7c6d4188b8f444c71
2023-09-22 17:28:17 UTC,cart,5862621,1492821164472423496,apparel.men.jeans,Vantree,43.59,500000001,8d886fce4fac7fc7c6d4188b8f444c71
2023-09-22 17:29:21 UTC,purchase,5862621,1492821164472423496,apparel.men.jeans,Vantree,43.51,500000001,8d886fce4fac7fc7c6d4188b8f444c71
2023-09-22 17:35:39 UTC,view,7182700,1492821164472423496,apparel.men.jeans,,85.24,500000001,8d886fce4fac7fc7c6d4188b8f444c71
2023-09-22 17:39:41 UTC,view,8966163,1549623645531932356,accessories.bags,Solmara,88.82,500000001,8d886fce4fac7fc7c6d4188b8f444c71
2023-09-22 17:41:58 UTC,view,1428173,1589407324608544585,apparel.women.outerwear,,106.33,500000001,8d886fce4fac7fc7c6d4188b8f444c71
2023-09-22 17:44:06 UTC,view,3676700,1558186846391920988,apparel.kids.outerwear,Oakspire,68.62,500000001,8d886fce4fac7fc7c6d4188b8f444c71
2023-09-23 09:12:11 UTC,view,2118773,1428548884811402817,apparel.men.shirt,Ferncastle,34.08,500000001,3920b90aad7170b0b7cd0b2b27ebeaab
2023-09-23 09:12:11 UTC,cart,3243048,1558364261414932063,apparel.women.top,Thistlewood,46.65,500000001,3920b90aad7170b0b7cd0b2b27ebeaab
2023-09-23 09:15:36 UTC,view,2102225,1516173523019626745,apparel.women.dress,Vantree,32.66,500000001,3920b90aad7170b0b7cd0b2b27ebeaab
23/09/2023 09:15,view,8966163,1549623645531932356,accessories.bags,,77.39,500000001,3920b90aad7170b0b7cd0b2b27ebeaab
2023-09-23 09:16:05 UTC,purchase,3243048,1558364261414932063,apparel.women.top,Thistlewood,42.83,500000001,3920b90aad7170b0b7cd0b2b27ebeaab
2023-09-23 09:17:57 UTC,view,2527689,1428548884811402817,apparel.men.shirt,,32.05,500000001,3920b90aad7170b0b7cd0b2b27ebeaab
2023-09-23 09:20:11 UTC,view,7941277,1594728468612408249,accessories.jewelry,,51.72,500000001,3920b90aad7170b0b7cd0b2b27ebeaab
2023-09-23 09:23:46 UTC,view,4747587,1482972250706899052,apparel.women.pants,,85.15,500000001,3920b90aad7170b0b7cd0b2b27ebeaab
2023-09-23 09:35:23 UTC,view,9829417,1546390003792228747,footwear.sneakers,,132.92,500000001,3920b90aad7170b0b7cd0b2b27ebeaab
2023-09-23 13:38:17 UTC,view,3163829,1558364261414932063,apparel.women.top,Marlow Row,40.04,500000002,53547a5b9590baff281816afeb5b5277
2023-09-23 13:45:06 UTC,view,6497266,1558430393367643133,accessories.hats,Doverly,10.18,500000002,53547a5b9590baff281816afeb5b5277
2023-09-23 13:51:48 UTC,view,8966163,1549623645531932356,,Solmara,83.72,500000002,53547a5b9590baff281816afeb5b5277
2023-09-23 13:53:46 UTC,view,4720552,1428548884811402817,apparel.men.shirt,Palewick,16.11,500000002,53547a5b9590baff281816afeb5b5277
2023-09-23 13:54:14 UTC,view,4708009,1549623645531932356,accessories.bags,,107.62,500000002,53547a5b9590baff281816afeb5b5277
2023-09-23 13:58:22 UTC,view,4762867,1594728468612408249,accessories.jewelry,Greymont,17.55,500000002,53547a5b9590baff281816afeb5b5277
2023-09-23 19:17:34 UTC,view,7182700,1492821164472423496,apparel.men.jeans,,86.55,500000006,8f7a0b93d22e924d58533745cc30ca8f
2023-09-23 23:38:46 UTC,view,8488816,1429628030847824846,footwear.sandals,Wrenfield,62.88,500000002,1ec20dfb1440373f1d05321e65e8c879
2023-09-23 23:38:53 UTC,view,4143393,1519748099762056932,apparel.men.outerwear,,224.34,500000002,1ec20dfb1440373f1d05321e65e8c879
2023-09-23 23:42:31 UTC,view,4098324,1558364261414932063,apparel.women.top,Norlend,21.77,500000002,1ec20dfb1440373f1d05321e65e8c879
2023-09-23 23:48:08 UTC,view,4747587,1482972250706899052,apparel.women.pants,,83.97,500000002,1ec20dfb1440373f1d05321e65e8c879
2023-09-23 23:48:32 UTC,view,5678537,1472209747072745335,footwear.boots,Aldyne,110.58,500000002,1ec20dfb1440373f1d05321e65e8c879
2023-09-24 09:24:48 UTC,view,7182700,1492821164472423496,,,99.17,500000001,4eb21e78aec9be4e2647c51aaa399d1f
2023-09-24 09:25:17 UTC,view,1162680,1589407324608544585,apparel.women.outerwear,Kestrel & Co,221.22,500000001,4eb21e78aec9be4e2647c51aaa399d1f
2023-09-24 09:26:50 UTC,view,3852546,1482972250706899052,apparel.women.pants,Bramholt,79.14,500000001,4eb21e78aec9be4e2647c51aaa399d1f
24/09/2023 09:37,view,7255659,1492821164472423496,apparel.men.jeans,Norlend,85.03,500000001,4eb21e78aec9be4e2647c51aaa399d1f
2023-09-24 09:42:33 UTC,view,8795573,1482972250706899052,apparel.women.pants,,29.47,500000001,4eb21e78aec9be4e2647c51aaa399d1f
2023-09-24 09:42:59 UTC,view,5553390,1472209747072745335,footwear.boots,Aldyne,51.1,500000001,4eb21e78aec9be4e2647c51aaa399d1f
2023-09-24 09:43:06 UTC,view,5212958,1516173523019626745,apparel.women.dress,,98.27,500000001,4eb21e78aec9be4e2647c51aaa399d1f
2023-09-24 13:27:54 UTC,view,3243048,1558364261414932063,apparel.women.top,,47.28,500000001,b4017aaa648308a644187189ad47f482
2023-09-24 13:36:39 UTC,view,1092786,1558430393367643133,accessories.hats,Thistlewood,10.43,500000001,b4017aaa648308a644187189ad47f482
2023-09-24 13:49:42 UTC,view,4705110,1428548884811402817,apparel.men.shirt,Ashgrove,19.5,500000001,b4017aaa648308a644187189ad47f482
2023-09-24 13:52:20 UTC,view,3166872,1428548884811402817,apparel.men.shirt,,34.48,500000001,b4017aaa648308a644187189ad47f482
2023-09-24 14:27:08 UTC,view,9841830,1508136215129873133,apparel.kids.top,,12.88,500000010,6f23075576addb62b1bee6a7006ef33f
2023-09-24 14:31:57 UTC,view,1099410,1558430393367643133,accessories.hats,,16.33,500000010,6f23075576addb62b1bee6a7006ef33f
2023-09-24 14:39:59 UTC,view,8634461,1428548884811402817,apparel.men.shirt,Kestrel & Co,22.4,500000010,6f23075576addb62b1bee6a7006ef33f
2023-09-24 14:48:26 UTC,view,8966163,1549623645531932356,accessories.bags,,86.85,500000010,6f23075576addb62b1bee6a7006ef33f
2023-09-24 15:41:56 UTC,view,9645778,1558186846391920988,apparel.kids.outerwear,,32.23,500000001,8459ec49bf36e4445ac238e010458a74
2023-09-24 15:51:35 UTC,view,4194454,1482972250706899052,apparel.women.pants,Vantree,71.56,500000001,8459ec49bf36e4445ac238e010458a74
2023-09-24 16:00:40 UTC,view,9829417,1546390003792228747,footwear.sneakers,,116.77,500000001,8459ec49bf36e4445ac238e010458a74
2023-09-24 16:04:44 UTC,cart,9746038,1516173523019626745,apparel.women.dress,,35.56,500000001,8459ec49bf36e4445ac238e010458a74
2023-09-24 16:08:13 UTC,purchase,9746038,1516173523019626745,apparel.women.dress,,36.56,500000001,8459ec49bf36e4445ac238e010458a74
2023-09-25 06:55:40 UTC,view,8966163,1549623645531932356,accessories.bags,,86.03,500000001,fc6269237c62dcef1b7847296f93e39c
2023-09-25 07:06:19 UTC,view,1162680,1589407324608544585,apparel.women.outerwear,Kestrel & Co,196.73,500000001,fc6269237c62dcef1b7847296f93e39c
2023-09-25 07:09:33 UTC,view,3163829,1558364261414932063,,Marlow Row,44.91,500000001,fc6269237c62dcef1b7847296f93e39c
2023-09-25 07:14:41 UTC,cart,3852546,1482972250706899052,apparel.women.pants,Bramholt,71.03,500000001,fc6269237c62dcef1b7847296f93e39c
2023-09-25 07:17:54 UTC,purchase,3852546,1482972250706899052,,Bramholt,77.53,500000001,fc6269237c62dcef1b7847296f93e39c
2023-09-25 17:30:08 UTC,view,8966163,1549623645531932356,accessories.bags,Solmara,91.94,500000015,f1e854d6a31fcc0980baa65079e82ae4
2023-09-25 17:31:54 UTC,view,7182700,1492821164472423496,apparel.men.jeans,,94.02,500000015,f1e854d6a31fcc0980baa65079e82ae4
2023-09-25 17:32:30 UTC,view,7182700,1492821164472423496,apparel.men.jeans,,89.05,500000015,f1e854d6a31fcc0980baa65079e82ae4
2023-09-25 17:34:14 UTC,view,9036326,1558430393367643133,accessories.hats,,7.51,500000015,f1e854d6a31fcc0980baa65079e82ae4
2023-09-25 17:36:03 UTC,view,9065490,1516173523019626745,,Aldyne,105.44,500000015,f1e854d6a31fcc0980baa65079e82ae4
2023-09-25 17:46:46 UTC,view,8004216,1482972250706899052,apparel.women.pants,Cinderfox,39.59,500000015,f1e854d6a31fcc0980baa65079e82ae4
2023-09-25 17:48:21 UTC,view,4123600,1519748099762056932,apparel.men.outerwear,,162.54,500000015,f1e854d6a31fcc0980baa65079e82ae4
2023-09-25 17:50:27 UTC,view,1092786,1558430393367643133,accessories.hats,Thistlewood,9.9,500000015,f1e854d6a31fcc0980baa65079e82ae4
2023-09-25 17:50:30 UTC,view,1910407,1482972250706899052,apparel.women.pants,,85.24,500000015,f1e854d6a31fcc0980baa65079e82ae4
2023-09-25 17:50:38 UTC,view,9800243,1492821164472423496,apparel.men.jeans,,85.14,500000015,f1e854d6a31fcc0980baa65079e82ae4
2023-09-26 00:26:34 UTC,view,8966163,1549623645531932356,accessories.bags,Solmara,91.45,500000008,06621574eae85c9c4721a65ba7dd8063
2023-09-26 00:26:55 UTC,view,9748139,1594728468612408249,accessories.jewelry,Ferncastle,23.03,500000008,06621574eae85c9c4721a65ba7dd8063
2023-09-26 00:31:08 UTC,view,1099410,1558430393367643133,accessories.hats,,15.23,500000008,06621574eae85c9c4721a65ba7dd8063
2023-09-26 00:38:27 UTC,view,2102225,1516173523019626745,apparel.women.dress,,35.43,500000008,06621574eae85c9c4721a65ba7dd8063
2023-09-26 00:50:57 UTC,view,4123600,1519748099762056932,apparel.men.outerwear,,171.93,500000008,06621574eae85c9c4721a65ba7dd8063
2023-09-26 22:49:35 UTC,view,9319849,1472209747072745335,footwear.boots,Marlow Row,145.6,500000001,cfad41c92a82e7e5de24223f5825a7de
2023-09-26 22:51:02 UTC,view,2102225,1516173523019626745,apparel.women.dress,Vantree,34.91,500000001,cfad41c92a82e7e5de24223f5825a7de
2023-09-26 22:57:24 UTC,view,2804964,1558364261414932063,apparel.women.top,Cinderfox,40.18,500000001,cfad41c92a82e7e5de24223f5825a7de
2023-09-26 23:07:06 UTC,view,8966163,1549623645531932356,accessories.bags,Solmara,76.77,500000001,cfad41c92a82e7e5de24223f5825a7de
2023-09-26 23:08:19 UTC,view,6380274,1472209747072745335,footwear.boots,Wrenfield,194.58,500000001,cfad41c92a82e7e5de24223f5825a7de
2023-09-27 05:04:30 UTC,view,9319849,1472209747072745335,footwear.boots,Marlow Row,136.75,500000013,527dfa7592c74375346119ff2847b702
2023-09-27 05:16:37 UTC,view,1162680,1589407324608544585,apparel.women.outerwear,,201.5,500000013,527dfa7592c74375346119ff2847b702
2023-09-27 05:19:31 UTC,view,5862621,1492821164472423496,,Vantree,41.48,500000013,527dfa7592c74375346119ff2847b702
2023-09-27 05:29:04 UTC,view,1162680,1589407324608544585,apparel.women.outerwear,Kestrel & Co,220.53,500000013,527dfa7592c74375346119ff2847b702
2023-09-27 10:45:37 UTC,view,2565553,1590725883499271729,accessories.belts,,18.83,500000001,424d16f393605e742f73b04978d78927
2023-09-27 10:48:42 UTC,view,8966163,1549623645531932356,accessories.bags,Solmara,80.16,500000001,424d16f393605e742f73b04978d78927
2023-09-27 10:54:54 UTC,view,9319849,1472209747072745335,footwear.boots,,150.28,500000001,424d16f393605e742f73b04978d78927
2023-09-27 11:06:08 UTC,view,1162680,1589407324608544585,apparel.women.outerwear,Kestrel & Co,215.56,500000001,424d16f393605e742f73b04978d78927
2023-09-27 18:30:00 UTC,view,2102225,1516173523019626745,apparel.women.dress,Vantree,0.0,500000220,24d8fe688ee2ccac4574633a00c86e13
2023-09-27 18:41:44 UTC,view,5212958,1516173523019626745,apparel.women.dress,,99.69,500000220,24d8fe688ee2ccac4574633a00c86e13
2023-09-27 18:43:54 UTC,purchase,6497266,1558430393367643133,accessories.hats,Doverly,11.32,500000220,24d8fe688ee2ccac4574633a00c86e13
2023-09-27 18:55:13 UTC,view,8966163,1549623645531932356,accessories.bags,,78.82,500000220,24d8fe688ee2ccac4574633a00c86e13
2023-09-28 07:51:30 UTC,view,7373415,1428548884811402817,apparel.men.shirt,Vantree,26.74,500000002,45527264f42cc5b5cf3bf0a5f069dac5
2023-09-28 07:52:26 UTC,view,9319849,1472209747072745335,footwear.boots,Marlow Row,138.35,500000002,45527264f42cc5b5cf3bf0a5f069dac5
2023-09-28 07:55:37 UTC,view,7946407,1519748099762056932,apparel.men.outerwear,Solmara,72.06,500000002,45527264f42cc5b5cf3bf0a5f069dac5
2023-09-28 07:57:00 UTC,cart,1072276,1558364261414932063,apparel.women.top,,47.79,500000002,45527264f42cc5b5cf3bf0a5f069dac5
2023-09-28 07:57:23 UTC,purchase,1072276,1558364261414932063,apparel.women.top,Ferncastle,40.62,500000002,45527264f42cc5b5cf3bf0a5f069dac5
2023-09-28 11:14:31 UTC,view,3243048,1558364261414932063,apparel.women.top,Thistlewood,48.54,500000004,cf825e55403bec9d0dd6f9e7ca75f43a
2023-09-28 11:24:18 UTC,view,9748139,1594728468612408249,accessories.jewelry,Ferncastle,21.54,500000004,cf825e55403bec9d0dd6f9e7ca75f43a
2023-09-28 11:24:34 UTC,view,5234930,1589407324608544585,apparel.women.outerwear,Oakspire,203.63,500000004,cf825e55403bec9d0dd6f9e7ca75f43a
2023-09-28 11:27:21 UTC,view,7946407,1519748099762056932,,Solmara,66.68,500000004,cf825e55403bec9d0dd6f9e7ca75f43a
2023-09-29 12:10:18 UTC,view,6543834,1590725883499271729,accessories.belts,,17.99,500001989,ffe30e608de8e90da26d2fbd02839893
2023-09-30 20:29:18 UTC,view,1428173,1589407324608544585,,,113.49,500000001,40fd7ab78c8e3255ddf693a2a8e387c3
2023-09-30 20:37:45 UTC,view,2102225,1516173523019626745,apparel.women.dress,Vantree,38.57,500000001,40fd7ab78c8e3255ddf693a2a8e387c3
2023-09-30 20:39:00 UTC,view,8966163,1549623645531932356,accessories.bags,,92.01,500000001,40fd7ab78c8e3255ddf693a2a8e387c3
2023-09-30 20:40:27 UTC,view,2102225,1516173523019626745,apparel.women.dress,Vantree,32.78,500000001,40fd7ab78c8e3255ddf693a2a8e387c3
2023-09-30 20:42:50 UTC,view,7275086,1558186846391920988,apparel.kids.outerwear,,64.2,500000001,40fd7ab78c8e3255ddf693a2a8e387c3
2023-09-30 20:48:08 UTC,view,4747587,1482972250706899052,apparel.women.pants,,84.21,500000001,40fd7ab78c8e3255ddf693a2a8e387c3
2023-09-30 20:49:30 UTC,view,5464062,1508136215129873133,apparel.kids.top,Bellcroft,17.7,500000001,40fd7ab78c8e3255ddf693a2a8e387c3
2023-09-30 20:54:21 UTC,view,8903471,1428548884811402817,apparel.men.shirt,,19.44,500000001,40fd7ab78c8e3255ddf693a2a8e387c3
2023-09-30 20:55:45 UTC,view,7182700,1492821164472423496,apparel.men.jeans,,95.47,500000001,40fd7ab78c8e3255ddf693a2a8e387c3
2023-10-02 21:41:04 UTC,view,8966163,1549623645531932356,accessories.bags,,83.29,500000001,a6a13b1f3e7d4acbb9553f6119d7c284
2023-10-02 21:47:17 UTC,view,9800243,1492821164472423496,apparel.men.jeans,,85.16,500000001,a6a13b1f3e7d4acbb9553f6119d7c284
2023-10-02 21:51:54 UTC,view,4194454,1482972250706899052,apparel.women.pants,Vantree,62.47,500000001,a6a13b1f3e7d4acbb9553f6119d7c284
2023-10-02 21:55:22 UTC,view,6362414,1558364261414932063,apparel.women.top,Ferncastle,24.4,500000001,a6a13b1f3e7d4acbb9553f6119d7c284
2023-10-03 15:30:27 UTC,view,2295523,1516173523019626745,apparel.women.dress,,46.0,500000037,2f87a20fe6ea4a37b5f0cabca81abe12
2023-10-03 15:33:49 UTC,view,9748139,1594728468612408249,accessories.jewelry,Ferncastle,22.22,500000037,2f87a20fe6ea4a37b5f0cabca81abe12
2023-10-03 15:34:05 UTC,cart,5781989,1482972250706899052,apparel.women.pants,Wrenfield,77.27,500000037,2f87a20fe6ea4a37b5f0cabca81abe12
2023-10-03 15:37:56 UTC,purchase,5781989,1482972250706899052,apparel.women.pants,Wrenfield,70.85,500000037,2f87a20fe6ea4a37b5f0cabca81abe12
2023-10-03 15:50:37 UTC,view,9748139,1594728468612408249,accessories.jewelry,Ferncastle,21.54,500000037,2f87a20fe6ea4a37b5f0cabca81abe12
03/10/2023 15:50,view,5862621,1492821164472423496,apparel.men.jeans,,41.98,500000037,2f87a20fe6ea4a37b5f0cabca81abe12
2023-10-03 15:54:04 UTC,view,8966163,1549623645531932356,accessories.bags,Solmara,92.84,500000037,2f87a20fe6ea4a37b5f0cabca81abe12
2023-10-03 15:55:51 UTC,view,8758486,1516173523019626745,apparel.women.dress,,93.42,500000037,2f87a20fe6ea4a37b5f0cabca81abe12
2023-10-03 15:59:13 UTC,view,8966163,1549623645531932356,accessories.bags,,85.34,500000037,2f87a20fe6ea4a37b5f0cabca81abe12
2023-10-05 06:04:05 UTC,view,6854023,1549623645531932356,accessories.bags,Doverly,143.8,500000002,4915a0a5e9614ec2bf4259fb3c2fd008
2023-10-05 06:07:35 UTC,view,1356979,1482972250706899052,apparel.women.pants,Ferncastle,28.51,500000002,4915a0a5e9614ec2bf4259fb3c2fd008
2023-10-05 06:15:51 UTC,view,5114384,1558186846391920988,apparel.kids.outerwear,Kestrel & Co,27.81,500000002,4915a0a5e9614ec2bf4259fb3c2fd008
2023-10-05 06:27:29 UTC,view,1038403,1519748099762056932,apparel.men.outerwear,Ashgrove,61.49,500000002,4915a0a5e9614ec2bf4259fb3c2fd008
05/10/2023 06:35,cart,7182700,1492821164472423496,apparel.men.jeans,,84.55,500000002,4915a0a5e9614ec2bf4259fb3c2fd008
2023-10-05 06:41:00 UTC,purchase,7182700,1492821164472423496,apparel.men.jeans,,95.3,500000002,4915a0a5e9614ec2bf4259fb3c2fd008
2023-10-07 18:41:54 UTC,cart,6543834,1590725883499271729,accessories.belts,,18.2,500000003,bb397d3dae454236b79afb28867c8414
2023-10-07 18:48:31 UTC,purchase,6543834,1590725883499271729,accessories.belts,,15.86,500000003,bb397d3dae454236b79afb28867c8414
2023-10-07 18:50:05 UTC,view,8634461,1428548884811402817,apparel.men.shirt,Kestrel & Co,22.35,500000003,bb397d3dae454236b79afb28867c8414
2023-10-07 18:55:08 UTC,view,6695684,1516173523019626745,apparel.women.dress,,56.21,500000003,bb397d3dae454236b79afb28867c8414
08/10/2023 11:35,view,6810241,1428548884811402817,apparel.men.shirt,Milbrook,16.94,500000090,c5df1afca3c04445a1246f59452a0a85
2023-10-08 11:39:19 UTC,view,6079235,1508136215129873133,,Bramholt,9.67,500000090,c5df1afca3c04445a1246f59452a0a85
2023-10-08 11:39:28 UTC,view,9829417,1546390003792228747,footwear.sneakers,Bellcroft,116.22,500000090,c5df1afca3c04445a1246f59452a0a85
2023-10-08 11:57:59 UTC,view,3004815,1482972250706899052,apparel.women.pants,,66.08,500000090,c5df1afca3c04445a1246f59452a0a85
2023-10-16 13:00:21 UTC,cart,9036326,1558430393367643133,accessories.hats,,8.61,500000001,4b09ad6b8ef5450285647a474e3dbb4f
2023-10-16 13:01:05 UTC,purchase,9036326,1558430393367643133,accessories.hats,,8.33,500000001,4b09ad6b8ef5450285647a474e3dbb4f
2023-10-16 13:10:03 UTC,view,9800243,1492821164472423496,,Palewick,85.44,500000001,4b09ad6b8ef5450285647a474e3dbb4f
2023-10-18 19:40:50 UTC,view,1517547,1558364261414932063,apparel.women.top,Bellcroft,24.23,500000001,0b0c62b26d59428c96407ceac7f3e3e4
2023-10-18 19:41:24 UTC,view,7182700,1492821164472423496,apparel.men.jeans,,90.82,500000001,0b0c62b26d59428c96407ceac7f3e3e4
2023-10-18 19:46:36 UTC,view,8634461,1428548884811402817,apparel.men.shirt,Kestrel & Co,20.65,500000001,0b0c62b26d59428c96407ceac7f3e3e4
2023-10-18 19:49:29 UTC,view,1383693,1492821164472423496,apparel.men.jeans,Palewick,40.87,500000001,0b0c62b26d59428c96407ceac7f3e3e4
2023-10-18 19:52:52 UTC,view,2154101,1558430393367643133,accessories.hats,,14.11,500000001,0b0c62b26d59428c96407ceac7f3e3e4
18/10/2023 19:55,cart,5068008,1558364261414932063,apparel.women.top,Ashgrove,17.45,500000001,0b0c62b26d59428c96407ceac7f3e3e4
2023-10-18 20:01:47 UTC,view,7814384,1482972250706899052,apparel.women.pants,,80.44,500000001,0b0c62b26d59428c96407ceac7f3e3e4
18/10/2023 20:03,purchase,5068008,1558364261414932063,,Ashgrove,15.75,500000001,0b0c62b26d59428c96407ceac7f3e3e4
2023-10-01 19:25:34 UTC,view,8966163,1549623645531932356,accessories.bags,Solmara,81.64,500000001,bb5749d5e08e457b8c3f4f3bc0c4b0b5
2023-10-08 21:34:50 UTC,view,1517547,1558364261414932063,apparel.women.top,Bellcroft,24.2,500000059,26d713ca61a643f58d86dd2bac531fbd
2023-10-08 21:44:47 UTC,cart,3289377,1546390003792228747,footwear.sneakers,Greymont,66.87,500000059,26d713ca61a643f58d86dd2bac531fbd
2023-10-08 21:46:46 UTC,purchase,3289377,1546390003792228747,footwear.sneakers,Greymont,64.24,500000059,26d713ca61a643f58d86dd2bac531fbd
2023-10-08 21:59:09 UTC,view,7182700,1492821164472423496,apparel.men.jeans,,98.47,500000059,26d713ca61a643f58d86dd2bac531fbd
2023-10-08 22:02:33 UTC,view,7275086,1558186846391920988,apparel.kids.outerwear,,56.07,500000059,26d713ca61a643f58d86dd2bac531fbd
2023-10-16 08:37:20 UTC,view,5862621,1492821164472423496,apparel.men.jeans,,44.64,500000007,bdc9a654ada342ce8547999ba36e7015
2023-10-16 08:38:59 UTC,view,1640473,1428548884811402817,apparel.men.shirt,,24.81,500000007,bdc9a654ada342ce8547999ba36e7015
2023-10-16 08:42:41 UTC,view,6944057,1428548884811402817,apparel.men.shirt,,51.47,500000007,bdc9a654ada342ce8547999ba36e7015
2023-10-16 08:44:27 UTC,cart,5711182,1546390003792228747,footwear.sneakers,Oakspire,81.18,500000007,bdc9a654ada342ce8547999ba36e7015
2023-10-16 08:48:28 UTC,purchase,5711182,1546390003792228747,footwear.sneakers,Oakspire,87.65,500000007,bdc9a654ada342ce8547999ba36e7015
2023-10-16 08:50:37 UTC,view,1601049,1558364261414932063,apparel.women.top,,24.66,500000007,bdc9a654ada342ce8547999ba36e7015
2023-10-18 16:02:01 UTC,cart,6497266,1558430393367643133,,Doverly,10.27,500000001,aa67a6a220b0463dafe1e66a80d25a3d
2023-10-18 16:02:46 UTC,view,5114384,1558186846391920988,apparel.kids.outerwear,Kestrel & Co,28.89,500000001,aa67a6a220b0463dafe1e66a80d25a3d
2023-10-18 16:03:16 UTC,view,2102225,1516173523019626745,apparel.women.dress,Vantree,34.91,500000001,aa67a6a220b0463dafe1e66a80d25a3d
2023-10-18 16:03:30 UTC,purchase,6497266,1558430393367643133,accessories.hats,Doverly,11.53,500000001,aa67a6a220b0463dafe1e66a80d25a3d
2023-10-18 16:07:04 UTC,view,5711182,1546390003792228747,footwear.sneakers,Oakspire,89.67,500000001,aa67a6a220b0463dafe1e66a80d25a3d
2023-10-18 16:11:15 UTC,view,9118281,1558364261414932063,apparel.women.top,Solmara,18.44,500000001,aa67a6a220b0463dafe1e66a80d25a3d
2023-10-21 16:04:16 UTC,view,9319849,1472209747072745335,footwear.boots,Marlow Row,155.23,500000001,7911a9c863f7407bafaa739117275be9
2023-10-21 16:05:18 UTC,view,9755526,1589407324608544585,,,77.41,500000001,7911a9c863f7407bafaa739117275be9
2023-10-21 16:05:42 UTC,view,7871485,1508136215129873133,apparel.kids.top,,19.6,500000001,7911a9c863f7407bafaa739117275be9
2023-10-21 16:08:27 UTC,view,9829417,1546390003792228747,footwear.sneakers,Bellcroft,120.11,500000001,7911a9c863f7407bafaa739117275be9
2023-10-21 16:13:40 UTC,view,9939190,1482972250706899052,apparel.women.pants,Marlow Row,56.65,500000001,7911a9c863f7407bafaa739117275be9
2023-10-24 16:34:15 UTC,view,1029072,1482972250706899052,apparel.women.pants,Palewick,54.79,500000001,09350d3a9c1847e3a01610a562ab8071
2023-10-24 16:45:33 UTC,view,9940011,1546390003792228747,,Doverly,41.31,500000001,09350d3a9c1847e3a01610a562ab8071
2023-10-24 16:47:14 UTC,view,3206674,1428548884811402817,apparel.men.shirt,,31.41,500000001,09350d3a9c1847e3a01610a562ab8071
2023-10-24 16:52:31 UTC,view,8966163,1549623645531932356,,,91.2,500000001,09350d3a9c1847e3a01610a562ab8071
2023-10-24 16:55:22 UTC,view,4476707,1492821164472423496,apparel.men.jeans,Aldyne,88.72,500000001,09350d3a9c1847e3a01610a562ab8071
2023-10-24 17:00:07 UTC,view,8966163,1549623645531932356,,,80.68,500000001,09350d3a9c1847e3a01610a562ab8071
2023-10-24 17:01:19 UTC,cart,9261290,1482972250706899052,apparel.women.pants,Thistlewood,79.11,500000001,09350d3a9c1847e3a01610a562ab8071
2023-10-24 17:08:27 UTC,purchase,9261290,1482972250706899052,apparel.women.pants,,90.19,500000001,09350d3a9c1847e3a01610a562ab8071
2023-10-24 17:27:18 UTC,view,9388289,1589407324608544585,,Milbrook,81.6,500000001,59d79cc711a24e5b9316a20ddf6405ef
2023-10-24 17:37:52 UTC,view,5678537,1472209747072745335,footwear.boots,,117.37,500000001,59d79cc711a24e5b9316a20ddf6405ef
2023-10-24 17:38:01 UTC,view,4994348,1549623645531932356,,,64.68,500000001,59d79cc711a24e5b9316a20ddf6405ef
2023-10-24 17:41:05 UTC,view,7182700,1492821164472423496,apparel.men.jeans,,92.31,500000001,59d79cc711a24e5b9316a20ddf6405ef
2023-10-24 17:41:50 UTC,view,8966163,1549623645531932356,,Solmara,89.28,500000001,59d79cc711a24e5b9316a20ddf6405ef
2023-10-24 17:53:33 UTC,cart,2102225,1516173523019626745,apparel.women.dress,Vantree,37.39,500000001,59d79cc711a24e5b9316a20ddf6405ef
2023-10-24 18:02:39 UTC,purchase,2102225,1516173523019626745,apparel.women.dress,,35.26,500000001,59d79cc711a24e5b9316a20ddf6405ef
2023-10-30 19:13:00 UTC,cart,9841830,1508136215129873133,apparel.kids.top,Wrenfield,11.49,500000021,5ac1df38bc3d47829b7b1e795651a92b
2023-10-30 19:13:32 UTC,purchase,9841830,1508136215129873133,apparel.kids.top,Wrenfield,11.49,500000021,5ac1df38bc3d47829b7b1e795651a92b
2023-10-30 19:17:46 UTC,view,7182700,1492821164472423496,apparel.men.jeans,,94.31,500000021,5ac1df38bc3d47829b7b1e795651a92b
2023-10-30 19:19:38 UTC,view,6693651,1482972250706899052,apparel.women.pants,Cinderfox,30.12,500000021,5ac1df38bc3d47829b7b1e795651a92b
2023-10-18 13:32:54 UTC,view,8966163,1549623645531932356,accessories.bags,,90.55,500000078,c6db2e3b30eb4a6c9f5ec77ed7d3c459
18/10/2023 13:42,view,8634461,1428548884811402817,apparel.men.shirt,Kestrel & Co,21.33,500000078,c6db2e3b30eb4a6c9f5ec77ed7d3c459
2023-10-18 13:46:00 UTC,view,9829417,1546390003792228747,footwear.sneakers,Bellcroft,117.58,500000078,c6db2e3b30eb4a6c9f5ec77ed7d3c459
2023-10-18 13:49:30 UTC,cart,5908484,1589407324608544585,apparel.women.outerwear,Aldyne,201.45,500000078,c6db2e3b30eb4a6c9f5ec77ed7d3c459
2023-10-18 13:52:41 UTC,purchase,5908484,1589407324608544585,apparel.women.outerwear,,193.41,500000078,c6db2e3b30eb4a6c9f5ec77ed7d3c459
2023-10-21 10:18:20 UTC,view,2295523,1516173523019626745,apparel.women.dress,,41.73,500000020,ca8ef9a0b14f45aebb3ffe104cae9743
2023-10-21 10:30:56 UTC,view,1162680,1589407324608544585,apparel.women.outerwear,,210.81,500000020,ca8ef9a0b14f45aebb3ffe104cae9743
2023-10-21 10:34:44 UTC,view,7171122,1558186846391920988,apparel.kids.outerwear,Harlow Vale,66.03,500000020,ca8ef9a0b14f45aebb3ffe104cae9743
2023-10-21 10:38:56 UTC,view,8966163,1549623645531932356,accessories.bags,,82.16,500000020,ca8ef9a0b14f45aebb3ffe104cae9743
2023-10-21 10:47:06 UTC,cart,1910407,1482972250706899052,apparel.women.pants,,72.52,500000020,ca8ef9a0b14f45aebb3ffe104cae9743
2023-10-21 10:50:26 UTC,purchase,1910407,1482972250706899052,apparel.women.pants,,82.5,500000020,ca8ef9a0b14f45aebb3ffe104cae9743
2023-10-22 07:56:15 UTC,view,6637675,1428548884811402817,apparel.men.shirt,,33.5,500002752,bf002568e39b48a28eb57e6ab9ec5b27
2023-10-22 08:06:43 UTC,view,8966163,1549623645531932356,accessories.bags,Solmara,84.26,500002752,bf002568e39b48a28eb57e6ab9ec5b27
2023-10-06 15:17:19 UTC,view,3852546,1482972250706899052,apparel.women.pants,Bramholt,68.44,500000011,e40a9d37ac6e445db48715c1d8b93bb3
2023-10-06 15:22:43 UTC,view,2292183,1508136215129873133,apparel.kids.top,,13.25,500000011,e40a9d37ac6e445db48715c1d8b93bb3
2023-10-06 15:24:56 UTC,view,2731345,1428548884811402817,apparel.men.shirt,Aldyne,47.59,500000011,e40a9d37ac6e445db48715c1d8b93bb3
2023-10-06 15:29:54 UTC,view,3163829,1558364261414932063,apparel.women.top,Marlow Row,45.18,500000011,e40a9d37ac6e445db48715c1d8b93bb3
2023-10-06 15:38:53 UTC,cart,4747587,1482972250706899052,apparel.women.pants,,77.86,500000011,e40a9d37ac6e445db48715c1d8b93bb3
2023-10-06 15:39:42 UTC,purchase,4747587,1482972250706899052,,,80.8,500000011,e40a9d37ac6e445db48715c1d8b93bb3
2023-10-08 11:13:49 UTC,view,4762867,1594728468612408249,accessories.jewelry,Greymont,15.83,500000003,bf8dfb0b535c46a79bb2a3e6afbd4cb7
2023-10-08 11:19:11 UTC,view,6380274,1472209747072745335,footwear.boots,Wrenfield,172.21,500000003,bf8dfb0b535c46a79bb2a3e6afbd4cb7
2023-10-08 11:20:56 UTC,view,1162680,1589407324608544585,apparel.women.outerwear,Kestrel & Co,215.23,500000003,bf8dfb0b535c46a79bb2a3e6afbd4cb7
2023-10-08 11:29:07 UTC,cart,4747587,1482972250706899052,apparel.women.pants,,76.42,500000003,bf8dfb0b535c46a79bb2a3e6afbd4cb7
2023-10-08 11:37:51 UTC,purchase,4747587,1482972250706899052,apparel.women.pants,,73.66,500000003,bf8dfb0b535c46a79bb2a3e6afbd4cb7
2023-10-17 16:48:49 UTC,view,9065490,1516173523019626745,apparel.women.dress,Aldyne,108.61,500000001,a3c52378e8f34316b6c6634be1c37cef
2023-10-17 16:51:57 UTC,view,8966163,1549623645531932356,accessories.bags,Solmara,89.23,500000001,a3c52378e8f34316b6c6634be1c37cef
2023-10-17 17:03:23 UTC,view,8966163,1549623645531932356,accessories.bags,Solmara,92.3,500000001,a3c52378e8f34316b6c6634be1c37cef
2023-10-17 17:04:37 UTC,view,8966163,1549623645531932356,accessories.bags,,79.86,500000001,a3c52378e8f34316b6c6634be1c37cef
2023-10-22 02:11:01 UTC,view,1162680,1589407324608544585,apparel.women.outerwear,Kestrel & Co,226.82,500000001,5f084adae9d44da685a526d117ac4599
2023-10-22 02:12:40 UTC,cart,1162680,1589407324608544585,,,232.92,500000001,5f084adae9d44da685a526d117ac4599
2023-10-22 02:14:01 UTC,view,8966163,1549623645531932356,accessories.bags,Solmara,78.58,500000001,5f084adae9d44da685a526d117ac4599
2023-10-22 02:14:53 UTC,purchase,1162680,1589407324608544585,apparel.women.outerwear,Kestrel & Co,209.14,500000001,5f084adae9d44da685a526d117ac4599
2023-10-22 02:17:14 UTC,view,7182700,1492821164472423496,apparel.men.jeans,,99.21,500000001,5f084adae9d44da685a526d117ac4599
2023-10-22 02:30:41 UTC,view,1959257,1590725883499271729,accessories.belts,Ashgrove,23.73,500000001,5f084adae9d44da685a526d117ac4599
2023-10-22 02:34:29 UTC,view,3243048,1558364261414932063,apparel.women.top,Thistlewood,46.97,500000001,5f084adae9d44da685a526d117ac4599
2023-10-25 07:12:55 UTC,view,9319849,1472209747072745335,footwear.boots,Marlow Row,142.24,500000139,5a9b33de08ae467f85e7325aca1f976c
2023-10-25 07:17:24 UTC,cart,6026055,1516173523019626745,,Kestrel & Co,58.07,500000139,5a9b33de08ae467f85e7325aca1f976c
2023-10-25 07:26:03 UTC,purchase,6026055,1516173523019626745,apparel.women.dress,Kestrel & Co,62.59,500000139,5a9b33de08ae467f85e7325aca1f976c
2023-10-25 07:27:59 UTC,view,4476707,1492821164472423496,,Aldyne,89.06,500000139,5a9b33de08ae467f85e7325aca1f976c
25/10/2023 10:32,view,4705110,1428548884811402817,apparel.men.shirt,,20.76,500000002,92aa829c30a44b6eb6f274ae5231053c
2023-10-25 10:40:36 UTC,view,2102225,1516173523019626745,apparel.women.dress,Vantree,37.49,500000002,92aa829c30a44b6eb6f274ae5231053c
2023-10-25 10:42:28 UTC,cart,1522015,1546390003792228747,,Bramholt,117.73,500000002,92aa829c30a44b6eb6f274ae5231053c
2023-10-25 10:46:29 UTC,view,4194454,1482972250706899052,apparel.women.pants,Vantree,67.17,500000002,92aa829c30a44b6eb6f274ae5231053c
2023-10-25 10:47:08 UTC,purchase,1522015,1546390003792228747,footwear.sneakers,Bramholt,123.19,500000002,92aa829c30a44b6eb6f274ae5231053c
2023-10-25 10:56:47 UTC,view,1162680,1589407324608544585,apparel.women.outerwear,Kestrel & Co,207.13,500000002,92aa829c30a44b6eb6f274ae5231053c
2023-10-25 10:57:05 UTC,view,1162680,1589407324608544585,apparel.women.outerwear,Kestrel & Co,199.65,500000002,92aa829c30a44b6eb6f274ae5231053c
2023-10-31 10:10:11 UTC,view,9800243,1492821164472423496,apparel.men.jeans,Palewick,91.24,500000001,1a64d55ee43d4decb6329ba8e812f444
2023-10-31 10:12:10 UTC,view,7801595,1589407324608544585,apparel.women.outerwear,,88.56,500000001,1a64d55ee43d4decb6329ba8e812f444
2023-10-31 10:16:11 UTC,view,9036326,1558430393367643133,accessories.hats,,8.07,500000001,1a64d55ee43d4decb6329ba8e812f444
2023-10-31 10:22:58 UTC,view,8966163,1549623645531932356,accessories.bags,,83.7,500000001,1a64d55ee43d4decb6329ba8e812f444
2023-10-31 10:31:29 UTC,cart,1367097,1482972250706899052,apparel.women.pants,Kestrel & Co,58.37,500000001,1a64d55ee43d4decb6329ba8e812f444
2023-10-31 10:38:55 UTC,purchase,1367097,1482972250706899052,apparel.women.pants,Kestrel & Co,53.73,500000001,1a64d55ee43d4decb6329ba8e812f444
2023-10-04 20:51:27 UTC,view,1111123,1482972250706899052,apparel.women.pants,Bramholt,51.96,500000001,8cd6e2e9ae384bb6a38221a1b178e4d1
2023-10-04 20:54:15 UTC,view,8754194,1482972250706899052,apparel.women.pants,,56.54,500000001,8cd6e2e9ae384bb6a38221a1b178e4d1
2023-10-04 21:06:53 UTC,view,4747587,1482972250706899052,apparel.women.pants,,71.85,500000001,8cd6e2e9ae384bb6a38221a1b178e4d1
2023-10-12 19:36:05 UTC,view,8218381,1516173523019626745,apparel.women.dress,Cinderfox,29.49,500000003,78ba23104e9d49dcbd7fa287629dd816
2023-10-12 19:47:46 UTC,view,8966163,1549623645531932356,accessories.bags,,80.57,500000003,78ba23104e9d49dcbd7fa287629dd816
2023-10-12 20:01:13 UTC,view,3503816,1428548884811402817,apparel.men.shirt,Aldyne,20.63,500000003,78ba23104e9d49dcbd7fa287629dd816
2023-10-12 20:02:14 UTC,view,7567958,1516173523019626745,apparel.women.dress,,96.78,500000003,78ba23104e9d49dcbd7fa287629dd816
2023-10-12 20:03:15 UTC,view,8966163,1549623645531932356,accessories.bags,Solmara,86.1,500000003,78ba23104e9d49dcbd7fa287629dd816
2023-10-13 12:45:38 UTC,view,1522015,1546390003792228747,footwear.sneakers,Bramholt,121.53,500000107,8f370584153047d79e2cd0004d40536f
2023-10-13 13:07:46 UTC,view,1854723,1429628030847824846,footwear.sandals,Greymont,48.71,500000107,8f370584153047d79e2cd0004d40536f
2023-10-13 13:12:18 UTC,view,8966163,1549623645531932356,accessories.bags,Solmara,77.23,500000107,8f370584153047d79e2cd0004d40536f
2023-10-22 11:56:10 UTC,view,6517467,1516173523019626745,apparel.women.dress,,78.44,500000054,e9349c199b564957b5c85cd6ff3f9875
2023-10-22 12:00:01 UTC,view,6474782,1492821164472423496,apparel.men.jeans,,97.75,500000054,e9349c199b564957b5c85cd6ff3f9875
2023-10-22 12:02:57 UTC,view,9319849,1472209747072745335,footwear.boots,Marlow Row,159.47,500000054,e9349c199b564957b5c85cd6ff3f9875
2023-10-22 12:07:44 UTC,view,1959257,1590725883499271729,,,21.12,500000054,e9349c199b564957b5c85cd6ff3f9875
2023-10-22 12:09:41 UTC,view,2102225,1516173523019626745,apparel.women.dress,,35.42,500000054,e9349c199b564957b5c85cd6ff3f9875
2023-10-22 12:11:45 UTC,view,4994348,1549623645531932356,accessories.bags,,61.88,500000054,e9349c199b564957b5c85cd6ff3f9875
2023-10-22 12:12:04 UTC,view,5114384,1558186846391920988,apparel.kids.outerwear,Kestrel & Co,28.18,500000054,e9349c199b564957b5c85cd6ff3f9875
2023-10-22 12:14:19 UTC,view,4747587,1482972250706899052,,,78.14,500000054,e9349c199b564957b5c85cd6ff3f9875
2023-10-22 12:19:01 UTC,view,9319849,1472209747072745335,footwear.boots,Marlow Row,141.75,500000054,e9349c199b564957b5c85cd6ff3f9875
2023-10-22 12:19:34 UTC,cart,6944057,1428548884811402817,apparel.men.shirt,,52.22,500000054,e9349c199b564957b5c85cd6ff3f9875
2023-10-22 12:19:55 UTC,view,7729308,1482972250706899052,apparel.women.pants,,37.35,500000054,e9349c199b564957b5c85cd6ff3f9875
2023-10-22 12:21:02 UTC,view,7182700,1492821164472423496,apparel.men.jeans,,84.79,500000054,e9349c199b564957b5c85cd6ff3f9875
2023-10-22 12:28:33 UTC,purchase,6944057,1428548884811402817,apparel.men.shirt,,54.42,500000054,e9349c199b564957b5c85cd6ff3f9875
23/10/2023 15:35,view,9829417,1546390003792228747,footwear.sneakers,Bellcroft,133.32,500000001,0163c73a6ce84d96a3029d269d535273
2023-10-23 15:41:32 UTC,view,8795573,1482972250706899052,apparel.women.pants,Palewick,31.27,500000001,0163c73a6ce84d96a3029d269d535273
2023-10-23 15:48:08 UTC,view,9748139,1594728468612408249,accessories.jewelry,,22.86,500000001,0163c73a6ce84d96a3029d269d535273
2023-10-23 15:48:36 UTC,view,2102225,1516173523019626745,apparel.women.dress,,38.19,500000001,0163c73a6ce84d96a3029d269d535273
2023-10-12 20:02:14 UTC,view,7567958,1516173523019626745,apparel.women.dress,,96.78,500000003,78ba23104e9d49dcbd7fa287629dd816
2023-10-16 11:16:12 UTC,view,8966163,1549623645531932356,accessories.bags,Solmara,90.95,500000001,2266358bcf3a4d02951c8073cc9e051a
2023-10-16 11:19:49 UTC,view,2295523,1516173523019626745,apparel.women.dress,,47.89,500000001,2266358bcf3a4d02951c8073cc9e051a
2023-10-16 11:19:58 UTC,view,7182700,1492821164472423496,apparel.men.jeans,,83.93,500000001,2266358bcf3a4d02951c8073cc9e051a
2023-10-28 18:55:07 UTC,view,9755526,1589407324608544585,apparel.women.outerwear,Ashgrove,88.33,500000003,1418c7d5cfe54869aa9dce9aab116bad
2023-10-28 18:57:09 UTC,view,4236332,1482972250706899052,apparel.women.pants,,39.29,500000003,1418c7d5cfe54869aa9dce9aab116bad
2023-10-28 19:00:59 UTC,view,6380274,1472209747072745335,footwear.boots,Wrenfield,179.75,500000003,1418c7d5cfe54869aa9dce9aab116bad
2023-10-28 19:07:15 UTC,cart,8838340,1492821164472423496,,,39.33,500000003,1418c7d5cfe54869aa9dce9aab116bad
2023-10-28 19:08:10 UTC,view,9748139,1594728468612408249,accessories.jewelry,,21.4,500000003,1418c7d5cfe54869aa9dce9aab116bad
2023-10-28 19:08:40 UTC,view,2804964,1558364261414932063,apparel.women.top,,40.35,500000003,1418c7d5cfe54869aa9dce9aab116bad
2023-10-28 19:09:26 UTC,purchase,8838340,1492821164472423496,,,35.82,500000003,1418c7d5cfe54869aa9dce9aab116bad
2023-10-28 19:13:13 UTC,view,5908484,1589407324608544585,apparel.women.outerwear,Aldyne,188.36,500000003,1418c7d5cfe54869aa9dce9aab116bad
2023-10-28 19:19:54 UTC,view,7496477,1519748099762056932,apparel.men.outerwear,Milbrook,98.67,500000003,1418c7d5cfe54869aa9dce9aab116bad
2023-10-28 19:21:28 UTC,view,2154101,1558430393367643133,accessories.hats,,14.89,500000003,1418c7d5cfe54869aa9dce9aab116bad
2023-10-29 10:21:23 UTC,view,1189654,1428548884811402817,,,31.46,500000001,9902e5f4cd554ea3a50dab1eaf011a0f
2023-10-29 10:25:32 UTC,view,3243048,1558364261414932063,apparel.women.top,,42.63,500000001,9902e5f4cd554ea3a50dab1eaf011a0f
2023-10-29 10:43:18 UTC,view,4411802,1594728468612408249,accessories.jewelry,,68.93,500000001,9902e5f4cd554ea3a50dab1eaf011a0f
2023-10-15 10:10:52 UTC,view,2102225,1516173523019626745,apparel.women.dress,Vantree,31.96,500000003,06c6fafacaa640f79c15300d3044dba5
2023-10-15 12:42:48 UTC,view,3243048,1558364261414932063,apparel.women.top,Thistlewood,47.66,500000013,5ce1f6edf9734e0f955352bad2f0a042
2023-10-15 12:43:39 UTC,view,9800243,1492821164472423496,apparel.men.jeans,Palewick,90.59,500000013,5ce1f6edf9734e0f955352bad2f0a042
2023-10-15 12:50:08 UTC,cart,7729308,1482972250706899052,apparel.women.pants,Ruskin & Fable,40.69,500000013,5ce1f6edf9734e0f955352bad2f0a042
2023-10-15 12:52:39 UTC,view,8795573,1482972250706899052,apparel.women.pants,Palewick,26.69,500000013,5ce1f6edf9734e0f955352bad2f0a042
2023-10-15 12:58:02 UTC,purchase,7729308,1482972250706899052,apparel.women.pants,Ruskin & Fable,42.87,500000013,5ce1f6edf9734e0f955352bad2f0a042
2023-10-15 12:58:48 UTC,view,8966163,1549623645531932356,,Solmara,89.37,500000013,5ce1f6edf9734e0f955352bad2f0a042
2023-10-15 13:00:31 UTC,view,7630387,1558186846391920988,apparel.kids.outerwear,Greymont,29.89,500000013,5ce1f6edf9734e0f955352bad2f0a042
2023-10-15 13:01:34 UTC,view,1029072,1482972250706899052,apparel.women.pants,Palewick,51.93,500000013,5ce1f6edf9734e0f955352bad2f0a042
2023-10-15 13:03:55 UTC,view,9554682,1492821164472423496,apparel.men.jeans,,89.0,500000013,5ce1f6edf9734e0f955352bad2f0a042
2023-10-20 20:52:49 UTC,view,4663963,1428548884811402817,,Greymont,33.0,500000001,03d32aa8886c4852ae7dc057f6c34947
2023-10-20 20:57:32 UTC,view,8634461,1428548884811402817,apparel.men.shirt,Kestrel & Co,22.12,500000001,03d32aa8886c4852ae7dc057f6c34947
2023-10-20 21:04:04 UTC,view,8966163,1549623645531932356,accessories.bags,Solmara,83.25,500000001,03d32aa8886c4852ae7dc057f6c34947
2023-10-20 21:05:40 UTC,view,7941277,1594728468612408249,accessories.jewelry,,49.15,500000001,03d32aa8886c4852ae7dc057f6c34947
2023-10-20 21:07:26 UTC,view,2102225,1516173523019626745,apparel.women.dress,Vantree,34.59,500000001,03d32aa8886c4852ae7dc057f6c34947
2023-10-20 21:13:42 UTC,view,3428363,1516173523019626745,apparel.women.dress,,71.2,500000001,03d32aa8886c4852ae7dc057f6c34947
2023-10-20 21:17:14 UTC,view,8966163,1549623645531932356,accessories.bags,Solmara,82.3,500000001,03d32aa8886c4852ae7dc057f6c34947
2023-10-07 20:09:03 UTC,view,7729308,1482972250706899052,apparel.women.pants,Ruskin & Fable,43.22,500000002,c2566591b84b4560ba83d876d30297d3
2023-10-07 20:10:42 UTC,view,7692382,1429628030847824846,footwear.sandals,Palewick,46.7,500000002,c2566591b84b4560ba83d876d30297d3
2023-10-07 20:10:56 UTC,view,3781033,1558364261414932063,,Bellcroft,41.0,500000002,c2566591b84b4560ba83d876d30297d3
2023-10-07 20:18:07 UTC,view,8966163,1549623645531932356,accessories.bags,Solmara,86.77,500000002,c2566591b84b4560ba83d876d30297d3
2023-10-09 16:01:05 UTC,view,2154101,1558430393367643133,accessories.hats,,15.75,500017212,dffdc04e0f014e969ffd676ea9692162
2023-10-09 16:07:15 UTC,view,3004815,1482972250706899052,apparel.women.pants,,67.99,500017212,dffdc04e0f014e969ffd676ea9692162
2023-10-09 16:08:27 UTC,view,7448961,1590725883499271729,,,15.98,500017212,dffdc04e0f014e969ffd676ea9692162
2023-10-09 16:13:24 UTC,view,2102225,1516173523019626745,apparel.women.dress,Vantree,35.72,500017212,dffdc04e0f014e969ffd676ea9692162
2023-10-09 16:16:49 UTC,view,8089253,1516173523019626745,apparel.women.dress,Norlend,112.81,500017212,dffdc04e0f014e969ffd676ea9692162
2023-10-09 16:17:42 UTC,view,3243048,1558364261414932063,apparel.women.top,Thistlewood,40.21,500017212,dffdc04e0f014e969ffd676ea9692162
2023-10-11 10:19:09 UTC,cart,3243048,1558364261414932063,apparel.women.top,Thistlewood,41.01,500000010,e0dd91ab360c423e8d3e7472081c763d
2023-10-11 10:23:22 UTC,purchase,3243048,1558364261414932063,apparel.women.top,Thistlewood,40.4,500000010,e0dd91ab360c423e8d3e7472081c763d
2023-10-11 10:30:44 UTC,view,3330012,1428548884811402817,apparel.men.shirt,,18.49,500000010,e0dd91ab360c423e8d3e7472081c763d
2023-10-11 10:33:39 UTC,view,5678537,1472209747072745335,footwear.boots,Aldyne,132.66,500000010,e0dd91ab360c423e8d3e7472081c763d
2023-10-11 10:36:17 UTC,view,8634461,1428548884811402817,apparel.men.shirt,,20.54,500000010,e0dd91ab360c423e8d3e7472081c763d
2023-10-21 14:52:08 UTC,view,9829417,1546390003792228747,footwear.sneakers,,136.84,500000002,fe1304da9e774c0db78204d7671c3c48
2023-10-21 14:52:23 UTC,view,5068008,1558364261414932063,,Ashgrove,16.44,500000002,fe1304da9e774c0db78204d7671c3c48
2023-10-21 14:52:37 UTC,view,5862621,1492821164472423496,apparel.men.jeans,,45.82,500000002,fe1304da9e774c0db78204d7671c3c48
2023-10-21 15:07:58 UTC,view,3243048,1558364261414932063,apparel.women.top,Thistlewood,45.26,500000002,fe1304da9e774c0db78204d7671c3c48
2023-10-21 15:15:47 UTC,view,8966163,1549623645531932356,accessories.bags,Solmara,85.6,500000002,fe1304da9e774c0db78204d7671c3c48
2023-10-21 15:20:37 UTC,view,2875921,1546390003792228747,footwear.sneakers,,162.28,500000002,fe1304da9e774c0db78204d7671c3c48
2023-10-21 15:21:18 UTC,view,8966163,1549623645531932356,accessories.bags,Solmara,80.35,500000002,fe1304da9e774c0db78204d7671c3c48
2023-10-28 19:56:17 UTC,view,9940011,1546390003792228747,footwear.sneakers,Doverly,38.77,500000002,f8c1d89180744e589d0e6d00f1ce7da3
2023-10-28 20:00:23 UTC,view,8966163,1549623645531932356,accessories.bags,,82.73,500000002,f8c1d89180744e589d0e6d00f1ce7da3
2023-10-28 20:07:39 UTC,view,7182700,1492821164472423496,apparel.men.jeans,,89.15,500000002,f8c1d89180744e589d0e6d00f1ce7da3
2023-10-28 20:16:19 UTC,view,3163829,1558364261414932063,apparel.women.top,,38.25,500000002,f8c1d89180744e589d0e6d00f1ce7da3
2023-10-29 17:05:06 UTC,view,2102225,1516173523019626745,,Vantree,33.19,500000002,b853ec266b164f549132c4c96cb6d7cb
2023-10-29 17:06:28 UTC,view,9755526,1589407324608544585,apparel.women.outerwear,Ashgrove,80.29,500000002,b853ec266b164f549132c4c96cb6d7cb
2023-10-29 17:07:16 UTC,view,4747587,1482972250706899052,apparel.women.pants,,70.57,500000002,b853ec266b164f549132c4c96cb6d7cb
2023-10-29 17:09:05 UTC,view,7814384,1482972250706899052,apparel.women.pants,,67.88,500000002,b853ec266b164f549132c4c96cb6d7cb
2023-10-29 17:13:20 UTC,view,5599767,1558364261414932063,apparel.women.top,Ferncastle,14.1,500000002,b853ec266b164f549132c4c96cb6d7cb
2023-10-29 17:23:42 UTC,view,4720552,1428548884811402817,apparel.men.shirt,Palewick,17.52,500000002,b853ec266b164f549132c4c96cb6d7cb
2023-10-29 17:25:23 UTC,view,7814384,1482972250706899052,,,77.32,500000002,b853ec266b164f549132c4c96cb6d7cb
2023-10-08 16:14:51 UTC,view,3676700,1558186846391920988,apparel.kids.outerwear,Oakspire,63.7,500000001,014bdc73b49d408cabce5d99be07362e
2023-10-08 16:22:13 UTC,view,2154101,1558430393367643133,accessories.hats,,13.64,500000001,014bdc73b49d408cabce5d99be07362e
2023-10-08 16:31:08 UTC,view,6079235,1508136215129873133,apparel.kids.top,Bramholt,9.65,500000001,014bdc73b49d408cabce5d99be07362e
2023-10-08 16:36:32 UTC,view,1910407,1482972250706899052,apparel.women.pants,,81.03,500000001,014bdc73b49d408cabce5d99be07362e
2023-10-22 14:18:23 UTC,view,4170752,1519748099762056932,apparel.men.outerwear,,200.66,500000008,b43e938b195541dc9e9a4c3eeb9c61fd
2023-10-23 01:24:41 UTC,cart,5234930,1589407324608544585,apparel.women.outerwear,,199.07,500000001,3927b322f3d0467cab6ccaacc833386e
2023-10-23 01:26:06 UTC,view,1080071,1429628030847824846,footwear.sandals,Oakspire,39.42,500000001,3927b322f3d0467cab6ccaacc833386e
2023-10-23 01:33:31 UTC,purchase,5234930,1589407324608544585,apparel.women.outerwear,Oakspire,178.7,500000001,3927b322f3d0467cab6ccaacc833386e
2023-10-23 01:36:36 UTC,view,1162680,1589407324608544585,apparel.women.outerwear,,211.68,500000001,3927b322f3d0467cab6ccaacc833386e
2023-10-24 10:46:24 UTC,view,7826018,1558364261414932063,apparel.women.top,Cinderfox,12.07,500000001,d82b6170e9af4854b4050eb5a0122d89
2023-10-24 10:50:14 UTC,view,2295523,1516173523019626745,apparel.women.dress,,45.98,500000001,d82b6170e9af4854b4050eb5a0122d89
24/10/2023 10:53,cart,7814384,1482972250706899052,apparel.women.pants,,71.0,500000001,d82b6170e9af4854b4050eb5a0122d89
2023-10-24 10:54:06 UTC,view,4705110,1428548884811402817,apparel.men.shirt,,20.44,500000001,d82b6170e9af4854b4050eb5a0122d89
2023-10-24 10:56:10 UTC,view,4143393,1519748099762056932,apparel.men.outerwear,Marlow Row,198.28,500000001,d82b6170e9af4854b4050eb5a0122d89
2023-10-24 11:00:56 UTC,purchase,7814384,1482972250706899052,apparel.women.pants,Palewick,73.63,500000001,d82b6170e9af4854b4050eb5a0122d89
2023-10-24 11:07:02 UTC,view,7062170,1429628030847824846,footwear.sandals,,32.8,500000001,d82b6170e9af4854b4050eb5a0122d89
2023-10-24 17:44:33 UTC,view,9841830,1508136215129873133,apparel.kids.top,Wrenfield,11.71,500000009,e00c146db71448fd91ec56f9b9b66cf2
2023-10-24 17:45:45 UTC,view,4476707,1492821164472423496,apparel.men.jeans,Aldyne,90.63,500000009,e00c146db71448fd91ec56f9b9b66cf2
2023-10-24 17:50:03 UTC,cart,2102225,1516173523019626745,apparel.women.dress,Vantree,35.68,500000009,e00c146db71448fd91ec56f9b9b66cf2
2023-10-24 17:54:46 UTC,purchase,2102225,1516173523019626745,apparel.women.dress,Vantree,36.37,500000009,e00c146db71448fd91ec56f9b9b66cf2
2023-10-24 17:55:36 UTC,view,2102225,1516173523019626745,apparel.women.dress,Vantree,31.91,500000009,e00c146db71448fd91ec56f9b9b66cf2
2023-10-24 18:10:43 UTC,view,2102225,1516173523019626745,apparel.women.dress,Vantree,36.29,500000009,e00c146db71448fd91ec56f9b9b66cf2
2023-10-24 18:12:54 UTC,view,8966163,1549623645531932356,accessories.bags,,76.47,500000009,e00c146db71448fd91ec56f9b9b66cf2
2023-10-25 18:35:14 UTC,view,1162680,1589407324608544585,apparel.women.outerwear,Kestrel & Co,219.69,500000001,0fa2915b0bf44ee69dc006efdf335fc9
2023-10-25 18:40:11 UTC,view,4747587,1482972250706899052,apparel.women.pants,,77.62,500000001,0fa2915b0bf44ee69dc006efdf335fc9
2023-10-25 18:41:53 UTC,view,2295523,1516173523019626745,apparel.women.dress,,47.94,500000001,0fa2915b0bf44ee69dc006efdf335fc9
2023-10-25 18:43:02 UTC,view,3554832,1428548884811402817,,Greymont,57.71,500000001,0fa2915b0bf44ee69dc006efdf335fc9
2023-10-25 18:43:36 UTC,view,3554832,1428548884811402817,,,56.9,500000001,0fa2915b0bf44ee69dc006efdf335fc9
2023-10-25 18:49:26 UTC,cart,5464062,1508136215129873133,apparel.kids.top,Bellcroft,20.19,500000001,0fa2915b0bf44ee69dc006efdf335fc9
2023-10-27 18:53:00 UTC,view,1162680,1589407324608544585,apparel.women.outerwear,Kestrel & Co,204.13,500000001,39c9ea8e8b994f20b627d7435f21e6f2
2023-10-27 18:58:33 UTC,view,8966163,1549623645531932356,accessories.bags,Solmara,90.78,500000001,39c9ea8e8b994f20b627d7435f21e6f2
27/10/2023 19:07,view,1517547,1558364261414932063,apparel.women.top,Bellcroft,23.38,500000001,39c9ea8e8b994f20b627d7435f21e6f2
2023-10-20 07:50:24 UTC,cart,8511889,1594728468612408249,accessories.jewelry,,79.86,500000002,1377f28f223547138ce0c24788d6e743
2023-10-20 07:51:51 UTC,remove_from_cart,8511889,1594728468612408249,accessories.jewelry,,71.37,500000002,1377f28f223547138ce0c24788d6e743
2023-10-20 08:03:57 UTC,view,3318117,1492821164472423496,apparel.men.jeans,,46.96,500000002,1377f28f223547138ce0c24788d6e743
2023-10-28 07:09:50 UTC,view,8966163,1549623645531932356,accessories.bags,Solmara,78.79,500000012,52c98147d3604e359e3bb43f1018c82b
2023-10-28 07:10:30 UTC,view,6960004,1549623645531932356,,,52.41,500000012,52c98147d3604e359e3bb43f1018c82b
2023-10-28 07:22:26 UTC,view,1162680,1589407324608544585,apparel.women.outerwear,Kestrel & Co,198.89,500000012,52c98147d3604e359e3bb43f1018c82b
2023-10-28 07:29:16 UTC,view,6810241,1428548884811402817,apparel.men.shirt,Milbrook,19.87,500000012,52c98147d3604e359e3bb43f1018c82b
2023-10-28 07:30:01 UTC,view,3781033,1558364261414932063,apparel.women.top,Bellcroft,42.13,500000012,52c98147d3604e359e3bb43f1018c82b
2023-10-03 12:03:51 UTC,cart,2377662,1516173523019626745,apparel.women.dress,,118.39,500000001,9b42c34f23d14bcc90f53f0475105f06
2023-10-03 12:10:29 UTC,purchase,2377662,1516173523019626745,apparel.women.dress,,121.75,500000001,9b42c34f23d14bcc90f53f0475105f06
2023-10-03 12:15:53 UTC,view,9319849,1472209747072745335,footwear.boots,Marlow Row,148.13,500000001,9b42c34f23d14bcc90f53f0475105f06
2023-10-03 12:19:16 UTC,view,7182700,1492821164472423496,apparel.men.jeans,,97.8,500000001,9b42c34f23d14bcc90f53f0475105f06
2023-10-21 15:33:06 UTC,view,3781033,1558364261414932063,apparel.women.top,,44.63,500000002,e1155f5279ef4c879044c89cb65b0e26
2023-10-01 09:58:13 UTC,cart,1083413,1492821164472423496,apparel.men.jeans,Thistlewood,70.52,500000002,d578611e437b48259cd5612b5339deef
2023-10-01 09:59:29 UTC,purchase,1083413,1492821164472423496,apparel.men.jeans,Thistlewood,73.31,500000002,d578611e437b48259cd5612b5339deef
2023-10-01 10:00:13 UTC,view,4747587,1482972250706899052,apparel.women.pants,,71.35,500000002,d578611e437b48259cd5612b5339deef
2023-10-01 10:02:01 UTC,view,7660389,1508136215129873133,apparel.kids.top,,25.0,500000002,d578611e437b48259cd5612b5339deef
2023-10-01 10:12:39 UTC,view,8754194,1482972250706899052,,,52.09,500000002,d578611e437b48259cd5612b5339deef
2023-10-03 15:17:56 UTC,view,9319849,1472209747072745335,footwear.boots,Marlow Row,136.31,500000002,62439de37be049f8964c76e506d0aadb
2023-10-03 15:18:18 UTC,view,2102225,1516173523019626745,apparel.women.dress,Vantree,33.59,500000002,62439de37be049f8964c76e506d0aadb
2023-10-03 15:26:33 UTC,view,8966163,1549623645531932356,accessories.bags,Solmara,77.26,500000002,62439de37be049f8964c76e506d0aadb
2023-10-03 15:33:32 UTC,view,6960004,1549623645531932356,accessories.bags,,53.58,500000002,62439de37be049f8964c76e506d0aadb
2023-10-04 16:53:31 UTC,view,2102225,1516173523019626745,apparel.women.dress,Vantree,32.85,500000018,56efd1e12bce43d389dfe4c99b366b42
2023-10-04 16:59:34 UTC,view,3554832,1428548884811402817,apparel.men.shirt,Greymont,51.59,500000018,56efd1e12bce43d389dfe4c99b366b42
2023-10-12 12:25:21 UTC,view,2931280,1558364261414932063,apparel.women.top,,31.92,500000003,dbe62fce81e5461dbad31eeeb7425f0f
2023-10-12 12:26:04 UTC,view,7182700,1492821164472423496,apparel.men.jeans,,93.47,500000003,dbe62fce81e5461dbad31eeeb7425f0f
2023-10-12 12:35:12 UTC,view,9841830,1508136215129873133,apparel.kids.top,,11.07,500000003,dbe62fce81e5461dbad31eeeb7425f0f
2023-10-25 20:01:45 UTC,cart,8966163,1549623645531932356,accessories.bags,Solmara,89.5,500000016,1d6e94fa798544d7a0eddaff19f908c6
2023-10-25 20:19:19 UTC,view,8795573,1482972250706899052,apparel.women.pants,,30.3,500000016,1d6e94fa798544d7a0eddaff19f908c6
2023-10-25 20:23:11 UTC,view,3243048,1558364261414932063,apparel.women.top,,48.48,500000016,1d6e94fa798544d7a0eddaff19f908c6
2023-10-25 20:27:34 UTC,view,7275086,1558186846391920988,apparel.kids.outerwear,,55.12,500000016,1d6e94fa798544d7a0eddaff19f908c6
2023-10-28 16:15:40 UTC,view,7275086,1558186846391920988,apparel.kids.outerwear,,57.66,500000002,373138793fd94e4285ad9591cefa21df
2023-10-28 16:25:52 UTC,view,2102225,1516173523019626745,apparel.women.dress,Vantree,32.99,500000002,373138793fd94e4285ad9591cefa21df
2023-10-28 16:31:29 UTC,view,4365384,1519748099762056932,apparel.men.outerwear,,217.92,500000002,373138793fd94e4285ad9591cefa21df
2023-10-28 16:39:36 UTC,view,2102225,1516173523019626745,,Vantree,35.32,500000002,373138793fd94e4285ad9591cefa21df
2023-10-08 14:18:05 UTC,view,9040237,1472209747072745335,footwear.boots,Wrenfield,123.29,500000001,b44460c5b5ce4775b4fe7dafc216c8b4
2023-10-08 14:32:34 UTC,view,6953807,1558364261414932063,apparel.women.top,Kestrel & Co,12.69,500000001,b44460c5b5ce4775b4fe7dafc216c8b4
2023-10-08 14:37:02 UTC,cart,3163829,1558364261414932063,apparel.women.top,Marlow Row,42.68,500000001,b44460c5b5ce4775b4fe7dafc216c8b4
2023-10-08 14:39:11 UTC,view,2102225,1516173523019626745,apparel.women.dress,Vantree,32.81,500000001,b44460c5b5ce4775b4fe7dafc216c8b4
2023-10-08 14:43:52 UTC,purchase,3163829,1558364261414932063,apparel.women.top,Marlow Row,38.34,500000001,b44460c5b5ce4775b4fe7dafc216c8b4
2023-10-15 14:11:09 UTC,view,3243048,1558364261414932063,apparel.women.top,Thistlewood,40.81,500000001,78415f997d6f4e2f9ab6af7ca633e3be
2023-10-15 14:21:05 UTC,cart,4194454,1482972250706899052,apparel.women.pants,Vantree,67.01,500000001,78415f997d6f4e2f9ab6af7ca633e3be
2023-10-15 14:22:20 UTC,view,1099410,1558430393367643133,accessories.hats,Norlend,17.23,500000001,78415f997d6f4e2f9ab6af7ca633e3be
2023-10-15 14:30:43 UTC,view,7182700,1492821164472423496,apparel.men.jeans,,87.45,500000001,78415f997d6f4e2f9ab6af7ca633e3be
2023-10-15 14:31:03 UTC,purchase,4194454,1482972250706899052,apparel.women.pants,,69.76,500000001,78415f997d6f4e2f9ab6af7ca633e3be
2023-10-15 14:37:05 UTC,view,8966163,1549623645531932356,accessories.bags,Solmara,86.35,500000001,78415f997d6f4e2f9ab6af7ca633e3be
2023-10-15 14:38:05 UTC,view,7496477,1519748099762056932,apparel.men.outerwear,Milbrook,116.23,500000001,78415f997d6f4e2f9ab6af7ca633e3be
2023-11-04 18:57:08 UTC,view,2645378,1594728468612408249,accessories.jewelry,Harlow Vale,9.97,500000001,24e2200c642743349f10c32f45439597
2023-11-04 19:03:54 UTC,view,9755526,1589407324608544585,apparel.women.outerwear,Ashgrove,90.5,500000001,24e2200c642743349f10c32f45439597
2023-11-09 09:40:49 UTC,cart,2295523,1516173523019626745,apparel.women.dress,,49.36,500000003,d8832adf41df40038d4038d91b75896b
2023-11-09 09:41:14 UTC,view,9755526,1589407324608544585,apparel.women.outerwear,Ashgrove,80.64,500000003,d8832adf41df40038d4038d91b75896b
2023-11-09 09:41:56 UTC,view,1601049,1558364261414932063,apparel.women.top,,24.09,500000003,d8832adf41df40038d4038d91b75896b
2023-11-09 09:43:21 UTC,view,9040237,1472209747072745335,footwear.boots,,106.45,500000003,d8832adf41df40038d4038d91b75896b
2023-11-09 09:51:24 UTC,view,4194454,1482972250706899052,,Vantree,59.55,500000003,d8832adf41df40038d4038d91b75896b
2023-11-11 08:14:26 UTC,view,8966163,1549623645531932356,,Solmara,84.62,500000001,b417c55b020a4a6f9a0ec05d6edf49ee
2023-11-11 08:25:16 UTC,view,4663963,1428548884811402817,apparel.men.shirt,Greymont,35.59,500000001,b417c55b020a4a6f9a0ec05d6edf49ee
2023-11-11 08:28:06 UTC,view,8966163,1549623645531932356,accessories.bags,Solmara,82.83,500000001,b417c55b020a4a6f9a0ec05d6edf49ee
2023-11-11 08:34:26 UTC,view,3243048,1558364261414932063,apparel.women.top,Thistlewood,42.35,500000001,b417c55b020a4a6f9a0ec05d6edf49ee
2023-11-11 08:38:14 UTC,view,6810241,1428548884811402817,apparel.men.shirt,Milbrook,19.82,500000001,b417c55b020a4a6f9a0ec05d6edf49ee
2023-11-11 19:24:58 UTC,view,5186154,1516173523019626745,apparel.women.dress,Doverly,100.78,500000002,f620117c1f424afc94c5e70588114f8e
2023-11-11 19:37:24 UTC,view,3689249,1428548884811402817,apparel.men.shirt,,42.69,500000002,f620117c1f424afc94c5e70588114f8e
2023-11-11 19:42:58 UTC,view,6245368,1558430393367643133,accessories.hats,Ashgrove,24.17,500000002,f620117c1f424afc94c5e70588114f8e
2023-11-11 19:44:17 UTC,view,2295523,1516173523019626745,,,47.06,500000002,f620117c1f424afc94c5e70588114f8e
2023-11-11 19:48:08 UTC,view,6976349,1482972250706899052,apparel.women.pants,,43.53,500000002,f620117c1f424afc94c5e70588114f8e
2023-11-25 11:13:52 UTC,view,7954298,1516173523019626745,apparel.women.dress,Marlow Row,80.79,500000834,a358b10d2d3f495888107a9e77043fcc
2023-11-25 11:28:39 UTC,view,9800243,1492821164472423496,apparel.men.jeans,Palewick,85.1,500000834,a358b10d2d3f495888107a9e77043fcc
2023-11-25 14:17:59 UTC,view,5212958,1516173523019626745,apparel.women.dress,,111.39,500000004,c3457e38567d4d46a6f89d68a76a09dd
2023-11-25 14:18:15 UTC,view,1162680,1589407324608544585,apparel.women.outerwear,,212.35,500000004,c3457e38567d4d46a6f89d68a76a09dd
2023-11-25 19:08:03 UTC,view,7941277,1594728468612408249,accessories.jewelry,,46.28,500000003,54e04c0f21f448e1b6e5217475b59eb1
2023-11-25 19:26:09 UTC,view,8966163,1549623645531932356,accessories.bags,Solmara,78.48,500000003,54e04c0f21f448e1b6e5217475b59eb1
2023-11-07 21:55:12 UTC,cart,4747587,1482972250706899052,apparel.women.pants,,74.19,500000001,2d9c7042aa8a4bc1995b123b0aaf9003
2023-11-07 21:57:14 UTC,remove_from_cart,4747587,1482972250706899052,apparel.women.pants,,72.77,500000001,2d9c7042aa8a4bc1995b123b0aaf9003
2023-11-07 22:06:07 UTC,view,7729308,1482972250706899052,apparel.women.pants,,43.91,500000001,2d9c7042aa8a4bc1995b123b0aaf9003
2023-11-07 22:11:19 UTC,view,2102225,1516173523019626745,,Vantree,35.87,500000001,2d9c7042aa8a4bc1995b123b0aaf9003
2023-11-27 20:24:47 UTC,view,3243048,1558364261414932063,apparel.women.top,Thistlewood,45.51,500000008,f199cda5eed24160bdbc838becce4684
2023-11-27 20:27:24 UTC,view,1428173,1589407324608544585,apparel.women.outerwear,,116.1,500000008,f199cda5eed24160bdbc838becce4684
2023-11-27 20:29:03 UTC,view,8966163,1549623645531932356,accessories.bags,,85.23,500000008,f199cda5eed24160bdbc838becce4684
2023-11-27 20:30:41 UTC,view,6944057,1428548884811402817,apparel.men.shirt,,50.14,500000008,f199cda5eed24160bdbc838becce4684
2023-11-27 20:32:44 UTC,view,9841830,1508136215129873133,apparel.kids.top,Wrenfield,13.32,500000008,f199cda5eed24160bdbc838becce4684
2023-11-27 20:34:42 UTC,view,3211935,1482972250706899052,apparel.women.pants,Vantree,65.33,500000008,f199cda5eed24160bdbc838becce4684
2023-11-27 20:40:44 UTC,cart,7182700,1492821164472423496,apparel.men.jeans,,96.79,500000008,f199cda5eed24160bdbc838becce4684
2023-11-11 18:03:11 UTC,cart,4994348,1549623645531932356,accessories.bags,,59.86,500000004,0a8eaecd25db46a18626beb79ef9b9b0
2023-11-11 18:04:29 UTC,view,5678537,1472209747072745335,footwear.boots,Aldyne,117.7,500000004,0a8eaecd25db46a18626beb79ef9b9b0
2023-11-11 18:23:29 UTC,view,8795573,1482972250706899052,apparel.women.pants,Palewick,28.65,500000004,0a8eaecd25db46a18626beb79ef9b9b0
2023-11-15 10:34:48 UTC,cart,1430298,1519748099762056932,apparel.men.outerwear,Ruskin & Fable,135.0,500000001,2787e26151f84c16812176456a9703cd
2023-11-15 10:37:42 UTC,view,4489659,1516173523019626745,apparel.women.dress,Milbrook,63.67,500000001,2787e26151f84c16812176456a9703cd
2023-11-15 10:40:23 UTC,view,6810241,1428548884811402817,apparel.men.shirt,Milbrook,16.41,500000001,2787e26151f84c16812176456a9703cd
2023-11-15 10:40:54 UTC,purchase,1430298,1519748099762056932,apparel.men.outerwear,Ruskin & Fable,126.09,500000001,2787e26151f84c16812176456a9703cd
2023-11-15 10:45:20 UTC,view,1079923,1516173523019626745,apparel.women.dress,,96.69,500000001,2787e26151f84c16812176456a9703cd
2023-11-17 18:31:26 UTC,view,5822751,1492821164472423496,apparel.men.jeans,Doverly,68.91,500000245,20f9284b2cd745d895dee15d9db29288
2023-11-17 18:50:47 UTC,cart,9110019,1492821164472423496,apparel.men.jeans,Kestrel & Co,33.36,500000245,20f9284b2cd745d895dee15d9db29288
2023-11-17 18:51:40 UTC,view,7303637,1516173523019626745,apparel.women.dress,Wrenfield,76.91,500000245,20f9284b2cd745d895dee15d9db29288
2023-11-17 18:55:19 UTC,purchase,9110019,1492821164472423496,apparel.men.jeans,Kestrel & Co,31.97,500000245,20f9284b2cd745d895dee15d9db29288
20/11/2023 19:22,view,4098324,1558364261414932063,apparel.women.top,Norlend,23.87,500000003,c0aa5f1bafdb492a9b182c4cff3a5510
2023-11-22 20:14:16 UTC,view,7182700,1492821164472423496,apparel.men.jeans,,91.0,500000131,d4b03130646040ac94afe4f39e3ce699
22/11/2023 20:19,view,7182700,1492821164472423496,apparel.men.jeans,,87.25,500000131,d4b03130646040ac94afe4f39e3ce699
2023-11-22 20:22:01 UTC,view,4123600,1519748099762056932,apparel.men.outerwear,,169.13,500000131,d4b03130646040ac94afe4f39e3ce699
2023-11-22 20:22:03 UTC,view,5530296,1558364261414932063,apparel.women.top,Greymont,30.43,500000131,d4b03130646040ac94afe4f39e3ce699
2023-11-22 20:31:17 UTC,view,7390450,1558364261414932063,apparel.women.top,,46.83,500000131,d4b03130646040ac94afe4f39e3ce699
2023-11-22 20:35:28 UTC,view,5464062,1508136215129873133,apparel.kids.top,Bellcroft,19.48,500000131,d4b03130646040ac94afe4f39e3ce699
2023-11-24 17:10:44 UTC,cart,1099410,1558430393367643133,accessories.hats,,16.85,500000005,3b5e85ee13bb409f9369054b1ef41b03
2023-11-24 17:11:01 UTC,view,8966163,1549623645531932356,accessories.bags,Solmara,84.16,500000005,3b5e85ee13bb409f9369054b1ef41b03
2023-11-24 17:17:24 UTC,purchase,1099410,1558430393367643133,accessories.hats,Norlend,17.68,500000005,3b5e85ee13bb409f9369054b1ef41b03
2023-11-24 17:31:12 UTC,view,9829417,1546390003792228747,,,121.12,500000005,3b5e85ee13bb409f9369054b1ef41b03
2023-11-24 17:34:20 UTC,view,9040237,1472209747072745335,,,123.65,500000005,3b5e85ee13bb409f9369054b1ef41b03
2023-11-24 17:37:01 UTC,view,6953807,1558364261414932063,apparel.women.top,Kestrel & Co,12.09,500000005,3b5e85ee13bb409f9369054b1ef41b03
2023-11-24 18:24:15 UTC,view,9319849,1472209747072745335,footwear.boots,Marlow Row,152.37,500000002,0a3f82cfd7f74e4c8f9cd7aea7eab895
2023-11-24 18:51:21 UTC,view,3243048,1558364261414932063,,,43.28,500000002,0a3f82cfd7f74e4c8f9cd7aea7eab895
2023-11-26 15:16:46 UTC,view,7182700,1492821164472423496,apparel.men.jeans,,92.1,500000317,bd6c72ddc7f048e8842d2d28bec30935
2023-11-26 15:23:13 UTC,view,9554682,1492821164472423496,apparel.men.jeans,Norlend,102.61,500000317,bd6c72ddc7f048e8842d2d28bec30935
2023-11-26 15:27:00 UTC,view,9841830,1508136215129873133,apparel.kids.top,Wrenfield,13.26,500000317,bd6c72ddc7f048e8842d2d28bec30935
2023-11-26 15:33:37 UTC,cart,6380274,1472209747072745335,footwear.boots,Wrenfield,170.02,500000317,bd6c72ddc7f048e8842d2d28bec30935
2023-11-26 15:34:26 UTC,view,9829417,1546390003792228747,footwear.sneakers,Bellcroft,117.83,500000317,bd6c72ddc7f048e8842d2d28bec30935
2023-11-26 15:36:16 UTC,purchase,6380274,1472209747072745335,footwear.boots,Wrenfield,161.62,500000317,bd6c72ddc7f048e8842d2d28bec30935
2023-11-27 22:38:14 UTC,view,4489659,1516173523019626745,apparel.women.dress,Milbrook,55.13,500000004,7f4dfd92f7c1480bb1b59d7cb042f527
2023-11-27 22:45:32 UTC,view,3243048,1558364261414932063,apparel.women.top,Thistlewood,43.65,500000004,7f4dfd92f7c1480bb1b59d7cb042f527
2023-11-27 22:47:16 UTC,view,2102225,1516173523019626745,apparel.women.dress,,32.14,500000004,7f4dfd92f7c1480bb1b59d7cb042f527
2023-11-27 22:51:11 UTC,view,9065490,1516173523019626745,apparel.women.dress,Aldyne,112.48,500000004,7f4dfd92f7c1480bb1b59d7cb042f527
2023-11-27 22:58:12 UTC,view,2292183,1508136215129873133,apparel.kids.top,,15.3,500000004,7f4dfd92f7c1480bb1b59d7cb042f527
2023-11-04 08:08:39 UTC,view,9065490,1516173523019626745,apparel.women.dress,Aldyne,104.56,500000001,0b9f96c1bce44de7ae339165ab6554b8
2023-11-04 08:09:41 UTC,view,1162680,1589407324608544585,apparel.women.outerwear,Kestrel & Co,227.48,500000001,0b9f96c1bce44de7ae339165ab6554b8
2023-11-04 08:14:41 UTC,view,1601049,1558364261414932063,apparel.women.top,,24.3,500000001,0b9f96c1bce44de7ae339165ab6554b8
2023-11-04 08:17:44 UTC,view,8966163,1549623645531932356,accessories.bags,Solmara,88.02,500000001,0b9f96c1bce44de7ae339165ab6554b8
2023-11-04 08:21:28 UTC,cart,6380274,1472209747072745335,footwear.boots,Wrenfield,188.73,500000001,0b9f96c1bce44de7ae339165ab6554b8
2023-11-04 08:26:41 UTC,view,6693651,1482972250706899052,apparel.women.pants,Cinderfox,30.53,500000001,0b9f96c1bce44de7ae339165ab6554b8
2023-11-04 08:27:57 UTC,view,8966163,1549623645531932356,accessories.bags,Solmara,92.7,500000001,0b9f96c1bce44de7ae339165ab6554b8
2023-11-04 08:28:48 UTC,purchase,6380274,1472209747072745335,footwear.boots,Wrenfield,188.84,500000001,0b9f96c1bce44de7ae339165ab6554b8
2023-11-04 08:28:53 UTC,view,9036326,1558430393367643133,accessories.hats,,7.42,500000001,0b9f96c1bce44de7ae339165ab6554b8
2023-11-04 08:34:49 UTC,view,8966163,1549623645531932356,accessories.bags,Solmara,79.66,500000001,0b9f96c1bce44de7ae339165ab6554b8
2023-11-04 08:35:21 UTC,view,8634461,1428548884811402817,apparel.men.shirt,,23.74,500000001,0b9f96c1bce44de7ae339165ab6554b8
2023-11-04 08:35:45 UTC,view,5599767,1558364261414932063,apparel.women.top,Ferncastle,15.31,500000001,0b9f96c1bce44de7ae339165ab6554b8
2023-11-16 22:09:44 UTC,view,8966163,1549623645531932356,accessories.bags,Solmara,78.87,500000026,831a6a6419bb4ebab85db8069011a133
2023-11-16 22:19:28 UTC,view,7390450,1558364261414932063,apparel.women.top,,42.78,500000026,831a6a6419bb4ebab85db8069011a133
2023-11-16 22:21:00 UTC,view,4747587,1482972250706899052,apparel.women.pants,,75.81,500000026,831a6a6419bb4ebab85db8069011a133
2023-11-16 22:23:11 UTC,view,4747587,1482972250706899052,apparel.women.pants,,80.91,500000026,831a6a6419bb4ebab85db8069011a133
2023-11-16 22:24:52 UTC,view,7255659,1492821164472423496,apparel.men.jeans,Norlend,98.05,500000026,831a6a6419bb4ebab85db8069011a133
2023-11-19 11:10:56 UTC,view,6520765,1546390003792228747,footwear.sneakers,,68.94,500000008,2a92741c9c644dbfa56222d5d53b22a5
2023-11-19 11:18:11 UTC,view,2102225,1516173523019626745,apparel.women.dress,Vantree,32.69,500000008,2a92741c9c644dbfa56222d5d53b22a5
2023-11-19 11:25:08 UTC,view,2102225,1516173523019626745,apparel.women.dress,Vantree,36.87,500000008,2a92741c9c644dbfa56222d5d53b22a5
2023-11-19 11:27:37 UTC,view,4994348,1549623645531932356,accessories.bags,,66.6,500000008,2a92741c9c644dbfa56222d5d53b22a5
2023-11-19 11:28:08 UTC,view,5315329,1558364261414932063,apparel.women.top,,39.56,500000008,2a92741c9c644dbfa56222d5d53b22a5
2023-11-19 11:33:03 UTC,view,6953807,1558364261414932063,apparel.women.top,Kestrel & Co,13.87,500000008,2a92741c9c644dbfa56222d5d53b22a5
2023-11-21 15:47:16 UTC,view,4646091,1516173523019626745,apparel.women.dress,,65.85,500000001,36c9c9b681fe4a6a90e001870ff21b46
2023-11-21 16:00:16 UTC,view,8536600,1508136215129873133,apparel.kids.top,,19.49,500000001,36c9c9b681fe4a6a90e001870ff21b46
2023-11-21 16:17:43 UTC,cart,8966163,1549623645531932356,accessories.bags,Solmara,93.12,500000001,36c9c9b681fe4a6a90e001870ff21b46
2023-11-21 16:25:21 UTC,purchase,8966163,1549623645531932356,accessories.bags,Solmara,81.06,500000001,36c9c9b681fe4a6a90e001870ff21b46
2023-11-23 18:41:02 UTC,view,9755526,1589407324608544585,apparel.women.outerwear,Ashgrove,84.27,500000001,05225776a296431f85f305f3e8e32701
2023-11-23 18:42:38 UTC,view,1162680,1589407324608544585,apparel.women.outerwear,Kestrel & Co,206.09,500000001,05225776a296431f85f305f3e8e32701
2023-11-23 18:48:44 UTC,view,7496477,1519748099762056932,apparel.men.outerwear,Milbrook,115.37,500000001,05225776a296431f85f305f3e8e32701
2023-11-23 19:02:08 UTC,view,9319849,1472209747072745335,footwear.boots,,144.45,500000001,05225776a296431f85f305f3e8e32701
2023-11-25 10:35:02 UTC,view,8966163,1549623645531932356,accessories.bags,Solmara,85.23,500000002,ef613e3b23df423fa85ce8a3cee53a47
2023-11-25 10:38:29 UTC,view,4747587,1482972250706899052,apparel.women.pants,,69.83,500000002,ef613e3b23df423fa85ce8a3cee53a47
2023-11-25 10:49:46 UTC,cart,8966163,1549623645531932356,accessories.bags,Solmara,87.57,500000002,ef613e3b23df423fa85ce8a3cee53a47
2023-11-25 10:54:14 UTC,view,1162680,1589407324608544585,apparel.women.outerwear,Kestrel & Co,235.57,500000002,ef613e3b23df423fa85ce8a3cee53a47
2023-11-25 10:57:27 UTC,purchase,8966163,1549623645531932356,accessories.bags,Solmara,80.84,500000002,ef613e3b23df423fa85ce8a3cee53a47
2023-11-26 14:46:17 UTC,view,2875921,1546390003792228747,footwear.sneakers,,162.92,500000001,46d5fa0a28924cae9de76ffa53117293
2023-11-26 14:48:39 UTC,view,6155600,1594728468612408249,accessories.jewelry,,48.04,500000001,46d5fa0a28924cae9de76ffa53117293
2023-11-26 14:53:59 UTC,view,8966163,1549623645531932356,,Solmara,86.71,500000001,46d5fa0a28924cae9de76ffa53117293
2023-11-26 14:58:47 UTC,cart,6474782,1492821164472423496,apparel.men.jeans,,88.56,500000001,46d5fa0a28924cae9de76ffa53117293
2023-11-26 14:59:59 UTC,purchase,6474782,1492821164472423496,apparel.men.jeans,,91.52,500000001,46d5fa0a28924cae9de76ffa53117293
2023-11-28 09:14:19 UTC,view,3487534,1429628030847824846,footwear.sandals,,20.21,500000001,8b5816da5ee842b1bde031185b39a6ec
2023-11-28 09:14:42 UTC,view,5068008,1558364261414932063,apparel.women.top,Ashgrove,17.05,500000001,8b5816da5ee842b1bde031185b39a6ec
2023-11-28 09:28:19 UTC,view,7182700,1492821164472423496,apparel.men.jeans,,86.25,500000001,8b5816da5ee842b1bde031185b39a6ec
2023-11-28 09:31:17 UTC,cart,5599767,1558364261414932063,apparel.women.top,Ferncastle,14.11,500000001,8b5816da5ee842b1bde031185b39a6ec
2023-11-28 09:33:24 UTC,purchase,5599767,1558364261414932063,,Ferncastle,14.96,500000001,8b5816da5ee842b1bde031185b39a6ec
2023-11-29 13:13:08 UTC,view,4895822,1428548884811402817,,Doverly,54.18,500000004,ddc348f5fe36433cba013e189b350ce1
2023-11-29 13:16:02 UTC,view,7182700,1492821164472423496,apparel.men.jeans,,96.87,500000004,ddc348f5fe36433cba013e189b350ce1
2023-11-29 13:18:10 UTC,view,7182700,1492821164472423496,,,97.92,500000004,ddc348f5fe36433cba013e189b350ce1
2023-11-29 13:20:20 UTC,view,6079235,1508136215129873133,apparel.kids.top,,8.57,500000004,ddc348f5fe36433cba013e189b350ce1
2023-11-29 13:23:18 UTC,view,6362414,1558364261414932063,apparel.women.top,Ferncastle,22.48,500000004,ddc348f5fe36433cba013e189b350ce1
2023-11-29 13:32:48 UTC,cart,9198161,1546390003792228747,footwear.sneakers,Wrenfield,116.32,500000004,ddc348f5fe36433cba013e189b350ce1
2023-11-29 13:34:33 UTC,remove_from_cart,9198161,1546390003792228747,footwear.sneakers,Wrenfield,114.41,500000004,ddc348f5fe36433cba013e189b350ce1
2023-11-29 13:34:44 UTC,view,9036326,1558430393367643133,accessories.hats,,7.46,500000004,ddc348f5fe36433cba013e189b350ce1
2023-11-29 13:40:00 UTC,view,9755526,1589407324608544585,apparel.women.outerwear,Ashgrove,83.31,500000004,ddc348f5fe36433cba013e189b350ce1
2023-11-29 13:40:05 UTC,view,1385609,1589407324608544585,apparel.women.outerwear,,128.83,500000004,ddc348f5fe36433cba013e189b350ce1
2023-11-10 17:09:27 UTC,view,7660389,1508136215129873133,apparel.kids.top,,23.71,500000004,d8dc84e57e7440e2a15bbdef4fe7bacb
2023-11-10 17:27:25 UTC,view,2102225,1516173523019626745,apparel.women.dress,Vantree,33.77,500000004,d8dc84e57e7440e2a15bbdef4fe7bacb
2023-11-10 17:29:28 UTC,view,1640473,1428548884811402817,apparel.men.shirt,,24.82,500000004,d8dc84e57e7440e2a15bbdef4fe7bacb
2023-11-10 17:30:04 UTC,view,3301602,1594728468612408249,accessories.jewelry,Vantree,39.64,500000004,d8dc84e57e7440e2a15bbdef4fe7bacb
2023-11-11 16:17:14 UTC,view,8721483,1558364261414932063,apparel.women.top,Norlend,38.97,500000001,7d11e66dd3e84d4c983881c8bc5d796d
2023-11-11 16:20:54 UTC,view,8966163,1549623645531932356,accessories.bags,Solmara,78.2,500000001,7d11e66dd3e84d4c983881c8bc5d796d
2023-11-11 16:21:36 UTC,view,2299273,1558364261414932063,apparel.women.top,,25.1,500000001,7d11e66dd3e84d4c983881c8bc5d796d
2023-11-11 16:30:21 UTC,cart,6380274,1472209747072745335,footwear.boots,Wrenfield,165.51,500000001,7d11e66dd3e84d4c983881c8bc5d796d
2023-11-11 16:34:15 UTC,purchase,6380274,1472209747072745335,footwear.boots,,159.98,500000001,7d11e66dd3e84d4c983881c8bc5d796d
2023-11-11 16:40:09 UTC,view,2295523,1516173523019626745,apparel.women.dress,,42.11,500000001,7d11e66dd3e84d4c983881c8bc5d796d
2023-11-23 16:36:48 UTC,cart,7182700,1492821164472423496,apparel.men.jeans,,92.68,500000200,77a4d2c078774dae9294d0c2d3bb3609
2023-11-23 16:38:49 UTC,purchase,7182700,1492821164472423496,apparel.men.jeans,,99.0,500000200,77a4d2c078774dae9294d0c2d3bb3609
2023-11-23 16:41:32 UTC,view,1854723,1429628030847824846,footwear.sandals,,41.7,500000200,77a4d2c078774dae9294d0c2d3bb3609
2023-11-23 16:42:10 UTC,view,2102225,1516173523019626745,,Vantree,32.06,500000200,77a4d2c078774dae9294d0c2d3bb3609
2023-11-25 19:38:48 UTC,cart,5908484,1589407324608544585,apparel.women.outerwear,Aldyne,214.35,500000003,b466c35d78d24d4cb6d396801e3c71fe
2023-11-25 19:38:53 UTC,view,5425967,1546390003792228747,footwear.sneakers,Kestrel & Co,88.73,500000003,b466c35d78d24d4cb6d396801e3c71fe
2023-11-25 19:40:35 UTC,purchase,5908484,1589407324608544585,apparel.women.outerwear,Aldyne,193.79,500000003,b466c35d78d24d4cb6d396801e3c71fe
2023-11-25 19:43:18 UTC,view,9319849,1472209747072745335,footwear.boots,Marlow Row,137.37,500000003,b466c35d78d24d4cb6d396801e3c71fe
2023-11-25 19:55:54 UTC,view,8966163,1549623645531932356,,,78.45,500000003,b466c35d78d24d4cb6d396801e3c71fe
2023-11-25 19:59:15 UTC,view,4194454,1482972250706899052,apparel.women.pants,Vantree,70.71,500000003,b466c35d78d24d4cb6d396801e3c71fe
2023-11-14 13:58:30 UTC,cart,7182700,1492821164472423496,apparel.men.jeans,,82.32,500000003,dd679640b25e4a83ab67ffee8ff809e1
2023-11-14 14:02:49 UTC,purchase,7182700,1492821164472423496,apparel.men.jeans,,93.54,500000003,dd679640b25e4a83ab67ffee8ff809e1
2023-11-14 14:04:19 UTC,view,9755526,1589407324608544585,apparel.women.outerwear,Ashgrove,89.41,500000003,dd679640b25e4a83ab67ffee8ff809e1
2023-11-23 12:56:59 UTC,view,9036326,1558430393367643133,accessories.hats,,8.22,500000001,aaa3700260c646b8b570de7d3dd62582
2023-11-23 12:57:58 UTC,view,7660389,1508136215129873133,apparel.kids.top,,24.23,500000001,aaa3700260c646b8b570de7d3dd62582
2023-11-23 13:03:17 UTC,view,3243048,1558364261414932063,apparel.women.top,,46.2,500000001,aaa3700260c646b8b570de7d3dd62582
2023-11-23 13:05:29 UTC,view,5822751,1492821164472423496,apparel.men.jeans,Doverly,71.1,500000001,aaa3700260c646b8b570de7d3dd62582
2023-11-23 13:07:41 UTC,view,5822751,1492821164472423496,apparel.men.jeans,Doverly,64.66,500000001,aaa3700260c646b8b570de7d3dd62582
2023-11-23 13:11:23 UTC,view,7093987,1492821164472423496,apparel.men.jeans,,33.39,500000001,aaa3700260c646b8b570de7d3dd62582
2023-11-23 13:11:24 UTC,view,7429245,1428548884811402817,apparel.men.shirt,Ashgrove,15.07,500000001,aaa3700260c646b8b570de7d3dd62582
2023-11-23 13:20:29 UTC,view,2299273,1558364261414932063,apparel.women.top,Aldyne,24.62,500000001,aaa3700260c646b8b570de7d3dd62582
2023-11-25 08:21:56 UTC,view,5862621,1492821164472423496,,Vantree,45.24,500000001,77e7c05999414443aa3b89b008309980
2023-11-25 08:22:42 UTC,view,7826018,1558364261414932063,apparel.women.top,Cinderfox,13.57,500000001,77e7c05999414443aa3b89b008309980
2023-11-25 08:36:09 UTC,view,5678537,1472209747072745335,footwear.boots,Aldyne,114.4,500000001,77e7c05999414443aa3b89b008309980
2023-11-25 08:39:21 UTC,view,4994348,1549623645531932356,accessories.bags,,68.72,500000001,77e7c05999414443aa3b89b008309980
2023-11-25 10:13:32 UTC,view,5464062,1508136215129873133,apparel.kids.top,Bellcroft,18.08,500000010,c77804c6d6014847a7d52797e73ff875
2023-11-25 10:15:48 UTC,view,1092786,1558430393367643133,accessories.hats,Thistlewood,9.85,500000010,c77804c6d6014847a7d52797e73ff875
2023-11-25 10:17:52 UTC,cart,4365384,1519748099762056932,apparel.men.outerwear,,193.29,500000010,c77804c6d6014847a7d52797e73ff875
2023-11-25 10:22:44 UTC,purchase,4365384,1519748099762056932,apparel.men.outerwear,,216.05,500000010,c77804c6d6014847a7d52797e73ff875
2023-11-25 10:23:35 UTC,view,9198161,1546390003792228747,footwear.sneakers,Wrenfield,116.25,500000010,c77804c6d6014847a7d52797e73ff875
2023-11-26 08:47:15 UTC,view,5822751,1492821164472423496,apparel.men.jeans,Doverly,69.59,500000001,e9655fc3794143cc9d9a65a5e836271f
2023-11-26 08:57:05 UTC,view,4236332,1482972250706899052,apparel.women.pants,,38.96,500000001,e9655fc3794143cc9d9a65a5e836271f
2023-11-26 09:02:20 UTC,view,7182700,1492821164472423496,apparel.men.jeans,,89.53,500000001,e9655fc3794143cc9d9a65a5e836271f
2023-11-05 18:51:17 UTC,view,3163829,1558364261414932063,apparel.women.top,Marlow Row,40.3,500140905,9df076d28e704aab856a326320b8911e
2023-11-05 18:57:36 UTC,view,3318117,1492821164472423496,apparel.men.jeans,,42.87,500140905,9df076d28e704aab856a326320b8911e
2023-11-05 18:58:27 UTC,view,7949185,1590725883499271729,accessories.belts,Kestrel & Co,42.62,500140905,9df076d28e704aab856a326320b8911e
2023-11-05 19:07:00 UTC,cart,3243048,1558364261414932063,,Thistlewood,44.68,500140905,9df076d28e704aab856a326320b8911e
2023-11-05 19:16:51 UTC,purchase,3243048,1558364261414932063,apparel.women.top,Thistlewood,41.12,500140905,9df076d28e704aab856a326320b8911e
2023-11-07 11:57:10 UTC,view,8966163,1549623645531932356,accessories.bags,Solmara,85.62,500000043,27163a21b45a4a3ca7dc9e207f723d75
2023-11-07 11:58:21 UTC,view,6517467,1516173523019626745,apparel.women.dress,Thistlewood,90.95,500000043,27163a21b45a4a3ca7dc9e207f723d75
2023-11-07 11:59:17 UTC,view,8966163,1549623645531932356,accessories.bags,Solmara,91.22,500000043,27163a21b45a4a3ca7dc9e207f723d75
2023-11-07 11:59:29 UTC,view,1356979,1482972250706899052,apparel.women.pants,Ferncastle,34.23,500000043,27163a21b45a4a3ca7dc9e207f723d75
2023-11-07 12:05:52 UTC,view,4747587,1482972250706899052,apparel.women.pants,,72.72,500000043,27163a21b45a4a3ca7dc9e207f723d75
2023-11-07 12:18:07 UTC,view,8795573,1482972250706899052,apparel.women.pants,Palewick,27.34,500000043,27163a21b45a4a3ca7dc9e207f723d75
2023-11-07 12:21:51 UTC,view,7941277,1594728468612408249,accessories.jewelry,,47.55,500000043,27163a21b45a4a3ca7dc9e207f723d75
2023-11-07 12:24:22 UTC,view,8966163,1549623645531932356,,,87.7,500000043,27163a21b45a4a3ca7dc9e207f723d75
2023-11-08 20:54:51 UTC,cart,7182700,1492821164472423496,apparel.men.jeans,,90.31,500000001,65cb0d9031904c4b8514567729239430
2023-11-08 21:04:21 UTC,purchase,7182700,1492821164472423496,apparel.men.jeans,,96.26,500000001,65cb0d9031904c4b8514567729239430
2023-11-08 21:07:07 UTC,view,2287051,1508136215129873133,apparel.kids.top,Norlend,26.31,500000001,65cb0d9031904c4b8514567729239430
2023-11-16 21:09:02 UTC,view,4194454,1482972250706899052,apparel.women.pants,Vantree,59.87,500000003,e9c98d5e51134829882ffca273e2918e
2023-11-16 21:12:46 UTC,view,8966163,1549623645531932356,accessories.bags,Solmara,79.11,500000003,e9c98d5e51134829882ffca273e2918e
2023-11-16 21:33:14 UTC,view,5599767,1558364261414932063,,Ferncastle,14.51,500000003,e9c98d5e51134829882ffca273e2918e
2023-11-16 21:37:36 UTC,view,5678537,1472209747072745335,footwear.boots,Aldyne,112.65,500000003,e9c98d5e51134829882ffca273e2918e
2023-11-26 10:16:13 UTC,view,3503816,1428548884811402817,apparel.men.shirt,Aldyne,24.14,500000002,81f31b9a9b964c03ac58607c0bf18aca
2023-11-26 10:19:36 UTC,view,4870730,1429628030847824846,footwear.sandals,,19.64,500000002,81f31b9a9b964c03ac58607c0bf18aca
2023-11-26 10:24:04 UTC,view,9841830,1508136215129873133,apparel.kids.top,,12.28,500000002,81f31b9a9b964c03ac58607c0bf18aca
2023-11-26 10:26:16 UTC,view,7182700,1492821164472423496,apparel.men.jeans,,95.3,500000002,81f31b9a9b964c03ac58607c0bf18aca
2023-11-27 18:05:54 UTC,cart,6693651,1482972250706899052,,Cinderfox,36.47,500000002,958b08ccb7a44447935956303004b23a
2023-11-27 18:08:27 UTC,view,1162680,1589407324608544585,apparel.women.outerwear,Kestrel & Co,201.2,500000002,958b08ccb7a44447935956303004b23a
27/11/2023 18:10,view,6079235,1508136215129873133,apparel.kids.top,Bramholt,8.53,500000002,958b08ccb7a44447935956303004b23a
2023-11-27 18:10:48 UTC,remove_from_cart,6693651,1482972250706899052,apparel.women.pants,Cinderfox,35.69,500000002,958b08ccb7a44447935956303004b23a
2023-11-27 18:12:47 UTC,view,4143393,1519748099762056932,apparel.men.outerwear,Marlow Row,192.67,500000002,958b08ccb7a44447935956303004b23a
2023-11-27 18:16:31 UTC,view,2102225,1516173523019626745,,,38.39,500000002,958b08ccb7a44447935956303004b23a
2023-11-27 18:29:01 UTC,view,5862621,1492821164472423496,apparel.men.jeans,Vantree,47.77,500000002,958b08ccb7a44447935956303004b23a
2023-11-27 18:31:04 UTC,view,3243048,1558364261414932063,apparel.women.top,Thistlewood,46.14,500000002,958b08ccb7a44447935956303004b23a
2023-11-30 11:17:13 UTC,view,1099410,1558430393367643133,accessories.hats,Norlend,16.58,500000013,2d4650ac28af4b80b52ad528912f7006
2023-11-30 11:17:37 UTC,view,3243048,1558364261414932063,apparel.women.top,Thistlewood,41.48,500000013,2d4650ac28af4b80b52ad528912f7006
30/11/2023 11:20,view,9829417,1546390003792228747,footwear.sneakers,Bellcroft,120.46,500000013,2d4650ac28af4b80b52ad528912f7006
2023-11-30 11:21:18 UTC,view,2102225,1516173523019626745,apparel.women.dress,Vantree,36.53,500000013,2d4650ac28af4b80b52ad528912f7006
2023-11-30 11:29:55 UTC,view,2102225,1516173523019626745,apparel.women.dress,,35.6,500000013,2d4650ac28af4b80b52ad528912f7006
2023-11-30 11:34:59 UTC,view,6960004,1549623645531932356,accessories.bags,,48.34,500000013,2d4650ac28af4b80b52ad528912f7006
2023-11-30 11:37:19 UTC,view,2154101,1558430393367643133,accessories.hats,,13.37,500000013,2d4650ac28af4b80b52ad528912f7006
2023-11-15 17:34:16 UTC,cart,2804964,1558364261414932063,apparel.women.top,,40.58,500000003,09bdea5212744883b8184a748af90dae
2023-11-15 17:35:31 UTC,purchase,2804964,1558364261414932063,,Cinderfox,37.01,500000003,09bdea5212744883b8184a748af90dae
2023-11-15 17:48:43 UTC,view,9036326,1558430393367643133,accessories.hats,,8.37,500000003,09bdea5212744883b8184a748af90dae
2023-11-15 17:53:34 UTC,view,3124731,1558364261414932063,apparel.women.top,,28.89,500000003,09bdea5212744883b8184a748af90dae
2023-11-25 20:38:26 UTC,cart,6079235,1508136215129873133,apparel.kids.top,,10.14,500000036,4c603147d9de4c6cb34ceaea5608f021
25/11/2023 20:40,view,8754194,1482972250706899052,apparel.women.pants,Kestrel & Co,49.88,500000036,4c603147d9de4c6cb34ceaea5608f021
2023-11-25 20:41:17 UTC,view,8746636,1482972250706899052,apparel.women.pants,Oakspire,61.15,500000036,4c603147d9de4c6cb34ceaea5608f021
2023-11-25 20:43:59 UTC,view,4076320,1590725883499271729,,,12.13,500000036,4c603147d9de4c6cb34ceaea5608f021
2023-11-25 20:44:14 UTC,purchase,6079235,1508136215129873133,apparel.kids.top,,9.35,500000036,4c603147d9de4c6cb34ceaea5608f021
2023-11-27 09:20:46 UTC,view,1162680,1589407324608544585,apparel.women.outerwear,Kestrel & Co,200.59,500000001,090eb800f6614761b897563963a804d1
2023-11-27 09:24:32 UTC,view,1778504,1549623645531932356,,Thistlewood,70.56,500000001,090eb800f6614761b897563963a804d1
2023-11-27 09:38:03 UTC,view,9036326,1558430393367643133,accessories.hats,,8.35,500000001,090eb800f6614761b897563963a804d1
02/11/2023 22:06,view,2102225,1516173523019626745,,,34.31,500000001,e47e6fcddc224f5c806c123a794fbe52
2023-11-02 22:07:42 UTC,view,8634461,1428548884811402817,apparel.men.shirt,Kestrel & Co,21.65,500000001,e47e6fcddc224f5c806c123a794fbe52
2023-11-02 22:14:38 UTC,view,2102225,1516173523019626745,,,35.42,500000001,e47e6fcddc224f5c806c123a794fbe52
2023-11-02 22:15:59 UTC,view,4098324,1558364261414932063,apparel.women.top,Norlend,24.3,500000001,e47e6fcddc224f5c806c123a794fbe52
2023-11-02 22:16:58 UTC,view,7182700,1492821164472423496,apparel.men.jeans,,84.94,500000001,e47e6fcddc224f5c806c123a794fbe52
2023-11-02 22:20:20 UTC,view,7814384,1482972250706899052,apparel.women.pants,,82.15,500000001,e47e6fcddc224f5c806c123a794fbe52
2023-11-02 22:23:44 UTC,view,3243048,1558364261414932063,apparel.women.top,Thistlewood,43.32,500000001,e47e6fcddc224f5c806c123a794fbe52
2023-11-05 19:09:19 UTC,view,6768228,1428548884811402817,apparel.men.shirt,,18.16,500000004,e0c8630520374f4d9bf52c16ac1224e5
2023-11-05 19:11:48 UTC,view,9800243,1492821164472423496,,Palewick,91.84,500000004,e0c8630520374f4d9bf52c16ac1224e5
2023-11-05 19:12:31 UTC,view,1428173,1589407324608544585,,,111.06,500000004,e0c8630520374f4d9bf52c16ac1224e5
2023-11-05 19:19:17 UTC,view,2380478,1429628030847824846,footwear.sandals,Aldyne,42.86,500000004,e0c8630520374f4d9bf52c16ac1224e5
2023-11-05 19:30:04 UTC,view,2102225,1516173523019626745,apparel.women.dress,Vantree,34.09,500000004,e0c8630520374f4d9bf52c16ac1224e5
2023-11-05 19:40:43 UTC,cart,8966163,1549623645531932356,accessories.bags,Solmara,85.05,500000004,1e85efbedf8d454dbb2c8670b6d2b8fe
2023-11-05 19:43:22 UTC,view,4994348,1549623645531932356,accessories.bags,,71.38,500000004,1e85efbedf8d454dbb2c8670b6d2b8fe
2023-11-05 19:47:09 UTC,purchase,8966163,1549623645531932356,,Solmara,76.67,500000004,1e85efbedf8d454dbb2c8670b6d2b8fe
2023-11-05 19:48:23 UTC,view,1162680,1589407324608544585,apparel.women.outerwear,Kestrel & Co,228.27,500000004,1e85efbedf8d454dbb2c8670b6d2b8fe
2023-11-05 20:02:53 UTC,view,4720552,1428548884811402817,apparel.men.shirt,,15.18,500000004,1e85efbedf8d454dbb2c8670b6d2b8fe
2023-11-11 19:05:37 UTC,view,2102225,1516173523019626745,apparel.women.dress,Vantree,36.15,500000004,467da6138b1942fc974fc2a7a08db937
2023-11-11 19:12:01 UTC,view,7622260,1516173523019626745,apparel.women.dress,Ashgrove,99.55,500000004,467da6138b1942fc974fc2a7a08db937
2023-11-11 19:12:17 UTC,view,6810241,1428548884811402817,apparel.men.shirt,,19.26,500000004,467da6138b1942fc974fc2a7a08db937
2023-11-11 19:13:08 UTC,view,8966163,1549623645531932356,accessories.bags,,78.59,500000004,467da6138b1942fc974fc2a7a08db937
2023-11-11 19:20:12 UTC,view,1162680,1589407324608544585,,Kestrel & Co,197.96,500000004,467da6138b1942fc974fc2a7a08db937
2023-11-11 19:30:44 UTC,view,3243048,1558364261414932063,apparel.women.top,,42.1,500000004,467da6138b1942fc974fc2a7a08db937
2023-11-11 19:31:22 UTC,view,1162680,1589407324608544585,apparel.women.outerwear,,200.44,500000004,467da6138b1942fc974fc2a7a08db937
2023-11-20 16:05:07 UTC,view,4123600,1519748099762056932,apparel.men.outerwear,,182.87,500000001,d6de7a4e99bd44748cd2d45c18307d29
2023-11-20 16:07:39 UTC,view,3648094,1492821164472423496,apparel.men.jeans,,44.18,500000001,d6de7a4e99bd44748cd2d45c18307d29
2023-11-20 16:13:52 UTC,view,5131367,1549623645531932356,accessories.bags,,32.8,500000001,d6de7a4e99bd44748cd2d45c18307d29
2023-11-20 16:17:59 UTC,view,9036326,1558430393367643133,accessories.hats,,8.47,500000001,d6de7a4e99bd44748cd2d45c18307d29
2023-11-11 19:31:22 UTC,view,1162680,1589407324608544585,apparel.women.outerwear,,200.44,500000004,467da6138b1942fc974fc2a7a08db937
2023-11-05 16:52:52 UTC,view,9755526,1589407324608544585,apparel.women.outerwear,,89.03,500000002,dd47a68826464e718ce31ae5fbd80f4a
2023-11-05 16:53:32 UTC,view,2102225,1516173523019626745,apparel.women.dress,Vantree,33.8,500000002,dd47a68826464e718ce31ae5fbd80f4a
2023-11-23 20:32:08 UTC,view,4747587,1482972250706899052,apparel.women.pants,,71.56,500000001,8a3bf17a19b14068813f03b0f36ddfcc
2023-11-23 20:35:50 UTC,view,4194454,1482972250706899052,apparel.women.pants,Vantree,71.6,500000001,8a3bf17a19b14068813f03b0f36ddfcc
2023-11-23 20:41:32 UTC,view,2102225,1516173523019626745,apparel.women.dress,Vantree,32.6,500000001,8a3bf17a19b14068813f03b0f36ddfcc
2023-11-23 20:47:38 UTC,view,4747587,1482972250706899052,apparel.women.pants,,81.71,500000001,8a3bf17a19b14068813f03b0f36ddfcc
2023-11-23 20:48:29 UTC,view,2295523,1516173523019626745,apparel.women.dress,,46.83,500000001,8a3bf17a19b14068813f03b0f36ddfcc
2023-11-24 14:14:28 UTC,view,7427053,1519748099762056932,apparel.men.outerwear,Thistlewood,51.98,500000005,e1ef781880a84beead0a4d4d9a7b6e63
2023-11-24 14:18:31 UTC,view,7201529,1589407324608544585,apparel.women.outerwear,Ruskin & Fable,79.51,500000005,e1ef781880a84beead0a4d4d9a7b6e63
2023-11-24 14:24:01 UTC,view,8795573,1482972250706899052,apparel.women.pants,,27.08,500000005,e1ef781880a84beead0a4d4d9a7b6e63
2023-11-24 14:26:05 UTC,view,5114384,1558186846391920988,apparel.kids.outerwear,,28.75,500000005,e1ef781880a84beead0a4d4d9a7b6e63
2023-11-29 10:58:10 UTC,view,1079923,1516173523019626745,apparel.women.dress,,100.88,500000001,a6c3d027bd704e6a81904168c0387311
2023-11-29 11:06:49 UTC,view,1356979,1482972250706899052,apparel.women.pants,,29.43,500000001,a6c3d027bd704e6a81904168c0387311
2023-11-29 11:22:01 UTC,view,4170752,1519748099762056932,apparel.men.outerwear,,223.38,500000001,a6c3d027bd704e6a81904168c0387311
2023-11-04 07:39:13 UTC,view,8746636,1482972250706899052,apparel.women.pants,,53.59,500000001,fe936c7d2bac41f999962337f1c36c76
2023-11-04 07:46:04 UTC,view,9319849,1472209747072745335,footwear.boots,Marlow Row,157.21,500000001,fe936c7d2bac41f999962337f1c36c76
2023-11-08 11:35:29 UTC,cart,1162680,1589407324608544585,apparel.women.outerwear,,216.18,500000048,db3a785903a24a0c83a973ba903723ae
2023-11-08 11:44:36 UTC,purchase,1162680,1589407324608544585,apparel.women.outerwear,Kestrel & Co,211.7,500000048,db3a785903a24a0c83a973ba903723ae
2023-11-08 11:56:35 UTC,view,9829417,1546390003792228747,footwear.sneakers,Bellcroft,114.48,500000048,db3a785903a24a0c83a973ba903723ae
2023-11-08 11:56:53 UTC,view,8754194,1482972250706899052,apparel.women.pants,,53.74,500000048,db3a785903a24a0c83a973ba903723ae
2023-11-08 12:02:10 UTC,view,4762867,1594728468612408249,accessories.jewelry,Greymont,17.59,500000048,db3a785903a24a0c83a973ba903723ae
2023-11-08 12:02:49 UTC,view,7182700,1492821164472423496,apparel.men.jeans,,85.43,500000048,db3a785903a24a0c83a973ba903723ae
2023-11-20 14:46:35 UTC,cart,9118281,1558364261414932063,apparel.women.top,,17.66,500000002,71c78258ad6b47af8a38eb8682bcea47
2023-11-20 14:47:35 UTC,view,1430298,1519748099762056932,apparel.men.outerwear,Ruskin & Fable,131.89,500000002,71c78258ad6b47af8a38eb8682bcea47
2023-11-20 14:50:09 UTC,view,5862621,1492821164472423496,,,45.91,500000002,71c78258ad6b47af8a38eb8682bcea47
2023-11-20 14:51:34 UTC,view,3428363,1516173523019626745,,,77.52,500000002,71c78258ad6b47af8a38eb8682bcea47
2023-11-20 14:55:05 UTC,purchase,9118281,1558364261414932063,apparel.women.top,Solmara,17.19,500000002,71c78258ad6b47af8a38eb8682bcea47
2023-11-27 10:23:51 UTC,view,7182700,1492821164472423496,apparel.men.jeans,,89.98,500000001,67c59cccf709469ba2d3bab458c51522
2023-11-27 10:25:05 UTC,view,3163829,1558364261414932063,apparel.women.top,Marlow Row,38.31,500000001,67c59cccf709469ba2d3bab458c51522
2023-11-27 10:26:35 UTC,view,5908484,1589407324608544585,,Aldyne,214.95,500000001,67c59cccf709469ba2d3bab458c51522
2023-11-30 12:23:35 UTC,view,7373415,1428548884811402817,apparel.men.shirt,Vantree,26.41,500000002,9f36f9e0949e4664bb40cba2e0368827
2023-11-30 12:24:41 UTC,cart,7814384,1482972250706899052,apparel.women.pants,Palewick,79.35,500000002,9f36f9e0949e4664bb40cba2e0368827
2023-11-30 12:25:53 UTC,view,6245368,1558430393367643133,accessories.hats,,24.98,500000002,9f36f9e0949e4664bb40cba2e0368827
2023-11-30 12:31:12 UTC,purchase,7814384,1482972250706899052,apparel.women.pants,Palewick,80.21,500000002,9f36f9e0949e4664bb40cba2e0368827
2023-11-04 13:37:56 UTC,view,2738486,1594728468612408249,accessories.jewelry,Ferncastle,31.49,500000001,2d91f8a3dcb7424ab46205420779d437
2023-11-04 13:44:19 UTC,view,9645778,1558186846391920988,apparel.kids.outerwear,,27.32,500000001,2d91f8a3dcb7424ab46205420779d437
2023-11-04 13:50:01 UTC,view,8634461,1428548884811402817,apparel.men.shirt,Kestrel & Co,23.73,500000001,2d91f8a3dcb7424ab46205420779d437
2023-11-04 13:50:52 UTC,view,6024870,1492821164472423496,apparel.men.jeans,Doverly,35.65,500000001,2d91f8a3dcb7424ab46205420779d437
2023-11-04 14:00:13 UTC,view,6362414,1558364261414932063,apparel.women.top,,22.14,500000001,2d91f8a3dcb7424ab46205420779d437
2023-11-07 17:23:44 UTC,view,8800984,1558364261414932063,apparel.women.top,,17.45,500000001,27d0b657fb67437cb2bc6e7c100646ea
2023-11-07 17:26:23 UTC,view,5114384,1558186846391920988,apparel.kids.outerwear,Kestrel & Co,29.42,500000001,27d0b657fb67437cb2bc6e7c100646ea
2023-11-07 17:42:20 UTC,view,2102225,1516173523019626745,apparel.women.dress,Vantree,34.94,500000001,27d0b657fb67437cb2bc6e7c100646ea
2023-11-07 17:48:41 UTC,view,1038403,1519748099762056932,apparel.men.outerwear,Ashgrove,57.14,500000001,27d0b657fb67437cb2bc6e7c100646ea
2023-11-07 19:38:55 UTC,view,9800243,1492821164472423496,apparel.men.jeans,,86.33,500000010,a1a74af560144ef98b5bb6f60a05e676
2023-11-07 19:40:21 UTC,view,2993399,1546390003792228747,footwear.sneakers,Solmara,89.92,500000010,a1a74af560144ef98b5bb6f60a05e676
2023-11-07 19:47:38 UTC,view,3852546,1482972250706899052,apparel.women.pants,Bramholt,75.03,500000010,a1a74af560144ef98b5bb6f60a05e676
2023-11-07 19:51:28 UTC,view,8966163,1549623645531932356,accessories.bags,,80.23,500000010,a1a74af560144ef98b5bb6f60a05e676
2023-11-07 19:54:25 UTC,view,1029072,1482972250706899052,apparel.women.pants,Palewick,48.45,500000010,a1a74af560144ef98b5bb6f60a05e676
2023-11-07 19:57:43 UTC,view,8966163,1549623645531932356,accessories.bags,,82.65,500000010,a1a74af560144ef98b5bb6f60a05e676
2023-11-17 15:27:45 UTC,view,8016491,1546390003792228747,footwear.sneakers,Vantree,145.18,500000011,dc92065ab92b4696be3a9d92426d083e
2023-11-17 15:30:05 UTC,view,2102225,1516173523019626745,apparel.women.dress,,35.26,500000011,dc92065ab92b4696be3a9d92426d083e
2023-11-17 15:34:40 UTC,view,7567958,1516173523019626745,apparel.women.dress,,88.82,500000011,dc92065ab92b4696be3a9d92426d083e
2023-11-17 15:36:09 UTC,view,6155600,1594728468612408249,accessories.jewelry,,46.94,500000011,dc92065ab92b4696be3a9d92426d083e
2023-11-25 16:23:17 UTC,view,1162680,1589407324608544585,apparel.women.outerwear,Kestrel & Co,229.66,500000079,6523981830b24a0dbf6c76539310681d
2023-11-25 16:24:34 UTC,view,5847380,1492821164472423496,apparel.men.jeans,,44.85,500000079,6523981830b24a0dbf6c76539310681d
2023-11-25 16:32:09 UTC,view,8966163,1549623645531932356,accessories.bags,Solmara,83.21,500000079,6523981830b24a0dbf6c76539310681d
2023-11-25 16:33:11 UTC,view,1099410,1558430393367643133,accessories.hats,Norlend,15.03,500000079,6523981830b24a0dbf6c76539310681d
2023-11-25 16:34:27 UTC,cart,7182700,1492821164472423496,apparel.men.jeans,,82.85,500000079,6523981830b24a0dbf6c76539310681d
2023-11-25 16:36:28 UTC,view,8966163,1549623645531932356,accessories.bags,Solmara,90.94,500000079,6523981830b24a0dbf6c76539310681d
2023-11-25 16:37:00 UTC,purchase,7182700,1492821164472423496,apparel.men.jeans,,88.07,500000079,6523981830b24a0dbf6c76539310681d
2023-11-25 16:50:07 UTC,view,4663963,1428548884811402817,apparel.men.shirt,,35.08,500000079,6523981830b24a0dbf6c76539310681d
2023-11-28 23:41:26 UTC,view,6854023,1549623645531932356,accessories.bags,,132.87,500000017,09e2fda953144761a336728c86b64988
2023-11-29 00:01:05 UTC,view,7275086,1558186846391920988,apparel.kids.outerwear,,65.75,500000017,09e2fda953144761a336728c86b64988
2023-11-29 00:04:22 UTC,view,8634461,1428548884811402817,apparel.men.shirt,Kestrel & Co,19.61,500000017,09e2fda953144761a336728c86b64988
2023-11-04 19:16:47 UTC,cart,8966163,1549623645531932356,accessories.bags,Solmara,85.53,500000001,25798ea18c124e18984617b974df5130
2023-11-04 19:20:23 UTC,view,9829417,1546390003792228747,footwear.sneakers,Bellcroft,122.7,500000001,25798ea18c124e18984617b974df5130
2023-11-04 19:24:39 UTC,view,9748139,1594728468612408249,,Ferncastle,20.32,500000001,25798ea18c124e18984617b974df5130
2023-11-04 19:24:57 UTC,purchase,8966163,1549623645531932356,accessories.bags,,76.44,500000001,25798ea18c124e18984617b974df5130
2023-11-04 19:30:31 UTC,view,8966163,1549623645531932356,accessories.bags,Solmara,78.05,500000001,25798ea18c124e18984617b974df5130
2023-11-04 19:37:38 UTC,view,8966163,1549623645531932356,accessories.bags,Solmara,83.69,500000001,25798ea18c124e18984617b974df5130
2023-11-08 20:02:00 UTC,cart,3852546,1482972250706899052,apparel.women.pants,,70.31,500000001,3492cbe35e3f498fb5d54b2a16d62d65
2023-11-08 20:03:46 UTC,purchase,3852546,1482972250706899052,apparel.women.pants,Bramholt,68.94,500000001,3492cbe35e3f498fb5d54b2a16d62d65
2023-11-08 20:07:45 UTC,view,7171122,1558186846391920988,apparel.kids.outerwear,Harlow Vale,76.59,500000001,3492cbe35e3f498fb5d54b2a16d62d65
2023-11-08 20:14:43 UTC,view,9645778,1558186846391920988,apparel.kids.outerwear,,27.58,500000001,3492cbe35e3f498fb5d54b2a16d62d65
2023-11-08 20:20:01 UTC,view,1162680,1589407324608544585,apparel.women.outerwear,Kestrel & Co,198.59,500000001,3492cbe35e3f498fb5d54b2a16d62d65
2023-11-11 21:40:58 UTC,cart,7182700,1492821164472423496,apparel.men.jeans,,86.08,500000001,2f99dad7ebce467ca41bdc59d8d7777f
2023-11-11 21:42:47 UTC,purchase,7182700,1492821164472423496,apparel.men.jeans,,97.78,500000001,2f99dad7ebce467ca41bdc59d8d7777f
2023-11-11 21:47:07 UTC,view,8966163,1549623645531932356,,Solmara,77.11,500000001,2f99dad7ebce467ca41bdc59d8d7777f
2023-11-11 21:48:13 UTC,view,1162680,1589407324608544585,apparel.women.outerwear,Kestrel & Co,195.48,500000001,2f99dad7ebce467ca41bdc59d8d7777f
2023-11-11 21:56:04 UTC,view,8795573,1482972250706899052,apparel.women.pants,Palewick,29.71,500000001,2f99dad7ebce467ca41bdc59d8d7777f
2023-11-11 21:57:32 UTC,view,9755526,1589407324608544585,apparel.women.outerwear,Ashgrove,84.35,500000001,2f99dad7ebce467ca41bdc59d8d7777f
2023-11-12 18:27:01 UTC,view,7474821,1428548884811402817,apparel.men.shirt,,41.17,500000001,f6b29069e6484736b4cda1652fdfeb1b
2023-11-12 18:32:30 UTC,view,4194454,1482972250706899052,apparel.women.pants,Vantree,64.75,500000001,f6b29069e6484736b4cda1652fdfeb1b
2023-11-12 18:40:46 UTC,view,9800243,1492821164472423496,apparel.men.jeans,Palewick,76.69,500000001,f6b29069e6484736b4cda1652fdfeb1b
2023-11-13 19:01:00 UTC,view,4076320,1590725883499271729,accessories.belts,,12.04,500000003,f9d851833ce643cc84aa63b07aad493e
2023-11-13 19:02:11 UTC,view,2102225,1516173523019626745,apparel.women.dress,Vantree,35.97,500000003,f9d851833ce643cc84aa63b07aad493e
2023-11-13 19:06:46 UTC,cart,7567958,1516173523019626745,apparel.women.dress,,91.37,500000003,f9d851833ce643cc84aa63b07aad493e
2023-11-13 19:09:25 UTC,purchase,7567958,1516173523019626745,apparel.women.dress,,98.6,500000003,f9d851833ce643cc84aa63b07aad493e
2023-11-16 09:06:27 UTC,view,8966163,1549623645531932356,accessories.bags,Solmara,81.07,500000002,90ebfb98108349a7a4744c3dcf542008
2023-11-16 09:08:33 UTC,view,3852546,1482972250706899052,apparel.women.pants,Bramholt,70.76,500000002,90ebfb98108349a7a4744c3dcf542008
2023-11-16 09:11:22 UTC,view,4747587,1482972250706899052,apparel.women.pants,,78.63,500000002,90ebfb98108349a7a4744c3dcf542008
2023-11-16 09:12:26 UTC,view,6810241,1428548884811402817,apparel.men.shirt,Milbrook,16.97,500000002,90ebfb98108349a7a4744c3dcf542008
2023-11-16 09:19:15 UTC,view,3124731,1558364261414932063,apparel.women.top,,30.98,500000002,90ebfb98108349a7a4744c3dcf542008
2023-11-16 09:23:57 UTC,view,8966163,1549623645531932356,accessories.bags,Solmara,81.42,500000002,90ebfb98108349a7a4744c3dcf542008
2023-11-16 09:26:11 UTC,view,4143393,1519748099762056932,apparel.men.outerwear,,197.81,500000002,90ebfb98108349a7a4744c3dcf542008
2023-11-21 11:28:33 UTC,view,3428363,1516173523019626745,apparel.women.dress,,72.6,500000001,7c7b97422e6744589e3ce3b2ce064d66
2023-11-21 11:33:45 UTC,view,1522015,1546390003792228747,footwear.sneakers,,128.67,500000001,7c7b97422e6744589e3ce3b2ce064d66
2023-11-21 11:36:18 UTC,view,5114384,1558186846391920988,,Kestrel & Co,27.68,500000001,7c7b97422e6744589e3ce3b2ce064d66
2023-11-21 11:38:06 UTC,cart,9746038,1516173523019626745,apparel.women.dress,,37.29,500000001,7c7b97422e6744589e3ce3b2ce064d66
2023-11-21 11:40:05 UTC,view,4994348,1549623645531932356,,,62.98,500000001,7c7b97422e6744589e3ce3b2ce064d66
2023-11-21 11:43:56 UTC,purchase,9746038,1516173523019626745,apparel.women.dress,,36.17,500000001,7c7b97422e6744589e3ce3b2ce064d66
2023-11-21 11:47:57 UTC,view,2102225,1516173523019626745,apparel.women.dress,,36.09,500000001,7c7b97422e6744589e3ce3b2ce064d66
2023-11-22 09:59:30 UTC,view,9800243,1492821164472423496,apparel.men.jeans,,88.23,500000001,75f1c7d4aea042e8a33865ba6345f91f
2023-11-22 10:00:38 UTC,view,2102225,1516173523019626745,apparel.women.dress,Vantree,37.07,500000001,75f1c7d4aea042e8a33865ba6345f91f
2023-11-22 10:09:42 UTC,cart,8966163,1549623645531932356,accessories.bags,Solmara,83.18,500000001,75f1c7d4aea042e8a33865ba6345f91f
2023-11-22 10:15:00 UTC,purchase,8966163,1549623645531932356,,Solmara,90.79,500000001,75f1c7d4aea042e8a33865ba6345f91f
2023-11-22 10:18:23 UTC,view,4762867,1594728468612408249,accessories.jewelry,Greymont,16.5,500000001,75f1c7d4aea042e8a33865ba6345f91f
2023-11-05 13:11:05 UTC,view,2102225,1516173523019626745,,,38.69,500000005,a661ed33a08f4d9aa1dfa6eecb9f9a04
05/11/2023 13:17,view,1162680,1589407324608544585,apparel.women.outerwear,Kestrel & Co,208.34,500000005,a661ed33a08f4d9aa1dfa6eecb9f9a04
2023-11-05 13:23:59 UTC,view,7182700,1492821164472423496,apparel.men.jeans,,83.93,500000005,a661ed33a08f4d9aa1dfa6eecb9f9a04
2023-11-05 13:24:23 UTC,view,8800984,1558364261414932063,apparel.women.top,,18.17,500000005,a661ed33a08f4d9aa1dfa6eecb9f9a04
2023-11-05 13:29:01 UTC,view,8536600,1508136215129873133,apparel.kids.top,,22.32,500000005,a661ed33a08f4d9aa1dfa6eecb9f9a04
2023-11-05 13:29:28 UTC,view,4895822,1428548884811402817,apparel.men.shirt,,49.77,500000005,a661ed33a08f4d9aa1dfa6eecb9f9a04
2023-11-05 13:32:01 UTC,view,9075437,1558364261414932063,apparel.women.top,Cinderfox,29.74,500000005,a661ed33a08f4d9aa1dfa6eecb9f9a04
2023-11-05 16:24:20 UTC,view,8746636,1482972250706899052,apparel.women.pants,Oakspire,59.48,500000871,46f12029940e4e93a17d0a7cd0033053
2023-11-05 16:39:19 UTC,view,3301602,1594728468612408249,accessories.jewelry,Vantree,39.05,500000871,46f12029940e4e93a17d0a7cd0033053
2023-11-05 16:39:33 UTC,cart,8721483,1558364261414932063,apparel.women.top,Norlend,35.28,500000871,46f12029940e4e93a17d0a7cd0033053
2023-11-05 16:43:56 UTC,view,9036326,1558430393367643133,accessories.hats,,7.74,500000871,46f12029940e4e93a17d0a7cd0033053
2023-11-05 16:46:02 UTC,purchase,8721483,1558364261414932063,apparel.women.top,Norlend,36.89,500000871,46f12029940e4e93a17d0a7cd0033053
2023-11-05 16:46:09 UTC,view,6497266,1558430393367643133,accessories.hats,Doverly,11.55,500000871,46f12029940e4e93a17d0a7cd0033053
2023-11-05 16:48:57 UTC,view,3243048,1558364261414932063,apparel.women.top,Thistlewood,42.7,500000871,46f12029940e4e93a17d0a7cd0033053
2023-11-15 19:47:16 UTC,view,9829417,1546390003792228747,footwear.sneakers,Bellcroft,132.19,500000001,3cd013a154d645daa1c04dada297f018
2023-11-15 19:51:45 UTC,view,8966163,1549623645531932356,accessories.bags,,85.96,500000001,3cd013a154d645daa1c04dada297f018
2023-11-16 01:49:23 UTC,view,9939190,1482972250706899052,apparel.women.pants,Marlow Row,52.6,500000001,664beb57e6a24b80a29077a634592bc7
2023-11-16 01:52:33 UTC,view,9319849,1472209747072745335,footwear.boots,Marlow Row,150.52,500000001,664beb57e6a24b80a29077a634592bc7
2023-11-16 02:09:34 UTC,view,8511889,1594728468612408249,accessories.jewelry,,79.55,500000001,664beb57e6a24b80a29077a634592bc7
2023-11-16 02:10:05 UTC,cart,9645778,1558186846391920988,apparel.kids.outerwear,,29.5,500000001,664beb57e6a24b80a29077a634592bc7
2023-11-16 02:12:12 UTC,view,2102225,1516173523019626745,apparel.women.dress,Vantree,36.32,500000001,664beb57e6a24b80a29077a634592bc7
2023-11-16 02:12:18 UTC,view,8966163,1549623645531932356,accessories.bags,Solmara,87.14,500000001,664beb57e6a24b80a29077a634592bc7
2023-11-16 02:15:41 UTC,view,7182700,1492821164472423496,apparel.men.jeans,,82.82,500000001,664beb57e6a24b80a29077a634592bc7
2023-11-17 22:39:02 UTC,view,7427053,1519748099762056932,apparel.men.outerwear,,56.51,500000001,67fdc0145ff64164a502ff5b681f753f
17/11/2023 22:44,view,8218381,1516173523019626745,apparel.women.dress,,32.49,500000001,67fdc0145ff64164a502ff5b681f753f
2023-11-17 22:48:53 UTC,cart,5186154,1516173523019626745,apparel.women.dress,,107.91,500000001,67fdc0145ff64164a502ff5b681f753f
2023-11-17 22:50:05 UTC,view,5553390,1472209747072745335,footwear.boots,Aldyne,56.73,500000001,67fdc0145ff64164a502ff5b681f753f
2023-11-17 22:58:16 UTC,purchase,5186154,1516173523019626745,apparel.women.dress,Doverly,104.78,500000001,67fdc0145ff64164a502ff5b681f753f
2023-11-22 18:05:04 UTC,view,8966163,1549623645531932356,,Solmara,91.16,500000004,a8b50c4599e4461083775e0f5483cb51
2023-11-22 18:05:26 UTC,view,2875921,1546390003792228747,footwear.sneakers,,143.92,500000004,a8b50c4599e4461083775e0f5483cb51
2023-11-22 18:07:16 UTC,view,5131367,1549623645531932356,accessories.bags,,32.35,500000004,a8b50c4599e4461083775e0f5483cb51
2023-11-22 18:27:41 UTC,view,8966163,1549623645531932356,accessories.bags,Solmara,91.72,500000004,a8b50c4599e4461083775e0f5483cb51
2023-11-24 13:35:34 UTC,cart,8966163,1549623645531932356,,Solmara,83.86,500000001,5e75a33837e6474e849218c0b8366008
24/11/2023 13:40,purchase,8966163,1549623645531932356,accessories.bags,Solmara,89.16,500000001,5e75a33837e6474e849218c0b8366008
2023-11-24 14:00:57 UTC,view,6854023,1549623645531932356,,Doverly,153.66,500000001,5e75a33837e6474e849218c0b8366008
2023-11-26 13:39:56 UTC,view,4747587,1482972250706899052,apparel.women.pants,,84.62,500000001,c0c1c40028c74b0788909897a74878a3
2023-11-26 13:40:03 UTC,view,9319849,1472209747072745335,footwear.boots,Marlow Row,136.73,500000001,c0c1c40028c74b0788909897a74878a3
2023-11-26 13:51:17 UTC,view,3243048,1558364261414932063,apparel.women.top,Thistlewood,44.77,500000001,c0c1c40028c74b0788909897a74878a3
2023-11-26 13:58:07 UTC,view,9036326,1558430393367643133,accessories.hats,,7.69,500000001,c0c1c40028c74b0788909897a74878a3
2023-11-26 14:04:55 UTC,cart,3243048,1558364261414932063,apparel.women.top,Thistlewood,45.84,500000001,c0c1c40028c74b0788909897a74878a3
2023-11-26 14:09:50 UTC,purchase,3243048,1558364261414932063,,,40.84,500000001,c0c1c40028c74b0788909897a74878a3
2023-12-10 15:42:30 UTC,view,2295523,1516173523019626745,,,44.4,500000001,cacfb790ccd445fab3f86081ddfc8872
2023-12-10 15:49:44 UTC,cart,5862621,1492821164472423496,apparel.men.jeans,Vantree,46.48,500000001,cacfb790ccd445fab3f86081ddfc8872
2023-12-10 15:51:20 UTC,view,5234930,1589407324608544585,apparel.women.outerwear,Oakspire,173.61,500000001,cacfb790ccd445fab3f86081ddfc8872
2023-12-10 15:52:34 UTC,purchase,5862621,1492821164472423496,apparel.men.jeans,Vantree,43.26,500000001,cacfb790ccd445fab3f86081ddfc8872
2023-12-10 15:53:52 UTC,view,9315482,1594728468612408249,accessories.jewelry,Marlow Row,67.82,500000001,cacfb790ccd445fab3f86081ddfc8872
2023-12-10 16:10:40 UTC,view,8966163,1549623645531932356,accessories.bags,Solmara,93.25,500000001,cacfb790ccd445fab3f86081ddfc8872
2023-12-12 19:56:32 UTC,view,7201529,1589407324608544585,apparel.women.outerwear,Ruskin & Fable,82.58,500000002,fdab49391a464e67bb67b9c094ac9b7c
2023-12-12 20:00:00 UTC,view,1162680,1589407324608544585,apparel.women.outerwear,,222.17,500000002,fdab49391a464e67bb67b9c094ac9b7c
2023-12-12 20:01:07 UTC,view,2102225,1516173523019626745,apparel.women.dress,,36.94,500000002,fdab49391a464e67bb67b9c094ac9b7c
2023-12-12 20:18:49 UTC,cart,3428363,1516173523019626745,apparel.women.dress,,70.76,500000002,fdab49391a464e67bb67b9c094ac9b7c
2023-12-12 20:25:20 UTC,purchase,3428363,1516173523019626745,,,75.32,500000002,fdab49391a464e67bb67b9c094ac9b7c
2023-12-19 21:51:01 UTC,view,1522015,1546390003792228747,footwear.sneakers,,125.64,500000001,078f11c79980417db655dd36324792a7
2023-12-19 22:00:10 UTC,cart,9800243,1492821164472423496,apparel.men.jeans,Palewick,82.24,500000001,078f11c79980417db655dd36324792a7
2023-12-19 22:05:01 UTC,view,4762867,1594728468612408249,accessories.jewelry,Greymont,15.91,500000001,078f11c79980417db655dd36324792a7
2023-12-19 22:07:23 UTC,view,8966163,1549623645531932356,accessories.bags,,86.71,500000001,078f11c79980417db655dd36324792a7
2023-12-19 22:09:02 UTC,purchase,9800243,1492821164472423496,,Palewick,89.14,500000001,078f11c79980417db655dd36324792a7
2023-12-02 08:08:55 UTC,view,8800984,1558364261414932063,apparel.women.top,Oakspire,18.7,500000005,4a3474bffb2c46338173e53c4b641f4f
2023-12-02 08:10:38 UTC,view,1099410,1558430393367643133,accessories.hats,Norlend,15.29,500000005,4a3474bffb2c46338173e53c4b641f4f
2023-12-02 08:16:47 UTC,view,1162680,1589407324608544585,apparel.women.outerwear,Kestrel & Co,212.33,500000005,4a3474bffb2c46338173e53c4b641f4f
2023-12-02 08:32:36 UTC,view,6079235,1508136215129873133,apparel.kids.top,,9.22,500000005,4a3474bffb2c46338173e53c4b641f4f
2023-12-03 18:25:48 UTC,view,4747587,1482972250706899052,apparel.women.pants,,78.28,500000001,7c8e19661a6543049c43ad341fe72ea6
2023-12-03 18:27:00 UTC,view,9319849,1472209747072745335,footwear.boots,,142.38,500000001,7c8e19661a6543049c43ad341fe72ea6
2023-12-03 18:29:51 UTC,cart,8966163,1549623645531932356,accessories.bags,Solmara,78.18,500000001,7c8e19661a6543049c43ad341fe72ea6
2023-12-03 18:31:44 UTC,view,2102225,1516173523019626745,apparel.women.dress,,35.44,500000001,7c8e19661a6543049c43ad341fe72ea6
2023-12-03 18:38:30 UTC,purchase,8966163,1549623645531932356,accessories.bags,Solmara,82.75,500000001,7c8e19661a6543049c43ad341fe72ea6
2023-12-03 18:39:50 UTC,view,9691291,1429628030847824846,footwear.sandals,,51.78,500000001,7c8e19661a6543049c43ad341fe72ea6
2023-12-03 18:39:57 UTC,view,9829417,1546390003792228747,footwear.sneakers,Bellcroft,121.78,500000001,7c8e19661a6543049c43ad341fe72ea6
2023-12-03 18:49:00 UTC,view,4747587,1482972250706899052,apparel.women.pants,,82.98,500000001,7c8e19661a6543049c43ad341fe72ea6
2023-12-13 16:54:17 UTC,view,6517467,1516173523019626745,apparel.women.dress,Thistlewood,88.41,500000005,19b0284fce7f433abcc3950c1b0950f2
2023-12-13 17:00:24 UTC,view,2931280,1558364261414932063,apparel.women.top,Thistlewood,30.99,500000005,19b0284fce7f433abcc3950c1b0950f2
2023-12-13 17:14:10 UTC,view,5530296,1558364261414932063,apparel.women.top,Greymont,29.4,500000005,19b0284fce7f433abcc3950c1b0950f2
2023-12-22 13:37:24 UTC,view,2102225,1516173523019626745,apparel.women.dress,Vantree,31.73,500000001,c8134c40d0b649db9b38e6341888c660
2023-12-22 13:45:24 UTC,view,8966163,1549623645531932356,accessories.bags,,87.88,500000001,c8134c40d0b649db9b38e6341888c660
2023-12-23 14:15:27 UTC,view,9315482,1594728468612408249,accessories.jewelry,Marlow Row,67.63,500000846,b72cef82a843478399c5de7b25a26f17
2023-12-23 14:28:03 UTC,view,2731345,1428548884811402817,,Aldyne,47.54,500000846,b72cef82a843478399c5de7b25a26f17
2023-12-23 14:29:51 UTC,view,7729308,1482972250706899052,apparel.women.pants,,42.73,500000846,b72cef82a843478399c5de7b25a26f17
2023-12-23 14:36:59 UTC,view,7182700,1492821164472423496,apparel.men.jeans,,99.63,500000846,b72cef82a843478399c5de7b25a26f17
2023-12-23 14:37:39 UTC,view,7182700,1492821164472423496,apparel.men.jeans,,92.3,500000846,b72cef82a843478399c5de7b25a26f17
2023-12-23 14:38:50 UTC,view,1162680,1589407324608544585,apparel.women.outerwear,Kestrel & Co,228.33,500000846,b72cef82a843478399c5de7b25a26f17
2023-12-23 14:43:52 UTC,view,6362414,1558364261414932063,apparel.women.top,Ferncastle,21.89,500000846,b72cef82a843478399c5de7b25a26f17
2023-12-09 09:39:08 UTC,view,7062170,1429628030847824846,footwear.sandals,,32.51,500000001,9f31c96dced7409486ba8a760bf721fc
2023-12-09 09:41:32 UTC,view,2102225,1516173523019626745,apparel.women.dress,Vantree,37.7,500000001,9f31c96dced7409486ba8a760bf721fc
2023-12-09 09:46:25 UTC,cart,1099410,1558430393367643133,accessories.hats,Norlend,15.74,500000001,9f31c96dced7409486ba8a760bf721fc
2023-12-09 09:50:28 UTC,remove_from_cart,1099410,1558430393367643133,accessories.hats,Norlend,15.7,500000001,9f31c96dced7409486ba8a760bf721fc
2023-12-09 09:50:56 UTC,view,7729308,1482972250706899052,apparel.women.pants,Ruskin & Fable,38.82,500000001,9f31c96dced7409486ba8a760bf721fc
2023-12-09 09:59:06 UTC,view,2295523,1516173523019626745,apparel.women.dress,,46.14,500000001,9f31c96dced7409486ba8a760bf721fc
2023-12-09 10:02:16 UTC,view,5678537,1472209747072745335,footwear.boots,Aldyne,122.6,500000001,9f31c96dced7409486ba8a760bf721fc
2023-12-15 11:22:49 UTC,view,7814384,1482972250706899052,apparel.women.pants,,80.72,500000001,e79b66aa181b4a248042168c587e0fe4
2023-12-15 11:30:36 UTC,view,1162680,1589407324608544585,apparel.women.outerwear,,236.8,500000001,e79b66aa181b4a248042168c587e0fe4
2023-12-15 11:36:22 UTC,cart,3243048,1558364261414932063,,,47.97,500000001,e79b66aa181b4a248042168c587e0fe4
2023-12-15 11:41:58 UTC,purchase,3243048,1558364261414932063,apparel.women.top,Thistlewood,46.93,500000001,e79b66aa181b4a248042168c587e0fe4
2023-12-20 15:22:42 UTC,view,3163829,1558364261414932063,apparel.women.top,Marlow Row,41.0,500000046,ef21a607a0c343da8c4782d2a159fa57
2023-12-20 15:31:24 UTC,cart,4648994,1482972250706899052,apparel.women.pants,,25.81,500000046,ef21a607a0c343da8c4782d2a159fa57
2023-12-20 15:31:36 UTC,view,4762867,1594728468612408249,accessories.jewelry,Greymont,16.66,500000046,ef21a607a0c343da8c4782d2a159fa57
2023-12-20 15:33:33 UTC,view,1162680,1589407324608544585,apparel.women.outerwear,Kestrel & Co,217.2,500000046,ef21a607a0c343da8c4782d2a159fa57
2023-12-20 15:35:56 UTC,view,1099410,1558430393367643133,accessories.hats,Norlend,15.71,500000046,ef21a607a0c343da8c4782d2a159fa57
2023-12-20 15:37:15 UTC,purchase,4648994,1482972250706899052,apparel.women.pants,,25.45,500000046,ef21a607a0c343da8c4782d2a159fa57
2023-12-24 08:21:50 UTC,view,3781033,1558364261414932063,apparel.women.top,,41.88,500000001,07c8df4de1e5467bbb36bb36a84e80d4
2023-12-24 08:30:58 UTC,view,7182700,1492821164472423496,apparel.men.jeans,,99.95,500000001,07c8df4de1e5467bbb36bb36a84e80d4
2023-12-24 08:42:11 UTC,view,9036326,1558430393367643133,accessories.hats,,8.08,500000001,07c8df4de1e5467bbb36bb36a84e80d4
2023-12-24 08:46:06 UTC,cart,6693651,1482972250706899052,apparel.women.pants,Cinderfox,33.91,500000001,07c8df4de1e5467bbb36bb36a84e80d4
24/12/2023 08:47,purchase,6693651,1482972250706899052,apparel.women.pants,Cinderfox,30.75,500000001,07c8df4de1e5467bbb36bb36a84e80d4
2023-12-28 17:10:56 UTC,view,1079923,1516173523019626745,,,106.64,500000001,d694a334557840d3b0a87b7fd204ba4e
2023-12-28 17:18:08 UTC,view,1367097,1482972250706899052,apparel.women.pants,Kestrel & Co,59.04,500000001,d694a334557840d3b0a87b7fd204ba4e
2023-12-28 17:25:23 UTC,cart,1428173,1589407324608544585,apparel.women.outerwear,,118.03,500000001,d694a334557840d3b0a87b7fd204ba4e
2023-12-28 17:27:06 UTC,purchase,1428173,1589407324608544585,apparel.women.outerwear,,108.01,500000001,d694a334557840d3b0a87b7fd204ba4e
2023-12-28 17:39:34 UTC,view,9679390,1558364261414932063,apparel.women.top,,20.28,500000001,d694a334557840d3b0a87b7fd204ba4e
2023-12-31 13:32:27 UTC,view,8004216,1482972250706899052,apparel.women.pants,Cinderfox,41.55,500000001,506cad1543b2471288d26cd01d4cc62a
2023-12-31 13:34:58 UTC,view,1162680,1589407324608544585,apparel.women.outerwear,Kestrel & Co,202.81,500000001,506cad1543b2471288d26cd01d4cc62a
2023-12-31 13:35:01 UTC,view,6026055,1516173523019626745,apparel.women.dress,Kestrel & Co,53.76,500000001,506cad1543b2471288d26cd01d4cc62a
2023-12-31 13:42:09 UTC,view,4747587,1482972250706899052,apparel.women.pants,,75.54,500000001,506cad1543b2471288d26cd01d4cc62a
2023-12-31 13:46:17 UTC,view,5822751,1492821164472423496,apparel.men.jeans,Doverly,60.29,500000001,506cad1543b2471288d26cd01d4cc62a
2023-12-31 13:59:41 UTC,view,9829417,1546390003792228747,footwear.sneakers,,117.14,500000001,506cad1543b2471288d26cd01d4cc62a
2023-12-02 18:45:31 UTC,view,1079923,1516173523019626745,apparel.women.dress,,100.27,500000003,60bf7e3d9d4d49689fa69f604961565c
2023-12-02 18:49:40 UTC,view,4170752,1519748099762056932,apparel.men.outerwear,Bramholt,210.21,500000003,60bf7e3d9d4d49689fa69f604961565c
2023-12-02 18:49:51 UTC,view,9739117,1428548884811402817,apparel.men.shirt,,44.76,500000003,60bf7e3d9d4d49689fa69f604961565c
2023-12-02 18:50:17 UTC,cart,6474782,1492821164472423496,apparel.men.jeans,,95.19,500000003,60bf7e3d9d4d49689fa69f604961565c
2023-12-02 18:54:53 UTC,purchase,6474782,1492821164472423496,apparel.men.jeans,,85.37,500000003,60bf7e3d9d4d49689fa69f604961565c
02/12/2023 19:00,view,6801451,1594728468612408249,accessories.jewelry,Thistlewood,39.92,500000003,60bf7e3d9d4d49689fa69f604961565c
2023-12-02 19:04:13 UTC,view,9319849,1472209747072745335,footwear.boots,Marlow Row,159.33,500000003,60bf7e3d9d4d49689fa69f604961565c
2023-12-02 19:06:44 UTC,view,8966163,1549623645531932356,accessories.bags,,90.69,500000003,60bf7e3d9d4d49689fa69f604961565c
2023-12-11 11:25:29 UTC,view,9075437,1558364261414932063,apparel.women.top,Cinderfox,27.19,500000007,8e6deac9bfff4cd7a671333961f98bf6
2023-12-11 11:26:12 UTC,view,2337045,1558364261414932063,apparel.women.top,Oakspire,19.03,500000007,8e6deac9bfff4cd7a671333961f98bf6
2023-12-11 11:33:42 UTC,view,6338037,1492821164472423496,apparel.men.jeans,,36.82,500000007,8e6deac9bfff4cd7a671333961f98bf6
2023-12-11 11:42:05 UTC,view,2102225,1516173523019626745,apparel.women.dress,Vantree,33.62,500000007,8e6deac9bfff4cd7a671333961f98bf6
2023-12-03 11:22:01 UTC,view,4194454,1482972250706899052,apparel.women.pants,,61.75,500000027,325acc51412e44128d76b4ab4ae11ae8
2023-12-03 11:23:55 UTC,view,2102225,1516173523019626745,apparel.women.dress,Vantree,37.41,500000027,325acc51412e44128d76b4ab4ae11ae8
2023-12-03 11:43:28 UTC,view,2102225,1516173523019626745,apparel.women.dress,Vantree,35.89,500000027,325acc51412e44128d76b4ab4ae11ae8
2023-12-09 05:28:29 UTC,view,9315482,1594728468612408249,accessories.jewelry,Marlow Row,65.28,500000001,e9a48839cd8c45b38d84628fb5674b5d
2023-12-09 05:42:30 UTC,view,8966163,1549623645531932356,accessories.bags,Solmara,91.13,500000001,e9a48839cd8c45b38d84628fb5674b5d
2023-12-11 21:57:49 UTC,cart,4098324,1558364261414932063,apparel.women.top,Norlend,23.89,500000003,5e0159c631114b388acbdfd4fa68fb3f
2023-12-11 22:06:05 UTC,purchase,4098324,1558364261414932063,apparel.women.top,Norlend,20.1,500000003,5e0159c631114b388acbdfd4fa68fb3f
2023-12-11 22:09:47 UTC,view,2102225,1516173523019626745,apparel.women.dress,,37.79,500000003,5e0159c631114b388acbdfd4fa68fb3f
2023-12-11 22:15:04 UTC,view,2295523,1516173523019626745,apparel.women.dress,,48.11,500000003,5e0159c631114b388acbdfd4fa68fb3f
2023-12-11 22:15:43 UTC,view,3781033,1558364261414932063,apparel.women.top,Bellcroft,44.66,500000003,5e0159c631114b388acbdfd4fa68fb3f
2023-12-11 22:26:22 UTC,view,7814384,1482972250706899052,apparel.women.pants,Palewick,80.2,500000003,5e0159c631114b388acbdfd4fa68fb3f
2023-12-12 06:59:18 UTC,view,8966163,1549623645531932356,accessories.bags,Solmara,88.7,500000002,7996cfac5e474d7f9015204a229811d9
2023-12-12 07:02:12 UTC,view,8966163,1549623645531932356,,Solmara,85.0,500000002,7996cfac5e474d7f9015204a229811d9
2023-12-12 07:07:36 UTC,view,7729308,1482972250706899052,apparel.women.pants,Ruskin & Fable,43.73,500000002,7996cfac5e474d7f9015204a229811d9
2023-12-12 07:10:44 UTC,view,7212311,1594728468612408249,accessories.jewelry,Doverly,50.6,500000002,7996cfac5e474d7f9015204a229811d9
2023-12-12 07:14:15 UTC,view,8966163,1549623645531932356,accessories.bags,,87.02,500000002,7996cfac5e474d7f9015204a229811d9
2023-12-12 07:15:28 UTC,view,1428173,1589407324608544585,apparel.women.outerwear,,109.6,500000002,7996cfac5e474d7f9015204a229811d9
2023-12-12 07:17:21 UTC,view,1079923,1516173523019626745,apparel.women.dress,,96.21,500000002,7996cfac5e474d7f9015204a229811d9
2023-12-12 07:19:13 UTC,view,1383693,1492821164472423496,apparel.men.jeans,Palewick,37.77,500000002,7996cfac5e474d7f9015204a229811d9
2023-12-12 07:24:39 UTC,view,8966163,1549623645531932356,accessories.bags,,82.81,500000002,7996cfac5e474d7f9015204a229811d9
2023-12-12 07:26:01 UTC,view,9065490,1516173523019626745,apparel.women.dress,Aldyne,117.42,500000002,7996cfac5e474d7f9015204a229811d9
2023-12-15 22:01:42 UTC,view,8795573,1482972250706899052,apparel.women.pants,Palewick,30.22,500000166,735ba86bb44041e3900a474295ab5dfa
2023-12-15 22:06:47 UTC,view,4236332,1482972250706899052,apparel.women.pants,,35.51,500000166,735ba86bb44041e3900a474295ab5dfa
19/12/2023 20:49,view,8634461,1428548884811402817,apparel.men.shirt,Kestrel & Co,22.5,500000001,f5a18872e0d540fe869fb84a0574e38d
2023-12-19 20:54:34 UTC,view,8966163,1549623645531932356,accessories.bags,,81.66,500000001,f5a18872e0d540fe869fb84a0574e38d
2023-12-19 21:00:08 UTC,cart,1260475,1589407324608544585,apparel.women.outerwear,Kestrel & Co,173.48,500000001,f5a18872e0d540fe869fb84a0574e38d
2023-12-19 21:03:00 UTC,view,3243048,1558364261414932063,apparel.women.top,,42.48,500000001,f5a18872e0d540fe869fb84a0574e38d
2023-12-19 21:04:10 UTC,view,8634461,1428548884811402817,apparel.men.shirt,Kestrel & Co,20.39,500000001,f5a18872e0d540fe869fb84a0574e38d
19/12/2023 21:05,view,9829417,1546390003792228747,footwear.sneakers,Bellcroft,132.49,500000001,f5a18872e0d540fe869fb84a0574e38d
2023-12-19 21:06:20 UTC,view,5530296,1558364261414932063,apparel.women.top,Greymont,26.64,500000001,f5a18872e0d540fe869fb84a0574e38d
2023-12-19 21:08:36 UTC,purchase,1260475,1589407324608544585,apparel.women.outerwear,Kestrel & Co,176.78,500000001,f5a18872e0d540fe869fb84a0574e38d
2023-12-28 10:29:03 UTC,view,8511889,1594728468612408249,,,78.2,500000002,b019b870fc72447aaf78e05268c9e35c
2023-12-28 10:32:22 UTC,view,1778504,1549623645531932356,,Thistlewood,70.58,500000002,b019b870fc72447aaf78e05268c9e35c
2023-12-09 09:33:05 UTC,view,4747587,1482972250706899052,apparel.women.pants,,76.57,500003672,25626f2231984404aef2e244f1415ca6
2023-12-09 09:34:49 UTC,view,1099410,1558430393367643133,,Norlend,15.16,500003672,25626f2231984404aef2e244f1415ca6
09/12/2023 09:35,view,5114384,1558186846391920988,apparel.kids.outerwear,Kestrel & Co,27.22,500003672,25626f2231984404aef2e244f1415ca6
2023-12-09 09:38:42 UTC,view,4708009,1549623645531932356,accessories.bags,,118.21,500003672,25626f2231984404aef2e244f1415ca6
2023-12-09 09:49:40 UTC,view,6079235,1508136215129873133,apparel.kids.top,Bramholt,8.59,500003672,25626f2231984404aef2e244f1415ca6
2023-12-22 10:04:43 UTC,view,7864641,1508136215129873133,apparel.kids.top,,15.03,500000003,7833c5cb498747a7a8f9e0da4c252f12
2023-12-22 10:06:11 UTC,view,9036326,1558430393367643133,accessories.hats,,7.72,500000003,7833c5cb498747a7a8f9e0da4c252f12
2023-12-22 10:06:31 UTC,view,4194454,1482972250706899052,apparel.women.pants,Vantree,70.08,500000003,7833c5cb498747a7a8f9e0da4c252f12
2023-12-22 10:08:04 UTC,view,2295523,1516173523019626745,apparel.women.dress,,46.96,500000003,7833c5cb498747a7a8f9e0da4c252f12
2023-12-22 10:21:45 UTC,cart,9841830,1508136215129873133,,Wrenfield,11.82,500000003,7833c5cb498747a7a8f9e0da4c252f12
,view,9036326,1558430393367643133,accessories.hats,,7.5,500000003,7833c5cb498747a7a8f9e0da4c252f12
2023-12-22 10:31:29 UTC,purchase,9841830,1508136215129873133,apparel.kids.top,Wrenfield,12.64,500000003,7833c5cb498747a7a8f9e0da4c252f12
2023-12-25 08:49:58 UTC,view,8966163,1549623645531932356,accessories.bags,Solmara,90.92,500000001,1120c878198a42cba3e163955de2af72
2023-12-25 08:52:14 UTC,view,9755526,1589407324608544585,apparel.women.outerwear,Ashgrove,85.69,500000001,1120c878198a42cba3e163955de2af72
2023-12-25 08:52:46 UTC,view,2102225,1516173523019626745,apparel.women.dress,Vantree,32.92,500000001,1120c878198a42cba3e163955de2af72
2023-12-25 08:58:22 UTC,view,5027667,1546390003792228747,footwear.sneakers,Milbrook,106.79,500000001,1120c878198a42cba3e163955de2af72
2023-12-25 09:13:58 UTC,view,8966163,1549623645531932356,accessories.bags,Solmara,89.18,500000001,1120c878198a42cba3e163955de2af72
2023-12-25 09:16:01 UTC,view,1162680,1589407324608544585,apparel.women.outerwear,Kestrel & Co,209.66,500000001,1120c878198a42cba3e163955de2af72
2023-12-25 09:17:46 UTC,view,8966163,1549623645531932356,accessories.bags,Solmara,80.74,500000001,1120c878198a42cba3e163955de2af72
2023-12-10 14:40:40 UTC,cart,9319849,1472209747072745335,footwear.boots,Marlow Row,138.16,500000007,e389ff58e88e48c0a6537eb556dd1637
2023-12-10 14:43:33 UTC,purchase,9319849,1472209747072745335,footwear.boots,Marlow Row,150.9,500000007,e389ff58e88e48c0a6537eb556dd1637
2023-12-10 14:49:08 UTC,view,8488816,1429628030847824846,footwear.sandals,Wrenfield,59.94,500000007,e389ff58e88e48c0a6537eb556dd1637
2023-12-10 14:52:35 UTC,view,6854023,1549623645531932356,accessories.bags,Doverly,156.74,500000007,e389ff58e88e48c0a6537eb556dd1637
2023-12-10 14:54:22 UTC,view,9319849,1472209747072745335,footwear.boots,Marlow Row,165.53,500000007,e389ff58e88e48c0a6537eb556dd1637
2023-12-17 06:01:42 UTC,view,4098324,1558364261414932063,apparel.women.top,Norlend,22.79,500000004,f7053f8ed0e1478886f63f81ece94f70
2023-12-17 06:06:23 UTC,view,4747587,1482972250706899052,apparel.women.pants,,70.72,500000004,f7053f8ed0e1478886f63f81ece94f70
2023-12-17 06:17:50 UTC,view,7093987,1492821164472423496,apparel.men.jeans,,33.9,500000004,f7053f8ed0e1478886f63f81ece94f70
2023-12-17 06:18:42 UTC,view,8966163,1549623645531932356,accessories.bags,Solmara,76.48,500000004,f7053f8ed0e1478886f63f81ece94f70
2023-12-17 06:20:47 UTC,view,8966163,1549623645531932356,accessories.bags,Solmara,78.63,500000004,f7053f8ed0e1478886f63f81ece94f70
2023-12-19 17:29:57 UTC,view,9319849,1472209747072745335,footwear.boots,Marlow Row,164.08,500000021,8a02bcf99b8f47d286e73b9cc59f1218
2023-12-19 17:30:50 UTC,cart,9829417,1546390003792228747,footwear.sneakers,Bellcroft,130.25,500000021,8a02bcf99b8f47d286e73b9cc59f1218
2023-12-19 17:32:55 UTC,purchase,9829417,1546390003792228747,footwear.sneakers,Bellcroft,113.92,500000021,8a02bcf99b8f47d286e73b9cc59f1218
2023-12-19 17:36:51 UTC,view,1640473,1428548884811402817,apparel.men.shirt,,23.67,500000021,8a02bcf99b8f47d286e73b9cc59f1218
2023-12-19 17:40:04 UTC,view,3206674,1428548884811402817,apparel.men.shirt,,26.22,500000021,8a02bcf99b8f47d286e73b9cc59f1218
2023-12-21 18:21:00 UTC,view,5908484,1589407324608544585,apparel.women.outerwear,Aldyne,211.18,500000015,2d5435f53a7745818529ebd2dfb50fdc
2023-12-21 18:39:33 UTC,view,8966163,1549623645531932356,accessories.bags,,90.76,500000015,2d5435f53a7745818529ebd2dfb50fdc
2023-12-10 13:02:13 UTC,cart,4747587,1482972250706899052,apparel.women.pants,,82.49,500000001,dd64070e6c3a4b72b37834789edf23a3
2023-12-10 13:06:53 UTC,purchase,4747587,1482972250706899052,apparel.women.pants,,77.15,500000001,dd64070e6c3a4b72b37834789edf23a3
2023-12-10 13:08:54 UTC,view,9755526,1589407324608544585,apparel.women.outerwear,Ashgrove,78.65,500000001,dd64070e6c3a4b72b37834789edf23a3
2023-12-10 13:23:23 UTC,view,3004815,1482972250706899052,apparel.women.pants,,62.9,500000001,dd64070e6c3a4b72b37834789edf23a3
2023-12-15 17:42:05 UTC,view,4870730,1429628030847824846,footwear.sandals,,20.46,500000003,9743e0d5143e4894b0b5f7cc7ce03a17
2023-12-15 17:58:22 UTC,view,1162680,1589407324608544585,apparel.women.outerwear,Kestrel & Co,199.17,500000003,9743e0d5143e4894b0b5f7cc7ce03a17
2023-12-15 18:04:32 UTC,view,8966163,1549623645531932356,accessories.bags,Solmara,84.14,500000003,9743e0d5143e4894b0b5f7cc7ce03a17
2023-12-15 18:09:39 UTC,view,1162680,1589407324608544585,apparel.women.outerwear,,225.97,500000003,9743e0d5143e4894b0b5f7cc7ce03a17
2023-12-15 18:10:42 UTC,view,4870730,1429628030847824846,footwear.sandals,,19.42,500000003,9743e0d5143e4894b0b5f7cc7ce03a17
2023-12-19 11:02:03 UTC,view,4170752,1519748099762056932,apparel.men.outerwear,Bramholt,211.34,500000016,f2129d54efa046f7a35ca594fb8ea0c1
2023-12-19 11:12:55 UTC,cart,8754194,1482972250706899052,apparel.women.pants,,57.79,500000016,f2129d54efa046f7a35ca594fb8ea0c1
2023-12-19 11:15:39 UTC,view,3124731,1558364261414932063,apparel.women.top,,27.6,500000016,f2129d54efa046f7a35ca594fb8ea0c1
2023-12-23 08:37:36 UTC,cart,8966163,1549623645531932356,,Solmara,89.92,500000003,5e8afe5b07904b7f89533f2756a8826e
2023-12-23 08:38:55 UTC,view,6543834,1590725883499271729,,,18.75,500000003,5e8afe5b07904b7f89533f2756a8826e
2023-12-23 08:44:13 UTC,purchase,8966163,1549623645531932356,accessories.bags,Solmara,91.81,500000003,5e8afe5b07904b7f89533f2756a8826e
2023-12-23 08:53:10 UTC,view,7630387,1558186846391920988,apparel.kids.outerwear,Greymont,33.14,500000003,5e8afe5b07904b7f89533f2756a8826e
2023-12-23 09:20:29 UTC,view,1260475,1589407324608544585,apparel.women.outerwear,,178.31,500000003,0fd78d53a7794f14a2bf0dca3c53e7e2
2023-12-23 09:24:26 UTC,view,1162680,1589407324608544585,apparel.women.outerwear,Kestrel & Co,231.71,500000003,0fd78d53a7794f14a2bf0dca3c53e7e2
2023-12-23 09:24:55 UTC,view,6280890,1482972250706899052,apparel.women.pants,,25.08,500000003,0fd78d53a7794f14a2bf0dca3c53e7e2
2023-12-23 09:25:36 UTC,view,3554832,1428548884811402817,apparel.men.shirt,,50.51,500000003,0fd78d53a7794f14a2bf0dca3c53e7e2
23/12/2023 13:52,view,1079923,1516173523019626745,apparel.women.dress,,104.77,500000001,8034e6c7d0d44150bcfdad81fd8f970b
2023-12-23 14:05:14 UTC,view,2102225,1516173523019626745,apparel.women.dress,,33.12,500000001,8034e6c7d0d44150bcfdad81fd8f970b
2023-12-24 20:22:39 UTC,cart,8966163,1549623645531932356,accessories.bags,Solmara,79.12,500000001,6fd7dd24acf6436d81fbf11f33b2174d
2023-12-24 20:23:57 UTC,purchase,8966163,1549623645531932356,accessories.bags,,78.32,500000001,6fd7dd24acf6436d81fbf11f33b2174d
2023-12-24 20:28:29 UTC,view,7864641,1508136215129873133,,,15.97,500000001,6fd7dd24acf6436d81fbf11f33b2174d
2023-12-24 20:42:52 UTC,view,9800243,1492821164472423496,,,81.47,500000001,6fd7dd24acf6436d81fbf11f33b2174d
2023-12-24 20:43:10 UTC,view,4476707,1492821164472423496,apparel.men.jeans,Aldyne,91.27,500000001,6fd7dd24acf6436d81fbf11f33b2174d
2023-12-25 14:25:10 UTC,view,9319849,1472209747072745335,footwear.boots,,146.02,500000001,3f2ad917575e4f56927ce63698cee9c2
2023-12-25 14:35:14 UTC,view,6693651,1482972250706899052,,Cinderfox,34.37,500000001,3f2ad917575e4f56927ce63698cee9c2
2023-12-25 14:42:50 UTC,view,7630387,1558186846391920988,apparel.kids.outerwear,Greymont,32.97,500000001,3f2ad917575e4f56927ce63698cee9c2
2023-12-25 14:46:53 UTC,view,5822751,1492821164472423496,apparel.men.jeans,Doverly,63.38,500000001,3f2ad917575e4f56927ce63698cee9c2
2023-12-25 14:47:20 UTC,cart,8004216,1482972250706899052,apparel.women.pants,Cinderfox,38.14,500000001,3f2ad917575e4f56927ce63698cee9c2
2023-12-25 14:51:58 UTC,purchase,8004216,1482972250706899052,apparel.women.pants,Cinderfox,44.36,500000001,3f2ad917575e4f56927ce63698cee9c2
2023-12-14 12:29:57 UTC,view,6362414,1558364261414932063,,Ferncastle,21.72,500000001,81b389e3de994fdea4b517d42c446cbe
2023-12-14 12:31:11 UTC,view,4747587,1482972250706899052,apparel.women.pants,,84.22,500000001,81b389e3de994fdea4b517d42c446cbe
2023-12-14 12:40:32 UTC,view,1072276,1558364261414932063,apparel.women.top,Ferncastle,41.79,500000001,81b389e3de994fdea4b517d42c446cbe
2023-12-14 12:44:03 UTC,view,9800243,1492821164472423496,apparel.men.jeans,Palewick,86.48,500000001,81b389e3de994fdea4b517d42c446cbe
2023-12-14 12:46:43 UTC,cart,5862621,1492821164472423496,apparel.men.jeans,Vantree,43.4,500000001,81b389e3de994fdea4b517d42c446cbe
2023-12-14 12:49:20 UTC,purchase,5862621,1492821164472423496,apparel.men.jeans,Vantree,46.24,500000001,81b389e3de994fdea4b517d42c446cbe
2023-12-22 16:21:32 UTC,view,7182700,1492821164472423496,apparel.men.jeans,,91.88,500000001,f4ac1276918149a9bf0ebb84c2ca07af
2023-12-22 16:25:09 UTC,view,5068008,1558364261414932063,apparel.women.top,Ashgrove,18.6,500000001,f4ac1276918149a9bf0ebb84c2ca07af
2023-12-22 16:28:28 UTC,view,8634461,1428548884811402817,apparel.men.shirt,Kestrel & Co,21.63,500000001,f4ac1276918149a9bf0ebb84c2ca07af
2023-12-22 16:30:51 UTC,view,2704704,1546390003792228747,footwear.sneakers,,88.77,500000001,f4ac1276918149a9bf0ebb84c2ca07af
2023-12-22 16:40:35 UTC,view,5852256,1594728468612408249,accessories.jewelry,,48.09,500000001,f4ac1276918149a9bf0ebb84c2ca07af
2023-12-03 10:26:53 UTC,view,7567958,1516173523019626745,apparel.women.dress,,83.47,500000006,006b1480bba8497a8196ac0c1ef15eb4
2023-12-03 10:29:51 UTC,view,9841830,1508136215129873133,apparel.kids.top,Wrenfield,12.28,500000006,006b1480bba8497a8196ac0c1ef15eb4
2023-12-03 10:37:09 UTC,view,8903471,1428548884811402817,apparel.men.shirt,,21.68,500000006,006b1480bba8497a8196ac0c1ef15eb4
2023-12-03 10:40:44 UTC,view,3211935,1482972250706899052,apparel.women.pants,Vantree,64.77,500000006,006b1480bba8497a8196ac0c1ef15eb4
2023-12-03 10:41:47 UTC,view,1778504,1549623645531932356,accessories.bags,Thistlewood,67.11,500000006,006b1480bba8497a8196ac0c1ef15eb4
2023-12-03 10:46:21 UTC,view,9841830,1508136215129873133,apparel.kids.top,Wrenfield,11.15,500000006,006b1480bba8497a8196ac0c1ef15eb4
2023-12-03 18:04:43 UTC,view,5114384,1558186846391920988,apparel.kids.outerwear,Kestrel & Co,29.54,500046515,c3271c2df2ad4033b31702c00fe6dd4b
2023-12-03 18:09:29 UTC,view,7474821,1428548884811402817,apparel.men.shirt,Milbrook,45.59,500046515,c3271c2df2ad4033b31702c00fe6dd4b
2023-12-03 18:19:31 UTC,cart,1083413,1492821164472423496,apparel.men.jeans,Thistlewood,67.63,500046515,c3271c2df2ad4033b31702c00fe6dd4b
2023-12-03 18:19:33 UTC,view,8634461,1428548884811402817,apparel.men.shirt,Kestrel & Co,22.8,500046515,c3271c2df2ad4033b31702c00fe6dd4b
2023-12-03 18:20:21 UTC,purchase,1083413,1492821164472423496,apparel.men.jeans,,71.75,500046515,c3271c2df2ad4033b31702c00fe6dd4b
2023-12-03 18:26:11 UTC,view,5114384,1558186846391920988,apparel.kids.outerwear,Kestrel & Co,30.07,500046515,c3271c2df2ad4033b31702c00fe6dd4b
2023-12-03 18:28:21 UTC,view,8746636,1482972250706899052,apparel.women.pants,Oakspire,60.46,500046515,c3271c2df2ad4033b31702c00fe6dd4b
2023-12-03 18:32:34 UTC,view,8089253,1516173523019626745,apparel.women.dress,Norlend,118.62,500046515,c3271c2df2ad4033b31702c00fe6dd4b
2023-12-15 01:27:19 UTC,view,6460385,1472209747072745335,footwear.boots,Doverly,104.8,500000003,a4b7f04257b649f3be1c866574d8f73b
2023-12-15 01:27:39 UTC,view,9645778,1558186846391920988,apparel.kids.outerwear,,29.74,500000003,a4b7f04257b649f3be1c866574d8f73b
2023-12-15 01:30:24 UTC,view,4076320,1590725883499271729,,Marlow Row,13.7,500000003,a4b7f04257b649f3be1c866574d8f73b
2023-12-18 14:23:19 UTC,view,2731345,1428548884811402817,,Aldyne,50.37,500000002,9a13d57d963c4c22a118baf3ba9e13a0
2023-12-18 14:29:43 UTC,view,7620070,1546390003792228747,footwear.sneakers,Milbrook,68.79,500000002,9a13d57d963c4c22a118baf3ba9e13a0
2023-12-18 14:33:40 UTC,view,6338037,1492821164472423496,apparel.men.jeans,,38.72,500000002,9a13d57d963c4c22a118baf3ba9e13a0
2023-12-18 14:39:46 UTC,view,7182700,1492821164472423496,apparel.men.jeans,,93.27,500000002,9a13d57d963c4c22a118baf3ba9e13a0
2023-12-05 17:03:41 UTC,view,9829417,1546390003792228747,footwear.sneakers,,135.81,500000001,03a9da551d31459c9ff6144da6f2f364
2023-12-05 17:05:15 UTC,view,6854023,1549623645531932356,accessories.bags,,150.86,500000001,03a9da551d31459c9ff6144da6f2f364
2023-12-05 17:11:24 UTC,view,3166872,1428548884811402817,apparel.men.shirt,,36.78,500000001,03a9da551d31459c9ff6144da6f2f364
2023-12-05 17:11:42 UTC,view,2102225,1516173523019626745,apparel.women.dress,Vantree,36.95,500000001,03a9da551d31459c9ff6144da6f2f364
2023-12-05 17:18:46 UTC,view,9319849,1472209747072745335,footwear.boots,Marlow Row,145.34,500000001,03a9da551d31459c9ff6144da6f2f364
2023-12-05 17:20:49 UTC,view,3243048,1558364261414932063,apparel.women.top,,45.41,500000001,03a9da551d31459c9ff6144da6f2f364
2023-12-14 11:34:32 UTC,view,1385609,1589407324608544585,apparel.women.outerwear,,154.18,500000002,9da0ba353c41434db65819ed95ea4789
2023-12-14 11:37:24 UTC,cart,4870730,1429628030847824846,footwear.sandals,,23.15,500000002,9da0ba353c41434db65819ed95ea4789
14/12/2023 11:44,purchase,4870730,1429628030847824846,footwear.sandals,,20.8,500000002,9da0ba353c41434db65819ed95ea4789
2023-12-14 11:45:38 UTC,view,2738486,1594728468612408249,,Ferncastle,29.69,500000002,9da0ba353c41434db65819ed95ea4789
2023-12-14 11:47:02 UTC,view,5114384,1558186846391920988,apparel.kids.outerwear,,24.88,500000002,9da0ba353c41434db65819ed95ea4789
2023-12-14 11:48:51 UTC,view,4194454,1482972250706899052,apparel.women.pants,Vantree,60.43,500000002,9da0ba353c41434db65819ed95ea4789
2023-12-15 17:51:23 UTC,view,4194454,1482972250706899052,apparel.women.pants,Vantree,66.24,500000002,199f54c65b374044b949f95bdbcfcdb5
2023-12-15 17:54:54 UTC,view,7182700,1492821164472423496,apparel.men.jeans,,84.76,500000002,199f54c65b374044b949f95bdbcfcdb5
2023-12-15 18:06:26 UTC,view,2287051,1508136215129873133,apparel.kids.top,Norlend,27.45,500000002,199f54c65b374044b949f95bdbcfcdb5
2023-12-15 18:07:59 UTC,view,4747587,1482972250706899052,,,80.75,500000002,199f54c65b374044b949f95bdbcfcdb5
2023-12-15 18:08:57 UTC,view,3428363,1516173523019626745,apparel.women.dress,,67.09,500000002,199f54c65b374044b949f95bdbcfcdb5
2024-01-21 20:20:45 UTC,view,4747587,1482972250706899052,,,82.43,500000002,9b92d98dc20c4e5293bc9b49f341124d
2024-01-21 20:38:58 UTC,view,9110019,1492821164472423496,,Kestrel & Co,36.44,500000002,9b92d98dc20c4e5293bc9b49f341124d
2024-01-21 20:43:41 UTC,view,4123600,1519748099762056932,apparel.men.outerwear,,156.76,500000002,9b92d98dc20c4e5293bc9b49f341124d
2024-01-21 20:46:43 UTC,view,5530296,1558364261414932063,,Greymont,31.37,500000002,9b92d98dc20c4e5293bc9b49f341124d
2024-01-27 11:49:33 UTC,view,3428363,1516173523019626745,apparel.women.dress,,73.3,500000004,7b58560d6da24aec96a84b0a0a74a1d7
2024-01-27 11:53:13 UTC,view,9748139,1594728468612408249,accessories.jewelry,Ferncastle,22.23,500000004,7b58560d6da24aec96a84b0a0a74a1d7
2024-01-27 11:56:22 UTC,view,2102225,1516173523019626745,apparel.women.dress,,35.85,500000004,7b58560d6da24aec96a84b0a0a74a1d7
2024-01-27 12:04:18 UTC,view,9319849,1472209747072745335,footwear.boots,Marlow Row,164.34,500000004,7b58560d6da24aec96a84b0a0a74a1d7
2024-01-27 12:12:13 UTC,view,2102225,1516173523019626745,apparel.women.dress,Vantree,32.29,500000004,7b58560d6da24aec96a84b0a0a74a1d7
2024-01-05 08:42:50 UTC,view,7427053,1519748099762056932,apparel.men.outerwear,Thistlewood,62.42,500000001,4575be17d2bf4134a452056eb414675b
2024-01-05 08:45:41 UTC,cart,9036326,1558430393367643133,accessories.hats,,8.6,500000001,4575be17d2bf4134a452056eb414675b
2024-01-05 08:47:21 UTC,purchase,9036326,1558430393367643133,accessories.hats,,7.97,500000001,4575be17d2bf4134a452056eb414675b
2024-01-05 09:00:48 UTC,view,8634461,1428548884811402817,apparel.men.shirt,,20.03,500000001,4575be17d2bf4134a452056eb414675b
2024-01-05 09:08:12 UTC,view,8966163,1549623645531932356,accessories.bags,Solmara,87.62,500000001,4575be17d2bf4134a452056eb414675b
2024-01-16 11:59:39 UTC,view,9829417,1546390003792228747,footwear.sneakers,Bellcroft,127.32,500000001,39ac9d4a6cd54180b54f694a1d7b4a52
2024-01-16 12:06:12 UTC,view,1162680,1589407324608544585,apparel.women.outerwear,,231.98,500000001,39ac9d4a6cd54180b54f694a1d7b4a52
2024-01-16 12:12:41 UTC,view,7729308,1482972250706899052,apparel.women.pants,Ruskin & Fable,42.09,500000001,39ac9d4a6cd54180b54f694a1d7b4a52
2024-01-16 12:17:11 UTC,cart,5234930,1589407324608544585,apparel.women.outerwear,Oakspire,185.63,500000001,39ac9d4a6cd54180b54f694a1d7b4a52
2024-01-16 12:20:31 UTC,purchase,5234930,1589407324608544585,apparel.women.outerwear,Oakspire,188.82,500000001,39ac9d4a6cd54180b54f694a1d7b4a52
2024-01-16 12:22:44 UTC,view,5862621,1492821164472423496,apparel.men.jeans,Vantree,40.79,500000001,39ac9d4a6cd54180b54f694a1d7b4a52
2024-01-16 12:24:17 UTC,view,4123600,1519748099762056932,apparel.men.outerwear,,182.71,500000001,39ac9d4a6cd54180b54f694a1d7b4a52
2024-01-21 17:55:33 UTC,view,2102225,1516173523019626745,apparel.women.dress,,32.15,500000001,eaa4e609a2904b869f2d3ac0d1d362fd
2024-01-21 17:56:24 UTC,view,6768228,1428548884811402817,apparel.men.shirt,,16.35,500000001,eaa4e609a2904b869f2d3ac0d1d362fd
2024-01-21 18:04:17 UTC,view,2102225,1516173523019626745,apparel.women.dress,Vantree,34.62,500000001,eaa4e609a2904b869f2d3ac0d1d362fd
2024-01-23 18:59:49 UTC,view,6000495,1546390003792228747,footwear.sneakers,Ruskin & Fable,47.18,500000016,245b437a82a247558ee79871e04d26f9
2024-01-23 19:02:46 UTC,view,8966163,1549623645531932356,accessories.bags,Solmara,86.14,500000016,245b437a82a247558ee79871e04d26f9
2024-01-23 19:08:04 UTC,view,1260475,1589407324608544585,,,191.71,500000016,245b437a82a247558ee79871e04d26f9
2024-01-23 19:27:00 UTC,view,4236332,1482972250706899052,apparel.women.pants,,39.99,500000016,245b437a82a247558ee79871e04d26f9
2024-01-24 11:30:01 UTC,view,2337045,1558364261414932063,apparel.women.top,Oakspire,18.94,500000002,1f10760ef2fa4d7ba35247372da039b1
2024-01-24 11:31:53 UTC,view,2380478,1429628030847824846,footwear.sandals,Aldyne,45.85,500000002,1f10760ef2fa4d7ba35247372da039b1
2024-01-24 11:39:34 UTC,view,6801451,1594728468612408249,accessories.jewelry,Thistlewood,36.62,500000002,1f10760ef2fa4d7ba35247372da039b1
2024-01-24 11:40:13 UTC,view,9319849,1472209747072745335,footwear.boots,Marlow Row,162.43,500000002,1f10760ef2fa4d7ba35247372da039b1
2024-01-24 11:56:18 UTC,cart,4123600,1519748099762056932,apparel.men.outerwear,,154.58,500000002,1f10760ef2fa4d7ba35247372da039b1
2024-01-24 22:58:46 UTC,cart,9841830,1508136215129873133,apparel.kids.top,Wrenfield,12.96,500000003,da17b9404ed645a6b44fb7055e6d5994
2024-01-24 22:59:08 UTC,purchase,9841830,1508136215129873133,apparel.kids.top,Wrenfield,13.0,500000003,da17b9404ed645a6b44fb7055e6d5994
2024-01-24 22:59:30 UTC,view,4476707,1492821164472423496,apparel.men.jeans,Aldyne,98.93,500000003,da17b9404ed645a6b44fb7055e6d5994
2024-01-24 23:12:10 UTC,view,2102225,1516173523019626745,apparel.women.dress,,35.42,500000003,da17b9404ed645a6b44fb7055e6d5994
2024-01-24 23:13:42 UTC,view,2102225,1516173523019626745,apparel.women.dress,Vantree,35.29,500000003,da17b9404ed645a6b44fb7055e6d5994
2024-01-07 15:19:00 UTC,view,9319849,1472209747072745335,footwear.boots,Marlow Row,147.04,500000001,6710637ef3ef4d26971473c0e4b30c6e
2024-01-07 15:19:54 UTC,view,4747587,1482972250706899052,apparel.women.pants,,74.78,500000001,6710637ef3ef4d26971473c0e4b30c6e
2024-01-07 15:23:33 UTC,view,4236332,1482972250706899052,apparel.women.pants,,35.23,500000001,6710637ef3ef4d26971473c0e4b30c6e
2024-01-07 15:24:52 UTC,view,5234930,1589407324608544585,apparel.women.outerwear,Oakspire,176.38,500000001,6710637ef3ef4d26971473c0e4b30c6e
2024-01-07 15:26:30 UTC,view,9036326,1558430393367643133,accessories.hats,,8.87,500000001,6710637ef3ef4d26971473c0e4b30c6e
2024-01-14 17:33:38 UTC,view,5186154,1516173523019626745,,Doverly,91.52,500000004,df2e9028c7c94158834613b3f6e60a04
2024-01-14 17:36:32 UTC,view,5711182,1546390003792228747,footwear.sneakers,Oakspire,86.01,500000004,df2e9028c7c94158834613b3f6e60a04
2024-01-14 17:42:33 UTC,view,4489659,1516173523019626745,apparel.women.dress,Milbrook,55.69,500000004,df2e9028c7c94158834613b3f6e60a04
2024-01-14 17:45:39 UTC,view,1099410,1558430393367643133,accessories.hats,Norlend,16.8,500000004,df2e9028c7c94158834613b3f6e60a04
2024-01-14 17:48:04 UTC,view,9800243,1492821164472423496,apparel.men.jeans,Palewick,81.61,500000004,df2e9028c7c94158834613b3f6e60a04
2024-01-14 17:51:37 UTC,view,4720552,1428548884811402817,apparel.men.shirt,Palewick,15.03,500000004,df2e9028c7c94158834613b3f6e60a04
2024-01-14 17:58:59 UTC,cart,1162680,1589407324608544585,apparel.women.outerwear,Kestrel & Co,224.37,500000004,df2e9028c7c94158834613b3f6e60a04
2024-01-14 18:01:41 UTC,purchase,1162680,1589407324608544585,apparel.women.outerwear,Kestrel & Co,210.61,500000004,df2e9028c7c94158834613b3f6e60a04
2024-01-16 15:15:16 UTC,view,5315329,1558364261414932063,apparel.women.top,,40.92,500000002,b87d506f792f4175bebbc8c713cb72ae
2024-01-16 15:18:05 UTC,view,9841830,1508136215129873133,,Wrenfield,12.15,500000002,b87d506f792f4175bebbc8c713cb72ae
2024-01-16 15:19:09 UTC,view,8966163,1549623645531932356,accessories.bags,,77.88,500000002,b87d506f792f4175bebbc8c713cb72ae
2024-01-16 15:22:27 UTC,view,6079235,1508136215129873133,apparel.kids.top,,9.29,500000002,b87d506f792f4175bebbc8c713cb72ae
2024-01-16 15:33:26 UTC,view,9118832,1589407324608544585,apparel.women.outerwear,Ruskin & Fable,170.45,500000002,b87d506f792f4175bebbc8c713cb72ae
2024-01-18 07:49:11 UTC,view,6517467,1516173523019626745,,Thistlewood,83.95,500000100,4a4004bb122f48698688e7bddd5e2a33
2024-01-18 07:56:28 UTC,view,1854723,1429628030847824846,footwear.sandals,Greymont,48.62,500000100,4a4004bb122f48698688e7bddd5e2a33
2024-01-18 07:57:54 UTC,view,9748139,1594728468612408249,accessories.jewelry,Ferncastle,22.49,500000100,4a4004bb122f48698688e7bddd5e2a33
2024-01-18 08:01:16 UTC,view,7729308,1482972250706899052,apparel.women.pants,,37.29,500000100,4a4004bb122f48698688e7bddd5e2a33
2024-01-18 08:02:54 UTC,view,7429245,1428548884811402817,,Ashgrove,14.47,500000100,4a4004bb122f48698688e7bddd5e2a33
2024-01-24 19:49:14 UTC,view,8218381,1516173523019626745,,,29.51,500000002,c0d656ced4a449f8bc37ac12e3c8e135
2024-01-24 19:58:17 UTC,view,8966163,1549623645531932356,accessories.bags,Solmara,93.2,500000002,c0d656ced4a449f8bc37ac12e3c8e135
2024-01-24 20:06:11 UTC,view,4059984,1428548884811402817,,,38.93,500000002,c0d656ced4a449f8bc37ac12e3c8e135
2024-01-24 20:11:57 UTC,cart,8966163,1549623645531932356,,Solmara,92.61,500000002,c0d656ced4a449f8bc37ac12e3c8e135
2024-01-24 20:21:47 UTC,purchase,8966163,1549623645531932356,accessories.bags,,83.06,500000002,c0d656ced4a449f8bc37ac12e3c8e135
2024-01-25 20:43:44 UTC,view,2102225,1516173523019626745,apparel.women.dress,Vantree,35.12,500000013,d96166fb00654bd6a04816007fa43e9b
2024-01-25 20:45:06 UTC,view,8966163,1549623645531932356,accessories.bags,Solmara,84.6,500000013,d96166fb00654bd6a04816007fa43e9b
2024-01-25 20:51:07 UTC,view,2295523,1516173523019626745,,,41.34,500000013,d96166fb00654bd6a04816007fa43e9b
2024-01-25 20:51:52 UTC,view,5862621,1492821164472423496,,Vantree,47.26,500000013,d96166fb00654bd6a04816007fa43e9b
2024-01-25 21:10:23 UTC,view,9198161,1546390003792228747,footwear.sneakers,Wrenfield,122.72,500000013,d96166fb00654bd6a04816007fa43e9b
2024-01-06 18:50:18 UTC,view,5495706,1589407324608544585,apparel.women.outerwear,Vantree,175.37,500000051,bdd8a73a33414389b95492dd3167c7cd
2024-01-06 18:55:20 UTC,view,9118281,1558364261414932063,apparel.women.top,Solmara,18.49,500000051,bdd8a73a33414389b95492dd3167c7cd
2024-01-06 19:04:25 UTC,view,8966163,1549623645531932356,accessories.bags,Solmara,78.5,500000051,bdd8a73a33414389b95492dd3167c7cd
18/01/2024 14:22,view,9800243,1492821164472423496,apparel.men.jeans,,81.99,500000001,2b56e7d8f79a41229847bb49f40997b4
2024-01-18 14:35:13 UTC,view,2118773,1428548884811402817,apparel.men.shirt,Ferncastle,28.33,500000001,2b56e7d8f79a41229847bb49f40997b4
2024-01-26 08:25:13 UTC,view,5908484,1589407324608544585,apparel.women.outerwear,Aldyne,203.4,500000001,432e5c3970524d7593bf605529eb1528
2024-01-26 08:26:06 UTC,view,6338037,1492821164472423496,apparel.men.jeans,,39.33,500000001,432e5c3970524d7593bf605529eb1528
2024-01-26 08:38:22 UTC,view,7182700,1492821164472423496,apparel.men.jeans,,89.25,500000001,432e5c3970524d7593bf605529eb1528
2024-01-26 08:42:59 UTC,view,1196740,1516173523019626745,apparel.women.dress,Vantree,70.21,500000001,432e5c3970524d7593bf605529eb1528
2024-01-26 08:50:55 UTC,view,6944057,1428548884811402817,apparel.men.shirt,,48.0,500000001,432e5c3970524d7593bf605529eb1528
2024-01-26 08:54:53 UTC,cart,5822751,1492821164472423496,apparel.men.jeans,,62.84,500000001,432e5c3970524d7593bf605529eb1528
2024-01-26 08:59:43 UTC,purchase,5822751,1492821164472423496,apparel.men.jeans,Doverly,58.62,500000001,432e5c3970524d7593bf605529eb1528
2024-01-03 17:39:06 UTC,cart,9065490,1516173523019626745,apparel.women.dress,Aldyne,112.61,500000014,e7f3d012c55f415aaee882b4269ad2f3
2024-01-03 17:39:18 UTC,view,7275086,1558186846391920988,apparel.kids.outerwear,,59.35,500000014,e7f3d012c55f415aaee882b4269ad2f3
2024-01-03 17:46:05 UTC,purchase,9065490,1516173523019626745,,Aldyne,115.14,500000014,e7f3d012c55f415aaee882b4269ad2f3
2024-01-03 17:50:42 UTC,view,2102225,1516173523019626745,apparel.women.dress,Vantree,37.2,500000014,e7f3d012c55f415aaee882b4269ad2f3
2024-01-03 17:54:33 UTC,view,8800984,1558364261414932063,apparel.women.top,,16.43,500000014,e7f3d012c55f415aaee882b4269ad2f3
2024-01-06 10:35:48 UTC,view,8966163,1549623645531932356,accessories.bags,Solmara,87.19,500000030,88cb3f8f87584953a38cead1a8d0aeb1
2024-01-06 10:36:54 UTC,view,9755526,1589407324608544585,apparel.women.outerwear,Ashgrove,76.23,500000030,88cb3f8f87584953a38cead1a8d0aeb1
2024-01-06 10:47:41 UTC,view,2118773,1428548884811402817,apparel.men.shirt,Ferncastle,32.81,500000030,88cb3f8f87584953a38cead1a8d0aeb1
2024-01-06 10:57:50 UTC,view,9755526,1589407324608544585,apparel.women.outerwear,Ashgrove,90.98,500000030,88cb3f8f87584953a38cead1a8d0aeb1
2024-01-06 10:58:51 UTC,view,9036326,1558430393367643133,accessories.hats,,7.41,500000030,88cb3f8f87584953a38cead1a8d0aeb1
2024-01-06 11:00:06 UTC,view,4476707,1492821164472423496,apparel.men.jeans,Aldyne,96.49,500000030,88cb3f8f87584953a38cead1a8d0aeb1
2024-01-10 12:34:25 UTC,view,7871485,1508136215129873133,apparel.kids.top,Wrenfield,20.69,500000001,74e64f82e1ae48ffa237cb4e72819d3e
2024-01-10 12:40:35 UTC,view,1099410,1558430393367643133,,Norlend,17.33,500000001,74e64f82e1ae48ffa237cb4e72819d3e
2024-01-10 12:44:52 UTC,cart,3289377,1546390003792228747,footwear.sneakers,Greymont,56.57,500000001,74e64f82e1ae48ffa237cb4e72819d3e
2024-01-10 12:45:01 UTC,view,3240903,1549623645531932356,accessories.bags,,71.78,500000001,74e64f82e1ae48ffa237cb4e72819d3e
2024-01-19 07:55:05 UTC,view,7496477,1519748099762056932,,Milbrook,114.29,500000001,b31258b6b6c7410db772cbfa8c10af54
2024-01-19 07:57:25 UTC,view,4762867,1594728468612408249,,Greymont,16.71,500000001,b31258b6b6c7410db772cbfa8c10af54
2024-01-19 07:58:37 UTC,view,8966163,1549623645531932356,accessories.bags,Solmara,81.65,500000001,b31258b6b6c7410db772cbfa8c10af54
2024-01-19 08:04:55 UTC,view,5678537,1472209747072745335,footwear.boots,Aldyne,111.81,500000001,b31258b6b6c7410db772cbfa8c10af54
2024-01-19 08:17:24 UTC,view,3648094,1492821164472423496,apparel.men.jeans,Harlow Vale,44.64,500000001,b31258b6b6c7410db772cbfa8c10af54
2024-01-19 08:21:39 UTC,view,1260475,1589407324608544585,apparel.women.outerwear,Kestrel & Co,174.6,500000001,b31258b6b6c7410db772cbfa8c10af54
2024-01-06 18:12:15 UTC,view,1162680,1589407324608544585,apparel.women.outerwear,Kestrel & Co,204.97,500000005,728c17d1c13e4778893593f9109767ae
2024-01-06 18:13:01 UTC,cart,2731345,1428548884811402817,apparel.men.shirt,Aldyne,55.72,500000005,728c17d1c13e4778893593f9109767ae
2024-01-06 18:13:25 UTC,view,5862621,1492821164472423496,apparel.men.jeans,,43.94,500000005,728c17d1c13e4778893593f9109767ae
2024-01-06 18:13:29 UTC,view,9841830,1508136215129873133,,,12.76,500000005,728c17d1c13e4778893593f9109767ae
2024-01-06 18:17:04 UTC,remove_from_cart,2731345,1428548884811402817,apparel.men.shirt,,55.8,500000005,728c17d1c13e4778893593f9109767ae
2024-01-06 18:18:40 UTC,view,8966163,1549623645531932356,accessories.bags,Solmara,85.92,500000005,728c17d1c13e4778893593f9109767ae
2024-01-06 18:26:38 UTC,view,4747587,1482972250706899052,apparel.women.pants,,77.83,500000005,728c17d1c13e4778893593f9109767ae
2024-01-07 12:17:11 UTC,view,9036326,1558430393367643133,accessories.hats,,7.73,500000011,9779b275c9f84785a8b7fe0fc9c0e278
2024-01-07 12:28:50 UTC,view,1162680,1589407324608544585,apparel.women.outerwear,Kestrel & Co,205.65,500000011,9779b275c9f84785a8b7fe0fc9c0e278
2024-01-07 12:32:36 UTC,cart,3676700,1558186846391920988,apparel.kids.outerwear,Oakspire,64.74,500000011,9779b275c9f84785a8b7fe0fc9c0e278
2024-01-07 12:36:38 UTC,view,7630387,1558186846391920988,apparel.kids.outerwear,,30.41,500000011,9779b275c9f84785a8b7fe0fc9c0e278
2024-01-07 12:40:04 UTC,purchase,3676700,1558186846391920988,,Oakspire,65.01,500000011,9779b275c9f84785a8b7fe0fc9c0e278
2024-01-07 17:55:52 UTC,view,5711182,1546390003792228747,footwear.sneakers,Oakspire,89.08,500000001,33d700dd52bf46b298d45cc69fc6fde3
2024-01-07 17:58:21 UTC,view,9841830,1508136215129873133,apparel.kids.top,Wrenfield,11.41,500000001,33d700dd52bf46b298d45cc69fc6fde3
2024-01-07 18:02:44 UTC,view,7275086,1558186846391920988,apparel.kids.outerwear,,65.15,500000001,33d700dd52bf46b298d45cc69fc6fde3
2024-01-07 18:03:02 UTC,view,5908484,1589407324608544585,,Aldyne,199.01,500000001,33d700dd52bf46b298d45cc69fc6fde3
2024-01-07 18:06:10 UTC,view,2875921,1546390003792228747,footwear.sneakers,,138.74,500000001,33d700dd52bf46b298d45cc69fc6fde3
2024-01-07 18:09:27 UTC,view,8966163,1549623645531932356,accessories.bags,Solmara,89.43,500000001,33d700dd52bf46b298d45cc69fc6fde3
2024-01-07 18:23:11 UTC,view,8966163,1549623645531932356,accessories.bags,,79.42,500000001,33d700dd52bf46b298d45cc69fc6fde3
2024-01-08 17:25:14 UTC,view,2295523,1516173523019626745,apparel.women.dress,,42.3,500000002,714e7d5965214b3aadcbc14e01d46b6c
2024-01-08 17:26:46 UTC,view,3006131,1546390003792228747,footwear.sneakers,Ruskin & Fable,110.36,500000002,714e7d5965214b3aadcbc14e01d46b6c
2024-01-08 17:27:50 UTC,view,4170752,1519748099762056932,apparel.men.outerwear,Bramholt,219.0,500000002,714e7d5965214b3aadcbc14e01d46b6c
2024-01-08 17:32:24 UTC,view,4720552,1428548884811402817,apparel.men.shirt,,15.8,500000002,714e7d5965214b3aadcbc14e01d46b6c
2024-01-08 17:32:58 UTC,view,5114384,1558186846391920988,apparel.kids.outerwear,Kestrel & Co,26.83,500000002,714e7d5965214b3aadcbc14e01d46b6c
2024-01-11 20:13:08 UTC,view,9036326,1558430393367643133,accessories.hats,,8.36,500000003,1366a522841c4f1f82c830e0f4b2ce5a
2024-01-17 16:45:50 UTC,cart,1072276,1558364261414932063,apparel.women.top,Ferncastle,46.6,500000002,1e717fb1253241fb867e39418a9a5172
2024-01-17 16:46:02 UTC,view,8966163,1549623645531932356,accessories.bags,Solmara,78.13,500000002,1e717fb1253241fb867e39418a9a5172
2024-01-17 16:47:17 UTC,purchase,1072276,1558364261414932063,apparel.women.top,,47.05,500000002,1e717fb1253241fb867e39418a9a5172
2024-01-17 16:48:57 UTC,view,9065490,1516173523019626745,,,114.47,500000002,1e717fb1253241fb867e39418a9a5172
2024-01-19 18:09:17 UTC,cart,9036326,1558430393367643133,accessories.hats,,8.61,500000001,9a1384db96c341aaa68a84dbf13d3be6
2024-01-19 18:12:31 UTC,view,9036326,1558430393367643133,accessories.hats,,7.4,500000001,9a1384db96c341aaa68a84dbf13d3be6
2024-01-19 18:15:43 UTC,purchase,9036326,1558430393367643133,accessories.hats,,7.66,500000001,9a1384db96c341aaa68a84dbf13d3be6
2024-01-22 18:53:29 UTC,view,9319849,1472209747072745335,footwear.boots,Marlow Row,164.72,500000003,f32fd1618ba34b049a5ddaf0fa4c1aa0
2024-01-22 18:56:51 UTC,cart,7729308,1482972250706899052,,Ruskin & Fable,44.82,500000003,f32fd1618ba34b049a5ddaf0fa4c1aa0
2024-01-22 18:59:03 UTC,view,2102225,1516173523019626745,apparel.women.dress,,33.21,500000003,f32fd1618ba34b049a5ddaf0fa4c1aa0
2024-01-22 19:04:57 UTC,purchase,7729308,1482972250706899052,apparel.women.pants,Ruskin & Fable,44.18,500000003,f32fd1618ba34b049a5ddaf0fa4c1aa0
2024-01-22 19:08:38 UTC,view,2102225,1516173523019626745,apparel.women.dress,Vantree,37.91,500000003,f32fd1618ba34b049a5ddaf0fa4c1aa0
2024-01-30 19:07:47 UTC,view,6026055,1516173523019626745,apparel.women.dress,Kestrel & Co,56.62,500000001,e028426cc12842839e9ae37bd0541f83
2024-01-30 19:12:01 UTC,view,5852256,1594728468612408249,accessories.jewelry,,54.63,500000001,e028426cc12842839e9ae37bd0541f83
2024-01-30 19:12:53 UTC,view,5711182,1546390003792228747,footwear.sneakers,Oakspire,88.36,500000001,e028426cc12842839e9ae37bd0541f83
2024-01-30 19:20:08 UTC,view,9040237,1472209747072745335,footwear.boots,,124.69,500000001,e028426cc12842839e9ae37bd0541f83
2024-01-30 19:20:10 UTC,view,7182700,1492821164472423496,apparel.men.jeans,,96.15,500000001,e028426cc12842839e9ae37bd0541f83
2024-01-15 11:52:42 UTC,view,7182700,1492821164472423496,apparel.men.jeans,,94.69,500000011,f9acc1bb8c414cf18b3cea50b1ba299e
2024-01-18 16:27:28 UTC,view,3676700,1558186846391920988,apparel.kids.outerwear,,64.64,500000008,d20a3caddc2c431d92f2452f93feac44
2024-01-18 16:35:07 UTC,view,1162680,1589407324608544585,apparel.women.outerwear,Kestrel & Co,222.55,500000008,d20a3caddc2c431d92f2452f93feac44
2024-01-18 18:55:19 UTC,view,5425967,1546390003792228747,footwear.sneakers,,85.25,500000004,71291cfcfd6741e48501c2ee23df30cd
2024-01-18 18:55:30 UTC,view,9829417,1546390003792228747,footwear.sneakers,Bellcroft,138.98,500000004,71291cfcfd6741e48501c2ee23df30cd
2024-01-18 18:56:40 UTC,view,2295523,1516173523019626745,apparel.women.dress,,45.36,500000004,71291cfcfd6741e48501c2ee23df30cd
2024-01-18 19:10:25 UTC,view,5908484,1589407324608544585,apparel.women.outerwear,Aldyne,188.92,500000004,71291cfcfd6741e48501c2ee23df30cd
2024-01-18 19:16:18 UTC,view,2154101,1558430393367643133,accessories.hats,,13.62,500000004,71291cfcfd6741e48501c2ee23df30cd
2024-01-18 19:18:25 UTC,view,9939190,1482972250706899052,,Marlow Row,57.34,500000004,71291cfcfd6741e48501c2ee23df30cd
2024-01-18 19:21:29 UTC,view,3289377,1546390003792228747,footwear.sneakers,Greymont,62.36,500000004,71291cfcfd6741e48501c2ee23df30cd
2024-01-22 12:50:03 UTC,cart,9118281,1558364261414932063,apparel.women.top,Solmara,16.76,500000004,23b0f8a3d6f34f09972255391a26b92a
2024-01-22 12:57:00 UTC,purchase,9118281,1558364261414932063,apparel.women.top,Solmara,18.23,500000004,23b0f8a3d6f34f09972255391a26b92a
2024-01-22 12:59:13 UTC,view,5908484,1589407324608544585,apparel.women.outerwear,,200.04,500000004,23b0f8a3d6f34f09972255391a26b92a
2024-01-22 13:04:43 UTC,view,1522015,1546390003792228747,footwear.sneakers,,115.32,500000004,23b0f8a3d6f34f09972255391a26b92a
2024-01-28 10:14:13 UTC,view,2102225,1516173523019626745,apparel.women.dress,,38.3,500000001,80b06afe6e5a419da86f5ec247f32976
2024-01-28 10:30:36 UTC,view,7180258,1482972250706899052,apparel.women.pants,Aldyne,75.03,500000001,80b06afe6e5a419da86f5ec247f32976
2024-01-28 20:47:20 UTC,view,4170752,1519748099762056932,apparel.men.outerwear,Bramholt,205.46,500000001,66e3ae68698345bbb0b0e3bb686be76f
2024-01-02 05:54:48 UTC,view,1162680,1589407324608544585,apparel.women.outerwear,Kestrel & Co,213.56,500000019,25aa98b20d564831acade4187b874926
2024-01-02 06:01:40 UTC,view,8966163,1549623645531932356,accessories.bags,Solmara,86.99,500000019,25aa98b20d564831acade4187b874926
2024-01-02 06:04:12 UTC,view,1162680,1589407324608544585,apparel.women.outerwear,Kestrel & Co,217.9,500000019,25aa98b20d564831acade4187b874926
2024-01-02 06:10:17 UTC,view,9036326,1558430393367643133,accessories.hats,,8.41,500000019,25aa98b20d564831acade4187b874926
2024-01-02 06:11:45 UTC,view,2102225,1516173523019626745,apparel.women.dress,Vantree,31.84,500000019,25aa98b20d564831acade4187b874926
2024-01-02 06:12:07 UTC,view,7946407,1519748099762056932,apparel.men.outerwear,Solmara,73.38,500000019,25aa98b20d564831acade4187b874926
2024-01-06 14:35:15 UTC,view,3346010,1558430393367643133,accessories.hats,Ferncastle,25.35,500000001,043fda5f6ea24dfdaa185164ebfd9500
2024-01-06 14:42:02 UTC,view,6497266,1558430393367643133,accessories.hats,Doverly,10.09,500000001,043fda5f6ea24dfdaa185164ebfd9500
2024-01-06 14:43:05 UTC,cart,4705110,1428548884811402817,apparel.men.shirt,,20.98,500000001,043fda5f6ea24dfdaa185164ebfd9500
2024-01-06 14:45:09 UTC,view,9315482,1594728468612408249,accessories.jewelry,,68.73,500000001,043fda5f6ea24dfdaa185164ebfd9500
2024-01-06 14:51:37 UTC,purchase,4705110,1428548884811402817,apparel.men.shirt,Ashgrove,18.95,500000001,043fda5f6ea24dfdaa185164ebfd9500
2024-01-06 14:55:49 UTC,view,5678537,1472209747072745335,footwear.boots,Aldyne,122.07,500000001,043fda5f6ea24dfdaa185164ebfd9500
2024-01-06 15:03:20 UTC,view,9261290,1482972250706899052,apparel.women.pants,,75.24,500000001,043fda5f6ea24dfdaa185164ebfd9500
2024-01-13 22:53:07 UTC,view,7182700,1492821164472423496,apparel.men.jeans,,95.57,500000002,aeca1856c1634c51b04e1f5ec14c67e9
2024-01-13 23:05:41 UTC,view,2102225,1516173523019626745,apparel.women.dress,Vantree,34.28,500000002,aeca1856c1634c51b04e1f5ec14c67e9
2024-01-16 20:46:56 UTC,view,8966163,1549623645531932356,accessories.bags,Solmara,84.98,500000005,bfa2b8b83aa944cc83b4bde1900f4895
2024-01-16 20:48:14 UTC,view,3163829,1558364261414932063,apparel.women.top,Marlow Row,41.39,500000005,bfa2b8b83aa944cc83b4bde1900f4895
2024-01-16 21:08:48 UTC,view,8903471,1428548884811402817,apparel.men.shirt,,18.1,500000005,bfa2b8b83aa944cc83b4bde1900f4895
2024-01-16 21:15:45 UTC,cart,6517467,1516173523019626745,apparel.women.dress,Thistlewood,86.17,500000005,bfa2b8b83aa944cc83b4bde1900f4895
2024-01-16 21:16:56 UTC,purchase,6517467,1516173523019626745,apparel.women.dress,Thistlewood,89.99,500000005,bfa2b8b83aa944cc83b4bde1900f4895
2024-01-22 16:03:44 UTC,view,5781989,1482972250706899052,apparel.women.pants,,80.0,500000001,4f8bc0c6db2c4842aff497a16fcb0f14
2024-01-22 16:12:24 UTC,view,9065490,1516173523019626745,apparel.women.dress,Aldyne,115.07,500000001,4f8bc0c6db2c4842aff497a16fcb0f14
2024-01-22 16:16:21 UTC,view,4170752,1519748099762056932,apparel.men.outerwear,Bramholt,207.07,500000001,4f8bc0c6db2c4842aff497a16fcb0f14
2024-01-22 16:23:31 UTC,view,2295523,1516173523019626745,apparel.women.dress,,42.42,500000001,4f8bc0c6db2c4842aff497a16fcb0f14
2024-01-22 16:29:45 UTC,cart,4236332,1482972250706899052,apparel.women.pants,,38.94,500000001,4f8bc0c6db2c4842aff497a16fcb0f14
2024-01-22 16:39:00 UTC,purchase,4236332,1482972250706899052,,,38.89,500000001,4f8bc0c6db2c4842aff497a16fcb0f14
2024-01-28 09:59:18 UTC,view,8966163,1549623645531932356,accessories.bags,Solmara,89.52,500000001,f9d8e55aed1a45a499a20165901d150a
2024-01-28 10:01:31 UTC,view,4958034,1516173523019626745,apparel.women.dress,Palewick,39.06,500000001,f9d8e55aed1a45a499a20165901d150a
2024-01-28 10:05:28 UTC,view,4747587,1482972250706899052,,,82.95,500000001,f9d8e55aed1a45a499a20165901d150a
2024-01-28 10:10:28 UTC,view,1162680,1589407324608544585,apparel.women.outerwear,Kestrel & Co,197.66,500000001,f9d8e55aed1a45a499a20165901d150a
2024-01-31 18:32:27 UTC,view,1260475,1589407324608544585,apparel.women.outerwear,Kestrel & Co,190.91,500000001,6e825f00facf41ba9e0736bd573f9be8
2024-01-31 18:36:25 UTC,view,9036326,1558430393367643133,accessories.hats,,8.46,500000001,6e825f00facf41ba9e0736bd573f9be8
2024-01-20 09:01:28 UTC,view,8966163,1549623645531932356,accessories.bags,Solmara,87.42,500000002,cc04a929ad2c468bb2918bd6425615d6
2024-01-20 09:06:40 UTC,view,2527689,1428548884811402817,apparel.men.shirt,,34.9,500000002,cc04a929ad2c468bb2918bd6425615d6
2024-01-27 14:37:32 UTC,view,2295523,1516173523019626745,apparel.women.dress,,42.55,500000018,5e80c318720c420997d46ed6fb1f7e5f
2024-01-27 14:41:50 UTC,view,9691291,1429628030847824846,footwear.sandals,,51.05,500000018,5e80c318720c420997d46ed6fb1f7e5f
2024-01-27 14:42:13 UTC,view,1162680,1589407324608544585,,Kestrel & Co,228.95,500000018,5e80c318720c420997d46ed6fb1f7e5f
2024-01-27 14:49:39 UTC,view,7826018,1558364261414932063,apparel.women.top,Cinderfox,13.8,500000018,5e80c318720c420997d46ed6fb1f7e5f
2024-01-27 14:51:00 UTC,view,2645378,1594728468612408249,accessories.jewelry,Harlow Vale,9.98,500000018,5e80c318720c420997d46ed6fb1f7e5f
2024-01-07 05:44:44 UTC,view,9319849,1472209747072745335,footwear.boots,Marlow Row,155.27,500000105,c7d8909bb5f349ad9dffe4177c7e3967
2024-01-12 19:22:41 UTC,view,8966163,1549623645531932356,accessories.bags,,79.16,500000016,59ceac607a6a4e2f874199488ce80b93
2024-01-12 19:29:04 UTC,view,6693651,1482972250706899052,apparel.women.pants,Cinderfox,30.31,500000016,59ceac607a6a4e2f874199488ce80b93
2024-01-12 19:32:31 UTC,view,9036326,1558430393367643133,,,8.44,500000016,59ceac607a6a4e2f874199488ce80b93
2024-01-16 18:08:05 UTC,cart,8795573,1482972250706899052,apparel.women.pants,Palewick,31.3,500000002,345513e040384c47b65685dfa210376a
2024-01-16 18:08:42 UTC,view,1162680,1589407324608544585,apparel.women.outerwear,Kestrel & Co,214.37,500000002,345513e040384c47b65685dfa210376a
2024-01-16 18:12:46 UTC,view,2102225,1516173523019626745,apparel.women.dress,Vantree,36.8,500000002,345513e040384c47b65685dfa210376a
2024-01-16 18:14:53 UTC,purchase,8795573,1482972250706899052,apparel.women.pants,Palewick,26.92,500000002,345513e040384c47b65685dfa210376a
2024-01-16 18:22:23 UTC,view,8754194,1482972250706899052,apparel.women.pants,,53.5,500000002,345513e040384c47b65685dfa210376a
2024-01-16 18:24:32 UTC,view,8721483,1558364261414932063,apparel.women.top,Norlend,37.83,500000002,345513e040384c47b65685dfa210376a
2024-01-16 18:33:51 UTC,view,6245368,1558430393367643133,accessories.hats,,25.81,500000002,345513e040384c47b65685dfa210376a
2024-01-24 21:56:48 UTC,cart,9841830,1508136215129873133,apparel.kids.top,,11.56,500000007,215fa7cb1cb84fb0aa461f540642d354
24/01/2024 21:58,view,2292183,1508136215129873133,apparel.kids.top,,13.36,500000007,215fa7cb1cb84fb0aa461f540642d354
2024-01-24 21:58:26 UTC,purchase,9841830,1508136215129873133,apparel.kids.top,,12.63,500000007,215fa7cb1cb84fb0aa461f540642d354
2024-01-24 22:01:12 UTC,view,1083413,1492821164472423496,apparel.men.jeans,,71.65,500000007,215fa7cb1cb84fb0aa461f540642d354
2024-01-24 22:04:13 UTC,view,5908484,1589407324608544585,apparel.women.outerwear,Aldyne,213.63,500000007,215fa7cb1cb84fb0aa461f540642d354
2024-01-24 22:11:40 UTC,view,9755526,1589407324608544585,apparel.women.outerwear,Ashgrove,75.84,500000007,215fa7cb1cb84fb0aa461f540642d354
2024-01-24 22:20:57 UTC,view,9319849,1472209747072745335,footwear.boots,Marlow Row,140.4,500000007,215fa7cb1cb84fb0aa461f540642d354
2024-01-27 23:07:37 UTC,view,5509792,1516173523019626745,apparel.women.dress,,90.88,500000004,1d49684dcb4b40af958d1ace61bc3524
2024-01-27 23:14:38 UTC,view,4747587,1482972250706899052,apparel.women.pants,,74.18,500000004,1d49684dcb4b40af958d1ace61bc3524
2024-01-27 23:25:01 UTC,view,7346335,1594728468612408249,,Milbrook,67.9,500000004,1d49684dcb4b40af958d1ace61bc3524
2024-01-27 23:26:02 UTC,view,7182700,1492821164472423496,apparel.men.jeans,,94.84,500000004,1d49684dcb4b40af958d1ace61bc3524
27/01/2024 23:26,view,9746038,1516173523019626745,apparel.women.dress,,38.02,500000004,1d49684dcb4b40af958d1ace61bc3524
2024-01-27 23:33:06 UTC,view,2295523,1516173523019626745,apparel.women.dress,,42.11,500000004,1d49684dcb4b40af958d1ace61bc3524
2024-01-27 23:34:23 UTC,view,5530296,1558364261414932063,apparel.women.top,Greymont,27.6,500000004,1d49684dcb4b40af958d1ace61bc3524
2024-01-14 07:50:15 UTC,view,4194454,1482972250706899052,apparel.women.pants,Vantree,71.39,500000143,98bf3d7b3315491bb17466052e56dd91
2024-01-14 07:53:23 UTC,view,7390450,1558364261414932063,apparel.women.top,,44.73,500000143,98bf3d7b3315491bb17466052e56dd91
2024-01-14 07:59:35 UTC,view,6854023,1549623645531932356,accessories.bags,Doverly,153.07,500000143,98bf3d7b3315491bb17466052e56dd91
2024-01-14 08:06:42 UTC,view,7182700,1492821164472423496,apparel.men.jeans,,84.87,500000143,98bf3d7b3315491bb17466052e56dd91
2024-01-14 08:13:50 UTC,view,2118773,1428548884811402817,apparel.men.shirt,Ferncastle,29.38,500000143,98bf3d7b3315491bb17466052e56dd91
2024-01-18 06:08:58 UTC,view,2102225,1516173523019626745,apparel.women.dress,Vantree,34.58,500000001,e6d569ab8f2642dab1eb9808eaf13c9f
2024-01-18 06:12:28 UTC,view,3852546,1482972250706899052,apparel.women.pants,Bramholt,71.32,500000001,e6d569ab8f2642dab1eb9808eaf13c9f
2024-01-18 06:16:44 UTC,view,8966163,1549623645531932356,accessories.bags,Solmara,80.16,500000001,e6d569ab8f2642dab1eb9808eaf13c9f
2024-01-18 06:24:14 UTC,view,9118832,1589407324608544585,apparel.women.outerwear,Ruskin & Fable,181.74,500000001,e6d569ab8f2642dab1eb9808eaf13c9f
2024-01-18 06:24:38 UTC,view,9841830,1508136215129873133,apparel.kids.top,Wrenfield,13.32,500000001,e6d569ab8f2642dab1eb9808eaf13c9f
2024-01-18 06:26:14 UTC,cart,9755526,1589407324608544585,apparel.women.outerwear,Ashgrove,79.96,500000001,e6d569ab8f2642dab1eb9808eaf13c9f
2024-01-18 06:33:42 UTC,purchase,9755526,1589407324608544585,apparel.women.outerwear,Ashgrove,84.03,500000001,e6d569ab8f2642dab1eb9808eaf13c9f
2024-01-18 17:27:32 UTC,view,8966163,1549623645531932356,accessories.bags,Solmara,92.18,500000003,e8bbdb4a99534052b853eb076be282d3
2024-01-18 17:29:48 UTC,view,4747587,1482972250706899052,apparel.women.pants,,77.47,500000003,e8bbdb4a99534052b853eb076be282d3
2024-01-18 17:31:23 UTC,view,3428363,1516173523019626745,apparel.women.dress,,76.82,500000003,e8bbdb4a99534052b853eb076be282d3
2024-01-18 17:32:27 UTC,cart,1517547,1558364261414932063,apparel.women.top,Bellcroft,22.76,500000003,e8bbdb4a99534052b853eb076be282d3
2024-01-18 17:39:55 UTC,purchase,1517547,1558364261414932063,apparel.women.top,Bellcroft,22.3,500000003,e8bbdb4a99534052b853eb076be282d3
2024-01-18 17:47:47 UTC,view,1099410,1558430393367643133,accessories.hats,,16.15,500000003,e8bbdb4a99534052b853eb076be282d3
2024-01-24 11:04:15 UTC,view,8634461,1428548884811402817,,,21.49,500000001,6b32b90c0654448cb9abf0571af3ef4b
2024-01-24 11:08:19 UTC,view,8966163,1549623645531932356,accessories.bags,,91.25,500000001,6b32b90c0654448cb9abf0571af3ef4b
2024-01-24 11:08:26 UTC,view,2102225,1516173523019626745,apparel.women.dress,Vantree,31.83,500000001,6b32b90c0654448cb9abf0571af3ef4b
2024-01-24 11:09:28 UTC,view,9075437,1558364261414932063,apparel.women.top,Cinderfox,29.01,500000001,6b32b90c0654448cb9abf0571af3ef4b
2024-01-24 11:13:16 UTC,cart,1038403,1519748099762056932,apparel.men.outerwear,,59.02,500000001,6b32b90c0654448cb9abf0571af3ef4b
2024-01-24 11:20:30 UTC,view,5027667,1546390003792228747,footwear.sneakers,Milbrook,105.61,500000001,6b32b90c0654448cb9abf0571af3ef4b
2024-01-24 11:22:49 UTC,purchase,1038403,1519748099762056932,,Ashgrove,59.5,500000001,6b32b90c0654448cb9abf0571af3ef4b
2024-01-24 11:24:13 UTC,view,9829417,1546390003792228747,footwear.sneakers,Bellcroft,121.48,500000001,6b32b90c0654448cb9abf0571af3ef4b
2024-01-24 11:28:37 UTC,view,4705110,1428548884811402817,apparel.men.shirt,Ashgrove,20.84,500000001,6b32b90c0654448cb9abf0571af3ef4b
2024-01-05 19:55:23 UTC,view,5495706,1589407324608544585,apparel.women.outerwear,Vantree,150.11,500000074,f8fa74473bef4a22923b8ba0eefb91c8
2024-01-05 19:59:59 UTC,cart,9036326,1558430393367643133,,,7.76,500000074,f8fa74473bef4a22923b8ba0eefb91c8
2024-01-05 20:01:04 UTC,purchase,9036326,1558430393367643133,accessories.hats,,8.08,500000074,f8fa74473bef4a22923b8ba0eefb91c8
2024-01-05 20:03:44 UTC,view,1079923,1516173523019626745,apparel.women.dress,,108.17,500000074,f8fa74473bef4a22923b8ba0eefb91c8
2024-01-05 20:05:57 UTC,view,5495706,1589407324608544585,apparel.women.outerwear,Vantree,151.47,500000074,f8fa74473bef4a22923b8ba0eefb91c8
2024-01-07 10:43:17 UTC,cart,6693651,1482972250706899052,apparel.women.pants,Cinderfox,32.55,500000002,b1730e2ff1ca4f9eba14b41b0f141696
2024-01-07 10:44:54 UTC,purchase,6693651,1482972250706899052,apparel.women.pants,Cinderfox,33.03,500000002,b1730e2ff1ca4f9eba14b41b0f141696
2024-01-07 10:54:32 UTC,view,7182700,1492821164472423496,apparel.men.jeans,,90.04,500000002,b1730e2ff1ca4f9eba14b41b0f141696
2024-01-07 10:56:35 UTC,view,1162680,1589407324608544585,apparel.women.outerwear,Kestrel & Co,218.49,500000002,b1730e2ff1ca4f9eba14b41b0f141696
2024-01-07 11:00:33 UTC,view,2102225,1516173523019626745,apparel.women.dress,,36.0,500000002,b1730e2ff1ca4f9eba14b41b0f141696
2024-01-14 07:13:16 UTC,cart,1162680,1589407324608544585,apparel.women.outerwear,Kestrel & Co,195.77,500000006,c803857badac4a0fb56b4d50f947dbe5
2024-01-14 07:13:57 UTC,view,4123600,1519748099762056932,apparel.men.outerwear,,179.91,500000006,c803857badac4a0fb56b4d50f947dbe5
2024-01-14 07:16:07 UTC,view,7182700,1492821164472423496,apparel.men.jeans,,95.16,500000006,c803857badac4a0fb56b4d50f947dbe5
2024-01-14 07:25:33 UTC,view,8966163,1549623645531932356,accessories.bags,Solmara,88.45,500000006,c803857badac4a0fb56b4d50f947dbe5
2024-01-14 07:27:48 UTC,view,6517467,1516173523019626745,apparel.women.dress,Thistlewood,93.98,500000006,c803857badac4a0fb56b4d50f947dbe5
2024-01-16 13:47:31 UTC,view,7201529,1589407324608544585,apparel.women.outerwear,Ruskin & Fable,96.2,500000001,9ceb20f9aa3b4e4387eb313b41bd250e
2024-01-16 13:54:23 UTC,view,2102225,1516173523019626745,apparel.women.dress,,34.64,500000001,9ceb20f9aa3b4e4387eb313b41bd250e
2024-01-16 14:05:55 UTC,view,9841830,1508136215129873133,apparel.kids.top,Wrenfield,11.19,500000001,9ceb20f9aa3b4e4387eb313b41bd250e
2024-01-16 14:07:57 UTC,view,2102225,1516173523019626745,apparel.women.dress,Vantree,38.1,500000001,9ceb20f9aa3b4e4387eb313b41bd250e
2024-01-16 14:10:01 UTC,view,8966163,1549623645531932356,accessories.bags,,89.99,500000001,9ceb20f9aa3b4e4387eb313b41bd250e
2024-01-18 16:12:36 UTC,view,3583619,1558430393367643133,accessories.hats,,28.7,500000001,bdae94f54ba14c87bd3c104c1b206e6a
2024-01-18 16:14:11 UTC,cart,8966163,1549623645531932356,accessories.bags,Solmara,91.44,500000001,bdae94f54ba14c87bd3c104c1b206e6a
2024-01-18 16:18:31 UTC,view,9118832,1589407324608544585,apparel.women.outerwear,,178.44,500000001,bdae94f54ba14c87bd3c104c1b206e6a
2024-01-18 16:19:01 UTC,view,8966163,1549623645531932356,accessories.bags,Solmara,79.65,500000001,bdae94f54ba14c87bd3c104c1b206e6a
2024-01-18 16:22:19 UTC,purchase,8966163,1549623645531932356,accessories.bags,,81.7,500000001,bdae94f54ba14c87bd3c104c1b206e6a
2024-01-18 16:25:04 UTC,view,7182700,1492821164472423496,apparel.men.jeans,,89.34,500000001,bdae94f54ba14c87bd3c104c1b206e6a
2024-01-25 18:21:13 UTC,view,1099410,1558430393367643133,accessories.hats,Norlend,16.02,500000006,1b61a566aa07482fa733305df3ee847d
2024-01-25 18:27:16 UTC,view,4194454,1482972250706899052,apparel.women.pants,Vantree,68.03,500000006,1b61a566aa07482fa733305df3ee847d
2024-01-25 18:34:02 UTC,view,3004815,1482972250706899052,apparel.women.pants,,65.47,500000006,1b61a566aa07482fa733305df3ee847d
2024-01-25 18:38:47 UTC,view,9036326,1558430393367643133,accessories.hats,,8.24,500000006,1b61a566aa07482fa733305df3ee847d
2024-01-27 23:54:31 UTC,view,2102225,1516173523019626745,apparel.women.dress,Vantree,33.2,500014609,e1ca08b11f034acba53c6b63a934289d
2024-01-28 00:01:31 UTC,view,8966163,1549623645531932356,accessories.bags,Solmara,80.39,500014609,e1ca08b11f034acba53c6b63a934289d
2024-01-28 00:11:05 UTC,view,2102225,1516173523019626745,apparel.women.dress,Vantree,37.1,500014609,e1ca08b11f034acba53c6b63a934289d
2024-01-28 00:11:19 UTC,view,4476707,1492821164472423496,,Aldyne,91.02,500014609,e1ca08b11f034acba53c6b63a934289d
2024-01-19 19:55:32 UTC,view,9679390,1558364261414932063,apparel.women.top,,18.32,500000001,af46fdaa49284cf98b0832eabfd3a2d1
2024-01-19 20:00:49 UTC,cart,8758486,1516173523019626745,apparel.women.dress,,92.77,500000007,83cf9f64028c4eb6be4b384dffa3e784
2024-01-19 20:01:02 UTC,view,7801595,1589407324608544585,apparel.women.outerwear,Aldyne,87.33,500000007,83cf9f64028c4eb6be4b384dffa3e784
2024-01-19 20:01:49 UTC,view,5599767,1558364261414932063,apparel.women.top,Ferncastle,15.27,500000001,af46fdaa49284cf98b0832eabfd3a2d1
2024-01-19 20:06:56 UTC,view,9841830,1508136215129873133,apparel.kids.top,Wrenfield,12.93,500000007,83cf9f64028c4eb6be4b384dffa3e784
2024-01-19 20:07:11 UTC,view,3166872,1428548884811402817,apparel.men.shirt,,33.74,500000007,83cf9f64028c4eb6be4b384dffa3e784
2024-01-19 20:08:30 UTC,cart,6380274,1472209747072745335,footwear.boots,Wrenfield,185.68,500000001,af46fdaa49284cf98b0832eabfd3a2d1
2024-01-19 20:09:00 UTC,purchase,6380274,1472209747072745335,footwear.boots,Wrenfield,169.38,500000001,af46fdaa49284cf98b0832eabfd3a2d1
2024-01-19 20:09:27 UTC,purchase,8758486,1516173523019626745,apparel.women.dress,,86.02,500000007,83cf9f64028c4eb6be4b384dffa3e784
2024-01-19 20:15:08 UTC,view,9110019,1492821164472423496,apparel.men.jeans,Kestrel & Co,36.36,500000007,83cf9f64028c4eb6be4b384dffa3e784
2024-01-19 20:15:31 UTC,view,9829417,1546390003792228747,footwear.sneakers,Bellcroft,118.62,500000007,83cf9f64028c4eb6be4b384dffa3e784
2024-01-08 12:46:34 UTC,view,9800243,1492821164472423496,apparel.men.jeans,Palewick,82.49,500000009,1ec333f07b7841799d5f9fa212d1f10c
2024-01-08 12:47:40 UTC,view,3124731,1558364261414932063,apparel.women.top,,26.7,500000009,1ec333f07b7841799d5f9fa212d1f10c
2024-01-08 13:16:29 UTC,cart,4958034,1516173523019626745,apparel.women.dress,Palewick,40.97,500000009,1ec333f07b7841799d5f9fa212d1f10c
2024-01-08 13:21:26 UTC,purchase,4958034,1516173523019626745,,Palewick,40.83,500000009,1ec333f07b7841799d5f9fa212d1f10c
2024-01-12 22:08:33 UTC,view,9800243,1492821164472423496,apparel.men.jeans,Palewick,88.49,500000001,043577c058ab4f12add832483a216e0c
2024-01-12 22:10:57 UTC,view,8966163,1549623645531932356,accessories.bags,Solmara,92.31,500000001,043577c058ab4f12add832483a216e0c
2024-01-12 22:12:35 UTC,view,8966163,1549623645531932356,,,78.26,500000001,043577c058ab4f12add832483a216e0c
2024-01-12 22:23:27 UTC,view,3243048,1558364261414932063,apparel.women.top,Thistlewood,41.42,500000001,043577c058ab4f12add832483a216e0c
2024-02-02 08:31:11 UTC,view,6517467,1516173523019626745,apparel.women.dress,Thistlewood,87.87,500000575,2f049d5217274dec9b1f882cd84aa828
,view,1428173,1589407324608544585,apparel.women.outerwear,,98.89,500000575,2f049d5217274dec9b1f882cd84aa828
2024-02-02 08:47:40 UTC,view,8966163,1549623645531932356,accessories.bags,Solmara,87.42,500000575,2f049d5217274dec9b1f882cd84aa828
2024-02-02 14:37:49 UTC,view,2337045,1558364261414932063,apparel.women.top,Oakspire,18.68,500000004,8238db98f3ff4c8bad43f14a75c99d67
2024-02-02 14:41:33 UTC,view,8966163,1549623645531932356,accessories.bags,Solmara,78.52,500000004,8238db98f3ff4c8bad43f14a75c99d67
2024-02-02 14:42:20 UTC,view,9118832,1589407324608544585,apparel.women.outerwear,Ruskin & Fable,159.67,500000004,8238db98f3ff4c8bad43f14a75c99d67
2024-02-02 14:43:41 UTC,view,8634461,1428548884811402817,,Kestrel & Co,22.44,500000004,8238db98f3ff4c8bad43f14a75c99d67
2024-02-02 14:57:02 UTC,view,9841830,1508136215129873133,apparel.kids.top,Wrenfield,13.13,500000004,8238db98f3ff4c8bad43f14a75c99d67
2024-02-02 14:57:14 UTC,view,8966163,1549623645531932356,,Solmara,91.66,500000004,8238db98f3ff4c8bad43f14a75c99d67
2024-02-02 14:58:42 UTC,cart,4236332,1482972250706899052,apparel.women.pants,,40.9,500000004,8238db98f3ff4c8bad43f14a75c99d67
2024-02-02 15:04:05 UTC,purchase,4236332,1482972250706899052,apparel.women.pants,,36.64,500000004,8238db98f3ff4c8bad43f14a75c99d67
2024-02-04 12:32:16 UTC,view,9829417,1546390003792228747,footwear.sneakers,,113.8,500000001,1b6f3aa21cdf4d21954d4956d878238f
2024-02-04 12:33:11 UTC,view,9829417,1546390003792228747,footwear.sneakers,Bellcroft,134.21,500000001,1b6f3aa21cdf4d21954d4956d878238f
2024-02-08 22:45:09 UTC,view,8966163,1549623645531932356,accessories.bags,Solmara,89.55,500000015,3a83beb66db447a288dce0c4c485d4f7
2024-02-08 22:50:14 UTC,view,7182700,1492821164472423496,apparel.men.jeans,,89.5,500000015,3a83beb66db447a288dce0c4c485d4f7
2024-02-08 22:52:11 UTC,view,9118832,1589407324608544585,apparel.women.outerwear,Ruskin & Fable,153.38,500000015,3a83beb66db447a288dce0c4c485d4f7
2024-02-08 22:54:13 UTC,view,6079235,1508136215129873133,apparel.kids.top,Bramholt,8.57,500000015,3a83beb66db447a288dce0c4c485d4f7
2024-02-08 22:54:24 UTC,view,9118832,1589407324608544585,apparel.women.outerwear,Ruskin & Fable,160.06,500000015,3a83beb66db447a288dce0c4c485d4f7
08/02/2024 22:58,view,3243048,1558364261414932063,apparel.women.top,Thistlewood,43.56,500000015,3a83beb66db447a288dce0c4c485d4f7
2024-02-08 23:02:59 UTC,view,5599767,1558364261414932063,apparel.women.top,Ferncastle,16.77,500000015,3a83beb66db447a288dce0c4c485d4f7
2024-02-08 23:03:56 UTC,cart,3852546,1482972250706899052,apparel.women.pants,Bramholt,74.34,500000015,3a83beb66db447a288dce0c4c485d4f7
2024-02-08 23:05:35 UTC,purchase,3852546,1482972250706899052,apparel.women.pants,Bramholt,66.82,500000015,3a83beb66db447a288dce0c4c485d4f7
2024-02-15 16:27:38 UTC,view,8966163,1549623645531932356,accessories.bags,Solmara,80.86,500000022,b4980329f53f4b9abc3d534fb10fd513
2024-02-15 16:28:02 UTC,view,2875921,1546390003792228747,footwear.sneakers,,163.53,500000022,b4980329f53f4b9abc3d534fb10fd513
2024-02-15 16:29:10 UTC,cart,4895822,1428548884811402817,,,47.04,500000022,b4980329f53f4b9abc3d534fb10fd513
2024-02-15 16:29:38 UTC,purchase,4895822,1428548884811402817,apparel.men.shirt,Doverly,48.52,500000022,b4980329f53f4b9abc3d534fb10fd513
2024-02-15 16:34:18 UTC,view,4646091,1516173523019626745,apparel.women.dress,,71.49,500000022,b4980329f53f4b9abc3d534fb10fd513
2024-02-15 16:36:14 UTC,view,1162680,1589407324608544585,apparel.women.outerwear,Kestrel & Co,200.07,500000022,b4980329f53f4b9abc3d534fb10fd513
2024-02-15 16:48:49 UTC,view,9829417,1546390003792228747,footwear.sneakers,,133.57,500000022,b4980329f53f4b9abc3d534fb10fd513
2024-02-15 16:50:07 UTC,view,5114384,1558186846391920988,apparel.kids.outerwear,Kestrel & Co,25.08,500000022,b4980329f53f4b9abc3d534fb10fd513
2024-02-23 21:05:45 UTC,view,7182700,1492821164472423496,apparel.men.jeans,,98.08,500000001,2c3f5c2b20aa4d0b888b2470bd2fd9eb
2024-02-23 21:10:13 UTC,view,2102225,1516173523019626745,apparel.women.dress,Vantree,38.5,500000001,2c3f5c2b20aa4d0b888b2470bd2fd9eb
2024-02-23 21:15:53 UTC,view,1196740,1516173523019626745,apparel.women.dress,Vantree,68.09,500000001,2c3f5c2b20aa4d0b888b2470bd2fd9eb
2024-02-23 21:19:50 UTC,view,1383693,1492821164472423496,apparel.men.jeans,,39.04,500000001,2c3f5c2b20aa4d0b888b2470bd2fd9eb
2024-02-23 21:29:58 UTC,view,9829417,1546390003792228747,,,119.66,500000001,2c3f5c2b20aa4d0b888b2470bd2fd9eb
2024-02-23 21:38:31 UTC,cart,6024870,1492821164472423496,apparel.men.jeans,,32.55,500000001,2c3f5c2b20aa4d0b888b2470bd2fd9eb
23/02/2024 21:45,purchase,6024870,1492821164472423496,apparel.men.jeans,Doverly,33.79,500000001,2c3f5c2b20aa4d0b888b2470bd2fd9eb
2024-02-25 11:36:14 UTC,view,7729308,1482972250706899052,apparel.women.pants,,42.53,500003011,79245b8ed9f54b32a7ab8d1184e42139
2024-02-25 11:38:15 UTC,view,1029072,1482972250706899052,apparel.women.pants,Palewick,49.81,500003011,79245b8ed9f54b32a7ab8d1184e42139
2024-02-25 11:52:32 UTC,view,2102225,1516173523019626745,apparel.women.dress,Vantree,38.62,500003011,79245b8ed9f54b32a7ab8d1184e42139
2024-02-25 11:58:42 UTC,view,3289377,1546390003792228747,footwear.sneakers,Greymont,64.15,500003011,79245b8ed9f54b32a7ab8d1184e42139
2024-02-25 12:00:17 UTC,view,9829417,1546390003792228747,footwear.sneakers,Bellcroft,128.75,500003011,79245b8ed9f54b32a7ab8d1184e42139
2024-02-25 12:01:42 UTC,view,4747587,1482972250706899052,apparel.women.pants,,72.88,500003011,79245b8ed9f54b32a7ab8d1184e42139
2024-02-25 12:01:57 UTC,view,8634461,1428548884811402817,apparel.men.shirt,,19.79,500003011,79245b8ed9f54b32a7ab8d1184e42139
2024-02-25 12:02:01 UTC,view,8966163,1549623645531932356,accessories.bags,Solmara,86.3,500003011,79245b8ed9f54b32a7ab8d1184e42139
08/02/2024 18:46,view,9746038,1516173523019626745,apparel.women.dress,,37.31,500000003,05cbbb87d23d4565b183b62da86d4980
2024-02-08 19:05:49 UTC,view,8746636,1482972250706899052,apparel.women.pants,Oakspire,59.59,500000003,05cbbb87d23d4565b183b62da86d4980
2024-02-08 19:06:45 UTC,view,4747587,1482972250706899052,apparel.women.pants,,82.41,500000003,05cbbb87d23d4565b183b62da86d4980
2024-02-22 13:58:56 UTC,view,7814384,1482972250706899052,apparel.women.pants,Palewick,80.28,500000029,0d72b037182f4ee589e9c9ebdb3b57cd
2024-02-22 14:01:46 UTC,view,7729308,1482972250706899052,apparel.women.pants,Ruskin & Fable,42.22,500000029,0d72b037182f4ee589e9c9ebdb3b57cd
2024-02-22 14:02:19 UTC,cart,5114384,1558186846391920988,apparel.kids.outerwear,,26.89,500000029,0d72b037182f4ee589e9c9ebdb3b57cd
2024-02-22 14:07:26 UTC,view,8966163,1549623645531932356,accessories.bags,Solmara,88.09,500000029,0d72b037182f4ee589e9c9ebdb3b57cd
2024-02-22 14:09:29 UTC,purchase,5114384,1558186846391920988,apparel.kids.outerwear,Kestrel & Co,25.27,500000029,0d72b037182f4ee589e9c9ebdb3b57cd
2024-02-22 14:18:41 UTC,view,8966163,1549623645531932356,,Solmara,85.74,500000029,0d72b037182f4ee589e9c9ebdb3b57cd
2024-02-01 14:03:48 UTC,view,7182700,1492821164472423496,apparel.men.jeans,,86.65,500000006,e0ef7fb2a3bc4c3abfeaef71309908f6
2024-02-01 14:06:56 UTC,view,6944057,1428548884811402817,apparel.men.shirt,,51.49,500000006,e0ef7fb2a3bc4c3abfeaef71309908f6
2024-02-01 14:07:51 UTC,view,3554832,1428548884811402817,apparel.men.shirt,Greymont,51.85,500000006,e0ef7fb2a3bc4c3abfeaef71309908f6
2024-02-01 14:13:21 UTC,view,9036326,1558430393367643133,,,8.3,500000006,e0ef7fb2a3bc4c3abfeaef71309908f6
2024-02-01 14:18:56 UTC,view,3163829,1558364261414932063,,Marlow Row,45.22,500000006,e0ef7fb2a3bc4c3abfeaef71309908f6
2024-02-01 14:19:48 UTC,view,9755526,1589407324608544585,apparel.women.outerwear,Ashgrove,83.41,500000006,e0ef7fb2a3bc4c3abfeaef71309908f6
2024-02-01 14:22:19 UTC,cart,4476707,1492821164472423496,apparel.men.jeans,Aldyne,99.18,500000006,e0ef7fb2a3bc4c3abfeaef71309908f6
2024-02-01 14:28:24 UTC,purchase,4476707,1492821164472423496,apparel.men.jeans,Aldyne,84.25,500000006,e0ef7fb2a3bc4c3abfeaef71309908f6
2024-02-13 16:38:40 UTC,view,3428363,1516173523019626745,apparel.women.dress,,75.93,500000001,b73c6ea3cd26499eb60a7451014fb241
2024-02-13 16:45:16 UTC,view,6000495,1546390003792228747,footwear.sneakers,,48.33,500000001,b73c6ea3cd26499eb60a7451014fb241
2024-02-13 16:50:40 UTC,view,8966163,1549623645531932356,accessories.bags,,84.05,500000001,b73c6ea3cd26499eb60a7451014fb241
2024-02-15 17:51:09 UTC,view,1099410,1558430393367643133,accessories.hats,Norlend,15.11,500001591,dcb76165afc54a52995810ca9f10a1ee
2024-02-15 17:58:00 UTC,view,5114384,1558186846391920988,apparel.kids.outerwear,Kestrel & Co,26.36,500001591,dcb76165afc54a52995810ca9f10a1ee
2024-02-15 18:06:44 UTC,view,7427053,1519748099762056932,apparel.men.outerwear,Thistlewood,53.94,500001591,dcb76165afc54a52995810ca9f10a1ee
2024-02-15 18:13:32 UTC,view,4747587,1482972250706899052,apparel.women.pants,,76.25,500001591,dcb76165afc54a52995810ca9f10a1ee
2024-02-15 18:16:23 UTC,view,3240903,1549623645531932356,accessories.bags,,72.43,500001591,dcb76165afc54a52995810ca9f10a1ee
2024-02-15 18:17:50 UTC,view,7630387,1558186846391920988,apparel.kids.outerwear,,30.97,500001591,dcb76165afc54a52995810ca9f10a1ee
2024-02-18 18:31:38 UTC,view,7567958,1516173523019626745,apparel.women.dress,,82.98,500000001,a07006404b414c7bb5d9050b7433427b
2024-02-18 18:31:53 UTC,view,4958034,1516173523019626745,apparel.women.dress,Palewick,41.14,500000001,a07006404b414c7bb5d9050b7433427b
2024-02-23 18:38:33 UTC,view,5464062,1508136215129873133,,Bellcroft,18.81,500000014,598bb257f6f949d5ae87f4e3655da1f2
2024-02-23 18:38:39 UTC,cart,6245368,1558430393367643133,accessories.hats,,28.95,500000014,598bb257f6f949d5ae87f4e3655da1f2
2024-02-23 18:41:47 UTC,purchase,6245368,1558430393367643133,accessories.hats,,24.88,500000014,598bb257f6f949d5ae87f4e3655da1f2
2024-02-23 18:50:46 UTC,view,6854023,1549623645531932356,accessories.bags,Doverly,150.91,500000014,598bb257f6f949d5ae87f4e3655da1f2
2024-02-23 19:02:26 UTC,view,7201529,1589407324608544585,apparel.women.outerwear,Ruskin & Fable,95.23,500000014,598bb257f6f949d5ae87f4e3655da1f2
2024-02-24 23:01:56 UTC,view,9036326,1558430393367643133,accessories.hats,,7.77,500000001,6503ff1d1d09463185eac0321b055007
2024-02-24 23:12:26 UTC,view,9829417,1546390003792228747,footwear.sneakers,Bellcroft,136.75,500000001,6503ff1d1d09463185eac0321b055007
2024-02-24 23:24:08 UTC,view,7171122,1558186846391920988,apparel.kids.outerwear,,69.41,500000001,6503ff1d1d09463185eac0321b055007
2024-02-24 23:27:41 UTC,cart,1099410,1558430393367643133,accessories.hats,Norlend,14.9,500000001,6503ff1d1d09463185eac0321b055007
2024-02-24 23:34:25 UTC,purchase,1099410,1558430393367643133,,Norlend,14.88,500000001,6503ff1d1d09463185eac0321b055007
2024-02-25 15:24:25 UTC,view,5530296,1558364261414932063,apparel.women.top,Greymont,28.42,500000003,ca4a113ab8bd465aaed4288b5ac9a6f2
2024-02-25 15:31:42 UTC,view,8966163,1549623645531932356,accessories.bags,Solmara,87.4,500000003,ca4a113ab8bd465aaed4288b5ac9a6f2
2024-02-25 15:32:43 UTC,view,5908484,1589407324608544585,apparel.women.outerwear,Aldyne,209.03,500000003,ca4a113ab8bd465aaed4288b5ac9a6f2
2024-02-25 15:34:54 UTC,view,7182700,1492821164472423496,apparel.men.jeans,,92.7,500000003,ca4a113ab8bd465aaed4288b5ac9a6f2
2024-02-25 12:48:49 UTC,view,6810241,1428548884811402817,apparel.men.shirt,Milbrook,17.85,500000001,b8644dc1e4984151ba83b99c6072005a
2024-02-25 12:54:49 UTC,view,3243048,1558364261414932063,,,44.02,500000001,b8644dc1e4984151ba83b99c6072005a
2024-02-25 12:57:45 UTC,view,4747587,1482972250706899052,apparel.women.pants,,82.05,500000001,b8644dc1e4984151ba83b99c6072005a
2024-02-25 13:03:38 UTC,view,7255659,1492821164472423496,apparel.men.jeans,Norlend,91.85,500000001,b8644dc1e4984151ba83b99c6072005a
2024-02-25 13:09:04 UTC,cart,8966163,1549623645531932356,accessories.bags,Solmara,85.33,500000001,b8644dc1e4984151ba83b99c6072005a
2024-02-25 13:10:47 UTC,remove_from_cart,8966163,1549623645531932356,accessories.bags,Solmara,84.96,500000001,b8644dc1e4984151ba83b99c6072005a
2024-02-03 20:21:38 UTC,view,1428173,1589407324608544585,apparel.women.outerwear,,109.54,500000001,74dc7bac967e47da9354c0b580f75604
2024-02-03 20:30:46 UTC,view,7182700,1492821164472423496,apparel.men.jeans,,94.71,500000001,74dc7bac967e47da9354c0b580f75604
2024-02-03 20:31:29 UTC,view,6362414,1558364261414932063,,,22.7,500000001,74dc7bac967e47da9354c0b580f75604
2024-02-03 20:34:41 UTC,cart,8966163,1549623645531932356,,Solmara,85.37,500000001,74dc7bac967e47da9354c0b580f75604
2024-02-03 20:38:19 UTC,view,8966163,1549623645531932356,accessories.bags,Solmara,77.9,500000001,74dc7bac967e47da9354c0b580f75604
2024-02-03 20:39:40 UTC,purchase,8966163,1549623645531932356,accessories.bags,Solmara,82.42,500000001,74dc7bac967e47da9354c0b580f75604
2024-02-03 20:46:06 UTC,view,4098324,1558364261414932063,,,24.23,500000001,74dc7bac967e47da9354c0b580f75604
2024-02-17 17:23:46 UTC,view,7182700,1492821164472423496,,,93.84,500000078,f314835c1dda4c5b9dc16db6395db572
2024-02-17 17:27:32 UTC,view,4098324,1558364261414932063,apparel.women.top,Norlend,23.74,500000078,f314835c1dda4c5b9dc16db6395db572
2024-02-17 17:29:48 UTC,view,8754194,1482972250706899052,apparel.women.pants,Kestrel & Co,59.19,500000078,f314835c1dda4c5b9dc16db6395db572
2024-02-18 16:02:28 UTC,view,4747587,1482972250706899052,apparel.women.pants,,74.53,500000004,8710f5a0dd2e44baac3e956387a49f8a
2024-02-18 16:07:01 UTC,view,7182700,1492821164472423496,apparel.men.jeans,,99.21,500000004,8710f5a0dd2e44baac3e956387a49f8a
2024-02-18 16:25:46 UTC,view,7567958,1516173523019626745,apparel.women.dress,,82.65,500000004,8710f5a0dd2e44baac3e956387a49f8a
,view,4194454,1482972250706899052,apparel.women.pants,,59.94,500000004,8710f5a0dd2e44baac3e956387a49f8a
2024-02-26 09:26:58 UTC,view,9065490,1516173523019626745,apparel.women.dress,,110.25,500000008,15e3bcf148844a508d43a570bd5d0580
2024-02-26 09:38:49 UTC,view,8966163,1549623645531932356,,Solmara,84.3,500000008,15e3bcf148844a508d43a570bd5d0580
2024-02-26 09:41:46 UTC,view,6693651,1482972250706899052,apparel.women.pants,Cinderfox,34.04,500000008,15e3bcf148844a508d43a570bd5d0580
2024-02-29 12:51:35 UTC,cart,4747587,1482972250706899052,apparel.women.pants,,77.1,500000006,e8e6987f9430435f9a89c7c5f0a31365
2024-02-29 12:55:29 UTC,purchase,4747587,1482972250706899052,,,74.26,500000006,e8e6987f9430435f9a89c7c5f0a31365
2024-02-29 12:56:45 UTC,view,6543834,1590725883499271729,accessories.belts,,17.13,500000006,e8e6987f9430435f9a89c7c5f0a31365
2024-02-29 13:01:45 UTC,view,5678537,1472209747072745335,footwear.boots,,116.93,500000006,e8e6987f9430435f9a89c7c5f0a31365
2024-02-29 13:02:27 UTC,view,8966163,1549623645531932356,accessories.bags,Solmara,89.94,500000006,e8e6987f9430435f9a89c7c5f0a31365
2024-02-29 13:05:34 UTC,view,9315482,1594728468612408249,accessories.jewelry,Marlow Row,67.9,500000006,e8e6987f9430435f9a89c7c5f0a31365
2024-02-29 13:08:58 UTC,view,5520674,1428548884811402817,apparel.men.shirt,,31.58,500000006,e8e6987f9430435f9a89c7c5f0a31365
2024-02-29 13:09:54 UTC,view,3676700,1558186846391920988,apparel.kids.outerwear,Oakspire,73.54,500000006,e8e6987f9430435f9a89c7c5f0a31365
2024-02-29 13:10:09 UTC,view,8966163,1549623645531932356,accessories.bags,Solmara,92.75,500000006,e8e6987f9430435f9a89c7c5f0a31365
2024-02-03 13:47:34 UTC,cart,4762867,1594728468612408249,accessories.jewelry,Greymont,16.9,500000040,5cd2b6efbabd4733b783208c3f0ca75e
2024-02-03 13:52:17 UTC,view,9755526,1589407324608544585,apparel.women.outerwear,Ashgrove,91.41,500000040,5cd2b6efbabd4733b783208c3f0ca75e
2024-02-03 13:53:44 UTC,purchase,4762867,1594728468612408249,accessories.jewelry,,15.95,500000040,5cd2b6efbabd4733b783208c3f0ca75e
2024-02-06 18:33:47 UTC,view,6245368,1558430393367643133,accessories.hats,,28.85,500000001,c1e4512a5c3b435dba397cdf8cd50aca
2024-02-06 18:36:17 UTC,view,9746038,1516173523019626745,apparel.women.dress,,34.49,500000001,c1e4512a5c3b435dba397cdf8cd50aca
2024-02-06 18:36:51 UTC,view,4747587,1482972250706899052,apparel.women.pants,,83.12,500000001,c1e4512a5c3b435dba397cdf8cd50aca
2024-02-06 18:39:19 UTC,view,3301602,1594728468612408249,,Vantree,42.37,500000001,c1e4512a5c3b435dba397cdf8cd50aca
2024-02-06 18:40:38 UTC,view,4098324,1558364261414932063,apparel.women.top,Norlend,22.3,500000001,c1e4512a5c3b435dba397cdf8cd50aca
2024-02-06 18:42:21 UTC,cart,8966163,1549623645531932356,accessories.bags,Solmara,92.75,500000001,c1e4512a5c3b435dba397cdf8cd50aca
2024-02-06 18:47:09 UTC,purchase,8966163,1549623645531932356,accessories.bags,Solmara,86.74,500000001,c1e4512a5c3b435dba397cdf8cd50aca
2024-02-06 18:51:08 UTC,view,9748139,1594728468612408249,accessories.jewelry,,21.22,500000001,c1e4512a5c3b435dba397cdf8cd50aca
2024-02-06 18:54:15 UTC,view,7182700,1492821164472423496,apparel.men.jeans,,93.92,500000001,c1e4512a5c3b435dba397cdf8cd50aca
2024-02-09 12:05:26 UTC,view,3554832,1428548884811402817,apparel.men.shirt,Greymont,53.7,500000017,c084655f19f64c1bae5d90ae6f59c6d6
2024-02-09 12:08:11 UTC,view,2102225,1516173523019626745,apparel.women.dress,Vantree,36.71,500000017,c084655f19f64c1bae5d90ae6f59c6d6
2024-02-09 12:11:18 UTC,view,7871485,1508136215129873133,apparel.kids.top,,18.91,500000017,c084655f19f64c1bae5d90ae6f59c6d6
2024-02-09 12:15:14 UTC,view,8966163,1549623645531932356,accessories.bags,Solmara,77.35,500000017,c084655f19f64c1bae5d90ae6f59c6d6
2024-02-09 12:19:45 UTC,view,7182700,1492821164472423496,apparel.men.jeans,,92.05,500000017,c084655f19f64c1bae5d90ae6f59c6d6
2024-02-09 12:22:22 UTC,view,2102225,1516173523019626745,apparel.women.dress,Vantree,37.86,500000017,c084655f19f64c1bae5d90ae6f59c6d6
2024-02-10 21:58:21 UTC,view,7814384,1482972250706899052,apparel.women.pants,Palewick,75.17,500000001,75287b0ede204982b6158a82f292a466
2024-02-10 21:58:32 UTC,cart,9829417,1546390003792228747,,Bellcroft,120.63,500000001,75287b0ede204982b6158a82f292a466
2024-02-10 21:59:34 UTC,view,8634461,1428548884811402817,apparel.men.shirt,Kestrel & Co,22.17,500000001,75287b0ede204982b6158a82f292a466
2024-02-10 22:02:43 UTC,view,7660389,1508136215129873133,apparel.kids.top,,24.45,500000001,75287b0ede204982b6158a82f292a466
2024-02-10 22:06:00 UTC,purchase,9829417,1546390003792228747,footwear.sneakers,,132.71,500000001,75287b0ede204982b6158a82f292a466
2024-02-10 22:10:44 UTC,view,6976349,1482972250706899052,apparel.women.pants,,42.52,500000001,75287b0ede204982b6158a82f292a466
2024-02-14 12:01:00 UTC,view,8903471,1428548884811402817,apparel.men.shirt,,21.05,500000007,5ce2621d7eef45278cfc8d4438faff41
2024-02-14 12:05:11 UTC,view,1260475,1589407324608544585,apparel.women.outerwear,Kestrel & Co,180.03,500000007,5ce2621d7eef45278cfc8d4438faff41
2024-02-14 12:14:37 UTC,cart,4747587,1482972250706899052,apparel.women.pants,,78.72,500000007,5ce2621d7eef45278cfc8d4438faff41
2024-02-14 12:15:51 UTC,purchase,4747587,1482972250706899052,apparel.women.pants,,75.54,500000007,5ce2621d7eef45278cfc8d4438faff41
2024-02-14 12:15:57 UTC,view,4762867,1594728468612408249,accessories.jewelry,Greymont,16.48,500000007,5ce2621d7eef45278cfc8d4438faff41
2024-02-23 21:30:27 UTC,view,4489659,1516173523019626745,apparel.women.dress,Milbrook,58.87,500000891,d2e042880cb44083a9b2376611fb1c60
2024-02-23 21:36:42 UTC,view,7303637,1516173523019626745,apparel.women.dress,,84.17,500000891,d2e042880cb44083a9b2376611fb1c60
2024-02-23 21:54:15 UTC,view,9319849,1472209747072745335,footwear.boots,,165.48,500000891,d2e042880cb44083a9b2376611fb1c60
2024-02-23 21:55:08 UTC,cart,6953807,1558364261414932063,,Kestrel & Co,13.09,500000891,d2e042880cb44083a9b2376611fb1c60
2024-02-23 21:58:04 UTC,view,2337045,1558364261414932063,apparel.women.top,Oakspire,20.37,500000891,d2e042880cb44083a9b2376611fb1c60
2024-02-03 13:52:25 UTC,view,9800243,1492821164472423496,apparel.men.jeans,Palewick,80.08,500000002,7de15b5361174fe89cae5d9e26c3947d
2024-02-03 13:54:42 UTC,cart,7303637,1516173523019626745,apparel.women.dress,,76.53,500000002,7de15b5361174fe89cae5d9e26c3947d
2024-02-03 13:55:47 UTC,view,2292183,1508136215129873133,apparel.kids.top,,14.61,500000002,7de15b5361174fe89cae5d9e26c3947d
2024-02-03 13:59:52 UTC,purchase,7303637,1516173523019626745,apparel.women.dress,Wrenfield,80.31,500000002,7de15b5361174fe89cae5d9e26c3947d
2024-02-03 14:04:40 UTC,view,7567958,1516173523019626745,apparel.women.dress,,98.14,500000002,7de15b5361174fe89cae5d9e26c3947d
2024-02-03 14:07:20 UTC,view,3428363,1516173523019626745,,,75.22,500000002,7de15b5361174fe89cae5d9e26c3947d
03/02/2024 14:07,view,8966163,1549623645531932356,accessories.bags,,81.86,500000002,7de15b5361174fe89cae5d9e26c3947d
2024-02-03 14:08:14 UTC,view,7182700,1492821164472423496,apparel.men.jeans,,96.67,500000002,7de15b5361174fe89cae5d9e26c3947d
2024-02-03 14:11:09 UTC,view,3852546,1482972250706899052,apparel.women.pants,Bramholt,76.96,500000002,7de15b5361174fe89cae5d9e26c3947d
2024-02-11 18:59:33 UTC,view,9036326,1558430393367643133,accessories.hats,,7.87,500000001,cbb52cf2946e4b5184ec1004ac0d8650
2024-02-11 19:01:07 UTC,view,3243048,1558364261414932063,apparel.women.top,Thistlewood,45.1,500000001,cbb52cf2946e4b5184ec1004ac0d8650
2024-02-11 19:01:51 UTC,view,2102225,1516173523019626745,,Vantree,38.55,500000001,cbb52cf2946e4b5184ec1004ac0d8650
2024-02-11 19:17:28 UTC,cart,6380274,1472209747072745335,footwear.boots,Wrenfield,182.63,500000001,cbb52cf2946e4b5184ec1004ac0d8650
2024-02-11 19:19:48 UTC,purchase,6380274,1472209747072745335,,Wrenfield,170.41,500000001,cbb52cf2946e4b5184ec1004ac0d8650
19/02/2024 08:56,view,7729308,1482972250706899052,apparel.women.pants,,41.62,500000006,7b15e200388a4797aa3d8c93bb2d86bc
2024-02-19 09:00:51 UTC,view,6362414,1558364261414932063,apparel.women.top,Ferncastle,25.94,500000006,7b15e200388a4797aa3d8c93bb2d86bc
2024-02-19 09:07:03 UTC,view,8966163,1549623645531932356,accessories.bags,Solmara,82.09,500000006,7b15e200388a4797aa3d8c93bb2d86bc
2024-02-24 17:19:50 UTC,view,9319849,1472209747072745335,footwear.boots,Marlow Row,137.37,500000055,309f98ec5c594f31a6bab778b7a2caef
2024-02-24 17:20:39 UTC,view,2337045,1558364261414932063,apparel.women.top,,19.42,500000055,309f98ec5c594f31a6bab778b7a2caef
2024-02-27 09:03:35 UTC,view,2102225,1516173523019626745,apparel.women.dress,Vantree,37.74,500000001,02047c5f563f495d9a391a4a1294c544
2024-02-27 09:05:10 UTC,view,4489659,1516173523019626745,apparel.women.dress,Milbrook,62.56,500000001,02047c5f563f495d9a391a4a1294c544
2024-02-27 09:20:02 UTC,view,2317989,1482972250706899052,,Palewick,60.72,500000001,02047c5f563f495d9a391a4a1294c544
2024-02-11 19:17:28 UTC,cart,6380274,1472209747072745335,footwear.boots,Wrenfield,182.63,500000001,cbb52cf2946e4b5184ec1004ac0d8650
2024-02-02 11:43:01 UTC,view,5234930,1589407324608544585,apparel.women.outerwear,Oakspire,173.79,500000002,884a30f6e3d84f8a996b090c0998f8e5
2024-02-02 11:45:06 UTC,view,8838340,1492821164472423496,apparel.men.jeans,,39.23,500000002,884a30f6e3d84f8a996b090c0998f8e5
2024-02-02 12:01:11 UTC,view,8966163,1549623645531932356,accessories.bags,Solmara,77.49,500000002,884a30f6e3d84f8a996b090c0998f8e5
2024-02-02 12:02:08 UTC,view,8838340,1492821164472423496,apparel.men.jeans,,35.11,500000002,884a30f6e3d84f8a996b090c0998f8e5
2024-02-02 12:05:36 UTC,view,7729308,1482972250706899052,apparel.women.pants,Ruskin & Fable,38.56,500000002,884a30f6e3d84f8a996b090c0998f8e5
2024-02-02 12:10:51 UTC,view,3243048,1558364261414932063,apparel.women.top,Thistlewood,43.63,500000002,884a30f6e3d84f8a996b090c0998f8e5
2024-02-02 12:11:32 UTC,view,3243048,1558364261414932063,apparel.women.top,Thistlewood,45.23,500000002,884a30f6e3d84f8a996b090c0998f8e5
2024-02-14 10:56:15 UTC,view,9755526,1589407324608544585,apparel.women.outerwear,Ashgrove,88.22,500000064,90f79a101ffa42169f6b0ac0d8f86523
2024-02-14 11:10:18 UTC,view,7182700,1492821164472423496,apparel.men.jeans,,88.56,500000064,90f79a101ffa42169f6b0ac0d8f86523
2024-02-14 11:12:10 UTC,view,9829417,1546390003792228747,footwear.sneakers,Bellcroft,130.28,500000064,90f79a101ffa42169f6b0ac0d8f86523
2024-02-17 21:05:56 UTC,view,4489659,1516173523019626745,apparel.women.dress,Milbrook,65.26,500000003,1d3d7885ed3448cbaab41f2ea9ea495b
2024-02-17 21:14:31 UTC,cart,9755526,1589407324608544585,apparel.women.outerwear,Ashgrove,83.42,500000003,1d3d7885ed3448cbaab41f2ea9ea495b
2024-02-17 21:19:45 UTC,view,6380274,1472209747072745335,footwear.boots,,187.54,500000003,1d3d7885ed3448cbaab41f2ea9ea495b
2024-02-17 21:23:09 UTC,purchase,9755526,1589407324608544585,apparel.women.outerwear,Ashgrove,89.76,500000003,1d3d7885ed3448cbaab41f2ea9ea495b
2024-02-17 21:24:19 UTC,view,4476707,1492821164472423496,apparel.men.jeans,,95.36,500000003,1d3d7885ed3448cbaab41f2ea9ea495b
2024-02-28 11:08:34 UTC,view,5027667,1546390003792228747,footwear.sneakers,Milbrook,106.26,500000001,baf77037f7024991b7d43703b1a2185e
2024-02-28 11:11:30 UTC,view,7182700,1492821164472423496,,,92.4,500000001,baf77037f7024991b7d43703b1a2185e
2024-02-28 11:18:08 UTC,view,5678537,1472209747072745335,footwear.boots,,126.9,500000001,baf77037f7024991b7d43703b1a2185e
2024-02-03 15:44:37 UTC,cart,7182700,1492821164472423496,apparel.men.jeans,,84.26,500000001,08d299f92f664390942efead39b0e30e
2024-02-03 15:45:35 UTC,view,4356662,1519748099762056932,apparel.men.outerwear,,235.01,500000001,08d299f92f664390942efead39b0e30e
2024-02-03 15:46:02 UTC,purchase,7182700,1492821164472423496,apparel.men.jeans,,93.14,500000001,08d299f92f664390942efead39b0e30e
2024-02-03 15:46:54 UTC,view,4194454,1482972250706899052,apparel.women.pants,Vantree,71.52,500000001,08d299f92f664390942efead39b0e30e
2024-02-03 15:53:41 UTC,view,6637675,1428548884811402817,,,37.15,500000001,08d299f92f664390942efead39b0e30e
2024-02-03 19:27:30 UTC,view,7093987,1492821164472423496,apparel.men.jeans,,34.02,500000001,a5af6260c76e43ab92368c41f36c509f
2024-02-03 19:28:00 UTC,view,9036326,1558430393367643133,accessories.hats,,8.29,500000001,a5af6260c76e43ab92368c41f36c509f
2024-02-03 19:47:45 UTC,view,1428173,1589407324608544585,apparel.women.outerwear,,105.72,500000001,a5af6260c76e43ab92368c41f36c509f
2024-02-05 17:40:14 UTC,view,7429245,1428548884811402817,,,16.86,500000002,3c0a11304c874052b618d0306f58dbfc
2024-02-05 17:44:11 UTC,cart,8966163,1549623645531932356,,Solmara,89.84,500000002,3c0a11304c874052b618d0306f58dbfc
2024-02-05 17:52:53 UTC,purchase,8966163,1549623645531932356,accessories.bags,Solmara,81.85,500000002,3c0a11304c874052b618d0306f58dbfc
2024-02-06 14:35:06 UTC,view,1162680,1589407324608544585,apparel.women.outerwear,,226.69,500000109,cbc2495eb1e94fddae0ea3fdd1db872b
2024-02-06 14:35:57 UTC,view,8966163,1549623645531932356,accessories.bags,,76.67,500000109,cbc2495eb1e94fddae0ea3fdd1db872b
2024-02-06 14:39:44 UTC,view,9829417,1546390003792228747,footwear.sneakers,Bellcroft,118.5,500000109,cbc2495eb1e94fddae0ea3fdd1db872b
2024-02-06 14:52:52 UTC,view,2102225,1516173523019626745,apparel.women.dress,Vantree,33.7,500000109,cbc2495eb1e94fddae0ea3fdd1db872b
2024-02-19 22:02:51 UTC,view,7279985,1516173523019626745,apparel.women.dress,Marlow Row,110.7,500000007,03d56fe5546543ca8d962871dbb31b73
2024-02-19 22:06:04 UTC,view,9829417,1546390003792228747,,,132.78,500000007,03d56fe5546543ca8d962871dbb31b73
2024-02-19 22:08:02 UTC,view,8966163,1549623645531932356,accessories.bags,,83.47,500000007,03d56fe5546543ca8d962871dbb31b73
2024-02-19 22:10:01 UTC,view,1260475,1589407324608544585,apparel.women.outerwear,Kestrel & Co,199.83,500000007,03d56fe5546543ca8d962871dbb31b73
2024-02-19 22:16:39 UTC,cart,5114384,1558186846391920988,apparel.kids.outerwear,Kestrel & Co,26.98,500000007,03d56fe5546543ca8d962871dbb31b73
2024-02-19 22:16:41 UTC,view,6944057,1428548884811402817,apparel.men.shirt,,46.69,500000007,03d56fe5546543ca8d962871dbb31b73
2024-02-21 12:57:09 UTC,view,4747587,1482972250706899052,apparel.women.pants,,72.06,500000006,8ddf942cdc224f3e9625ca19dcbf47af
2024-02-21 13:09:20 UTC,cart,9755526,1589407324608544585,apparel.women.outerwear,Ashgrove,85.64,500000006,8ddf942cdc224f3e9625ca19dcbf47af
2024-02-21 13:14:07 UTC,purchase,9755526,1589407324608544585,,Ashgrove,83.31,500000006,8ddf942cdc224f3e9625ca19dcbf47af
2024-02-21 14:37:37 UTC,view,8966163,1549623645531932356,accessories.bags,Solmara,90.57,500000010,6339a9dc5169442394b19edfc22b79b3
2024-02-21 14:40:47 UTC,view,2102225,1516173523019626745,apparel.women.dress,,38.28,500000010,6339a9dc5169442394b19edfc22b79b3
2024-02-21 14:52:05 UTC,view,6460385,1472209747072745335,footwear.boots,Doverly,105.96,500000010,6339a9dc5169442394b19edfc22b79b3
2024-02-21 14:52:41 UTC,cart,1038403,1519748099762056932,apparel.men.outerwear,Ashgrove,55.63,500000010,6339a9dc5169442394b19edfc22b79b3
2024-02-21 14:56:50 UTC,purchase,1038403,1519748099762056932,apparel.men.outerwear,Ashgrove,59.26,500000010,6339a9dc5169442394b19edfc22b79b3
2024-02-21 14:57:38 UTC,view,6854023,1549623645531932356,accessories.bags,,142.74,500000010,6339a9dc5169442394b19edfc22b79b3
2024-02-21 15:05:06 UTC,view,1099410,1558430393367643133,,Norlend,15.63,500000010,6339a9dc5169442394b19edfc22b79b3
2024-02-24 10:14:04 UTC,view,4747587,1482972250706899052,apparel.women.pants,,73.73,500000007,7bb7b17c26b34841bccd3ee6d1cdf84c
2024-02-24 10:15:23 UTC,view,6637675,1428548884811402817,apparel.men.shirt,,37.14,500000007,7bb7b17c26b34841bccd3ee6d1cdf84c
2024-02-24 10:15:53 UTC,view,9036326,1558430393367643133,accessories.hats,,8.06,500000007,7bb7b17c26b34841bccd3ee6d1cdf84c
2024-02-24 10:16:13 UTC,view,5530296,1558364261414932063,apparel.women.top,Greymont,27.95,500000007,7bb7b17c26b34841bccd3ee6d1cdf84c
2024-02-24 10:35:03 UTC,cart,9829417,1546390003792228747,footwear.sneakers,,136.48,500000007,7bb7b17c26b34841bccd3ee6d1cdf84c
2024-02-24 10:43:24 UTC,purchase,9829417,1546390003792228747,,Bellcroft,138.47,500000007,7bb7b17c26b34841bccd3ee6d1cdf84c
2024-02-25 18:29:09 UTC,view,4200826,1428548884811402817,apparel.men.shirt,Palewick,22.59,500000056,57fd0f0489b947629799d0143c18f32d
2024-02-25 18:31:25 UTC,view,2380478,1429628030847824846,footwear.sandals,Aldyne,44.98,500000056,57fd0f0489b947629799d0143c18f32d
2024-02-25 18:34:36 UTC,view,9755526,1589407324608544585,apparel.women.outerwear,Ashgrove,75.5,500000056,57fd0f0489b947629799d0143c18f32d
2024-02-25 18:35:34 UTC,view,8966163,1549623645531932356,accessories.bags,Solmara,92.76,500000056,57fd0f0489b947629799d0143c18f32d
2024-02-25 18:41:09 UTC,view,8746636,1482972250706899052,apparel.women.pants,Oakspire,53.77,500000056,57fd0f0489b947629799d0143c18f32d
2024-02-25 18:45:51 UTC,cart,7373415,1428548884811402817,apparel.men.shirt,Vantree,30.92,500000056,57fd0f0489b947629799d0143c18f32d
2024-02-25 18:52:49 UTC,purchase,7373415,1428548884811402817,apparel.men.shirt,Vantree,26.97,500000056,57fd0f0489b947629799d0143c18f32d
04/02/2024 18:03,view,4194454,1482972250706899052,apparel.women.pants,,61.83,500001706,a0a378c7c7ba4c94838029abf4ebf0ad
2024-02-04 18:07:04 UTC,view,1162680,1589407324608544585,apparel.women.outerwear,Kestrel & Co,195.5,500001706,a0a378c7c7ba4c94838029abf4ebf0ad
2024-02-04 18:07:18 UTC,view,7182700,1492821164472423496,apparel.men.jeans,,99.23,500001706,a0a378c7c7ba4c94838029abf4ebf0ad
2024-02-04 18:21:18 UTC,cart,3781033,1558364261414932063,apparel.women.top,Bellcroft,44.45,500001706,a0a378c7c7ba4c94838029abf4ebf0ad
2024-02-04 18:27:12 UTC,purchase,3781033,1558364261414932063,apparel.women.top,,48.84,500001706,a0a378c7c7ba4c94838029abf4ebf0ad
2024-02-21 11:14:17 UTC,view,4098324,1558364261414932063,apparel.women.top,Norlend,22.97,500000001,d0ba58d953f245de84d2857210c1c42a
2024-02-21 11:17:25 UTC,view,1356979,1482972250706899052,apparel.women.pants,Ferncastle,30.55,500000001,d0ba58d953f245de84d2857210c1c42a
2024-02-28 12:17:22 UTC,view,3428363,1516173523019626745,,,72.02,500000008,b38c9872680940ecbbb77c319a95e88a
2024-02-28 12:23:33 UTC,view,5092850,1508136215129873133,,Milbrook,20.62,500000008,b38c9872680940ecbbb77c319a95e88a
2024-02-28 12:30:17 UTC,view,9755526,1589407324608544585,apparel.women.outerwear,Ashgrove,83.9,500000008,b38c9872680940ecbbb77c319a95e88a
2024-02-28 12:35:33 UTC,view,5114384,1558186846391920988,apparel.kids.outerwear,,28.29,500000008,b38c9872680940ecbbb77c319a95e88a
2024-02-29 09:09:43 UTC,view,8966163,1549623645531932356,accessories.bags,Solmara,79.49,500000004,2a0c0430791b40f3bd47ab7c4a4173fe
2024-02-29 09:23:28 UTC,view,2299273,1558364261414932063,apparel.women.top,Aldyne,22.23,500000004,2a0c0430791b40f3bd47ab7c4a4173fe
2024-02-05 18:01:54 UTC,view,7182700,1492821164472423496,apparel.men.jeans,,94.15,500000002,1a209a00ca7a4fa3a6e96688c131e773
2024-02-05 18:02:12 UTC,view,4747587,1482972250706899052,,,81.49,500000002,1a209a00ca7a4fa3a6e96688c131e773
2024-02-05 18:23:17 UTC,view,9800243,1492821164472423496,apparel.men.jeans,Palewick,83.56,500000002,1a209a00ca7a4fa3a6e96688c131e773
2024-02-09 23:23:40 UTC,view,3002277,1558364261414932063,apparel.women.top,Harlow Vale,45.91,500000001,1894ac22a7b942f6be7373371ee92042
2024-02-09 23:29:13 UTC,view,5425967,1546390003792228747,footwear.sneakers,Kestrel & Co,78.6,500000001,1894ac22a7b942f6be7373371ee92042
2024-02-09 23:32:46 UTC,cart,3554832,1428548884811402817,apparel.men.shirt,Greymont,60.27,500000001,1894ac22a7b942f6be7373371ee92042
2024-02-09 23:35:36 UTC,purchase,3554832,1428548884811402817,apparel.men.shirt,,50.38,500000001,1894ac22a7b942f6be7373371ee92042
2024-02-09 23:36:38 UTC,view,1854723,1429628030847824846,footwear.sandals,Greymont,48.21,500000001,1894ac22a7b942f6be7373371ee92042
2024-02-12 05:20:25 UTC,view,2102225,1516173523019626745,apparel.women.dress,Vantree,36.56,500000003,d3fff4acead642af9e23bb1c7dbfb949
2024-02-24 12:28:26 UTC,view,3676700,1558186846391920988,apparel.kids.outerwear,Oakspire,73.29,500000002,fe053250805d46e789a60fa70bd27f40
2024-02-24 12:43:20 UTC,view,1162680,1589407324608544585,apparel.women.outerwear,Kestrel & Co,233.35,500000002,fe053250805d46e789a60fa70bd27f40
2024-02-24 12:47:34 UTC,cart,9554682,1492821164472423496,apparel.men.jeans,Norlend,88.07,500000002,fe053250805d46e789a60fa70bd27f40
2024-02-24 12:54:50 UTC,purchase,9554682,1492821164472423496,apparel.men.jeans,Norlend,91.65,500000002,fe053250805d46e789a60fa70bd27f40
2024-02-24 12:55:10 UTC,view,2731345,1428548884811402817,apparel.men.shirt,Aldyne,57.82,500000002,fe053250805d46e789a60fa70bd27f40
2024-02-27 10:14:52 UTC,view,6280890,1482972250706899052,apparel.women.pants,Oakspire,28.66,500000001,cbfead80440d4035a583a767cc6b0c9c
2024-02-02 10:10:31 UTC,view,5908484,1589407324608544585,apparel.women.outerwear,,219.36,500000002,e8998481384840d195465d9aaa5c2430
2024-02-02 10:23:17 UTC,view,3554832,1428548884811402817,,Greymont,58.68,500000002,e8998481384840d195465d9aaa5c2430
2024-02-06 12:13:44 UTC,view,5114384,1558186846391920988,,Kestrel & Co,27.1,500000001,3685b885f98e423ab2a3e51c72cec89c
06/02/2024 12:17,view,4747587,1482972250706899052,,,84.0,500000001,3685b885f98e423ab2a3e51c72cec89c
06/02/2024 12:24,view,2102225,1516173523019626745,apparel.women.dress,Vantree,36.89,500000001,3685b885f98e423ab2a3e51c72cec89c
2024-02-06 12:26:51 UTC,cart,5822751,1492821164472423496,apparel.men.jeans,,69.37,500000001,3685b885f98e423ab2a3e51c72cec89c
2024-02-06 12:31:03 UTC,purchase,5822751,1492821164472423496,apparel.men.jeans,Doverly,69.01,500000001,3685b885f98e423ab2a3e51c72cec89c
2024-02-06 19:56:48 UTC,view,4994348,1549623645531932356,accessories.bags,,69.91,500000014,0c0735e5ea0d4a1ca54178ff68add2a5
2024-02-06 19:57:55 UTC,view,4705110,1428548884811402817,apparel.men.shirt,,21.9,500000014,0c0735e5ea0d4a1ca54178ff68add2a5
2024-02-06 20:00:18 UTC,view,8966163,1549623645531932356,accessories.bags,,84.47,500000014,0c0735e5ea0d4a1ca54178ff68add2a5
2024-02-06 20:05:03 UTC,view,8634461,1428548884811402817,apparel.men.shirt,Kestrel & Co,21.71,500000014,0c0735e5ea0d4a1ca54178ff68add2a5
2024-02-06 20:11:19 UTC,cart,2295523,1516173523019626745,apparel.women.dress,,47.72,500000014,0c0735e5ea0d4a1ca54178ff68add2a5
2024-02-06 20:13:11 UTC,purchase,2295523,1516173523019626745,apparel.women.dress,,44.85,500000014,0c0735e5ea0d4a1ca54178ff68add2a5
2024-02-17 13:54:08 UTC,view,8966163,1549623645531932356,accessories.bags,,89.35,500000020,97b587b020c0452dbce63dbed1845974
2024-02-17 14:06:42 UTC,view,1428173,1589407324608544585,apparel.women.outerwear,,102.1,500000020,97b587b020c0452dbce63dbed1845974
2024-02-17 14:09:02 UTC,view,2287051,1508136215129873133,,,25.66,500000020,97b587b020c0452dbce63dbed1845974
2024-02-17 14:11:58 UTC,cart,7180258,1482972250706899052,apparel.women.pants,Aldyne,81.95,500000020,97b587b020c0452dbce63dbed1845974
2024-02-17 14:21:37 UTC,purchase,7180258,1482972250706899052,,Aldyne,71.36,500000020,97b587b020c0452dbce63dbed1845974
2024-02-17 19:12:42 UTC,view,4747587,1482972250706899052,apparel.women.pants,,80.32,500000001,8f518ecccd934ce1ba3b49563df5182d
2024-02-17 19:13:02 UTC,view,2102225,1516173523019626745,apparel.women.dress,,32.64,500000001,8f518ecccd934ce1ba3b49563df5182d
2024-02-17 19:16:10 UTC,view,1204442,1519748099762056932,apparel.men.outerwear,Marlow Row,106.98,500000001,8f518ecccd934ce1ba3b49563df5182d
2024-02-17 19:23:26 UTC,view,7801595,1589407324608544585,apparel.women.outerwear,Aldyne,100.22,500000001,8f518ecccd934ce1ba3b49563df5182d
2024-02-17 19:25:31 UTC,view,8966163,1549623645531932356,accessories.bags,Solmara,92.39,500000001,8f518ecccd934ce1ba3b49563df5182d
2024-02-17 19:27:32 UTC,view,9800243,1492821164472423496,apparel.men.jeans,Palewick,85.23,500000001,8f518ecccd934ce1ba3b49563df5182d
2024-02-17 21:43:13 UTC,view,5781989,1482972250706899052,apparel.women.pants,Wrenfield,70.1,500000001,a401771cf9bb43a080eb1c6997174c62
2024-02-17 21:51:33 UTC,view,4194454,1482972250706899052,apparel.women.pants,Vantree,64.45,500000001,a401771cf9bb43a080eb1c6997174c62
2024-02-17 21:57:09 UTC,view,4994348,1549623645531932356,accessories.bags,,70.79,500000001,a401771cf9bb43a080eb1c6997174c62
2024-02-19 18:53:42 UTC,view,4747587,1482972250706899052,apparel.women.pants,,80.96,500000001,d8bf83c7654641dbb756a82d3e8941ca
2024-02-19 19:17:37 UTC,view,9748139,1594728468612408249,accessories.jewelry,,20.34,500000001,d8bf83c7654641dbb756a82d3e8941ca
2024-02-28 18:20:28 UTC,view,1162680,1589407324608544585,apparel.women.outerwear,,229.11,500000002,189c411aa2de44c68fdcb2e919d76492
2024-02-04 18:30:08 UTC,cart,2380478,1429628030847824846,footwear.sandals,Aldyne,41.75,500000004,2b8459b263854c64a8fbc9bfa377424b
2024-02-04 18:35:37 UTC,purchase,2380478,1429628030847824846,footwear.sandals,Aldyne,50.55,500000004,2b8459b263854c64a8fbc9bfa377424b
2024-02-04 18:37:14 UTC,view,9319849,1472209747072745335,footwear.boots,Marlow Row,149.02,500000004,2b8459b263854c64a8fbc9bfa377424b
2024-02-04 18:45:26 UTC,view,6960004,1549623645531932356,,,49.31,500000004,2b8459b263854c64a8fbc9bfa377424b
2024-02-11 16:53:08 UTC,view,1099410,1558430393367643133,accessories.hats,Norlend,15.69,500000017,3b423cce1a2e4a76971e71dadf44d7ff
2024-02-11 16:55:58 UTC,view,7814384,1482972250706899052,apparel.women.pants,,74.47,500000017,3b423cce1a2e4a76971e71dadf44d7ff
2024-02-11 16:58:16 UTC,cart,4708009,1549623645531932356,accessories.bags,Wrenfield,113.75,500000017,3b423cce1a2e4a76971e71dadf44d7ff
2024-02-11 17:02:33 UTC,view,7275086,1558186846391920988,apparel.kids.outerwear,,66.17,500000017,3b423cce1a2e4a76971e71dadf44d7ff
16/02/2024 17:16,view,5908484,1589407324608544585,apparel.women.outerwear,Aldyne,199.54,500000029,363ce25e91df4b5ebe4267c5c22d00af
2024-02-16 17:20:58 UTC,view,2931280,1558364261414932063,apparel.women.top,,34.33,500000029,363ce25e91df4b5ebe4267c5c22d00af
2024-02-16 17:34:06 UTC,view,9198161,1546390003792228747,footwear.sneakers,Wrenfield,122.32,500000029,363ce25e91df4b5ebe4267c5c22d00af
2024-02-16 17:35:35 UTC,view,5464062,1508136215129873133,apparel.kids.top,Bellcroft,17.22,500000029,363ce25e91df4b5ebe4267c5c22d00af
2024-02-16 17:37:34 UTC,view,2102225,1516173523019626745,apparel.women.dress,Vantree,33.89,500000029,363ce25e91df4b5ebe4267c5c22d00af
2024-02-21 17:41:49 UTC,view,9319849,1472209747072745335,footwear.boots,Marlow Row,138.8,500000034,235911101eca4693b8b015fb3b227e96
2024-02-21 17:43:08 UTC,view,1162680,1589407324608544585,apparel.women.outerwear,Kestrel & Co,198.76,500000034,235911101eca4693b8b015fb3b227e96
2024-02-21 17:56:36 UTC,view,7303637,1516173523019626745,apparel.women.dress,,77.27,500000034,235911101eca4693b8b015fb3b227e96
2024-02-24 19:46:09 UTC,view,9829417,1546390003792228747,,Bellcroft,118.15,500000001,5af211bf72404d308b6624abee38d233
2024-02-29 16:58:53 UTC,cart,4958034,1516173523019626745,apparel.women.dress,Palewick,43.3,500000001,eb219a238de444858c812eae2291c7d6
2024-02-29 17:07:52 UTC,purchase,4958034,1516173523019626745,apparel.women.dress,Palewick,36.89,500000001,eb219a238de444858c812eae2291c7d6
2024-02-29 17:14:09 UTC,view,8966163,1549623645531932356,accessories.bags,Solmara,90.29,500000001,eb219a238de444858c812eae2291c7d6
