product_id,inventory_date,units_on_hand_end,units_demand,units_unfulfilled,units_received,units_ordered_from_supplier,units_on_order_end,stockout_flag
1080071,2022-03-01,38,0,0,0,0,0,0
1080071,2022-03-02,38,0,0,0,0,0,0
1080071,2022-03-03,38,0,0,0,0,0,0
1080071,2022-03-04,37,1,0,0,0,0,0
1080071,2022-03-05,36,1,0,0,0,0,0
1080071,2022-03-06,34,2,0,0,0,0,0
1080071,2022-03-07,33,1,0,0,0,0,0
1080071,2022-03-08,31,2,0,0,0,0,0
1080071,2022-03-09,31,0,0,0,0,0,0
1080071,2022-03-10,31,0,0,0,0,0,0
1080071,2022-03-11,31,0,0,0,0,0,0
1080071,2022-03-12,30,1,0,0,0,0,0
1080071,2022-03-13,29,1,0,0,0,0,0
1080071,2022-03-14,29,0,0,0,0,0,0
1080071,2022-03-15,29,0,0,0,0,0,0
1080071,2022-03-16,27,2,0,0,0,0,0
1080071,2022-03-17,27,0,0,0,0,0,0
1080071,2022-03-18,25,2,0,0,0,0,0
1080071,2022-03-19,25,0,0,0,0,0,0
1080071,2022-03-20,24,1,0,0,0,0,0
1080071,2022-03-21,23,1,0,0,0,0,0
1080071,2022-03-22,22,1,0,0,0,0,0
1080071,2022-03-23,22,0,0,0,0,0,0
1080071,2022-03-24,22,0,0,0,0,0,0
1080071,2022-03-25,21,1,0,0,0,0,0
1080071,2022-03-26,21,0,0,0,0,0,0
1080071,2022-03-27,19,2,0,0,0,0,0
1080071,2022-03-28,18,1,0,0,0,0,0
1080071,2022-03-29,17,1,0,0,0,0,0
1080071,2022-03-30,15,2,0,0,36,36,0
1080071,2022-03-31,14,1,0,0,0,36,0
1080071,2022-04-01,14,0,0,0,0,36,0
1080071,2022-04-02,14,0,0,0,0,36,0
1080071,2022-04-03,14,0,0,0,0,36,0
1080071,2022-04-04,13,1,0,0,0,36,0
1080071,2022-04-05,13,0,0,0,0,36,0
1080071,2022-04-06,13,0,0,0,0,36,0
1080071,2022-04-07,11,2,0,0,0,36,0
1080071,2022-04-08,11,0,0,0,0,36,0
1080071,2022-04-09,11,0,0,0,0,36,0
1080071,2022-04-10,9,2,0,0,0,36,0
1080071,2022-04-11,9,0,0,0,0,36,0
1080071,2022-04-12,9,0,0,0,0,36,0
1080071,2022-04-13,7,2,0,0,0,36,0
1080071,2022-04-14,6,1,0,0,0,36,0
1080071,2022-04-15,4,2,0,0,0,36,0
1080071,2022-04-16,4,0,0,0,0,36,0
1080071,2022-04-17,38,2,0,36,0,0,0
1080071,2022-04-18,36,2,0,0,0,0,0
1080071,2022-04-19,36,0,0,0,0,0,0
1080071,2022-04-20,35,1,0,0,0,0,0
1080071,2022-04-21,35,0,0,0,0,0,0
1080071,2022-04-22,34,1,0,0,0,0,0
1080071,2022-04-23,33,1,0,0,0,0,0
1080071,2022-04-24,33,0,0,0,0,0,0
1080071,2022-04-25,32,1,0,0,0,0,0
1080071,2022-04-26,32,0,0,0,0,0,0
1080071,2022-04-27,32,0,0,0,0,0,0
1080071,2022-04-28,32,0,0,0,0,0,0
1080071,2022-04-29,32,0,0,0,0,0,0
1080071,2022-04-30,31,1,0,0,0,0,0
1080071,2022-05-01,30,1,0,0,0,0,0
1080071,2022-05-02,30,0,0,0,0,0,0
1080071,2022-05-03,29,1,0,0,0,0,0
1080071,2022-05-04,28,1,0,0,0,0,0
1080071,2022-05-05,28,0,0,0,0,0,0
1080071,2022-05-06,28,0,0,0,0,0,0
1080071,2022-05-07,27,1,0,0,0,0,0
1080071,2022-05-08,27,0,0,0,0,0,0
1080071,2022-05-09,25,2,0,0,0,0,0
1080071,2022-05-10,25,0,0,0,0,0,0
1080071,2022-05-11,24,1,0,0,0,0,0
1080071,2022-05-12,24,0,0,0,0,0,0
1080071,2022-05-13,24,0,0,0,0,0,0
1080071,2022-05-14,24,0,0,0,0,0,0
1080071,2022-05-15,24,0,0,0,0,0,0
1080071,2022-05-16,24,0,0,0,0,0,0
1080071,2022-05-17,24,0,0,0,0,0,0
1080071,2022-05-18,24,0,0,0,0,0,0
1080071,2022-05-19,23,1,0,0,0,0,0
1080071,2022-05-20,22,1,0,0,0,0,0
1080071,2022-05-21,21,1,0,0,0,0,0
1080071,2022-05-22,20,1,0,0,0,0,0
1080071,2022-05-23,18,2,0,0,0,0,0
1080071,2022-05-24,17,1,0,0,0,0,0
1080071,2022-05-25,16,1,0,0,0,0,0
1080071,2022-05-26,16,0,0,0,0,0,0
1080071,2022-05-27,16,0,0,0,0,0,0
1080071,2022-05-28,16,0,0,0,0,0,0
1080071,2022-05-29,15,1,0,0,0,0,0
1080071,2022-05-30,12,3,0,0,32,32,0
1080071,2022-05-31,11,1,0,0,0,32,0
1080071,2022-06-01,11,0,0,0,0,32,0
1080071,2022-06-02,11,0,0,0,0,32,0
1080071,2022-06-03,9,2,0,0,0,32,0
1080071,2022-06-04,9,0,0,0,0,32,0
1080071,2022-06-05,9,0,0,0,0,32,0
1080071,2022-06-06,9,0,0,0,0,32,0
1080071,2022-06-07,9,0,0,0,0,32,0
1080071,2022-06-08,9,0,0,0,0,32,0
1080071,2022-06-09,8,1,0,0,0,32,0
1080071,2022-06-10,8,0,0,0,0,32,0
1080071,2022-06-11,8,0,0,0,0,32,0
1080071,2022-06-12,7,1,0,0,0,32,0
1080071,2022-06-13,7,0,0,0,0,32,0
1080071,2022-06-14,7,0,0,0,0,32,0
1080071,2022-06-15,6,1,0,0,0,32,0
1080071,2022-06-16,5,1,0,0,0,32,0
1080071,2022-06-17,37,0,0,32,0,0,0
1080071,2022-06-18,35,2,0,0,0,0,0
1080071,2022-06-19,35,0,0,0,0,0,0
1080071,2022-06-20,34,1,0,0,0,0,0
1080071,2022-06-21,31,3,0,0,0,0,0
1080071,2022-06-22,31,0,0,0,0,0,0
1080071,2022-06-23,30,1,0,0,0,0,0
1080071,2022-06-24,30,0,0,0,0,0,0
1080071,2022-06-25,29,1,0,0,0,0,0
1080071,2022-06-26,28,1,0,0,0,0,0
1080071,2022-06-27,27,1,0,0,0,0,0
1080071,2022-06-28,27,0,0,0,0,0,0
1080071,2022-06-29,26,1,0,0,0,0,0
1080071,2022-06-30,26,0,0,0,0,0,0
1080071,2022-07-01,24,2,0,0,0,0,0
1080071,2022-07-02,23,1,0,0,0,0,0
1080071,2022-07-03,23,0,0,0,0,0,0
1080071,2022-07-04,23,0,0,0,0,0,0
1080071,2022-07-05,23,0,0,0,0,0,0
1080071,2022-07-06,22,1,0,0,0,0,0
1080071,2022-07-07,21,1,0,0,0,0,0
1080071,2022-07-08,21,0,0,0,0,0,0
1080071,2022-07-09,21,0,0,0,0,0,0
1080071,2022-07-10,20,1,0,0,0,0,0
1080071,2022-07-11,17,3,0,0,0,0,0
1080071,2022-07-12,16,1,0,0,35,35,0
1080071,2022-07-13,16,0,0,0,0,35,0
1080071,2022-07-14,16,0,0,0,0,35,0
1080071,2022-07-15,15,1,0,0,0,35,0
1080071,2022-07-16,15,0,0,0,0,35,0
1080071,2022-07-17,15,0,0,0,0,35,0
1080071,2022-07-18,15,0,0,0,0,35,0
1080071,2022-07-19,13,2,0,0,0,35,0
1080071,2022-07-20,13,0,0,0,0,35,0
1080071,2022-07-21,12,1,0,0,0,35,0
1080071,2022-07-22,12,0,0,0,0,35,0
1080071,2022-07-23,9,3,0,0,0,35,0
1080071,2022-07-24,9,0,0,0,0,35,0
1080071,2022-07-25,8,1,0,0,0,35,0
1080071,2022-07-26,8,0,0,0,0,35,0
1080071,2022-07-27,8,0,0,0,0,35,0
1080071,2022-07-28,7,1,0,0,0,35,0
1080071,2022-07-29,7,0,0,0,0,35,0
1080071,2022-07-30,6,1,0,0,0,35,0
1080071,2022-07-31,6,0,0,0,0,35,0
1080071,2022-08-01,6,0,0,0,0,35,0
1080071,2022-08-02,41,0,0,35,0,0,0
1080071,2022-08-03,41,0,0,0,0,0,0
1080071,2022-08-04,41,0,0,0,0,0,0
1080071,2022-08-05,40,1,0,0,0,0,0
1080071,2022-08-06,39,1,0,0,0,0,0
1080071,2022-08-07,38,1,0,0,0,0,0
1080071,2022-08-08,37,1,0,0,0,0,0
1080071,2022-08-09,37,0,0,0,0,0,0
1080071,2022-08-10,36,1,0,0,0,0,0
1080071,2022-08-11,36,0,0,0,0,0,0
1080071,2022-08-12,36,0,0,0,0,0,0
1080071,2022-08-13,35,1,0,0,0,0,0
1080071,2022-08-14,34,1,0,0,0,0,0
1080071,2022-08-15,34,0,0,0,0,0,0
1080071,2022-08-16,34,0,0,0,0,0,0
1080071,2022-08-17,34,0,0,0,0,0,0
1080071,2022-08-18,33,1,0,0,0,0,0
1080071,2022-08-19,33,0,0,0,0,0,0
1080071,2022-08-20,33,0,0,0,0,0,0
1080071,2022-08-21,32,1,0,0,0,0,0
1080071,2022-08-22,31,1,0,0,0,0,0
1080071,2022-08-23,30,1,0,0,0,0,0
1080071,2022-08-24,29,1,0,0,0,0,0
1080071,2022-08-25,29,0,0,0,0,0,0
1080071,2022-08-26,27,2,0,0,0,0,0
1080071,2022-08-27,26,1,0,0,0,0,0
1080071,2022-08-28,26,0,0,0,0,0,0
1080071,2022-08-29,24,2,0,0,0,0,0
1080071,2022-08-30,24,0,0,0,0,0,0
1080071,2022-08-31,24,0,0,0,0,0,0
1080071,2022-09-01,24,0,0,0,0,0,0
1080071,2022-09-02,22,2,0,0,0,0,0
1080071,2022-09-03,21,1,0,0,0,0,0
1080071,2022-09-04,21,0,0,0,0,0,0
1080071,2022-09-05,19,2,0,0,0,0,0
1080071,2022-09-06,18,1,0,0,0,0,0
1080071,2022-09-07,18,0,0,0,0,0,0
1080071,2022-09-08,18,0,0,0,0,0,0
1080071,2022-09-09,17,1,0,0,0,0,0
1080071,2022-09-10,16,1,0,0,0,0,0
1080071,2022-09-11,15,1,0,0,0,0,0
1080071,2022-09-12,15,0,0,0,0,0,0
1080071,2022-09-13,14,1,0,0,32,32,0
1080071,2022-09-14,13,1,0,0,0,32,0
1080071,2022-09-15,13,0,0,0,0,32,0
1080071,2022-09-16,13,0,0,0,0,32,0
1080071,2022-09-17,11,2,0,0,0,32,0
1080071,2022-09-18,9,2,0,0,0,32,0
1080071,2022-09-19,9,0,0,0,0,32,0
1080071,2022-09-20,8,1,0,0,0,32,0
1080071,2022-09-21,6,2,0,0,0,32,0
1080071,2022-09-22,2,4,0,0,0,32,0
1080071,2022-09-23,1,1,0,0,0,32,0
1080071,2022-09-24,0,1,0,0,0,32,0
1080071,2022-09-25,0,0,0,0,0,32,0
1080071,2022-09-26,0,0,0,0,0,32,0
1080071,2022-09-27,0,2,2,0,0,32,1
1080071,2022-09-28,0,1,1,0,0,32,1
1080071,2022-09-29,0,2,2,0,0,32,1
1080071,2022-09-30,0,3,3,0,0,32,1
1080071,2022-10-01,31,1,0,32,0,0,0
1080071,2022-10-02,30,1,0,0,0,0,0
1080071,2022-10-03,29,1,0,0,0,0,0
1080071,2022-10-04,29,0,0,0,0,0,0
1080071,2022-10-05,28,1,0,0,0,0,0
1080071,2022-10-06,27,1,0,0,0,0,0
1080071,2022-10-07,25,2,0,0,0,0,0
1080071,2022-10-08,24,1,0,0,0,0,0
1080071,2022-10-09,23,1,0,0,0,0,0
1080071,2022-10-10,23,0,0,0,0,0,0
1080071,2022-10-11,22,1,0,0,0,0,0
1080071,2022-10-12,21,1,0,0,0,0,0
1080071,2022-10-13,21,0,0,0,0,0,0
1080071,2022-10-14,21,0,0,0,0,0,0
1080071,2022-10-15,20,1,0,0,45,45,0
1080071,2022-10-16,19,1,0,0,0,45,0
1080071,2022-10-17,18,1,0,0,0,45,0
1080071,2022-10-18,15,3,0,0,0,45,0
1080071,2022-10-19,14,1,0,0,0,45,0
1080071,2022-10-20,14,0,0,0,0,45,0
1080071,2022-10-21,13,1,0,0,0,45,0
1080071,2022-10-22,13,0,0,0,0,45,0
1080071,2022-10-23,13,0,0,0,0,45,0
1080071,2022-10-24,11,2,0,0,0,45,0
1080071,2022-10-25,11,0,0,0,0,45,0
1080071,2022-10-26,11,0,0,0,0,45,0
1080071,2022-10-27,11,0,0,0,0,45,0
1080071,2022-10-28,11,0,0,0,0,45,0
1080071,2022-10-29,11,0,0,0,0,45,0
1080071,2022-10-30,10,1,0,0,0,45,0
1080071,2022-10-31,9,1,0,0,0,45,0
1080071,2022-11-01,9,0,0,0,0,45,0
1080071,2022-11-02,51,3,0,45,0,0,0
1080071,2022-11-03,51,0,0,0,0,0,0
1080071,2022-11-04,51,0,0,0,0,0,0
1080071,2022-11-05,51,0,0,0,0,0,0
1080071,2022-11-06,50,1,0,0,0,0,0
1080071,2022-11-07,49,1,0,0,0,0,0
1080071,2022-11-08,48,1,0,0,0,0,0
1080071,2022-11-09,47,1,0,0,0,0,0
1080071,2022-11-10,46,1,0,0,0,0,0
1080071,2022-11-11,46,0,0,0,0,0,0
1080071,2022-11-12,46,0,0,0,0,0,0
1080071,2022-11-13,44,2,0,0,0,0,0
1080071,2022-11-14,44,0,0,0,0,0,0
1080071,2022-11-15,44,0,0,0,0,0,0
1080071,2022-11-16,43,1,0,0,0,0,0
1080071,2022-11-17,43,0,0,0,0,0,0
1080071,2022-11-18,43,0,0,0,0,0,0
1080071,2022-11-19,43,0,0,0,0,0,0
1080071,2022-11-20,43,0,0,0,0,0,0
1080071,2022-11-21,41,2,0,0,0,0,0
1080071,2022-11-22,41,0,0,0,0,0,0
1080071,2022-11-23,40,1,0,0,0,0,0
1080071,2022-11-24,38,2,0,0,0,0,0
1080071,2022-11-25,32,6,0,0,0,0,0
1080071,2022-11-26,29,3,0,0,0,0,0
1080071,2022-11-27,25,4,0,0,0,0,0
1080071,2022-11-28,24,1,0,0,0,0,0
1080071,2022-11-29,24,0,0,0,0,0,0
1080071,2022-11-30,23,1,0,0,0,0,0
1080071,2022-12-01,23,0,0,0,0,0,0
1080071,2022-12-02,23,0,0,0,0,0,0
1080071,2022-12-03,22,1,0,0,0,0,0
1080071,2022-12-04,22,0,0,0,0,0,0
1080071,2022-12-05,22,0,0,0,0,0,0
1080071,2022-12-06,21,1,0,0,0,0,0
1080071,2022-12-07,21,0,0,0,0,0,0
1080071,2022-12-08,20,1,0,0,0,0,0
1080071,2022-12-09,20,0,0,0,0,0,0
1080071,2022-12-10,20,0,0,0,0,0,0
1080071,2022-12-11,20,0,0,0,0,0,0
1080071,2022-12-12,20,0,0,0,0,0,0
1080071,2022-12-13,19,1,0,0,0,0,0
1080071,2022-12-14,19,0,0,0,0,0,0
1080071,2022-12-15,19,0,0,0,0,0,0
1080071,2022-12-16,18,1,0,0,0,0,0
1080071,2022-12-17,16,2,0,0,36,36,0
1080071,2022-12-18,16,0,0,0,0,36,0
1080071,2022-12-19,15,1,0,0,0,36,0
1080071,2022-12-20,12,3,0,0,0,36,0
1080071,2022-12-21,10,2,0,0,0,36,0
1080071,2022-12-22,8,2,0,0,0,36,0
1080071,2022-12-23,8,0,0,0,0,36,0
1080071,2022-12-24,8,0,0,0,0,36,0
1080071,2022-12-25,7,1,0,0,0,36,0
1080071,2022-12-26,6,1,0,0,0,36,0
1080071,2022-12-27,6,0,0,0,0,36,0
1080071,2022-12-28,6,0,0,0,0,36,0
1080071,2022-12-29,6,0,0,0,0,36,0
1080071,2022-12-30,6,0,0,0,0,36,0
1080071,2022-12-31,5,1,0,0,0,36,0
1080071,2023-01-01,5,0,0,0,0,36,0
1080071,2023-01-02,4,1,0,0,0,36,0
1080071,2023-01-03,4,0,0,0,0,36,0
1080071,2023-01-04,40,0,0,36,0,0,0
1080071,2023-01-05,39,1,0,0,0,0,0
1080071,2023-01-06,39,0,0,0,0,0,0
1080071,2023-01-07,39,0,0,0,0,0,0
1080071,2023-01-08,39,0,0,0,0,0,0
1080071,2023-01-09,38,1,0,0,0,0,0
1080071,2023-01-10,38,0,0,0,0,0,0
1080071,2023-01-11,37,1,0,0,0,0,0
1080071,2023-01-12,37,0,0,0,0,0,0
1080071,2023-01-13,37,0,0,0,0,0,0
1080071,2023-01-14,36,1,0,0,0,0,0
1080071,2023-01-15,35,1,0,0,0,0,0
1080071,2023-01-16,31,4,0,0,0,0,0
1080071,2023-01-17,30,1,0,0,0,0,0
1080071,2023-01-18,30,0,0,0,0,0,0
1080071,2023-01-19,30,0,0,0,0,0,0
1080071,2023-01-20,29,1,0,0,0,0,0
1080071,2023-01-21,28,1,0,0,0,0,0
1080071,2023-01-22,26,2,0,0,0,0,0
1080071,2023-01-23,24,2,0,0,0,0,0
1080071,2023-01-24,24,0,0,0,0,0,0
1080071,2023-01-25,23,1,0,0,0,0,0
1080071,2023-01-26,22,1,0,0,0,0,0
1080071,2023-01-27,22,0,0,0,0,0,0
1080071,2023-01-28,21,1,0,0,0,0,0
1080071,2023-01-29,20,1,0,0,0,0,0
1080071,2023-01-30,20,0,0,0,0,0,0
1080071,2023-01-31,18,2,0,0,0,0,0
1080071,2023-02-01,17,1,0,0,0,0,0
1080071,2023-02-02,17,0,0,0,0,0,0
1080071,2023-02-03,15,2,0,0,35,35,0
1080071,2023-02-04,15,0,0,0,0,35,0
1080071,2023-02-05,15,0,0,0,0,35,0
1080071,2023-02-06,15,0,0,0,0,35,0
1080071,2023-02-07,14,1,0,0,0,35,0
1080071,2023-02-08,14,0,0,0,0,35,0
1080071,2023-02-09,11,3,0,0,0,35,0
1080071,2023-02-10,11,0,0,0,0,35,0
1080071,2023-02-11,10,1,0,0,0,35,0
1080071,2023-02-12,9,1,0,0,0,35,0
1080071,2023-02-13,6,3,0,0,0,35,0
1080071,2023-02-14,6,0,0,0,0,35,0
1080071,2023-02-15,6,0,0,0,0,35,0
1080071,2023-02-16,4,2,0,0,0,35,0
1080071,2023-02-17,4,0,0,0,0,35,0
1080071,2023-02-18,4,0,0,0,0,35,0
1080071,2023-02-19,4,0,0,0,0,35,0
1080071,2023-02-20,2,2,0,0,0,35,0
1080071,2023-02-21,37,0,0,35,0,0,0
1080071,2023-02-22,35,2,0,0,0,0,0
1080071,2023-02-23,34,1,0,0,0,0,0
1080071,2023-02-24,34,0,0,0,0,0,0
1080071,2023-02-25,33,1,0,0,0,0,0
1080071,2023-02-26,31,2,0,0,0,0,0
1080071,2023-02-27,31,0,0,0,0,0,0
1080071,2023-02-28,30,1,0,0,0,0,0
1080071,2023-03-01,30,0,0,0,0,0,0
1080071,2023-03-02,30,0,0,0,0,0,0
1080071,2023-03-03,30,0,0,0,0,0,0
1080071,2023-03-04,30,0,0,0,0,0,0
1080071,2023-03-05,28,2,0,0,0,0,0
1080071,2023-03-06,28,0,0,0,0,0,0
1080071,2023-03-07,27,1,0,0,0,0,0
1080071,2023-03-08,27,0,0,0,0,0,0
1080071,2023-03-09,27,0,0,0,0,0,0
1080071,2023-03-10,26,1,0,0,0,0,0
1080071,2023-03-11,25,1,0,0,0,0,0
1080071,2023-03-12,24,1,0,0,0,0,0
1080071,2023-03-13,23,1,0,0,0,0,0
1080071,2023-03-14,23,0,0,0,0,0,0
1080071,2023-03-15,23,0,0,0,0,0,0
1080071,2023-03-16,23,0,0,0,0,0,0
1080071,2023-03-17,23,0,0,0,0,0,0
1080071,2023-03-18,22,1,0,0,0,0,0
1080071,2023-03-19,21,1,0,0,0,0,0
1080071,2023-03-20,20,1,0,0,0,0,0
1080071,2023-03-21,20,0,0,0,0,0,0
1080071,2023-03-22,20,0,0,0,0,0,0
1080071,2023-03-23,20,0,0,0,0,0,0
1080071,2023-03-24,19,1,0,0,0,0,0
1080071,2023-03-25,17,2,0,0,0,0,0
1080071,2023-03-26,17,0,0,0,0,0,0
1080071,2023-03-27,17,0,0,0,0,0,0
1080071,2023-03-28,15,2,0,0,34,34,0
1080071,2023-03-29,15,0,0,0,0,34,0
1080071,2023-03-30,15,0,0,0,0,34,0
1080071,2023-03-31,15,0,0,0,0,34,0
1080071,2023-04-01,14,1,0,0,0,34,0
1080071,2023-04-02,12,2,0,0,0,34,0
1080071,2023-04-03,10,2,0,0,0,34,0
1080071,2023-04-04,9,1,0,0,0,34,0
1080071,2023-04-05,9,0,0,0,0,34,0
1080071,2023-04-06,7,2,0,0,0,34,0
1080071,2023-04-07,6,1,0,0,0,34,0
1080071,2023-04-08,3,3,0,0,0,34,0
1080071,2023-04-09,2,1,0,0,0,34,0
1080071,2023-04-10,1,1,0,0,0,34,0
1080071,2023-04-11,1,0,0,0,0,34,0
1080071,2023-04-12,0,1,0,0,0,34,0
1080071,2023-04-13,0,0,0,0,0,34,0
1080071,2023-04-14,0,0,0,0,0,34,0
1080071,2023-04-15,0,1,1,0,0,34,1
1080071,2023-04-16,27,0,0,27,0,0,0
1080071,2023-04-17,27,0,0,0,0,0,0
1080071,2023-04-18,27,0,0,0,0,0,0
1080071,2023-04-19,27,0,0,0,0,0,0
1080071,2023-04-20,27,0,0,0,0,0,0
1080071,2023-04-21,26,1,0,0,0,0,0
1080071,2023-04-22,24,2,0,0,0,0,0
1080071,2023-04-23,22,2,0,0,0,0,0
1080071,2023-04-24,22,0,0,0,0,0,0
1080071,2023-04-25,20,2,0,0,0,0,0
1080071,2023-04-26,17,3,0,0,0,0,0
1080071,2023-04-27,17,0,0,0,0,0,0
1080071,2023-04-28,16,1,0,0,36,36,0
1080071,2023-04-29,16,0,0,0,0,36,0
1080071,2023-04-30,14,2,0,0,0,36,0
1080071,2023-05-01,13,1,0,0,0,36,0
1080071,2023-05-02,13,0,0,0,0,36,0
1080071,2023-05-03,13,0,0,0,0,36,0
1080071,2023-05-04,11,2,0,0,0,36,0
1080071,2023-05-05,9,2,0,0,0,36,0
1080071,2023-05-06,7,2,0,0,0,36,0
1080071,2023-05-07,4,3,0,0,0,36,0
1080071,2023-05-08,3,1,0,0,0,36,0
1080071,2023-05-09,2,1,0,0,0,36,0
1080071,2023-05-10,0,2,0,0,0,36,0
1080071,2023-05-11,0,0,0,0,0,36,0
1080071,2023-05-12,0,0,0,0,0,36,0
1080071,2023-05-13,0,1,1,0,0,36,1
1080071,2023-05-14,0,1,1,0,0,36,1
1080071,2023-05-15,0,2,2,0,0,36,1
1080071,2023-05-16,0,0,0,0,0,36,0
1080071,2023-05-17,0,0,0,0,0,36,0
1080071,2023-05-18,35,1,0,36,0,0,0
1080071,2023-05-19,33,2,0,0,0,0,0
1080071,2023-05-20,32,1,0,0,0,0,0
1080071,2023-05-21,30,2,0,0,0,0,0
1080071,2023-05-22,30,0,0,0,0,0,0
1080071,2023-05-23,29,1,0,0,0,0,0
1080071,2023-05-24,29,0,0,0,0,0,0
1080071,2023-05-25,28,1,0,0,0,0,0
1080071,2023-05-26,28,0,0,0,0,0,0
1080071,2023-05-27,27,1,0,0,0,0,0
1080071,2023-05-28,25,2,0,0,0,0,0
1080071,2023-05-29,24,1,0,0,0,0,0
1080071,2023-05-30,24,0,0,0,0,0,0
1080071,2023-05-31,24,0,0,0,0,0,0
1080071,2023-06-01,24,0,0,0,0,0,0
1080071,2023-06-02,22,2,0,0,0,0,0
1080071,2023-06-03,20,2,0,0,45,45,0
1080071,2023-06-04,20,0,0,0,0,45,0
1080071,2023-06-05,18,2,0,0,0,45,0
1080071,2023-06-06,17,1,0,0,0,45,0
1080071,2023-06-07,17,0,0,0,0,45,0
1080071,2023-06-08,17,0,0,0,0,45,0
1080071,2023-06-09,16,1,0,0,0,45,0
1080071,2023-06-10,16,0,0,0,0,45,0
1080071,2023-06-11,16,0,0,0,0,45,0
1080071,2023-06-12,16,0,0,0,0,45,0
1080071,2023-06-13,14,2,0,0,0,45,0
1080071,2023-06-14,13,1,0,0,0,45,0
1080071,2023-06-15,11,2,0,0,0,45,0
1080071,2023-06-16,10,1,0,0,0,45,0
1080071,2023-06-17,10,0,0,0,0,45,0
1080071,2023-06-18,8,2,0,0,0,45,0
1080071,2023-06-19,8,0,0,0,0,45,0
1080071,2023-06-20,7,1,0,0,0,45,0
1080071,2023-06-21,5,2,0,0,0,45,0
1080071,2023-06-22,5,0,0,0,0,45,0
1080071,2023-06-23,3,2,0,0,0,45,0
1080071,2023-06-24,48,0,0,45,0,0,0
1080071,2023-06-25,45,3,0,0,0,0,0
1080071,2023-06-26,42,3,0,0,0,0,0
1080071,2023-06-27,39,3,0,0,0,0,0
1080071,2023-06-28,37,2,0,0,0,0,0
1080071,2023-06-29,37,0,0,0,0,0,0
1080071,2023-06-30,37,0,0,0,0,0,0
1080071,2023-07-01,36,1,0,0,0,0,0
1080071,2023-07-02,36,0,0,0,0,0,0
1080071,2023-07-03,35,1,0,0,0,0,0
1080071,2023-07-04,35,0,0,0,0,0,0
1080071,2023-07-05,34,1,0,0,0,0,0
1080071,2023-07-06,33,1,0,0,0,0,0
1080071,2023-07-07,32,1,0,0,0,0,0
1080071,2023-07-08,28,4,0,0,0,0,0
1080071,2023-07-09,27,1,0,0,0,0,0
1080071,2023-07-10,26,1,0,0,0,0,0
1080071,2023-07-11,25,1,0,0,0,0,0
1080071,2023-07-12,25,0,0,0,0,0,0
1080071,2023-07-13,24,1,0,0,0,0,0
1080071,2023-07-14,24,0,0,0,0,0,0
1080071,2023-07-15,23,1,0,0,0,0,0
1080071,2023-07-16,22,1,0,0,0,0,0
1080071,2023-07-17,22,0,0,0,0,0,0
1080071,2023-07-18,19,3,0,0,46,46,0
1080071,2023-07-19,17,2,0,0,0,46,0
1080071,2023-07-20,15,2,0,0,0,46,0
1080071,2023-07-21,15,0,0,0,0,46,0
1080071,2023-07-22,15,0,0,0,0,46,0
1080071,2023-07-23,14,1,0,0,0,46,0
1080071,2023-07-24,14,0,0,0,0,46,0
1080071,2023-07-25,13,1,0,0,0,46,0
1080071,2023-07-26,12,1,0,0,0,46,0
1080071,2023-07-27,11,1,0,0,0,46,0
1080071,2023-07-28,11,0,0,0,0,46,0
1080071,2023-07-29,10,1,0,0,0,46,0
1080071,2023-07-30,9,1,0,0,0,46,0
1080071,2023-07-31,8,1,0,0,0,46,0
1080071,2023-08-01,7,1,0,0,0,46,0
1080071,2023-08-02,7,0,0,0,0,46,0
1080071,2023-08-03,6,1,0,0,0,46,0
1080071,2023-08-04,6,0,0,0,0,46,0
1080071,2023-08-05,6,0,0,0,0,46,0
1080071,2023-08-06,4,2,0,0,0,46,0
1080071,2023-08-07,49,1,0,46,0,0,0
1080071,2023-08-08,48,1,0,0,0,0,0
1080071,2023-08-09,48,0,0,0,0,0,0
1080071,2023-08-10,48,0,0,0,0,0,0
1080071,2023-08-11,48,0,0,0,0,0,0
1080071,2023-08-12,46,2,0,0,0,0,0
1080071,2023-08-13,46,0,0,0,0,0,0
1080071,2023-08-14,44,2,0,0,0,0,0
1080071,2023-08-15,44,0,0,0,0,0,0
1080071,2023-08-16,44,0,0,0,0,0,0
1080071,2023-08-17,43,1,0,0,0,0,0
1080071,2023-08-18,43,0,0,0,0,0,0
1080071,2023-08-19,41,2,0,0,0,0,0
1080071,2023-08-20,39,2,0,0,0,0,0
1080071,2023-08-21,36,3,0,0,0,0,0
1080071,2023-08-22,35,1,0,0,0,0,0
1080071,2023-08-23,35,0,0,0,0,0,0
1080071,2023-08-24,35,0,0,0,0,0,0
1080071,2023-08-25,34,1,0,0,0,0,0
1080071,2023-08-26,34,0,0,0,0,0,0
1080071,2023-08-27,32,2,0,0,0,0,0
1080071,2023-08-28,31,1,0,0,0,0,0
1080071,2023-08-29,30,1,0,0,0,0,0
1080071,2023-08-30,27,3,0,0,0,0,0
1080071,2023-08-31,27,0,0,0,0,0,0
1080071,2023-09-01,26,1,0,0,0,0,0
1080071,2023-09-02,26,0,0,0,0,0,0
1080071,2023-09-03,24,2,0,0,0,0,0
1080071,2023-09-04,23,1,0,0,0,0,0
1080071,2023-09-05,23,0,0,0,0,0,0
1080071,2023-09-06,23,0,0,0,0,0,0
1080071,2023-09-07,21,2,0,0,0,0,0
1080071,2023-09-08,21,0,0,0,0,0,0
1080071,2023-09-09,19,2,0,0,43,43,0
1080071,2023-09-10,19,0,0,0,0,43,0
1080071,2023-09-11,18,1,0,0,0,43,0
1080071,2023-09-12,18,0,0,0,0,43,0
1080071,2023-09-13,17,1,0,0,0,43,0
1080071,2023-09-14,16,1,0,0,0,43,0
1080071,2023-09-15,15,1,0,0,0,43,0
1080071,2023-09-16,14,1,0,0,0,43,0
1080071,2023-09-17,13,1,0,0,0,43,0
1080071,2023-09-18,11,2,0,0,0,43,0
1080071,2023-09-19,11,0,0,0,0,43,0
1080071,2023-09-20,11,0,0,0,0,43,0
1080071,2023-09-21,11,0,0,0,0,43,0
1080071,2023-09-22,10,1,0,0,0,43,0
1080071,2023-09-23,10,0,0,0,0,43,0
1080071,2023-09-24,9,1,0,0,0,43,0
1080071,2023-09-25,5,4,0,0,0,43,0
1080071,2023-09-26,4,1,0,0,0,43,0
1080071,2023-09-27,4,0,0,0,0,43,0
1080071,2023-09-28,4,0,0,0,0,43,0
1080071,2023-09-29,2,2,0,0,0,43,0
1080071,2023-09-30,0,2,0,0,0,43,0
1080071,2023-10-01,0,1,1,0,0,43,1
1080071,2023-10-02,0,0,0,0,0,43,0
1080071,2023-10-03,0,0,0,0,0,43,0
1080071,2023-10-04,42,1,0,43,0,0,0
1080071,2023-10-05,42,0,0,0,0,0,0
1080071,2023-10-06,41,1,0,0,0,0,0
1080071,2023-10-07,40,1,0,0,0,0,0
1080071,2023-10-08,38,2,0,0,0,0,0
1080071,2023-10-09,38,0,0,0,0,0,0
1080071,2023-10-10,36,2,0,0,0,0,0
1080071,2023-10-11,36,0,0,0,0,0,0
1080071,2023-10-12,36,0,0,0,0,0,0
1080071,2023-10-13,34,2,0,0,0,0,0
1080071,2023-10-14,33,1,0,0,0,0,0
1080071,2023-10-15,33,0,0,0,0,0,0
1080071,2023-10-16,32,1,0,0,0,0,0
1080071,2023-10-17,30,2,0,0,0,0,0
1080071,2023-10-18,27,3,0,0,0,0,0
1080071,2023-10-19,26,1,0,0,0,0,0
1080071,2023-10-20,24,2,0,0,0,0,0
1080071,2023-10-21,20,4,0,0,47,47,0
1080071,2023-10-22,18,2,0,0,0,47,0
1080071,2023-10-23,16,2,0,0,0,47,0
1080071,2023-10-24,13,3,0,0,0,47,0
1080071,2023-10-25,13,0,0,0,0,47,0
1080071,2023-10-26,12,1,0,0,0,47,0
1080071,2023-10-27,11,1,0,0,0,47,0
1080071,2023-10-28,10,1,0,0,0,47,0
1080071,2023-10-29,9,1,0,0,0,47,0
1080071,2023-10-30,7,2,0,0,0,47,0
1080071,2023-10-31,5,2,0,0,0,47,0
1080071,2023-11-01,4,1,0,0,0,47,0
1080071,2023-11-02,3,1,0,0,0,47,0
1080071,2023-11-03,3,0,0,0,0,47,0
1080071,2023-11-04,3,0,0,0,0,47,0
1080071,2023-11-05,2,1,0,0,0,47,0
1080071,2023-11-06,0,3,1,0,0,47,1
1080071,2023-11-07,0,0,0,0,0,47,0
1080071,2023-11-08,0,1,1,0,0,47,1
1080071,2023-11-09,0,2,2,0,0,47,1
1080071,2023-11-10,0,0,0,0,0,47,0
1080071,2023-11-11,0,2,2,0,0,47,1
1080071,2023-11-12,0,1,1,0,0,47,1
1080071,2023-11-13,0,2,2,0,0,47,1
1080071,2023-11-14,0,2,2,0,0,47,1
1080071,2023-11-15,0,0,0,0,0,47,0
1080071,2023-11-16,0,3,3,0,0,47,1
1080071,2023-11-17,46,1,0,47,0,0,0
1080071,2023-11-18,46,0,0,0,0,0,0
1080071,2023-11-19,44,2,0,0,0,0,0
1080071,2023-11-20,44,0,0,0,0,0,0
1080071,2023-11-21,44,0,0,0,0,0,0
1080071,2023-11-22,44,0,0,0,0,0,0
1080071,2023-11-23,42,2,0,0,0,0,0
1080071,2023-11-24,35,7,0,0,0,0,0
1080071,2023-11-25,34,1,0,0,0,0,0
1080071,2023-11-26,28,6,0,0,0,0,0
1080071,2023-11-27,28,0,0,0,65,65,0
1080071,2023-11-28,27,1,0,0,0,65,0
1080071,2023-11-29,26,1,0,0,0,65,0
1080071,2023-11-30,25,1,0,0,0,65,0
1080071,2023-12-01,25,0,0,0,0,65,0
1080071,2023-12-02,24,1,0,0,0,65,0
1080071,2023-12-03,24,0,0,0,0,65,0
1080071,2023-12-04,24,0,0,0,0,65,0
1080071,2023-12-05,24,0,0,0,0,65,0
1080071,2023-12-06,23,1,0,0,0,65,0
1080071,2023-12-07,23,0,0,0,0,65,0
1080071,2023-12-08,23,0,0,0,0,65,0
1080071,2023-12-09,22,1,0,0,0,65,0
1080071,2023-12-10,21,1,0,0,0,65,0
1080071,2023-12-11,21,0,0,0,0,65,0
1080071,2023-12-12,19,2,0,0,0,65,0
1080071,2023-12-13,19,0,0,0,0,65,0
1080071,2023-12-14,18,1,0,0,0,65,0
1080071,2023-12-15,18,0,0,0,0,65,0
1080071,2023-12-16,17,1,0,0,0,65,0
1080071,2023-12-17,14,3,0,0,0,65,0
1080071,2023-12-18,14,0,0,0,0,65,0
1080071,2023-12-19,13,1,0,0,0,65,0
1080071,2023-12-20,12,1,0,0,0,65,0
1080071,2023-12-21,77,0,0,65,0,0,0
1080071,2023-12-22,76,1,0,0,0,0,0
1080071,2023-12-23,75,1,0,0,0,0,0
1080071,2023-12-24,74,1,0,0,0,0,0
1080071,2023-12-25,74,0,0,0,0,0,0
1080071,2023-12-26,73,1,0,0,0,0,0
1080071,2023-12-27,72,1,0,0,0,0,0
1080071,2023-12-28,72,0,0,0,0,0,0
1080071,2023-12-29,71,1,0,0,0,0,0
1080071,2023-12-30,71,0,0,0,0,0,0
1080071,2023-12-31,71,0,0,0,0,0,0
1080071,2024-01-01,71,0,0,0,0,0,0
1080071,2024-01-02,71,0,0,0,0,0,0
1080071,2024-01-03,70,1,0,0,0,0,0
1080071,2024-01-04,70,0,0,0,0,0,0
1080071,2024-01-05,68,2,0,0,0,0,0
1080071,2024-01-06,66,2,0,0,0,0,0
1080071,2024-01-07,65,1,0,0,0,0,0
1080071,2024-01-08,63,2,0,0,0,0,0
1080071,2024-01-09,63,0,0,0,0,0,0
1080071,2024-01-10,62,1,0,0,0,0,0
1080071,2024-01-11,60,2,0,0,0,0,0
1080071,2024-01-12,59,1,0,0,0,0,0
1080071,2024-01-13,55,4,0,0,0,0,0
1080071,2024-01-14,54,1,0,0,0,0,0
1080071,2024-01-15,54,0,0,0,0,0,0
1080071,2024-01-16,53,1,0,0,0,0,0
1080071,2024-01-17,53,0,0,0,0,0,0
1080071,2024-01-18,53,0,0,0,0,0,0
1080071,2024-01-19,52,1,0,0,0,0,0
1080071,2024-01-20,51,1,0,0,0,0,0
1080071,2024-01-21,49,2,0,0,0,0,0
1080071,2024-01-22,49,0,0,0,0,0,0
1080071,2024-01-23,49,0,0,0,0,0,0
1080071,2024-01-24,48,1,0,0,0,0,0
1080071,2024-01-25,47,1,0,0,0,0,0
1080071,2024-01-26,45,2,0,0,0,0,0
1080071,2024-01-27,43,2,0,0,0,0,0
1080071,2024-01-28,42,1,0,0,0,0,0
1080071,2024-01-29,40,2,0,0,0,0,0
1080071,2024-01-30,40,0,0,0,0,0,0
1080071,2024-01-31,38,2,0,0,0,0,0
1080071,2024-02-01,36,2,0,0,0,0,0
1080071,2024-02-02,36,0,0,0,0,0,0
1080071,2024-02-03,36,0,0,0,0,0,0
1080071,2024-02-04,36,0,0,0,0,0,0
1080071,2024-02-05,36,0,0,0,0,0,0
1080071,2024-02-06,35,1,0,0,0,0,0
1080071,2024-02-07,35,0,0,0,0,0,0
1080071,2024-02-08,35,0,0,0,0,0,0
1080071,2024-02-09,34,1,0,0,0,0,0
1080071,2024-02-10,33,1,0,0,0,0,0
1080071,2024-02-11,32,1,0,0,0,0,0
1080071,2024-02-12,31,1,0,0,0,0,0
1080071,2024-02-13,31,0,0,0,0,0,0
1080071,2024-02-14,29,2,0,0,0,0,0
1080071,2024-02-15,29,0,0,0,0,0,0
1080071,2024-02-16,28,1,0,0,0,0,0
1080071,2024-02-17,26,2,0,0,0,0,0
1080071,2024-02-18,26,0,0,0,0,0,0
1080071,2024-02-19,26,0,0,0,0,0,0
1080071,2024-02-20,26,0,0,0,0,0,0
1080071,2024-02-21,25,1,0,0,0,0,0
1080071,2024-02-22,24,1,0,0,0,0,0
1080071,2024-02-23,21,3,0,0,0,0,0
1080071,2024-02-24,20,1,0,0,0,0,0
1080071,2024-02-25,17,3,0,0,44,44,0
1080071,2024-02-26,16,1,0,0,0,44,0
1080071,2024-02-27,14,2,0,0,0,44,0
1080071,2024-02-28,13,1,0,0,0,44,0
1080071,2024-02-29,11,2,0,0,0,44,0
1522015,2022-03-01,64,1,0,0,0,0,0
1522015,2022-03-02,62,2,0,0,0,0,0
1522015,2022-03-03,61,1,0,0,0,0,0
1522015,2022-03-04,60,1,0,0,0,0,0
1522015,2022-03-05,59,1,0,0,0,0,0
1522015,2022-03-06,56,3,0,0,0,0,0
1522015,2022-03-07,56,0,0,0,0,0,0
1522015,2022-03-08,51,5,0,0,0,0,0
1522015,2022-03-09,50,1,0,0,0,0,0
1522015,2022-03-10,48,2,0,0,0,0,0
1522015,2022-03-11,45,3,0,0,0,0,0
1522015,2022-03-12,43,2,0,0,0,0,0
1522015,2022-03-13,41,2,0,0,0,0,0
1522015,2022-03-14,41,0,0,0,0,0,0
1522015,2022-03-15,39,2,0,0,81,81,0
1522015,2022-03-16,39,0,0,0,0,81,0
1522015,2022-03-17,38,1,0,0,0,81,0
1522015,2022-03-18,37,1,0,0,0,81,0
1522015,2022-03-19,37,0,0,0,0,81,0
1522015,2022-03-20,35,2,0,0,0,81,0
1522015,2022-03-21,34,1,0,0,0,81,0
1522015,2022-03-22,34,0,0,0,0,81,0
1522015,2022-03-23,33,1,0,0,0,81,0
1522015,2022-03-24,32,1,0,0,0,81,0
1522015,2022-03-25,32,0,0,0,0,81,0
1522015,2022-03-26,31,1,0,0,0,81,0
1522015,2022-03-27,31,0,0,0,0,81,0
1522015,2022-03-28,28,3,0,0,0,81,0
1522015,2022-03-29,26,2,0,0,0,81,0
1522015,2022-03-30,25,1,0,0,0,81,0
1522015,2022-03-31,24,1,0,0,0,81,0
1522015,2022-04-01,23,1,0,0,0,81,0
1522015,2022-04-02,20,3,0,0,0,81,0
1522015,2022-04-03,17,3,0,0,0,81,0
1522015,2022-04-04,14,3,0,0,0,81,0
1522015,2022-04-05,67,7,0,60,0,0,0
1522015,2022-04-06,66,1,0,0,0,0,0
1522015,2022-04-07,65,1,0,0,0,0,0
1522015,2022-04-08,61,4,0,0,0,0,0
1522015,2022-04-09,60,1,0,0,0,0,0
1522015,2022-04-10,59,1,0,0,0,0,0
1522015,2022-04-11,59,0,0,0,0,0,0
1522015,2022-04-12,57,2,0,0,0,0,0
1522015,2022-04-13,52,5,0,0,0,0,0
1522015,2022-04-14,52,0,0,0,0,0,0
1522015,2022-04-15,52,0,0,0,0,0,0
1522015,2022-04-16,49,3,0,0,0,0,0
1522015,2022-04-17,47,2,0,0,0,0,0
1522015,2022-04-18,47,0,0,0,0,0,0
1522015,2022-04-19,45,2,0,0,0,0,0
1522015,2022-04-20,44,1,0,0,0,0,0
1522015,2022-04-21,41,3,0,0,0,0,0
1522015,2022-04-22,40,1,0,0,0,0,0
1522015,2022-04-23,38,2,0,0,0,0,0
1522015,2022-04-24,38,0,0,0,0,0,0
1522015,2022-04-25,36,2,0,0,75,75,0
1522015,2022-04-26,34,2,0,0,0,75,0
1522015,2022-04-27,34,0,0,0,0,75,0
1522015,2022-04-28,30,4,0,0,0,75,0
1522015,2022-04-29,27,3,0,0,0,75,0
1522015,2022-04-30,26,1,0,0,0,75,0
1522015,2022-05-01,23,3,0,0,0,75,0
1522015,2022-05-02,22,1,0,0,0,75,0
1522015,2022-05-03,21,1,0,0,0,75,0
1522015,2022-05-04,20,1,0,0,0,75,0
1522015,2022-05-05,20,0,0,0,0,75,0
1522015,2022-05-06,19,1,0,0,0,75,0
1522015,2022-05-07,17,2,0,0,0,75,0
1522015,2022-05-08,16,1,0,0,0,75,0
1522015,2022-05-09,16,0,0,0,0,75,0
1522015,2022-05-10,16,0,0,0,0,75,0
1522015,2022-05-11,14,2,0,0,0,75,0
1522015,2022-05-12,12,2,0,0,0,75,0
1522015,2022-05-13,11,1,0,0,0,75,0
1522015,2022-05-14,9,2,0,0,0,75,0
1522015,2022-05-15,6,3,0,0,0,75,0
1522015,2022-05-16,81,0,0,75,0,0,0
1522015,2022-05-17,81,0,0,0,0,0,0
1522015,2022-05-18,79,2,0,0,0,0,0
1522015,2022-05-19,77,2,0,0,0,0,0
1522015,2022-05-20,74,3,0,0,0,0,0
1522015,2022-05-21,71,3,0,0,0,0,0
1522015,2022-05-22,70,1,0,0,0,0,0
1522015,2022-05-23,66,4,0,0,0,0,0
1522015,2022-05-24,66,0,0,0,0,0,0
1522015,2022-05-25,64,2,0,0,0,0,0
1522015,2022-05-26,63,1,0,0,0,0,0
1522015,2022-05-27,62,1,0,0,0,0,0
1522015,2022-05-28,62,0,0,0,0,0,0
1522015,2022-05-29,61,1,0,0,0,0,0
1522015,2022-05-30,61,0,0,0,0,0,0
1522015,2022-05-31,58,3,0,0,0,0,0
1522015,2022-06-01,56,2,0,0,0,0,0
1522015,2022-06-02,54,2,0,0,0,0,0
1522015,2022-06-03,53,1,0,0,0,0,0
1522015,2022-06-04,51,2,0,0,0,0,0
1522015,2022-06-05,49,2,0,0,0,0,0
1522015,2022-06-06,47,2,0,0,0,0,0
1522015,2022-06-07,46,1,0,0,0,0,0
1522015,2022-06-08,44,2,0,0,0,0,0
1522015,2022-06-09,43,1,0,0,0,0,0
1522015,2022-06-10,40,3,0,0,0,0,0
1522015,2022-06-11,40,0,0,0,0,0,0
1522015,2022-06-12,39,1,0,0,0,0,0
1522015,2022-06-13,37,2,0,0,0,0,0
1522015,2022-06-14,37,0,0,0,0,0,0
1522015,2022-06-15,34,3,0,0,70,70,0
1522015,2022-06-16,33,1,0,0,0,70,0
1522015,2022-06-17,33,0,0,0,0,70,0
1522015,2022-06-18,31,2,0,0,0,70,0
1522015,2022-06-19,29,2,0,0,0,70,0
1522015,2022-06-20,27,2,0,0,0,70,0
1522015,2022-06-21,26,1,0,0,0,70,0
1522015,2022-06-22,25,1,0,0,0,70,0
1522015,2022-06-23,24,1,0,0,0,70,0
1522015,2022-06-24,24,0,0,0,0,70,0
1522015,2022-06-25,22,2,0,0,0,70,0
1522015,2022-06-26,21,1,0,0,0,70,0
1522015,2022-06-27,19,2,0,0,0,70,0
1522015,2022-06-28,17,2,0,0,0,70,0
1522015,2022-06-29,16,1,0,0,0,70,0
1522015,2022-06-30,15,1,0,0,0,70,0
1522015,2022-07-01,12,3,0,0,0,70,0
1522015,2022-07-02,12,0,0,0,0,70,0
1522015,2022-07-03,11,1,0,0,0,70,0
1522015,2022-07-04,8,3,0,0,0,70,0
1522015,2022-07-05,5,3,0,0,0,70,0
1522015,2022-07-06,74,1,0,70,0,0,0
1522015,2022-07-07,74,0,0,0,0,0,0
1522015,2022-07-08,73,1,0,0,0,0,0
1522015,2022-07-09,72,1,0,0,0,0,0
1522015,2022-07-10,71,1,0,0,0,0,0
1522015,2022-07-11,67,4,0,0,0,0,0
1522015,2022-07-12,65,2,0,0,0,0,0
1522015,2022-07-13,63,2,0,0,0,0,0
1522015,2022-07-14,63,0,0,0,0,0,0
1522015,2022-07-15,62,1,0,0,0,0,0
1522015,2022-07-16,61,1,0,0,0,0,0
1522015,2022-07-17,59,2,0,0,0,0,0
1522015,2022-07-18,59,0,0,0,0,0,0
1522015,2022-07-19,57,2,0,0,0,0,0
1522015,2022-07-20,57,0,0,0,0,0,0
1522015,2022-07-21,56,1,0,0,0,0,0
1522015,2022-07-22,54,2,0,0,0,0,0
1522015,2022-07-23,53,1,0,0,0,0,0
1522015,2022-07-24,52,1,0,0,0,0,0
1522015,2022-07-25,50,2,0,0,0,0,0
1522015,2022-07-26,49,1,0,0,0,0,0
1522015,2022-07-27,49,0,0,0,0,0,0
1522015,2022-07-28,49,0,0,0,0,0,0
1522015,2022-07-29,49,0,0,0,0,0,0
1522015,2022-07-30,48,1,0,0,0,0,0
1522015,2022-07-31,44,4,0,0,0,0,0
1522015,2022-08-01,44,0,0,0,0,0,0
1522015,2022-08-02,44,0,0,0,0,0,0
1522015,2022-08-03,44,0,0,0,0,0,0
1522015,2022-08-04,42,2,0,0,0,0,0
1522015,2022-08-05,42,0,0,0,0,0,0
1522015,2022-08-06,42,0,0,0,0,0,0
1522015,2022-08-07,40,2,0,0,0,0,0
1522015,2022-08-08,37,3,0,0,0,0,0
1522015,2022-08-09,36,1,0,0,0,0,0
1522015,2022-08-10,35,1,0,0,0,0,0
1522015,2022-08-11,34,1,0,0,0,0,0
1522015,2022-08-12,33,1,0,0,0,0,0
1522015,2022-08-13,32,1,0,0,0,0,0
1522015,2022-08-14,29,3,0,0,59,59,0
1522015,2022-08-15,26,3,0,0,0,59,0
1522015,2022-08-16,25,1,0,0,0,59,0
1522015,2022-08-17,25,0,0,0,0,59,0
1522015,2022-08-18,23,2,0,0,0,59,0
1522015,2022-08-19,21,2,0,0,0,59,0
1522015,2022-08-20,21,0,0,0,0,59,0
1522015,2022-08-21,21,0,0,0,0,59,0
1522015,2022-08-22,21,0,0,0,0,59,0
1522015,2022-08-23,19,2,0,0,0,59,0
1522015,2022-08-24,19,0,0,0,0,59,0
1522015,2022-08-25,19,0,0,0,0,59,0
1522015,2022-08-26,18,1,0,0,0,59,0
1522015,2022-08-27,16,2,0,0,0,59,0
1522015,2022-08-28,12,4,0,0,0,59,0
1522015,2022-08-29,12,0,0,0,0,59,0
1522015,2022-08-30,10,2,0,0,0,59,0
1522015,2022-08-31,8,2,0,0,0,59,0
1522015,2022-09-01,8,0,0,0,0,59,0
1522015,2022-09-02,6,2,0,0,0,59,0
1522015,2022-09-03,4,2,0,0,0,59,0
1522015,2022-09-04,63,0,0,59,0,0,0
1522015,2022-09-05,61,2,0,0,0,0,0
1522015,2022-09-06,60,1,0,0,0,0,0
1522015,2022-09-07,58,2,0,0,0,0,0
1522015,2022-09-08,58,0,0,0,0,0,0
1522015,2022-09-09,58,0,0,0,0,0,0
1522015,2022-09-10,54,4,0,0,0,0,0
1522015,2022-09-11,53,1,0,0,0,0,0
1522015,2022-09-12,53,0,0,0,0,0,0
1522015,2022-09-13,51,2,0,0,0,0,0
1522015,2022-09-14,51,0,0,0,0,0,0
1522015,2022-09-15,50,1,0,0,0,0,0
1522015,2022-09-16,48,2,0,0,0,0,0
1522015,2022-09-17,46,2,0,0,0,0,0
1522015,2022-09-18,45,1,0,0,0,0,0
1522015,2022-09-19,44,1,0,0,0,0,0
1522015,2022-09-20,42,2,0,0,0,0,0
1522015,2022-09-21,39,3,0,0,0,0,0
1522015,2022-09-22,39,0,0,0,0,0,0
1522015,2022-09-23,36,3,0,0,0,0,0
1522015,2022-09-24,36,0,0,0,0,0,0
1522015,2022-09-25,36,0,0,0,0,0,0
1522015,2022-09-26,34,2,0,0,0,0,0
1522015,2022-09-27,31,3,0,0,0,0,0
1522015,2022-09-28,28,3,0,0,61,61,0
1522015,2022-09-29,26,2,0,0,0,61,0
1522015,2022-09-30,25,1,0,0,0,61,0
1522015,2022-10-01,22,3,0,0,0,61,0
1522015,2022-10-02,21,1,0,0,0,61,0
1522015,2022-10-03,19,2,0,0,0,61,0
1522015,2022-10-04,17,2,0,0,0,61,0
1522015,2022-10-05,16,1,0,0,0,61,0
1522015,2022-10-06,14,2,0,0,0,61,0
1522015,2022-10-07,12,2,0,0,0,61,0
1522015,2022-10-08,10,2,0,0,0,61,0
1522015,2022-10-09,6,4,0,0,0,61,0
1522015,2022-10-10,5,1,0,0,0,61,0
1522015,2022-10-11,3,2,0,0,0,61,0
1522015,2022-10-12,1,2,0,0,0,61,0
1522015,2022-10-13,0,2,1,0,0,61,1
1522015,2022-10-14,0,2,2,0,0,61,1
1522015,2022-10-15,0,0,0,0,0,61,0
1522015,2022-10-16,0,1,1,0,0,61,1
1522015,2022-10-17,0,2,2,0,0,61,1
1522015,2022-10-18,0,1,1,0,0,61,1
1522015,2022-10-19,59,2,0,61,0,0,0
1522015,2022-10-20,55,4,0,0,0,0,0
1522015,2022-10-21,54,1,0,0,0,0,0
1522015,2022-10-22,53,1,0,0,0,0,0
1522015,2022-10-23,52,1,0,0,0,0,0
1522015,2022-10-24,50,2,0,0,0,0,0
1522015,2022-10-25,50,0,0,0,0,0,0
1522015,2022-10-26,48,2,0,0,0,0,0
1522015,2022-10-27,45,3,0,0,0,0,0
1522015,2022-10-28,44,1,0,0,0,0,0
1522015,2022-10-29,43,1,0,0,0,0,0
1522015,2022-10-30,42,1,0,0,0,0,0
1522015,2022-10-31,42,0,0,0,0,0,0
1522015,2022-11-01,42,0,0,0,0,0,0
1522015,2022-11-02,41,1,0,0,0,0,0
1522015,2022-11-03,40,1,0,0,0,0,0
1522015,2022-11-04,40,0,0,0,0,0,0
1522015,2022-11-05,36,4,0,0,73,73,0
1522015,2022-11-06,35,1,0,0,0,73,0
1522015,2022-11-07,32,3,0,0,0,73,0
1522015,2022-11-08,30,2,0,0,0,73,0
1522015,2022-11-09,26,4,0,0,0,73,0
1522015,2022-11-10,25,1,0,0,0,73,0
1522015,2022-11-11,24,1,0,0,0,73,0
1522015,2022-11-12,21,3,0,0,0,73,0
1522015,2022-11-13,20,1,0,0,0,73,0
1522015,2022-11-14,19,1,0,0,0,73,0
1522015,2022-11-15,17,2,0,0,0,73,0
1522015,2022-11-16,13,4,0,0,0,73,0
1522015,2022-11-17,10,3,0,0,0,73,0
1522015,2022-11-18,9,1,0,0,0,73,0
1522015,2022-11-19,8,1,0,0,0,73,0
1522015,2022-11-20,5,3,0,0,0,73,0
1522015,2022-11-21,3,2,0,0,0,73,0
1522015,2022-11-22,0,3,0,0,0,73,0
1522015,2022-11-23,0,1,1,0,0,73,1
1522015,2022-11-24,0,4,4,0,0,73,1
1522015,2022-11-25,0,1,1,0,0,73,1
1522015,2022-11-26,67,6,0,73,0,0,0
1522015,2022-11-27,61,6,0,0,0,0,0
1522015,2022-11-28,60,1,0,0,0,0,0
1522015,2022-11-29,59,1,0,0,0,0,0
1522015,2022-11-30,59,0,0,0,0,0,0
1522015,2022-12-01,58,1,0,0,0,0,0
1522015,2022-12-02,57,1,0,0,0,0,0
1522015,2022-12-03,57,0,0,0,0,0,0
1522015,2022-12-04,55,2,0,0,0,0,0
1522015,2022-12-05,55,0,0,0,0,0,0
1522015,2022-12-06,53,2,0,0,0,0,0
1522015,2022-12-07,51,2,0,0,0,0,0
1522015,2022-12-08,51,0,0,0,0,0,0
1522015,2022-12-09,50,1,0,0,0,0,0
1522015,2022-12-10,50,0,0,0,0,0,0
1522015,2022-12-11,49,1,0,0,0,0,0
1522015,2022-12-12,47,2,0,0,0,0,0
1522015,2022-12-13,47,0,0,0,0,0,0
1522015,2022-12-14,47,0,0,0,0,0,0
1522015,2022-12-15,44,3,0,0,0,0,0
1522015,2022-12-16,44,0,0,0,0,0,0
1522015,2022-12-17,42,2,0,0,0,0,0
1522015,2022-12-18,41,1,0,0,0,0,0
1522015,2022-12-19,41,0,0,0,0,0,0
1522015,2022-12-20,39,2,0,0,0,0,0
1522015,2022-12-21,38,1,0,0,0,0,0
1522015,2022-12-22,37,1,0,0,75,75,0
1522015,2022-12-23,35,2,0,0,0,75,0
1522015,2022-12-24,35,0,0,0,0,75,0
1522015,2022-12-25,34,1,0,0,0,75,0
1522015,2022-12-26,32,2,0,0,0,75,0
1522015,2022-12-27,32,0,0,0,0,75,0
1522015,2022-12-28,32,0,0,0,0,75,0
1522015,2022-12-29,31,1,0,0,0,75,0
1522015,2022-12-30,30,1,0,0,0,75,0
1522015,2022-12-31,30,0,0,0,0,75,0
1522015,2023-01-01,29,1,0,0,0,75,0
1522015,2023-01-02,28,1,0,0,0,75,0
1522015,2023-01-03,27,1,0,0,0,75,0
1522015,2023-01-04,26,1,0,0,0,75,0
1522015,2023-01-05,25,1,0,0,0,75,0
1522015,2023-01-06,25,0,0,0,0,75,0
1522015,2023-01-07,25,0,0,0,0,75,0
1522015,2023-01-08,23,2,0,0,0,75,0
1522015,2023-01-09,21,2,0,0,0,75,0
1522015,2023-01-10,19,2,0,0,0,75,0
1522015,2023-01-11,18,1,0,0,0,75,0
1522015,2023-01-12,17,1,0,0,0,75,0
1522015,2023-01-13,17,0,0,0,0,75,0
1522015,2023-01-14,13,4,0,0,0,75,0
1522015,2023-01-15,11,2,0,0,0,75,0
1522015,2023-01-16,10,1,0,0,0,75,0
1522015,2023-01-17,10,0,0,0,0,75,0
1522015,2023-01-18,8,2,0,0,0,75,0
1522015,2023-01-19,83,0,0,75,0,0,0
1522015,2023-01-20,79,4,0,0,0,0,0
1522015,2023-01-21,77,2,0,0,0,0,0
1522015,2023-01-22,75,2,0,0,0,0,0
1522015,2023-01-23,73,2,0,0,0,0,0
1522015,2023-01-24,71,2,0,0,0,0,0
1522015,2023-01-25,69,2,0,0,0,0,0
1522015,2023-01-26,68,1,0,0,0,0,0
1522015,2023-01-27,67,1,0,0,0,0,0
1522015,2023-01-28,65,2,0,0,0,0,0
1522015,2023-01-29,61,4,0,0,0,0,0
1522015,2023-01-30,60,1,0,0,0,0,0
1522015,2023-01-31,55,5,0,0,0,0,0
1522015,2023-02-01,53,2,0,0,0,0,0
1522015,2023-02-02,51,2,0,0,0,0,0
1522015,2023-02-03,49,2,0,0,0,0,0
1522015,2023-02-04,46,3,0,0,0,0,0
1522015,2023-02-05,43,3,0,0,0,0,0
1522015,2023-02-06,42,1,0,0,0,0,0
1522015,2023-02-07,41,1,0,0,0,0,0
1522015,2023-02-08,39,2,0,0,0,0,0
1522015,2023-02-09,38,1,0,0,0,0,0
1522015,2023-02-10,36,2,0,0,0,0,0
1522015,2023-02-11,33,3,0,0,70,70,0
1522015,2023-02-12,31,2,0,0,0,70,0
1522015,2023-02-13,28,3,0,0,0,70,0
1522015,2023-02-14,26,2,0,0,0,70,0
1522015,2023-02-15,25,1,0,0,0,70,0
1522015,2023-02-16,24,1,0,0,0,70,0
1522015,2023-02-17,22,2,0,0,0,70,0
1522015,2023-02-18,21,1,0,0,0,70,0
1522015,2023-02-19,18,3,0,0,0,70,0
1522015,2023-02-20,16,2,0,0,0,70,0
1522015,2023-02-21,15,1,0,0,0,70,0
1522015,2023-02-22,13,2,0,0,0,70,0
1522015,2023-02-23,12,1,0,0,0,70,0
1522015,2023-02-24,12,0,0,0,0,70,0
1522015,2023-02-25,9,3,0,0,0,70,0
1522015,2023-02-26,4,5,0,0,0,70,0
1522015,2023-02-27,1,3,0,0,0,70,0
1522015,2023-02-28,0,4,3,0,0,70,1
1522015,2023-03-01,0,0,0,0,0,70,0
1522015,2023-03-02,0,3,3,0,0,70,1
1522015,2023-03-03,0,0,0,0,0,70,0
1522015,2023-03-04,0,2,2,0,0,70,1
1522015,2023-03-05,0,1,1,0,0,70,1
1522015,2023-03-06,0,1,1,0,0,70,1
1522015,2023-03-07,0,3,3,0,0,70,1
1522015,2023-03-08,0,2,2,0,0,70,1
1522015,2023-03-09,0,2,2,0,0,70,1
1522015,2023-03-10,0,1,1,0,0,70,1
1522015,2023-03-11,0,4,4,0,0,70,1
1522015,2023-03-12,0,1,1,0,0,70,1
1522015,2023-03-13,0,6,6,0,0,70,1
1522015,2023-03-14,0,3,3,0,0,70,1
1522015,2023-03-15,0,1,1,0,0,70,1
1522015,2023-03-16,69,1,0,70,0,0,0
1522015,2023-03-17,65,4,0,0,0,0,0
1522015,2023-03-18,64,1,0,0,0,0,0
1522015,2023-03-19,63,1,0,0,0,0,0
1522015,2023-03-20,61,2,0,0,0,0,0
1522015,2023-03-21,60,1,0,0,0,0,0
1522015,2023-03-22,58,2,0,0,0,0,0
1522015,2023-03-23,57,1,0,0,0,0,0
1522015,2023-03-24,52,5,0,0,0,0,0
1522015,2023-03-25,48,4,0,0,98,98,0
1522015,2023-03-26,47,1,0,0,0,98,0
1522015,2023-03-27,47,0,0,0,0,98,0
1522015,2023-03-28,46,1,0,0,0,98,0
1522015,2023-03-29,45,1,0,0,0,98,0
1522015,2023-03-30,42,3,0,0,0,98,0
1522015,2023-03-31,41,1,0,0,0,98,0
1522015,2023-04-01,40,1,0,0,0,98,0
1522015,2023-04-02,38,2,0,0,0,98,0
1522015,2023-04-03,37,1,0,0,0,98,0
1522015,2023-04-04,36,1,0,0,0,98,0
1522015,2023-04-05,34,2,0,0,0,98,0
1522015,2023-04-06,32,2,0,0,0,98,0
1522015,2023-04-07,31,1,0,0,0,98,0
1522015,2023-04-08,29,2,0,0,0,98,0
1522015,2023-04-09,26,3,0,0,0,98,0
1522015,2023-04-10,23,3,0,0,0,98,0
1522015,2023-04-11,22,1,0,0,0,98,0
1522015,2023-04-12,18,4,0,0,0,98,0
1522015,2023-04-13,12,6,0,0,0,98,0
1522015,2023-04-14,11,1,0,0,0,98,0
1522015,2023-04-15,10,1,0,0,0,98,0
1522015,2023-04-16,8,2,0,0,0,98,0
1522015,2023-04-17,5,3,0,0,0,98,0
1522015,2023-04-18,5,0,0,0,0,98,0
1522015,2023-04-19,1,4,0,0,0,98,0
1522015,2023-04-20,96,3,0,98,0,0,0
1522015,2023-04-21,96,0,0,0,0,0,0
1522015,2023-04-22,91,5,0,0,0,0,0
1522015,2023-04-23,88,3,0,0,0,0,0
1522015,2023-04-24,88,0,0,0,0,0,0
1522015,2023-04-25,86,2,0,0,0,0,0
1522015,2023-04-26,84,2,0,0,0,0,0
1522015,2023-04-27,81,3,0,0,0,0,0
1522015,2023-04-28,80,1,0,0,0,0,0
1522015,2023-04-29,79,1,0,0,0,0,0
1522015,2023-04-30,77,2,0,0,0,0,0
1522015,2023-05-01,77,0,0,0,0,0,0
1522015,2023-05-02,76,1,0,0,0,0,0
1522015,2023-05-03,74,2,0,0,0,0,0
1522015,2023-05-04,73,1,0,0,0,0,0
1522015,2023-05-05,70,3,0,0,0,0,0
1522015,2023-05-06,66,4,0,0,0,0,0
1522015,2023-05-07,65,1,0,0,0,0,0
1522015,2023-05-08,65,0,0,0,0,0,0
1522015,2023-05-09,65,0,0,0,0,0,0
1522015,2023-05-10,64,1,0,0,0,0,0
1522015,2023-05-11,63,1,0,0,0,0,0
1522015,2023-05-12,62,1,0,0,0,0,0
1522015,2023-05-13,59,3,0,0,0,0,0
1522015,2023-05-14,56,3,0,0,0,0,0
1522015,2023-05-15,55,1,0,0,0,0,0
1522015,2023-05-16,53,2,0,0,0,0,0
1522015,2023-05-17,52,1,0,0,0,0,0
1522015,2023-05-18,49,3,0,0,0,0,0
1522015,2023-05-19,48,1,0,0,0,0,0
1522015,2023-05-20,48,0,0,0,0,0,0
1522015,2023-05-21,46,2,0,0,0,0,0
1522015,2023-05-22,45,1,0,0,0,0,0
1522015,2023-05-23,44,1,0,0,0,0,0
1522015,2023-05-24,43,1,0,0,0,0,0
1522015,2023-05-25,41,2,0,0,84,84,0
1522015,2023-05-26,40,1,0,0,0,84,0
1522015,2023-05-27,39,1,0,0,0,84,0
1522015,2023-05-28,34,5,0,0,0,84,0
1522015,2023-05-29,32,2,0,0,0,84,0
1522015,2023-05-30,32,0,0,0,0,84,0
1522015,2023-05-31,31,1,0,0,0,84,0
1522015,2023-06-01,28,3,0,0,0,84,0
1522015,2023-06-02,26,2,0,0,0,84,0
1522015,2023-06-03,25,1,0,0,0,84,0
1522015,2023-06-04,23,2,0,0,0,84,0
1522015,2023-06-05,21,2,0,0,0,84,0
1522015,2023-06-06,20,1,0,0,0,84,0
1522015,2023-06-07,20,0,0,0,0,84,0
1522015,2023-06-08,20,0,0,0,0,84,0
1522015,2023-06-09,15,5,0,0,0,84,0
1522015,2023-06-10,12,3,0,0,0,84,0
1522015,2023-06-11,10,2,0,0,0,84,0
1522015,2023-06-12,8,2,0,0,0,84,0
1522015,2023-06-13,7,1,0,0,0,84,0
1522015,2023-06-14,5,2,0,0,0,84,0
1522015,2023-06-15,5,0,0,0,0,84,0
1522015,2023-06-16,5,0,0,0,0,84,0
1522015,2023-06-17,74,4,0,73,0,0,0
1522015,2023-06-18,72,2,0,0,0,0,0
1522015,2023-06-19,70,2,0,0,0,0,0
1522015,2023-06-20,68,2,0,0,0,0,0
1522015,2023-06-21,66,2,0,0,0,0,0
1522015,2023-06-22,64,2,0,0,0,0,0
1522015,2023-06-23,64,0,0,0,0,0,0
1522015,2023-06-24,62,2,0,0,0,0,0
1522015,2023-06-25,62,0,0,0,0,0,0
1522015,2023-06-26,62,0,0,0,0,0,0
1522015,2023-06-27,60,2,0,0,0,0,0
1522015,2023-06-28,57,3,0,0,0,0,0
1522015,2023-06-29,56,1,0,0,0,0,0
1522015,2023-06-30,52,4,0,0,0,0,0
1522015,2023-07-01,49,3,0,0,0,0,0
1522015,2023-07-02,48,1,0,0,0,0,0
1522015,2023-07-03,44,4,0,0,0,0,0
1522015,2023-07-04,41,3,0,0,0,0,0
1522015,2023-07-05,40,1,0,0,81,81,0
1522015,2023-07-06,39,1,0,0,0,81,0
1522015,2023-07-07,39,0,0,0,0,81,0
1522015,2023-07-08,37,2,0,0,0,81,0
1522015,2023-07-09,34,3,0,0,0,81,0
1522015,2023-07-10,33,1,0,0,0,81,0
1522015,2023-07-11,32,1,0,0,0,81,0
1522015,2023-07-12,29,3,0,0,0,81,0
1522015,2023-07-13,29,0,0,0,0,81,0
1522015,2023-07-14,25,4,0,0,0,81,0
1522015,2023-07-15,22,3,0,0,0,81,0
1522015,2023-07-16,20,2,0,0,0,81,0
1522015,2023-07-17,18,2,0,0,0,81,0
1522015,2023-07-18,18,0,0,0,0,81,0
1522015,2023-07-19,16,2,0,0,0,81,0
1522015,2023-07-20,12,4,0,0,0,81,0
1522015,2023-07-21,11,1,0,0,0,81,0
1522015,2023-07-22,11,0,0,0,0,81,0
1522015,2023-07-23,7,4,0,0,0,81,0
1522015,2023-07-24,7,0,0,0,0,81,0
1522015,2023-07-25,4,3,0,0,0,81,0
1522015,2023-07-26,3,1,0,0,0,81,0
1522015,2023-07-27,2,1,0,0,0,81,0
1522015,2023-07-28,1,1,0,0,0,81,0
1522015,2023-07-29,0,3,2,0,0,81,1
1522015,2023-07-30,0,4,4,0,0,81,1
1522015,2023-07-31,0,1,1,0,0,81,1
1522015,2023-08-01,0,2,2,0,0,81,1
1522015,2023-08-02,80,1,0,81,0,0,0
1522015,2023-08-03,79,1,0,0,0,0,0
1522015,2023-08-04,78,1,0,0,0,0,0
1522015,2023-08-05,75,3,0,0,0,0,0
1522015,2023-08-06,74,1,0,0,0,0,0
1522015,2023-08-07,73,1,0,0,0,0,0
1522015,2023-08-08,70,3,0,0,0,0,0
1522015,2023-08-09,66,4,0,0,0,0,0
1522015,2023-08-10,61,5,0,0,0,0,0
1522015,2023-08-11,59,2,0,0,0,0,0
1522015,2023-08-12,59,0,0,0,0,0,0
1522015,2023-08-13,57,2,0,0,0,0,0
1522015,2023-08-14,55,2,0,0,0,0,0
1522015,2023-08-15,54,1,0,0,0,0,0
1522015,2023-08-16,52,2,0,0,0,0,0
1522015,2023-08-17,50,2,0,0,0,0,0
1522015,2023-08-18,48,2,0,0,0,0,0
1522015,2023-08-19,46,2,0,0,0,0,0
1522015,2023-08-20,46,0,0,0,0,0,0
1522015,2023-08-21,45,1,0,0,0,0,0
1522015,2023-08-22,41,4,0,0,89,89,0
1522015,2023-08-23,40,1,0,0,0,89,0
1522015,2023-08-24,37,3,0,0,0,89,0
1522015,2023-08-25,31,6,0,0,0,89,0
1522015,2023-08-26,27,4,0,0,0,89,0
1522015,2023-08-27,26,1,0,0,0,89,0
1522015,2023-08-28,24,2,0,0,0,89,0
1522015,2023-08-29,20,4,0,0,0,89,0
1522015,2023-08-30,17,3,0,0,0,89,0
1522015,2023-08-31,17,0,0,0,0,89,0
1522015,2023-09-01,15,2,0,0,0,89,0
1522015,2023-09-02,15,0,0,0,0,89,0
1522015,2023-09-03,10,5,0,0,0,89,0
1522015,2023-09-04,5,5,0,0,0,89,0
1522015,2023-09-05,0,5,0,0,0,89,0
1522015,2023-09-06,0,4,4,0,0,89,1
1522015,2023-09-07,0,1,1,0,0,89,1
1522015,2023-09-08,0,2,2,0,0,89,1
1522015,2023-09-09,0,7,7,0,0,89,1
1522015,2023-09-10,0,7,7,0,0,89,1
1522015,2023-09-11,0,3,3,0,0,89,1
1522015,2023-09-12,0,3,3,0,0,89,1
1522015,2023-09-13,0,4,4,0,0,89,1
1522015,2023-09-14,0,1,1,0,0,89,1
1522015,2023-09-15,0,4,4,0,0,89,1
1522015,2023-09-16,0,0,0,0,0,89,0
1522015,2023-09-17,85,4,0,89,0,0,0
1522015,2023-09-18,82,3,0,0,0,0,0
1522015,2023-09-19,81,1,0,0,0,0,0
1522015,2023-09-20,77,4,0,0,0,0,0
1522015,2023-09-21,75,2,0,0,0,0,0
1522015,2023-09-22,73,2,0,0,0,0,0
1522015,2023-09-23,71,2,0,0,0,0,0
1522015,2023-09-24,68,3,0,0,0,0,0
1522015,2023-09-25,68,0,0,0,0,0,0
1522015,2023-09-26,65,3,0,0,0,0,0
1522015,2023-09-27,63,2,0,0,0,0,0
1522015,2023-09-28,61,2,0,0,0,0,0
1522015,2023-09-29,60,1,0,0,0,0,0
1522015,2023-09-30,60,0,0,0,0,0,0
1522015,2023-10-01,55,5,0,0,116,116,0
1522015,2023-10-02,53,2,0,0,0,116,0
1522015,2023-10-03,51,2,0,0,0,116,0
1522015,2023-10-04,49,2,0,0,0,116,0
1522015,2023-10-05,48,1,0,0,0,116,0
1522015,2023-10-06,47,1,0,0,0,116,0
1522015,2023-10-07,44,3,0,0,0,116,0
1522015,2023-10-08,44,0,0,0,0,116,0
1522015,2023-10-09,40,4,0,0,0,116,0
1522015,2023-10-10,38,2,0,0,0,116,0
1522015,2023-10-11,35,3,0,0,0,116,0
1522015,2023-10-12,33,2,0,0,0,116,0
1522015,2023-10-13,32,1,0,0,0,116,0
1522015,2023-10-14,28,4,0,0,0,116,0
1522015,2023-10-15,28,0,0,0,0,116,0
1522015,2023-10-16,27,1,0,0,0,116,0
1522015,2023-10-17,23,4,0,0,0,116,0
1522015,2023-10-18,21,2,0,0,0,116,0
1522015,2023-10-19,19,2,0,0,0,116,0
1522015,2023-10-20,15,4,0,0,0,116,0
1522015,2023-10-21,9,6,0,0,0,116,0
1522015,2023-10-22,4,5,0,0,0,116,0
1522015,2023-10-23,3,1,0,0,0,116,0
1522015,2023-10-24,1,2,0,0,0,116,0
1522015,2023-10-25,0,4,3,0,0,116,1
1522015,2023-10-26,0,3,3,0,0,116,1
1522015,2023-10-27,0,1,1,0,0,116,1
1522015,2023-10-28,114,2,0,116,0,0,0
1522015,2023-10-29,109,5,0,0,0,0,0
1522015,2023-10-30,108,1,0,0,0,0,0
1522015,2023-10-31,107,1,0,0,0,0,0
1522015,2023-11-01,102,5,0,0,0,0,0
1522015,2023-11-02,98,4,0,0,0,0,0
1522015,2023-11-03,96,2,0,0,0,0,0
1522015,2023-11-04,92,4,0,0,0,0,0
1522015,2023-11-05,88,4,0,0,0,0,0
1522015,2023-11-06,86,2,0,0,0,0,0
1522015,2023-11-07,84,2,0,0,0,0,0
1522015,2023-11-08,83,1,0,0,0,0,0
1522015,2023-11-09,81,2,0,0,0,0,0
1522015,2023-11-10,78,3,0,0,0,0,0
1522015,2023-11-11,77,1,0,0,0,0,0
1522015,2023-11-12,74,3,0,0,0,0,0
1522015,2023-11-13,74,0,0,0,0,0,0
1522015,2023-11-14,73,1,0,0,0,0,0
1522015,2023-11-15,73,0,0,0,0,0,0
1522015,2023-11-16,71,2,0,0,0,0,0
1522015,2023-11-17,69,2,0,0,0,0,0
1522015,2023-11-18,65,4,0,0,0,0,0
1522015,2023-11-19,60,5,0,0,0,0,0
1522015,2023-11-20,58,2,0,0,0,0,0
1522015,2023-11-21,54,4,0,0,110,110,0
1522015,2023-11-22,54,0,0,0,0,110,0
1522015,2023-11-23,40,14,0,0,0,110,0
1522015,2023-11-24,32,8,0,0,0,110,0
1522015,2023-11-25,27,5,0,0,0,110,0
1522015,2023-11-26,14,13,0,0,0,110,0
1522015,2023-11-27,12,2,0,0,0,110,0
1522015,2023-11-28,10,2,0,0,0,110,0
1522015,2023-11-29,9,1,0,0,0,110,0
1522015,2023-11-30,9,0,0,0,0,110,0
1522015,2023-12-01,9,0,0,0,0,110,0
1522015,2023-12-02,7,2,0,0,0,110,0
1522015,2023-12-03,6,1,0,0,0,110,0
1522015,2023-12-04,5,1,0,0,0,110,0
1522015,2023-12-05,4,1,0,0,0,110,0
1522015,2023-12-06,4,0,0,0,0,110,0
1522015,2023-12-07,4,0,0,0,0,110,0
1522015,2023-12-08,2,2,0,0,0,110,0
1522015,2023-12-09,0,3,1,0,0,110,1
1522015,2023-12-10,0,2,2,0,0,110,1
1522015,2023-12-11,0,0,0,0,0,110,0
1522015,2023-12-12,0,2,2,0,0,110,1
1522015,2023-12-13,0,5,5,0,0,110,1
1522015,2023-12-14,0,2,2,0,0,110,1
1522015,2023-12-15,0,3,3,0,0,110,1
1522015,2023-12-16,0,5,5,0,0,110,1
1522015,2023-12-17,0,3,3,0,0,110,1
1522015,2023-12-18,0,3,3,0,0,110,1
1522015,2023-12-19,0,2,2,0,0,110,1
1522015,2023-12-20,0,0,0,0,0,110,0
1522015,2023-12-21,0,2,2,0,0,110,1
1522015,2023-12-22,0,2,2,0,0,110,1
1522015,2023-12-23,91,2,0,93,0,0,0
1522015,2023-12-24,90,1,0,0,0,0,0
1522015,2023-12-25,87,3,0,0,0,0,0
1522015,2023-12-26,86,1,0,0,0,0,0
1522015,2023-12-27,85,1,0,0,0,0,0
1522015,2023-12-28,84,1,0,0,0,0,0
1522015,2023-12-29,80,4,0,0,0,0,0
1522015,2023-12-30,78,2,0,0,0,0,0
1522015,2023-12-31,78,0,0,0,0,0,0
1522015,2024-01-01,78,0,0,0,0,0,0
1522015,2024-01-02,78,0,0,0,0,0,0
1522015,2024-01-03,74,4,0,0,0,0,0
1522015,2024-01-04,73,1,0,0,0,0,0
1522015,2024-01-05,72,1,0,0,0,0,0
1522015,2024-01-06,72,0,0,0,0,0,0
1522015,2024-01-07,66,6,0,0,0,0,0
1522015,2024-01-08,65,1,0,0,0,0,0
1522015,2024-01-09,62,3,0,0,0,0,0
1522015,2024-01-10,59,3,0,0,0,0,0
1522015,2024-01-11,55,4,0,0,115,115,0
1522015,2024-01-12,53,2,0,0,0,115,0
1522015,2024-01-13,49,4,0,0,0,115,0
1522015,2024-01-14,44,5,0,0,0,115,0
1522015,2024-01-15,43,1,0,0,0,115,0
1522015,2024-01-16,41,2,0,0,0,115,0
1522015,2024-01-17,41,0,0,0,0,115,0
1522015,2024-01-18,38,3,0,0,0,115,0
1522015,2024-01-19,34,4,0,0,0,115,0
1522015,2024-01-20,33,1,0,0,0,115,0
1522015,2024-01-21,31,2,0,0,0,115,0
1522015,2024-01-22,27,4,0,0,0,115,0
1522015,2024-01-23,23,4,0,0,0,115,0
1522015,2024-01-24,21,2,0,0,0,115,0
1522015,2024-01-25,20,1,0,0,0,115,0
1522015,2024-01-26,18,2,0,0,0,115,0
1522015,2024-01-27,12,6,0,0,0,115,0
1522015,2024-01-28,10,2,0,0,0,115,0
1522015,2024-01-29,9,1,0,0,0,115,0
1522015,2024-01-30,7,2,0,0,0,115,0
1522015,2024-01-31,4,3,0,0,0,115,0
1522015,2024-02-01,0,6,2,0,0,115,1
1522015,2024-02-02,0,0,0,0,0,115,0
1522015,2024-02-03,0,2,2,0,0,115,1
1522015,2024-02-04,0,4,4,0,0,115,1
1522015,2024-02-05,113,2,0,115,0,0,0
1522015,2024-02-06,112,1,0,0,0,0,0
1522015,2024-02-07,109,3,0,0,0,0,0
1522015,2024-02-08,107,2,0,0,0,0,0
1522015,2024-02-09,105,2,0,0,0,0,0
1522015,2024-02-10,102,3,0,0,0,0,0
1522015,2024-02-11,99,3,0,0,0,0,0
1522015,2024-02-12,97,2,0,0,0,0,0
1522015,2024-02-13,97,0,0,0,0,0,0
1522015,2024-02-14,94,3,0,0,0,0,0
1522015,2024-02-15,90,4,0,0,0,0,0
1522015,2024-02-16,85,5,0,0,0,0,0
1522015,2024-02-17,83,2,0,0,0,0,0
1522015,2024-02-18,81,2,0,0,0,0,0
1522015,2024-02-19,80,1,0,0,0,0,0
1522015,2024-02-20,79,1,0,0,0,0,0
1522015,2024-02-21,77,2,0,0,0,0,0
1522015,2024-02-22,76,1,0,0,0,0,0
1522015,2024-02-23,74,2,0,0,0,0,0
1522015,2024-02-24,71,3,0,0,0,0,0
1522015,2024-02-25,68,3,0,0,0,0,0
1522015,2024-02-26,65,3,0,0,0,0,0
1522015,2024-02-27,62,3,0,0,0,0,0
1522015,2024-02-28,59,3,0,0,0,0,0
1522015,2024-02-29,56,3,0,0,114,114,0
2704704,2022-03-01,73,2,0,0,0,0,0
2704704,2022-03-02,72,1,0,0,0,0,0
2704704,2022-03-03,70,2,0,0,0,0,0
2704704,2022-03-04,69,1,0,0,0,0,0
2704704,2022-03-05,67,2,0,0,0,0,0
2704704,2022-03-06,65,2,0,0,0,0,0
2704704,2022-03-07,65,0,0,0,0,0,0
2704704,2022-03-08,61,4,0,0,0,0,0
2704704,2022-03-09,60,1,0,0,0,0,0
2704704,2022-03-10,60,0,0,0,0,0,0
2704704,2022-03-11,60,0,0,0,0,0,0
2704704,2022-03-12,57,3,0,0,0,0,0
2704704,2022-03-13,56,1,0,0,0,0,0
2704704,2022-03-14,55,1,0,0,0,0,0
2704704,2022-03-15,55,0,0,0,0,0,0
2704704,2022-03-16,54,1,0,0,0,0,0
2704704,2022-03-17,54,0,0,0,0,0,0
2704704,2022-03-18,53,1,0,0,0,0,0
2704704,2022-03-19,50,3,0,0,0,0,0
2704704,2022-03-20,48,2,0,0,0,0,0
2704704,2022-03-21,44,4,0,0,0,0,0
2704704,2022-03-22,40,4,0,0,70,70,0
2704704,2022-03-23,39,1,0,0,0,70,0
2704704,2022-03-24,39,0,0,0,0,70,0
2704704,2022-03-25,38,1,0,0,0,70,0
2704704,2022-03-26,36,2,0,0,0,70,0
2704704,2022-03-27,33,3,0,0,0,70,0
2704704,2022-03-28,32,1,0,0,0,70,0
2704704,2022-03-29,30,2,0,0,0,70,0
2704704,2022-03-30,30,0,0,0,0,70,0
2704704,2022-03-31,28,2,0,0,0,70,0
2704704,2022-04-01,28,0,0,0,0,70,0
2704704,2022-04-02,27,1,0,0,0,70,0
2704704,2022-04-03,26,1,0,0,0,70,0
2704704,2022-04-04,26,0,0,0,0,70,0
2704704,2022-04-05,22,4,0,0,0,70,0
2704704,2022-04-06,22,0,0,0,0,70,0
2704704,2022-04-07,21,1,0,0,0,70,0
2704704,2022-04-08,18,3,0,0,0,70,0
2704704,2022-04-09,17,1,0,0,0,70,0
2704704,2022-04-10,13,4,0,0,0,70,0
2704704,2022-04-11,10,3,0,0,0,70,0
2704704,2022-04-12,7,3,0,0,0,70,0
2704704,2022-04-13,6,1,0,0,0,70,0
2704704,2022-04-14,5,1,0,0,0,70,0
2704704,2022-04-15,3,2,0,0,0,70,0
2704704,2022-04-16,2,1,0,0,0,70,0
2704704,2022-04-17,2,0,0,0,0,70,0
2704704,2022-04-18,0,3,1,0,0,70,1
2704704,2022-04-19,70,0,0,70,0,0,0
2704704,2022-04-20,70,0,0,0,0,0,0
2704704,2022-04-21,69,1,0,0,0,0,0
2704704,2022-04-22,67,2,0,0,0,0,0
2704704,2022-04-23,65,2,0,0,0,0,0
2704704,2022-04-24,63,2,0,0,0,0,0
2704704,2022-04-25,62,1,0,0,0,0,0
2704704,2022-04-26,60,2,0,0,0,0,0
2704704,2022-04-27,59,1,0,0,0,0,0
2704704,2022-04-28,59,0,0,0,0,0,0
2704704,2022-04-29,59,0,0,0,0,0,0
2704704,2022-04-30,58,1,0,0,0,0,0
2704704,2022-05-01,57,1,0,0,0,0,0
2704704,2022-05-02,57,0,0,0,0,0,0
2704704,2022-05-03,57,0,0,0,0,0,0
2704704,2022-05-04,55,2,0,0,0,0,0
2704704,2022-05-05,53,2,0,0,0,0,0
2704704,2022-05-06,53,0,0,0,0,0,0
2704704,2022-05-07,52,1,0,0,0,0,0
2704704,2022-05-08,50,2,0,0,0,0,0
2704704,2022-05-09,49,1,0,0,0,0,0
2704704,2022-05-10,49,0,0,0,0,0,0
2704704,2022-05-11,46,3,0,0,0,0,0
2704704,2022-05-12,42,4,0,0,67,67,0
2704704,2022-05-13,41,1,0,0,0,67,0
2704704,2022-05-14,38,3,0,0,0,67,0
2704704,2022-05-15,38,0,0,0,0,67,0
2704704,2022-05-16,38,0,0,0,0,67,0
2704704,2022-05-17,37,1,0,0,0,67,0
2704704,2022-05-18,36,1,0,0,0,67,0
2704704,2022-05-19,33,3,0,0,0,67,0
2704704,2022-05-20,30,3,0,0,0,67,0
2704704,2022-05-21,29,1,0,0,0,67,0
2704704,2022-05-22,29,0,0,0,0,67,0
2704704,2022-05-23,28,1,0,0,0,67,0
2704704,2022-05-24,27,1,0,0,0,67,0
2704704,2022-05-25,27,0,0,0,0,67,0
2704704,2022-05-26,26,1,0,0,0,67,0
2704704,2022-05-27,24,2,0,0,0,67,0
2704704,2022-05-28,20,4,0,0,0,67,0
2704704,2022-05-29,16,4,0,0,0,67,0
2704704,2022-05-30,13,3,0,0,0,67,0
2704704,2022-05-31,10,3,0,0,0,67,0
2704704,2022-06-01,8,2,0,0,0,67,0
2704704,2022-06-02,5,3,0,0,0,67,0
2704704,2022-06-03,2,3,0,0,0,67,0
2704704,2022-06-04,1,1,0,0,0,67,0
2704704,2022-06-05,0,1,0,0,0,67,0
2704704,2022-06-06,0,3,3,0,0,67,1
2704704,2022-06-07,0,3,3,0,0,67,1
2704704,2022-06-08,0,0,0,0,0,67,0
2704704,2022-06-09,67,0,0,67,0,0,0
2704704,2022-06-10,67,0,0,0,0,0,0
2704704,2022-06-11,65,2,0,0,0,0,0
2704704,2022-06-12,64,1,0,0,0,0,0
2704704,2022-06-13,63,1,0,0,0,0,0
2704704,2022-06-14,63,0,0,0,0,0,0
2704704,2022-06-15,61,2,0,0,0,0,0
2704704,2022-06-16,60,1,0,0,0,0,0
2704704,2022-06-17,60,0,0,0,0,0,0
2704704,2022-06-18,59,1,0,0,0,0,0
2704704,2022-06-19,57,2,0,0,0,0,0
2704704,2022-06-20,57,0,0,0,0,0,0
2704704,2022-06-21,57,0,0,0,0,0,0
2704704,2022-06-22,56,1,0,0,0,0,0
2704704,2022-06-23,49,7,0,0,0,0,0
2704704,2022-06-24,49,0,0,0,0,0,0
2704704,2022-06-25,45,4,0,0,70,70,0
2704704,2022-06-26,42,3,0,0,0,70,0
2704704,2022-06-27,40,2,0,0,0,70,0
2704704,2022-06-28,40,0,0,0,0,70,0
2704704,2022-06-29,38,2,0,0,0,70,0
2704704,2022-06-30,35,3,0,0,0,70,0
2704704,2022-07-01,35,0,0,0,0,70,0
2704704,2022-07-02,30,5,0,0,0,70,0
2704704,2022-07-03,26,4,0,0,0,70,0
2704704,2022-07-04,26,0,0,0,0,70,0
2704704,2022-07-05,25,1,0,0,0,70,0
2704704,2022-07-06,23,2,0,0,0,70,0
2704704,2022-07-07,22,1,0,0,0,70,0
2704704,2022-07-08,21,1,0,0,0,70,0
2704704,2022-07-09,21,0,0,0,0,70,0
2704704,2022-07-10,16,5,0,0,0,70,0
2704704,2022-07-11,13,3,0,0,0,70,0
2704704,2022-07-12,12,1,0,0,0,70,0
2704704,2022-07-13,11,1,0,0,0,70,0
2704704,2022-07-14,10,1,0,0,0,70,0
2704704,2022-07-15,10,0,0,0,0,70,0
2704704,2022-07-16,5,5,0,0,0,70,0
2704704,2022-07-17,3,2,0,0,0,70,0
2704704,2022-07-18,2,1,0,0,0,70,0
2704704,2022-07-19,2,0,0,0,0,70,0
2704704,2022-07-20,0,4,2,0,0,70,1
2704704,2022-07-21,0,1,1,0,0,70,1
2704704,2022-07-22,0,2,2,0,0,70,1
2704704,2022-07-23,69,1,0,70,0,0,0
2704704,2022-07-24,69,0,0,0,0,0,0
2704704,2022-07-25,65,4,0,0,0,0,0
2704704,2022-07-26,62,3,0,0,0,0,0
2704704,2022-07-27,61,1,0,0,0,0,0
2704704,2022-07-28,61,0,0,0,0,0,0
2704704,2022-07-29,60,1,0,0,0,0,0
2704704,2022-07-30,57,3,0,0,0,0,0
2704704,2022-07-31,57,0,0,0,0,0,0
2704704,2022-08-01,57,0,0,0,0,0,0
2704704,2022-08-02,55,2,0,0,0,0,0
2704704,2022-08-03,54,1,0,0,0,0,0
2704704,2022-08-04,51,3,0,0,0,0,0
2704704,2022-08-05,47,4,0,0,77,77,0
2704704,2022-08-06,45,2,0,0,0,77,0
2704704,2022-08-07,44,1,0,0,0,77,0
2704704,2022-08-08,41,3,0,0,0,77,0
2704704,2022-08-09,38,3,0,0,0,77,0
2704704,2022-08-10,36,2,0,0,0,77,0
2704704,2022-08-11,35,1,0,0,0,77,0
2704704,2022-08-12,31,4,0,0,0,77,0
2704704,2022-08-13,30,1,0,0,0,77,0
2704704,2022-08-14,28,2,0,0,0,77,0
2704704,2022-08-15,26,2,0,0,0,77,0
2704704,2022-08-16,25,1,0,0,0,77,0
2704704,2022-08-17,25,0,0,0,0,77,0
2704704,2022-08-18,24,1,0,0,0,77,0
2704704,2022-08-19,22,2,0,0,0,77,0
2704704,2022-08-20,19,3,0,0,0,77,0
2704704,2022-08-21,15,4,0,0,0,77,0
2704704,2022-08-22,15,0,0,0,0,77,0
2704704,2022-08-23,13,2,0,0,0,77,0
2704704,2022-08-24,12,1,0,0,0,77,0
2704704,2022-08-25,9,3,0,0,0,77,0
2704704,2022-08-26,8,1,0,0,0,77,0
2704704,2022-08-27,7,1,0,0,0,77,0
2704704,2022-08-28,4,3,0,0,0,77,0
2704704,2022-08-29,2,2,0,0,0,77,0
2704704,2022-08-30,0,2,0,0,0,77,0
2704704,2022-08-31,0,2,2,0,0,77,1
2704704,2022-09-01,0,2,2,0,0,77,1
2704704,2022-09-02,77,0,0,77,0,0,0
2704704,2022-09-03,76,1,0,0,0,0,0
2704704,2022-09-04,74,2,0,0,0,0,0
2704704,2022-09-05,74,0,0,0,0,0,0
2704704,2022-09-06,70,4,0,0,0,0,0
2704704,2022-09-07,70,0,0,0,0,0,0
2704704,2022-09-08,65,5,0,0,0,0,0
2704704,2022-09-09,63,2,0,0,0,0,0
2704704,2022-09-10,62,1,0,0,0,0,0
2704704,2022-09-11,59,3,0,0,0,0,0
2704704,2022-09-12,57,2,0,0,0,0,0
2704704,2022-09-13,55,2,0,0,0,0,0
2704704,2022-09-14,52,3,0,0,86,86,0
2704704,2022-09-15,48,4,0,0,0,86,0
2704704,2022-09-16,45,3,0,0,0,86,0
2704704,2022-09-17,43,2,0,0,0,86,0
2704704,2022-09-18,41,2,0,0,0,86,0
2704704,2022-09-19,37,4,0,0,0,86,0
2704704,2022-09-20,37,0,0,0,0,86,0
2704704,2022-09-21,35,2,0,0,0,86,0
2704704,2022-09-22,35,0,0,0,0,86,0
2704704,2022-09-23,33,2,0,0,0,86,0
2704704,2022-09-24,31,2,0,0,0,86,0
2704704,2022-09-25,28,3,0,0,0,86,0
2704704,2022-09-26,24,4,0,0,0,86,0
2704704,2022-09-27,23,1,0,0,0,86,0
2704704,2022-09-28,23,0,0,0,0,86,0
2704704,2022-09-29,22,1,0,0,0,86,0
2704704,2022-09-30,20,2,0,0,0,86,0
2704704,2022-10-01,19,1,0,0,0,86,0
2704704,2022-10-02,18,1,0,0,0,86,0
2704704,2022-10-03,18,0,0,0,0,86,0
2704704,2022-10-04,16,2,0,0,0,86,0
2704704,2022-10-05,11,5,0,0,0,86,0
2704704,2022-10-06,10,1,0,0,0,86,0
2704704,2022-10-07,7,3,0,0,0,86,0
2704704,2022-10-08,7,0,0,0,0,86,0
2704704,2022-10-09,4,3,0,0,0,86,0
2704704,2022-10-10,3,1,0,0,0,86,0
2704704,2022-10-11,2,1,0,0,0,86,0
2704704,2022-10-12,86,2,0,86,0,0,0
2704704,2022-10-13,85,1,0,0,0,0,0
2704704,2022-10-14,82,3,0,0,0,0,0
2704704,2022-10-15,81,1,0,0,0,0,0
2704704,2022-10-16,80,1,0,0,0,0,0
2704704,2022-10-17,78,2,0,0,0,0,0
2704704,2022-10-18,77,1,0,0,0,0,0
2704704,2022-10-19,76,1,0,0,0,0,0
2704704,2022-10-20,76,0,0,0,0,0,0
2704704,2022-10-21,74,2,0,0,0,0,0
2704704,2022-10-22,74,0,0,0,0,0,0
2704704,2022-10-23,72,2,0,0,0,0,0
2704704,2022-10-24,70,2,0,0,0,0,0
2704704,2022-10-25,70,0,0,0,0,0,0
2704704,2022-10-26,68,2,0,0,0,0,0
2704704,2022-10-27,67,1,0,0,0,0,0
2704704,2022-10-28,67,0,0,0,0,0,0
2704704,2022-10-29,65,2,0,0,0,0,0
2704704,2022-10-30,62,3,0,0,0,0,0
2704704,2022-10-31,61,1,0,0,0,0,0
2704704,2022-11-01,60,1,0,0,0,0,0
2704704,2022-11-02,58,2,0,0,0,0,0
2704704,2022-11-03,57,1,0,0,0,0,0
2704704,2022-11-04,54,3,0,0,0,0,0
2704704,2022-11-05,53,1,0,0,0,0,0
2704704,2022-11-06,52,1,0,0,0,0,0
2704704,2022-11-07,47,5,0,0,78,78,0
2704704,2022-11-08,46,1,0,0,0,78,0
2704704,2022-11-09,45,1,0,0,0,78,0
2704704,2022-11-10,45,0,0,0,0,78,0
2704704,2022-11-11,43,2,0,0,0,78,0
2704704,2022-11-12,43,0,0,0,0,78,0
2704704,2022-11-13,43,0,0,0,0,78,0
2704704,2022-11-14,43,0,0,0,0,78,0
2704704,2022-11-15,43,0,0,0,0,78,0
2704704,2022-11-16,42,1,0,0,0,78,0
2704704,2022-11-17,41,1,0,0,0,78,0
2704704,2022-11-18,40,1,0,0,0,78,0
2704704,2022-11-19,40,0,0,0,0,78,0
2704704,2022-11-20,38,2,0,0,0,78,0
2704704,2022-11-21,38,0,0,0,0,78,0
2704704,2022-11-22,37,1,0,0,0,78,0
2704704,2022-11-23,33,4,0,0,0,78,0
2704704,2022-11-24,33,0,0,0,0,78,0
2704704,2022-11-25,25,8,0,0,0,78,0
2704704,2022-11-26,17,8,0,0,0,78,0
2704704,2022-11-27,12,5,0,0,0,78,0
2704704,2022-11-28,10,2,0,0,0,78,0
2704704,2022-11-29,9,1,0,0,0,78,0
2704704,2022-11-30,8,1,0,0,0,78,0
2704704,2022-12-01,8,0,0,0,0,78,0
2704704,2022-12-02,5,3,0,0,0,78,0
2704704,2022-12-03,2,3,0,0,0,78,0
2704704,2022-12-04,2,0,0,0,0,78,0
2704704,2022-12-05,77,3,0,78,0,0,0
2704704,2022-12-06,74,3,0,0,0,0,0
2704704,2022-12-07,74,0,0,0,0,0,0
2704704,2022-12-08,74,0,0,0,0,0,0
2704704,2022-12-09,73,1,0,0,0,0,0
2704704,2022-12-10,72,1,0,0,0,0,0
2704704,2022-12-11,71,1,0,0,0,0,0
2704704,2022-12-12,71,0,0,0,0,0,0
2704704,2022-12-13,70,1,0,0,0,0,0
2704704,2022-12-14,69,1,0,0,0,0,0
2704704,2022-12-15,69,0,0,0,0,0,0
2704704,2022-12-16,69,0,0,0,0,0,0
2704704,2022-12-17,65,4,0,0,0,0,0
2704704,2022-12-18,63,2,0,0,0,0,0
2704704,2022-12-19,62,1,0,0,0,0,0
2704704,2022-12-20,62,0,0,0,0,0,0
2704704,2022-12-21,60,2,0,0,0,0,0
2704704,2022-12-22,59,1,0,0,0,0,0
2704704,2022-12-23,57,2,0,0,0,0,0
2704704,2022-12-24,54,3,0,0,0,0,0
2704704,2022-12-25,52,2,0,0,0,0,0
2704704,2022-12-26,52,0,0,0,0,0,0
2704704,2022-12-27,52,0,0,0,0,0,0
2704704,2022-12-28,51,1,0,0,0,0,0
2704704,2022-12-29,51,0,0,0,0,0,0
2704704,2022-12-30,49,2,0,0,0,0,0
2704704,2022-12-31,48,1,0,0,0,0,0
2704704,2023-01-01,48,0,0,0,0,0,0
2704704,2023-01-02,48,0,0,0,0,0,0
2704704,2023-01-03,46,2,0,0,0,0,0
2704704,2023-01-04,44,2,0,0,0,0,0
2704704,2023-01-05,44,0,0,0,0,0,0
2704704,2023-01-06,42,2,0,0,67,67,0
2704704,2023-01-07,41,1,0,0,0,67,0
2704704,2023-01-08,40,1,0,0,0,67,0
2704704,2023-01-09,38,2,0,0,0,67,0
2704704,2023-01-10,38,0,0,0,0,67,0
2704704,2023-01-11,36,2,0,0,0,67,0
2704704,2023-01-12,34,2,0,0,0,67,0
2704704,2023-01-13,33,1,0,0,0,67,0
2704704,2023-01-14,31,2,0,0,0,67,0
2704704,2023-01-15,31,0,0,0,0,67,0
2704704,2023-01-16,27,4,0,0,0,67,0
2704704,2023-01-17,24,3,0,0,0,67,0
2704704,2023-01-18,22,2,0,0,0,67,0
2704704,2023-01-19,20,2,0,0,0,67,0
2704704,2023-01-20,19,1,0,0,0,67,0
2704704,2023-01-21,12,7,0,0,0,67,0
2704704,2023-01-22,10,2,0,0,0,67,0
2704704,2023-01-23,9,1,0,0,0,67,0
2704704,2023-01-24,6,3,0,0,0,67,0
2704704,2023-01-25,6,0,0,0,0,67,0
2704704,2023-01-26,5,1,0,0,0,67,0
2704704,2023-01-27,4,1,0,0,0,67,0
2704704,2023-01-28,3,1,0,0,0,67,0
2704704,2023-01-29,1,2,0,0,0,67,0
2704704,2023-01-30,1,0,0,0,0,67,0
2704704,2023-01-31,1,0,0,0,0,67,0
2704704,2023-02-01,0,1,0,0,0,67,0
2704704,2023-02-02,0,2,2,0,0,67,1
2704704,2023-02-03,65,2,0,67,0,0,0
2704704,2023-02-04,60,5,0,0,0,0,0
2704704,2023-02-05,60,0,0,0,0,0,0
2704704,2023-02-06,60,0,0,0,0,0,0
2704704,2023-02-07,60,0,0,0,0,0,0
2704704,2023-02-08,60,0,0,0,0,0,0
2704704,2023-02-09,58,2,0,0,0,0,0
2704704,2023-02-10,56,2,0,0,0,0,0
2704704,2023-02-11,54,2,0,0,0,0,0
2704704,2023-02-12,51,3,0,0,0,0,0
2704704,2023-02-13,46,5,0,0,0,0,0
2704704,2023-02-14,46,0,0,0,72,72,0
2704704,2023-02-15,43,3,0,0,0,72,0
2704704,2023-02-16,42,1,0,0,0,72,0
2704704,2023-02-17,41,1,0,0,0,72,0
2704704,2023-02-18,35,6,0,0,0,72,0
2704704,2023-02-19,33,2,0,0,0,72,0
2704704,2023-02-20,33,0,0,0,0,72,0
2704704,2023-02-21,33,0,0,0,0,72,0
2704704,2023-02-22,33,0,0,0,0,72,0
2704704,2023-02-23,31,2,0,0,0,72,0
2704704,2023-02-24,30,1,0,0,0,72,0
2704704,2023-02-25,29,1,0,0,0,72,0
2704704,2023-02-26,25,4,0,0,0,72,0
2704704,2023-02-27,25,0,0,0,0,72,0
2704704,2023-02-28,22,3,0,0,0,72,0
2704704,2023-03-01,21,1,0,0,0,72,0
2704704,2023-03-02,21,0,0,0,0,72,0
2704704,2023-03-03,18,3,0,0,0,72,0
2704704,2023-03-04,16,2,0,0,0,72,0
2704704,2023-03-05,12,4,0,0,0,72,0
2704704,2023-03-06,11,1,0,0,0,72,0
2704704,2023-03-07,10,1,0,0,0,72,0
2704704,2023-03-08,10,0,0,0,0,72,0
2704704,2023-03-09,7,3,0,0,0,72,0
2704704,2023-03-10,1,6,0,0,0,72,0
2704704,2023-03-11,0,2,1,0,0,72,1
2704704,2023-03-12,0,1,1,0,0,72,1
2704704,2023-03-13,0,2,2,0,0,72,1
2704704,2023-03-14,69,3,0,72,0,0,0
2704704,2023-03-15,68,1,0,0,0,0,0
2704704,2023-03-16,65,3,0,0,0,0,0
2704704,2023-03-17,64,1,0,0,0,0,0
2704704,2023-03-18,63,1,0,0,0,0,0
2704704,2023-03-19,60,3,0,0,0,0,0
2704704,2023-03-20,60,0,0,0,0,0,0
2704704,2023-03-21,60,0,0,0,0,0,0
2704704,2023-03-22,60,0,0,0,0,0,0
2704704,2023-03-23,57,3,0,0,0,0,0
2704704,2023-03-24,56,1,0,0,0,0,0
2704704,2023-03-25,52,4,0,0,0,0,0
2704704,2023-03-26,50,2,0,0,81,81,0
2704704,2023-03-27,50,0,0,0,0,81,0
2704704,2023-03-28,47,3,0,0,0,81,0
2704704,2023-03-29,45,2,0,0,0,81,0
2704704,2023-03-30,43,2,0,0,0,81,0
2704704,2023-03-31,41,2,0,0,0,81,0
2704704,2023-04-01,40,1,0,0,0,81,0
2704704,2023-04-02,39,1,0,0,0,81,0
2704704,2023-04-03,37,2,0,0,0,81,0
2704704,2023-04-04,36,1,0,0,0,81,0
2704704,2023-04-05,35,1,0,0,0,81,0
2704704,2023-04-06,33,2,0,0,0,81,0
2704704,2023-04-07,33,0,0,0,0,81,0
2704704,2023-04-08,31,2,0,0,0,81,0
2704704,2023-04-09,29,2,0,0,0,81,0
2704704,2023-04-10,28,1,0,0,0,81,0
2704704,2023-04-11,27,1,0,0,0,81,0
2704704,2023-04-12,25,2,0,0,0,81,0
2704704,2023-04-13,22,3,0,0,0,81,0
2704704,2023-04-14,19,3,0,0,0,81,0
2704704,2023-04-15,19,0,0,0,0,81,0
2704704,2023-04-16,17,2,0,0,0,81,0
2704704,2023-04-17,15,2,0,0,0,81,0
2704704,2023-04-18,14,1,0,0,0,81,0
2704704,2023-04-19,14,0,0,0,0,81,0
2704704,2023-04-20,13,1,0,0,0,81,0
2704704,2023-04-21,10,3,0,0,0,81,0
2704704,2023-04-22,10,0,0,0,0,81,0
2704704,2023-04-23,90,1,0,81,0,0,0
2704704,2023-04-24,88,2,0,0,0,0,0
2704704,2023-04-25,86,2,0,0,0,0,0
2704704,2023-04-26,85,1,0,0,0,0,0
2704704,2023-04-27,85,0,0,0,0,0,0
2704704,2023-04-28,85,0,0,0,0,0,0
2704704,2023-04-29,83,2,0,0,0,0,0
2704704,2023-04-30,83,0,0,0,0,0,0
2704704,2023-05-01,81,2,0,0,0,0,0
2704704,2023-05-02,78,3,0,0,0,0,0
2704704,2023-05-03,76,2,0,0,0,0,0
2704704,2023-05-04,74,2,0,0,0,0,0
2704704,2023-05-05,74,0,0,0,0,0,0
2704704,2023-05-06,72,2,0,0,0,0,0
2704704,2023-05-07,69,3,0,0,0,0,0
2704704,2023-05-08,68,1,0,0,0,0,0
2704704,2023-05-09,66,2,0,0,0,0,0
2704704,2023-05-10,66,0,0,0,0,0,0
2704704,2023-05-11,65,1,0,0,0,0,0
2704704,2023-05-12,63,2,0,0,0,0,0
2704704,2023-05-13,60,3,0,0,0,0,0
2704704,2023-05-14,59,1,0,0,0,0,0
2704704,2023-05-15,56,3,0,0,0,0,0
2704704,2023-05-16,55,1,0,0,0,0,0
2704704,2023-05-17,49,6,0,0,0,0,0
2704704,2023-05-18,49,0,0,0,77,77,0
2704704,2023-05-19,48,1,0,0,0,77,0
2704704,2023-05-20,41,7,0,0,0,77,0
2704704,2023-05-21,39,2,0,0,0,77,0
2704704,2023-05-22,39,0,0,0,0,77,0
2704704,2023-05-23,38,1,0,0,0,77,0
2704704,2023-05-24,38,0,0,0,0,77,0
2704704,2023-05-25,31,7,0,0,0,77,0
2704704,2023-05-26,29,2,0,0,0,77,0
2704704,2023-05-27,27,2,0,0,0,77,0
2704704,2023-05-28,23,4,0,0,0,77,0
2704704,2023-05-29,23,0,0,0,0,77,0
2704704,2023-05-30,21,2,0,0,0,77,0
2704704,2023-05-31,18,3,0,0,0,77,0
2704704,2023-06-01,16,2,0,0,0,77,0
2704704,2023-06-02,14,2,0,0,0,77,0
2704704,2023-06-03,13,1,0,0,0,77,0
2704704,2023-06-04,10,3,0,0,0,77,0
2704704,2023-06-05,9,1,0,0,0,77,0
2704704,2023-06-06,8,1,0,0,0,77,0
2704704,2023-06-07,6,2,0,0,0,77,0
2704704,2023-06-08,4,2,0,0,0,77,0
2704704,2023-06-09,4,0,0,0,0,77,0
2704704,2023-06-10,2,2,0,0,0,77,0
2704704,2023-06-11,0,6,4,0,0,77,1
2704704,2023-06-12,0,3,3,0,0,77,1
2704704,2023-06-13,0,1,1,0,0,77,1
2704704,2023-06-14,0,3,3,0,0,77,1
2704704,2023-06-15,75,2,0,77,0,0,0
2704704,2023-06-16,74,1,0,0,0,0,0
2704704,2023-06-17,73,1,0,0,0,0,0
2704704,2023-06-18,69,4,0,0,0,0,0
2704704,2023-06-19,67,2,0,0,0,0,0
2704704,2023-06-20,67,0,0,0,0,0,0
2704704,2023-06-21,66,1,0,0,0,0,0
2704704,2023-06-22,63,3,0,0,0,0,0
2704704,2023-06-23,60,3,0,0,0,0,0
2704704,2023-06-24,58,2,0,0,94,94,0
2704704,2023-06-25,58,0,0,0,0,94,0
2704704,2023-06-26,55,3,0,0,0,94,0
2704704,2023-06-27,54,1,0,0,0,94,0
2704704,2023-06-28,51,3,0,0,0,94,0
2704704,2023-06-29,50,1,0,0,0,94,0
2704704,2023-06-30,49,1,0,0,0,94,0
2704704,2023-07-01,46,3,0,0,0,94,0
2704704,2023-07-02,45,1,0,0,0,94,0
2704704,2023-07-03,43,2,0,0,0,94,0
2704704,2023-07-04,41,2,0,0,0,94,0
2704704,2023-07-05,37,4,0,0,0,94,0
2704704,2023-07-06,34,3,0,0,0,94,0
2704704,2023-07-07,31,3,0,0,0,94,0
2704704,2023-07-08,28,3,0,0,0,94,0
2704704,2023-07-09,26,2,0,0,0,94,0
2704704,2023-07-10,24,2,0,0,0,94,0
2704704,2023-07-11,23,1,0,0,0,94,0
2704704,2023-07-12,22,1,0,0,0,94,0
2704704,2023-07-13,22,0,0,0,0,94,0
2704704,2023-07-14,22,0,0,0,0,94,0
2704704,2023-07-15,20,2,0,0,0,94,0
2704704,2023-07-16,16,4,0,0,0,94,0
2704704,2023-07-17,14,2,0,0,0,94,0
2704704,2023-07-18,13,1,0,0,0,94,0
2704704,2023-07-19,12,1,0,0,0,94,0
2704704,2023-07-20,11,1,0,0,0,94,0
2704704,2023-07-21,9,2,0,0,0,94,0
2704704,2023-07-22,89,2,0,82,0,0,0
2704704,2023-07-23,89,0,0,0,0,0,0
2704704,2023-07-24,85,4,0,0,0,0,0
2704704,2023-07-25,83,2,0,0,0,0,0
2704704,2023-07-26,83,0,0,0,0,0,0
2704704,2023-07-27,83,0,0,0,0,0,0
2704704,2023-07-28,83,0,0,0,0,0,0
2704704,2023-07-29,81,2,0,0,0,0,0
2704704,2023-07-30,79,2,0,0,0,0,0
2704704,2023-07-31,77,2,0,0,0,0,0
2704704,2023-08-01,76,1,0,0,0,0,0
2704704,2023-08-02,74,2,0,0,0,0,0
2704704,2023-08-03,73,1,0,0,0,0,0
2704704,2023-08-04,71,2,0,0,0,0,0
2704704,2023-08-05,70,1,0,0,0,0,0
2704704,2023-08-06,67,3,0,0,0,0,0
2704704,2023-08-07,65,2,0,0,0,0,0
2704704,2023-08-08,64,1,0,0,0,0,0
2704704,2023-08-09,62,2,0,0,0,0,0
2704704,2023-08-10,62,0,0,0,0,0,0
2704704,2023-08-11,59,3,0,0,0,0,0
2704704,2023-08-12,56,3,0,0,0,0,0
2704704,2023-08-13,50,6,0,0,83,83,0
2704704,2023-08-14,48,2,0,0,0,83,0
2704704,2023-08-15,44,4,0,0,0,83,0
2704704,2023-08-16,43,1,0,0,0,83,0
2704704,2023-08-17,43,0,0,0,0,83,0
2704704,2023-08-18,42,1,0,0,0,83,0
2704704,2023-08-19,40,2,0,0,0,83,0
2704704,2023-08-20,38,2,0,0,0,83,0
2704704,2023-08-21,36,2,0,0,0,83,0
2704704,2023-08-22,34,2,0,0,0,83,0
2704704,2023-08-23,32,2,0,0,0,83,0
2704704,2023-08-24,30,2,0,0,0,83,0
2704704,2023-08-25,29,1,0,0,0,83,0
2704704,2023-08-26,27,2,0,0,0,83,0
2704704,2023-08-27,24,3,0,0,0,83,0
2704704,2023-08-28,20,4,0,0,0,83,0
2704704,2023-08-29,19,1,0,0,0,83,0
2704704,2023-08-30,19,0,0,0,0,83,0
2704704,2023-08-31,16,3,0,0,0,83,0
2704704,2023-09-01,15,1,0,0,0,83,0
2704704,2023-09-02,12,3,0,0,0,83,0
2704704,2023-09-03,12,0,0,0,0,83,0
2704704,2023-09-04,10,2,0,0,0,83,0
2704704,2023-09-05,8,2,0,0,0,83,0
2704704,2023-09-06,5,3,0,0,0,83,0
2704704,2023-09-07,4,1,0,0,0,83,0
2704704,2023-09-08,1,3,0,0,0,83,0
2704704,2023-09-09,0,3,2,0,0,83,1
2704704,2023-09-10,79,4,0,83,0,0,0
2704704,2023-09-11,74,5,0,0,0,0,0
2704704,2023-09-12,72,2,0,0,0,0,0
2704704,2023-09-13,71,1,0,0,0,0,0
2704704,2023-09-14,71,0,0,0,0,0,0
2704704,2023-09-15,71,0,0,0,0,0,0
2704704,2023-09-16,69,2,0,0,0,0,0
2704704,2023-09-17,67,2,0,0,0,0,0
2704704,2023-09-18,66,1,0,0,0,0,0
2704704,2023-09-19,65,1,0,0,0,0,0
2704704,2023-09-20,63,2,0,0,0,0,0
2704704,2023-09-21,63,0,0,0,0,0,0
2704704,2023-09-22,61,2,0,0,0,0,0
2704704,2023-09-23,61,0,0,0,0,0,0
2704704,2023-09-24,58,3,0,0,0,0,0
2704704,2023-09-25,57,1,0,0,89,89,0
2704704,2023-09-26,53,4,0,0,0,89,0
2704704,2023-09-27,51,2,0,0,0,89,0
2704704,2023-09-28,45,6,0,0,0,89,0
2704704,2023-09-29,44,1,0,0,0,89,0
2704704,2023-09-30,42,2,0,0,0,89,0
2704704,2023-10-01,41,1,0,0,0,89,0
2704704,2023-10-02,39,2,0,0,0,89,0
2704704,2023-10-03,37,2,0,0,0,89,0
2704704,2023-10-04,35,2,0,0,0,89,0
2704704,2023-10-05,34,1,0,0,0,89,0
2704704,2023-10-06,34,0,0,0,0,89,0
2704704,2023-10-07,32,2,0,0,0,89,0
2704704,2023-10-08,31,1,0,0,0,89,0
2704704,2023-10-09,29,2,0,0,0,89,0
2704704,2023-10-10,26,3,0,0,0,89,0
2704704,2023-10-11,26,0,0,0,0,89,0
2704704,2023-10-12,22,4,0,0,0,89,0
2704704,2023-10-13,20,2,0,0,0,89,0
2704704,2023-10-14,19,1,0,0,0,89,0
2704704,2023-10-15,19,0,0,0,0,89,0
2704704,2023-10-16,17,2,0,0,0,89,0
2704704,2023-10-17,13,4,0,0,0,89,0
2704704,2023-10-18,10,3,0,0,0,89,0
2704704,2023-10-19,7,3,0,0,0,89,0
2704704,2023-10-20,6,1,0,0,0,89,0
2704704,2023-10-21,3,3,0,0,0,89,0
2704704,2023-10-22,0,3,0,0,0,89,0
2704704,2023-10-23,86,3,0,89,0,0,0
2704704,2023-10-24,84,2,0,0,0,0,0
2704704,2023-10-25,83,1,0,0,0,0,0
2704704,2023-10-26,78,5,0,0,0,0,0
2704704,2023-10-27,77,1,0,0,0,0,0
2704704,2023-10-28,76,1,0,0,0,0,0
2704704,2023-10-29,74,2,0,0,0,0,0
2704704,2023-10-30,73,1,0,0,0,0,0
2704704,2023-10-31,70,3,0,0,0,0,0
2704704,2023-11-01,69,1,0,0,0,0,0
2704704,2023-11-02,67,2,0,0,0,0,0
2704704,2023-11-03,67,0,0,0,0,0,0
2704704,2023-11-04,63,4,0,0,0,0,0
2704704,2023-11-05,62,1,0,0,0,0,0
2704704,2023-11-06,60,2,0,0,0,0,0
2704704,2023-11-07,58,2,0,0,0,0,0
2704704,2023-11-08,56,2,0,0,0,0,0
2704704,2023-11-09,54,2,0,0,87,87,0
2704704,2023-11-10,53,1,0,0,0,87,0
2704704,2023-11-11,53,0,0,0,0,87,0
2704704,2023-11-12,49,4,0,0,0,87,0
2704704,2023-11-13,49,0,0,0,0,87,0
2704704,2023-11-14,46,3,0,0,0,87,0
2704704,2023-11-15,46,0,0,0,0,87,0
2704704,2023-11-16,46,0,0,0,0,87,0
2704704,2023-11-17,43,3,0,0,0,87,0
2704704,2023-11-18,42,1,0,0,0,87,0
2704704,2023-11-19,41,1,0,0,0,87,0
2704704,2023-11-20,38,3,0,0,0,87,0
2704704,2023-11-21,37,1,0,0,0,87,0
2704704,2023-11-22,36,1,0,0,0,87,0
2704704,2023-11-23,34,2,0,0,0,87,0
2704704,2023-11-24,28,6,0,0,0,87,0
2704704,2023-11-25,21,7,0,0,0,87,0
2704704,2023-11-26,16,5,0,0,0,87,0
2704704,2023-11-27,14,2,0,0,0,87,0
2704704,2023-11-28,12,2,0,0,0,87,0
2704704,2023-11-29,10,2,0,0,0,87,0
2704704,2023-11-30,8,2,0,0,0,87,0
2704704,2023-12-01,5,3,0,0,0,87,0
2704704,2023-12-02,3,2,0,0,0,87,0
2704704,2023-12-03,3,0,0,0,0,87,0
2704704,2023-12-04,3,0,0,0,0,87,0
2704704,2023-12-05,2,1,0,0,0,87,0
2704704,2023-12-06,0,3,1,0,0,87,1
2704704,2023-12-07,87,0,0,87,0,0,0
2704704,2023-12-08,85,2,0,0,0,0,0
2704704,2023-12-09,82,3,0,0,0,0,0
2704704,2023-12-10,79,3,0,0,0,0,0
2704704,2023-12-11,78,1,0,0,0,0,0
2704704,2023-12-12,78,0,0,0,0,0,0
2704704,2023-12-13,77,1,0,0,0,0,0
2704704,2023-12-14,75,2,0,0,0,0,0
2704704,2023-12-15,73,2,0,0,0,0,0
2704704,2023-12-16,70,3,0,0,0,0,0
2704704,2023-12-17,68,2,0,0,0,0,0
2704704,2023-12-18,66,2,0,0,0,0,0
2704704,2023-12-19,64,2,0,0,0,0,0
2704704,2023-12-20,64,0,0,0,0,0,0
2704704,2023-12-21,61,3,0,0,0,0,0
2704704,2023-12-22,58,3,0,0,0,0,0
2704704,2023-12-23,56,2,0,0,89,89,0
2704704,2023-12-24,54,2,0,0,0,89,0
2704704,2023-12-25,51,3,0,0,0,89,0
2704704,2023-12-26,51,0,0,0,0,89,0
2704704,2023-12-27,49,2,0,0,0,89,0
2704704,2023-12-28,49,0,0,0,0,89,0
2704704,2023-12-29,49,0,0,0,0,89,0
2704704,2023-12-30,49,0,0,0,0,89,0
2704704,2023-12-31,49,0,0,0,0,89,0
2704704,2024-01-01,48,1,0,0,0,89,0
2704704,2024-01-02,46,2,0,0,0,89,0
2704704,2024-01-03,46,0,0,0,0,89,0
2704704,2024-01-04,44,2,0,0,0,89,0
2704704,2024-01-05,43,1,0,0,0,89,0
2704704,2024-01-06,41,2,0,0,0,89,0
2704704,2024-01-07,35,6,0,0,0,89,0
2704704,2024-01-08,34,1,0,0,0,89,0
2704704,2024-01-09,30,4,0,0,0,89,0
2704704,2024-01-10,28,2,0,0,0,89,0
2704704,2024-01-11,27,1,0,0,0,89,0
2704704,2024-01-12,24,3,0,0,0,89,0
2704704,2024-01-13,23,1,0,0,0,89,0
2704704,2024-01-14,22,1,0,0,0,89,0
2704704,2024-01-15,19,3,0,0,0,89,0
2704704,2024-01-16,19,0,0,0,0,89,0
2704704,2024-01-17,18,1,0,0,0,89,0
2704704,2024-01-18,14,4,0,0,0,89,0
2704704,2024-01-19,13,1,0,0,0,89,0
2704704,2024-01-20,102,0,0,89,0,0,0
2704704,2024-01-21,101,1,0,0,0,0,0
2704704,2024-01-22,98,3,0,0,0,0,0
2704704,2024-01-23,96,2,0,0,0,0,0
2704704,2024-01-24,95,1,0,0,0,0,0
2704704,2024-01-25,93,2,0,0,0,0,0
2704704,2024-01-26,89,4,0,0,0,0,0
2704704,2024-01-27,89,0,0,0,0,0,0
2704704,2024-01-28,85,4,0,0,0,0,0
2704704,2024-01-29,80,5,0,0,0,0,0
2704704,2024-01-30,76,4,0,0,0,0,0
2704704,2024-01-31,71,5,0,0,0,0,0
2704704,2024-02-01,69,2,0,0,0,0,0
2704704,2024-02-02,67,2,0,0,0,0,0
2704704,2024-02-03,63,4,0,0,0,0,0
2704704,2024-02-04,62,1,0,0,0,0,0
2704704,2024-02-05,60,2,0,0,0,0,0
2704704,2024-02-06,58,2,0,0,0,0,0
2704704,2024-02-07,58,0,0,0,91,91,0
2704704,2024-02-08,55,3,0,0,0,91,0
2704704,2024-02-09,53,2,0,0,0,91,0
2704704,2024-02-10,50,3,0,0,0,91,0
2704704,2024-02-11,45,5,0,0,0,91,0
2704704,2024-02-12,44,1,0,0,0,91,0
2704704,2024-02-13,41,3,0,0,0,91,0
2704704,2024-02-14,40,1,0,0,0,91,0
2704704,2024-02-15,40,0,0,0,0,91,0
2704704,2024-02-16,40,0,0,0,0,91,0
2704704,2024-02-17,37,3,0,0,0,91,0
2704704,2024-02-18,34,3,0,0,0,91,0
2704704,2024-02-19,33,1,0,0,0,91,0
2704704,2024-02-20,31,2,0,0,0,91,0
2704704,2024-02-21,29,2,0,0,0,91,0
2704704,2024-02-22,26,3,0,0,0,91,0
2704704,2024-02-23,24,2,0,0,0,91,0
2704704,2024-02-24,22,2,0,0,0,91,0
2704704,2024-02-25,19,3,0,0,0,91,0
2704704,2024-02-26,17,2,0,0,0,91,0
2704704,2024-02-27,17,0,0,0,0,91,0
2704704,2024-02-28,16,1,0,0,0,91,0
2704704,2024-02-29,13,3,0,0,0,91,0
3428363,2022-03-01,197,5,0,0,0,0,0
3428363,2022-03-02,194,3,0,0,0,0,0
3428363,2022-03-03,188,6,0,0,0,0,0
3428363,2022-03-04,187,1,0,0,0,0,0
3428363,2022-03-05,185,2,0,0,0,0,0
3428363,2022-03-06,183,2,0,0,0,0,0
3428363,2022-03-07,181,2,0,0,0,0,0
3428363,2022-03-08,180,1,0,0,0,0,0
3428363,2022-03-09,176,4,0,0,0,0,0
3428363,2022-03-10,172,4,0,0,0,0,0
3428363,2022-03-11,167,5,0,0,0,0,0
3428363,2022-03-12,161,6,0,0,0,0,0
3428363,2022-03-13,158,3,0,0,0,0,0
3428363,2022-03-14,148,10,0,0,0,0,0
3428363,2022-03-15,144,4,0,0,0,0,0
3428363,2022-03-16,141,3,0,0,0,0,0
3428363,2022-03-17,133,8,0,0,0,0,0
3428363,2022-03-18,125,8,0,0,0,0,0
3428363,2022-03-19,118,7,0,0,0,0,0
3428363,2022-03-20,115,3,0,0,0,0,0
3428363,2022-03-21,114,1,0,0,0,0,0
3428363,2022-03-22,111,3,0,0,0,0,0
3428363,2022-03-23,105,6,0,0,0,0,0
3428363,2022-03-24,101,4,0,0,0,0,0
3428363,2022-03-25,99,2,0,0,0,0,0
3428363,2022-03-26,94,5,0,0,0,0,0
3428363,2022-03-27,83,11,0,0,0,0,0
3428363,2022-03-28,80,3,0,0,0,0,0
3428363,2022-03-29,76,4,0,0,0,0,0
3428363,2022-03-30,73,3,0,0,0,0,0
3428363,2022-03-31,71,2,0,0,0,0,0
3428363,2022-04-01,65,6,0,0,0,0,0
3428363,2022-04-02,56,9,0,0,196,196,0
3428363,2022-04-03,49,7,0,0,0,196,0
3428363,2022-04-04,45,4,0,0,0,196,0
3428363,2022-04-05,43,2,0,0,0,196,0
3428363,2022-04-06,38,5,0,0,0,196,0
3428363,2022-04-07,35,3,0,0,0,196,0
3428363,2022-04-08,28,7,0,0,0,196,0
3428363,2022-04-09,21,7,0,0,0,196,0
3428363,2022-04-10,16,5,0,0,0,196,0
3428363,2022-04-11,13,3,0,0,0,196,0
3428363,2022-04-12,9,4,0,0,0,196,0
3428363,2022-04-13,6,3,0,0,0,196,0
3428363,2022-04-14,3,3,0,0,0,196,0
3428363,2022-04-15,0,6,3,0,0,196,1
3428363,2022-04-16,192,4,0,196,0,0,0
3428363,2022-04-17,184,8,0,0,0,0,0
3428363,2022-04-18,176,8,0,0,0,0,0
3428363,2022-04-19,175,1,0,0,0,0,0
3428363,2022-04-20,165,10,0,0,0,0,0
3428363,2022-04-21,161,4,0,0,0,0,0
3428363,2022-04-22,160,1,0,0,0,0,0
3428363,2022-04-23,159,1,0,0,0,0,0
3428363,2022-04-24,151,8,0,0,0,0,0
3428363,2022-04-25,146,5,0,0,0,0,0
3428363,2022-04-26,140,6,0,0,0,0,0
3428363,2022-04-27,138,2,0,0,0,0,0
3428363,2022-04-28,135,3,0,0,0,0,0
3428363,2022-04-29,132,3,0,0,0,0,0
3428363,2022-04-30,129,3,0,0,0,0,0
3428363,2022-05-01,125,4,0,0,0,0,0
3428363,2022-05-02,120,5,0,0,0,0,0
3428363,2022-05-03,116,4,0,0,0,0,0
3428363,2022-05-04,114,2,0,0,0,0,0
3428363,2022-05-05,109,5,0,0,0,0,0
3428363,2022-05-06,105,4,0,0,0,0,0
3428363,2022-05-07,98,7,0,0,0,0,0
3428363,2022-05-08,94,4,0,0,0,0,0
3428363,2022-05-09,87,7,0,0,0,0,0
3428363,2022-05-10,84,3,0,0,0,0,0
3428363,2022-05-11,81,3,0,0,0,0,0
3428363,2022-05-12,80,1,0,0,0,0,0
3428363,2022-05-13,74,6,0,0,0,0,0
3428363,2022-05-14,66,8,0,0,204,204,0
3428363,2022-05-15,62,4,0,0,0,204,0
3428363,2022-05-16,59,3,0,0,0,204,0
3428363,2022-05-17,54,5,0,0,0,204,0
3428363,2022-05-18,53,1,0,0,0,204,0
3428363,2022-05-19,47,6,0,0,0,204,0
3428363,2022-05-20,41,6,0,0,0,204,0
3428363,2022-05-21,33,8,0,0,0,204,0
3428363,2022-05-22,28,5,0,0,0,204,0
3428363,2022-05-23,27,1,0,0,0,204,0
3428363,2022-05-24,20,7,0,0,0,204,0
3428363,2022-05-25,15,5,0,0,0,204,0
3428363,2022-05-26,12,3,0,0,0,204,0
3428363,2022-05-27,7,5,0,0,0,204,0
3428363,2022-05-28,207,4,0,204,0,0,0
3428363,2022-05-29,203,4,0,0,0,0,0
3428363,2022-05-30,199,4,0,0,0,0,0
3428363,2022-05-31,195,4,0,0,0,0,0
3428363,2022-06-01,191,4,0,0,0,0,0
3428363,2022-06-02,189,2,0,0,0,0,0
3428363,2022-06-03,186,3,0,0,0,0,0
3428363,2022-06-04,184,2,0,0,0,0,0
3428363,2022-06-05,182,2,0,0,0,0,0
3428363,2022-06-06,176,6,0,0,0,0,0
3428363,2022-06-07,170,6,0,0,0,0,0
3428363,2022-06-08,165,5,0,0,0,0,0
3428363,2022-06-09,164,1,0,0,0,0,0
3428363,2022-06-10,160,4,0,0,0,0,0
3428363,2022-06-11,156,4,0,0,0,0,0
3428363,2022-06-12,150,6,0,0,0,0,0
3428363,2022-06-13,145,5,0,0,0,0,0
3428363,2022-06-14,141,4,0,0,0,0,0
3428363,2022-06-15,139,2,0,0,0,0,0
3428363,2022-06-16,137,2,0,0,0,0,0
3428363,2022-06-17,134,3,0,0,0,0,0
3428363,2022-06-18,129,5,0,0,0,0,0
3428363,2022-06-19,124,5,0,0,0,0,0
3428363,2022-06-20,118,6,0,0,0,0,0
3428363,2022-06-21,114,4,0,0,0,0,0
3428363,2022-06-22,110,4,0,0,0,0,0
3428363,2022-06-23,104,6,0,0,0,0,0
3428363,2022-06-24,97,7,0,0,0,0,0
3428363,2022-06-25,95,2,0,0,0,0,0
3428363,2022-06-26,91,4,0,0,0,0,0
3428363,2022-06-27,88,3,0,0,0,0,0
3428363,2022-06-28,86,2,0,0,0,0,0
3428363,2022-06-29,79,7,0,0,0,0,0
3428363,2022-06-30,77,2,0,0,0,0,0
3428363,2022-07-01,73,4,0,0,0,0,0
3428363,2022-07-02,67,6,0,0,0,0,0
3428363,2022-07-03,60,7,0,0,192,192,0
3428363,2022-07-04,52,8,0,0,0,192,0
3428363,2022-07-05,48,4,0,0,0,192,0
3428363,2022-07-06,44,4,0,0,0,192,0
3428363,2022-07-07,38,6,0,0,0,192,0
3428363,2022-07-08,31,7,0,0,0,192,0
3428363,2022-07-09,26,5,0,0,0,192,0
3428363,2022-07-10,24,2,0,0,0,192,0
3428363,2022-07-11,22,2,0,0,0,192,0
3428363,2022-07-12,20,2,0,0,0,192,0
3428363,2022-07-13,18,2,0,0,0,192,0
3428363,2022-07-14,14,4,0,0,0,192,0
3428363,2022-07-15,10,4,0,0,0,192,0
3428363,2022-07-16,2,8,0,0,0,192,0
3428363,2022-07-17,189,5,0,192,0,0,0
3428363,2022-07-18,185,4,0,0,0,0,0
3428363,2022-07-19,184,1,0,0,0,0,0
3428363,2022-07-20,178,6,0,0,0,0,0
3428363,2022-07-21,175,3,0,0,0,0,0
3428363,2022-07-22,172,3,0,0,0,0,0
3428363,2022-07-23,167,5,0,0,0,0,0
3428363,2022-07-24,163,4,0,0,0,0,0
3428363,2022-07-25,160,3,0,0,0,0,0
3428363,2022-07-26,158,2,0,0,0,0,0
3428363,2022-07-27,153,5,0,0,0,0,0
3428363,2022-07-28,149,4,0,0,0,0,0
3428363,2022-07-29,145,4,0,0,0,0,0
3428363,2022-07-30,141,4,0,0,0,0,0
3428363,2022-07-31,135,6,0,0,0,0,0
3428363,2022-08-01,135,0,0,0,0,0,0
3428363,2022-08-02,131,4,0,0,0,0,0
3428363,2022-08-03,128,3,0,0,0,0,0
3428363,2022-08-04,122,6,0,0,0,0,0
3428363,2022-08-05,121,1,0,0,0,0,0
3428363,2022-08-06,116,5,0,0,0,0,0
3428363,2022-08-07,110,6,0,0,0,0,0
3428363,2022-08-08,108,2,0,0,0,0,0
3428363,2022-08-09,105,3,0,0,0,0,0
3428363,2022-08-10,97,8,0,0,0,0,0
3428363,2022-08-11,96,1,0,0,0,0,0
3428363,2022-08-12,93,3,0,0,0,0,0
3428363,2022-08-13,84,9,0,0,0,0,0
3428363,2022-08-14,79,5,0,0,0,0,0
3428363,2022-08-15,76,3,0,0,0,0,0
3428363,2022-08-16,74,2,0,0,0,0,0
3428363,2022-08-17,72,2,0,0,0,0,0
3428363,2022-08-18,67,5,0,0,0,0,0
3428363,2022-08-19,65,2,0,0,0,0,0
3428363,2022-08-20,63,2,0,0,0,0,0
3428363,2022-08-21,58,5,0,0,183,183,0
3428363,2022-08-22,57,1,0,0,0,183,0
3428363,2022-08-23,51,6,0,0,0,183,0
3428363,2022-08-24,48,3,0,0,0,183,0
3428363,2022-08-25,45,3,0,0,0,183,0
3428363,2022-08-26,39,6,0,0,0,183,0
3428363,2022-08-27,37,2,0,0,0,183,0
3428363,2022-08-28,32,5,0,0,0,183,0
3428363,2022-08-29,28,4,0,0,0,183,0
3428363,2022-08-30,22,6,0,0,0,183,0
3428363,2022-08-31,16,6,0,0,0,183,0
3428363,2022-09-01,11,5,0,0,0,183,0
3428363,2022-09-02,6,5,0,0,0,183,0
3428363,2022-09-03,0,7,1,0,0,183,1
3428363,2022-09-04,178,5,0,183,0,0,0
3428363,2022-09-05,173,5,0,0,0,0,0
3428363,2022-09-06,167,6,0,0,0,0,0
3428363,2022-09-07,159,8,0,0,0,0,0
3428363,2022-09-08,152,7,0,0,0,0,0
3428363,2022-09-09,146,6,0,0,0,0,0
3428363,2022-09-10,138,8,0,0,0,0,0
3428363,2022-09-11,131,7,0,0,0,0,0
3428363,2022-09-12,130,1,0,0,0,0,0
3428363,2022-09-13,129,1,0,0,0,0,0
3428363,2022-09-14,127,2,0,0,0,0,0
3428363,2022-09-15,124,3,0,0,0,0,0
3428363,2022-09-16,122,2,0,0,0,0,0
3428363,2022-09-17,115,7,0,0,0,0,0
3428363,2022-09-18,107,8,0,0,0,0,0
3428363,2022-09-19,101,6,0,0,0,0,0
3428363,2022-09-20,98,3,0,0,0,0,0
3428363,2022-09-21,96,2,0,0,0,0,0
3428363,2022-09-22,92,4,0,0,0,0,0
3428363,2022-09-23,86,6,0,0,0,0,0
3428363,2022-09-24,79,7,0,0,0,0,0
3428363,2022-09-25,76,3,0,0,0,0,0
3428363,2022-09-26,73,3,0,0,0,0,0
3428363,2022-09-27,66,7,0,0,201,201,0
3428363,2022-09-28,62,4,0,0,0,201,0
3428363,2022-09-29,62,0,0,0,0,201,0
3428363,2022-09-30,56,6,0,0,0,201,0
3428363,2022-10-01,47,9,0,0,0,201,0
3428363,2022-10-02,42,5,0,0,0,201,0
3428363,2022-10-03,34,8,0,0,0,201,0
3428363,2022-10-04,29,5,0,0,0,201,0
3428363,2022-10-05,28,1,0,0,0,201,0
3428363,2022-10-06,22,6,0,0,0,201,0
3428363,2022-10-07,16,6,0,0,0,201,0
3428363,2022-10-08,10,6,0,0,0,201,0
3428363,2022-10-09,5,5,0,0,0,201,0
3428363,2022-10-10,0,6,1,0,0,201,1
3428363,2022-10-11,196,5,0,201,0,0,0
3428363,2022-10-12,191,5,0,0,0,0,0
3428363,2022-10-13,189,2,0,0,0,0,0
3428363,2022-10-14,186,3,0,0,0,0,0
3428363,2022-10-15,182,4,0,0,0,0,0
3428363,2022-10-16,176,6,0,0,0,0,0
3428363,2022-10-17,173,3,0,0,0,0,0
3428363,2022-10-18,168,5,0,0,0,0,0
3428363,2022-10-19,164,4,0,0,0,0,0
3428363,2022-10-20,161,3,0,0,0,0,0
3428363,2022-10-21,159,2,0,0,0,0,0
3428363,2022-10-22,152,7,0,0,0,0,0
3428363,2022-10-23,150,2,0,0,0,0,0
3428363,2022-10-24,147,3,0,0,0,0,0
3428363,2022-10-25,144,3,0,0,0,0,0
3428363,2022-10-26,139,5,0,0,0,0,0
3428363,2022-10-27,136,3,0,0,0,0,0
3428363,2022-10-28,128,8,0,0,0,0,0
3428363,2022-10-29,125,3,0,0,0,0,0
3428363,2022-10-30,118,7,0,0,0,0,0
3428363,2022-10-31,114,4,0,0,0,0,0
3428363,2022-11-01,113,1,0,0,0,0,0
3428363,2022-11-02,106,7,0,0,0,0,0
3428363,2022-11-03,103,3,0,0,0,0,0
3428363,2022-11-04,103,0,0,0,0,0,0
3428363,2022-11-05,98,5,0,0,0,0,0
3428363,2022-11-06,95,3,0,0,0,0,0
3428363,2022-11-07,90,5,0,0,0,0,0
3428363,2022-11-08,87,3,0,0,0,0,0
3428363,2022-11-09,86,1,0,0,0,0,0
3428363,2022-11-10,82,4,0,0,0,0,0
3428363,2022-11-11,80,2,0,0,0,0,0
3428363,2022-11-12,78,2,0,0,0,0,0
3428363,2022-11-13,72,6,0,0,0,0,0
3428363,2022-11-14,67,5,0,0,0,0,0
3428363,2022-11-15,65,2,0,0,0,0,0
3428363,2022-11-16,63,2,0,0,192,192,0
3428363,2022-11-17,59,4,0,0,0,192,0
3428363,2022-11-18,52,7,0,0,0,192,0
3428363,2022-11-19,49,3,0,0,0,192,0
3428363,2022-11-20,43,6,0,0,0,192,0
3428363,2022-11-21,37,6,0,0,0,192,0
3428363,2022-11-22,35,2,0,0,0,192,0
3428363,2022-11-23,30,5,0,0,0,192,0
3428363,2022-11-24,20,10,0,0,0,192,0
3428363,2022-11-25,6,14,0,0,0,192,0
3428363,2022-11-26,0,23,17,0,0,192,1
3428363,2022-11-27,0,11,11,0,0,192,1
3428363,2022-11-28,0,3,3,0,0,192,1
3428363,2022-11-29,0,6,6,0,0,192,1
3428363,2022-11-30,190,2,0,192,0,0,0
3428363,2022-12-01,188,2,0,0,0,0,0
3428363,2022-12-02,185,3,0,0,0,0,0
3428363,2022-12-03,178,7,0,0,0,0,0
3428363,2022-12-04,174,4,0,0,0,0,0
3428363,2022-12-05,171,3,0,0,0,0,0
3428363,2022-12-06,167,4,0,0,0,0,0
3428363,2022-12-07,166,1,0,0,0,0,0
3428363,2022-12-08,161,5,0,0,0,0,0
3428363,2022-12-09,157,4,0,0,0,0,0
3428363,2022-12-10,152,5,0,0,0,0,0
3428363,2022-12-11,148,4,0,0,0,0,0
3428363,2022-12-12,146,2,0,0,0,0,0
3428363,2022-12-13,142,4,0,0,0,0,0
3428363,2022-12-14,139,3,0,0,0,0,0
3428363,2022-12-15,137,2,0,0,0,0,0
3428363,2022-12-16,128,9,0,0,0,0,0
3428363,2022-12-17,121,7,0,0,0,0,0
3428363,2022-12-18,112,9,0,0,0,0,0
3428363,2022-12-19,108,4,0,0,0,0,0
3428363,2022-12-20,105,3,0,0,0,0,0
3428363,2022-12-21,98,7,0,0,0,0,0
3428363,2022-12-22,93,5,0,0,0,0,0
3428363,2022-12-23,89,4,0,0,0,0,0
3428363,2022-12-24,82,7,0,0,0,0,0
3428363,2022-12-25,74,8,0,0,0,0,0
3428363,2022-12-26,67,7,0,0,223,223,0
3428363,2022-12-27,65,2,0,0,0,223,0
3428363,2022-12-28,63,2,0,0,0,223,0
3428363,2022-12-29,62,1,0,0,0,223,0
3428363,2022-12-30,59,3,0,0,0,223,0
3428363,2022-12-31,54,5,0,0,0,223,0
3428363,2023-01-01,49,5,0,0,0,223,0
3428363,2023-01-02,46,3,0,0,0,223,0
3428363,2023-01-03,44,2,0,0,0,223,0
3428363,2023-01-04,41,3,0,0,0,223,0
3428363,2023-01-05,39,2,0,0,0,223,0
3428363,2023-01-06,36,3,0,0,0,223,0
3428363,2023-01-07,31,5,0,0,0,223,0
3428363,2023-01-08,22,9,0,0,0,223,0
3428363,2023-01-09,240,5,0,223,0,0,0
3428363,2023-01-10,237,3,0,0,0,0,0
3428363,2023-01-11,234,3,0,0,0,0,0
3428363,2023-01-12,229,5,0,0,0,0,0
3428363,2023-01-13,224,5,0,0,0,0,0
3428363,2023-01-14,218,6,0,0,0,0,0
3428363,2023-01-15,216,2,0,0,0,0,0
3428363,2023-01-16,215,1,0,0,0,0,0
3428363,2023-01-17,213,2,0,0,0,0,0
3428363,2023-01-18,207,6,0,0,0,0,0
3428363,2023-01-19,199,8,0,0,0,0,0
3428363,2023-01-20,194,5,0,0,0,0,0
3428363,2023-01-21,190,4,0,0,0,0,0
3428363,2023-01-22,187,3,0,0,0,0,0
3428363,2023-01-23,179,8,0,0,0,0,0
3428363,2023-01-24,173,6,0,0,0,0,0
3428363,2023-01-25,170,3,0,0,0,0,0
3428363,2023-01-26,160,10,0,0,0,0,0
3428363,2023-01-27,156,4,0,0,0,0,0
3428363,2023-01-28,148,8,0,0,0,0,0
3428363,2023-01-29,144,4,0,0,0,0,0
3428363,2023-01-30,134,10,0,0,0,0,0
3428363,2023-01-31,130,4,0,0,0,0,0
3428363,2023-02-01,123,7,0,0,0,0,0
3428363,2023-02-02,120,3,0,0,0,0,0
3428363,2023-02-03,114,6,0,0,0,0,0
3428363,2023-02-04,110,4,0,0,0,0,0
3428363,2023-02-05,107,3,0,0,0,0,0
3428363,2023-02-06,99,8,0,0,0,0,0
3428363,2023-02-07,91,8,0,0,0,0,0
3428363,2023-02-08,87,4,0,0,0,0,0
3428363,2023-02-09,82,5,0,0,0,0,0
3428363,2023-02-10,80,2,0,0,0,0,0
3428363,2023-02-11,73,7,0,0,0,0,0
3428363,2023-02-12,67,6,0,0,221,221,0
3428363,2023-02-13,61,6,0,0,0,221,0
3428363,2023-02-14,54,7,0,0,0,221,0
3428363,2023-02-15,49,5,0,0,0,221,0
3428363,2023-02-16,44,5,0,0,0,221,0
3428363,2023-02-17,36,8,0,0,0,221,0
3428363,2023-02-18,33,3,0,0,0,221,0
3428363,2023-02-19,21,12,0,0,0,221,0
3428363,2023-02-20,16,5,0,0,0,221,0
3428363,2023-02-21,11,5,0,0,0,221,0
3428363,2023-02-22,7,4,0,0,0,221,0
3428363,2023-02-23,4,3,0,0,0,221,0
3428363,2023-02-24,0,5,1,0,0,221,1
3428363,2023-02-25,0,7,7,0,0,221,1
3428363,2023-02-26,0,8,8,0,0,221,1
3428363,2023-02-27,0,7,7,0,0,221,1
3428363,2023-02-28,217,4,0,221,0,0,0
3428363,2023-03-01,210,7,0,0,0,0,0
3428363,2023-03-02,202,8,0,0,0,0,0
3428363,2023-03-03,195,7,0,0,0,0,0
3428363,2023-03-04,191,4,0,0,0,0,0
3428363,2023-03-05,188,3,0,0,0,0,0
3428363,2023-03-06,183,5,0,0,0,0,0
3428363,2023-03-07,182,1,0,0,0,0,0
3428363,2023-03-08,177,5,0,0,0,0,0
3428363,2023-03-09,173,4,0,0,0,0,0
3428363,2023-03-10,165,8,0,0,0,0,0
3428363,2023-03-11,158,7,0,0,0,0,0
3428363,2023-03-12,152,6,0,0,0,0,0
3428363,2023-03-13,148,4,0,0,0,0,0
3428363,2023-03-14,144,4,0,0,0,0,0
3428363,2023-03-15,140,4,0,0,0,0,0
3428363,2023-03-16,138,2,0,0,0,0,0
3428363,2023-03-17,131,7,0,0,0,0,0
3428363,2023-03-18,126,5,0,0,0,0,0
3428363,2023-03-19,117,9,0,0,0,0,0
3428363,2023-03-20,112,5,0,0,0,0,0
3428363,2023-03-21,107,5,0,0,0,0,0
3428363,2023-03-22,102,5,0,0,0,0,0
3428363,2023-03-23,97,5,0,0,0,0,0
3428363,2023-03-24,88,9,0,0,0,0,0
3428363,2023-03-25,78,10,0,0,254,254,0
3428363,2023-03-26,74,4,0,0,0,254,0
3428363,2023-03-27,70,4,0,0,0,254,0
3428363,2023-03-28,61,9,0,0,0,254,0
3428363,2023-03-29,57,4,0,0,0,254,0
3428363,2023-03-30,53,4,0,0,0,254,0
3428363,2023-03-31,49,4,0,0,0,254,0
3428363,2023-04-01,43,6,0,0,0,254,0
3428363,2023-04-02,40,3,0,0,0,254,0
3428363,2023-04-03,32,8,0,0,0,254,0
3428363,2023-04-04,27,5,0,0,0,254,0
3428363,2023-04-05,23,4,0,0,0,254,0
3428363,2023-04-06,17,6,0,0,0,254,0
3428363,2023-04-07,9,8,0,0,0,254,0
3428363,2023-04-08,259,4,0,254,0,0,0
3428363,2023-04-09,248,11,0,0,0,0,0
3428363,2023-04-10,238,10,0,0,0,0,0
3428363,2023-04-11,230,8,0,0,0,0,0
3428363,2023-04-12,225,5,0,0,0,0,0
3428363,2023-04-13,222,3,0,0,0,0,0
3428363,2023-04-14,219,3,0,0,0,0,0
3428363,2023-04-15,207,12,0,0,0,0,0
3428363,2023-04-16,201,6,0,0,0,0,0
3428363,2023-04-17,194,7,0,0,0,0,0
3428363,2023-04-18,191,3,0,0,0,0,0
3428363,2023-04-19,188,3,0,0,0,0,0
3428363,2023-04-20,183,5,0,0,0,0,0
3428363,2023-04-21,175,8,0,0,0,0,0
3428363,2023-04-22,168,7,0,0,0,0,0
3428363,2023-04-23,165,3,0,0,0,0,0
3428363,2023-04-24,159,6,0,0,0,0,0
3428363,2023-04-25,156,3,0,0,0,0,0
3428363,2023-04-26,152,4,0,0,0,0,0
3428363,2023-04-27,145,7,0,0,0,0,0
3428363,2023-04-28,137,8,0,0,0,0,0
3428363,2023-04-29,132,5,0,0,0,0,0
3428363,2023-04-30,123,9,0,0,0,0,0
3428363,2023-05-01,118,5,0,0,0,0,0
3428363,2023-05-02,112,6,0,0,0,0,0
3428363,2023-05-03,107,5,0,0,0,0,0
3428363,2023-05-04,103,4,0,0,0,0,0
3428363,2023-05-05,96,7,0,0,0,0,0
3428363,2023-05-06,88,8,0,0,0,0,0
3428363,2023-05-07,83,5,0,0,264,264,0
3428363,2023-05-08,78,5,0,0,0,264,0
3428363,2023-05-09,73,5,0,0,0,264,0
3428363,2023-05-10,69,4,0,0,0,264,0
3428363,2023-05-11,64,5,0,0,0,264,0
3428363,2023-05-12,60,4,0,0,0,264,0
3428363,2023-05-13,49,11,0,0,0,264,0
3428363,2023-05-14,39,10,0,0,0,264,0
3428363,2023-05-15,24,15,0,0,0,264,0
3428363,2023-05-16,22,2,0,0,0,264,0
3428363,2023-05-17,17,5,0,0,0,264,0
3428363,2023-05-18,14,3,0,0,0,264,0
3428363,2023-05-19,11,3,0,0,0,264,0
3428363,2023-05-20,7,4,0,0,0,264,0
3428363,2023-05-21,263,8,0,264,0,0,0
3428363,2023-05-22,258,5,0,0,0,0,0
3428363,2023-05-23,248,10,0,0,0,0,0
3428363,2023-05-24,242,6,0,0,0,0,0
3428363,2023-05-25,238,4,0,0,0,0,0
3428363,2023-05-26,230,8,0,0,0,0,0
3428363,2023-05-27,217,13,0,0,0,0,0
3428363,2023-05-28,208,9,0,0,0,0,0
3428363,2023-05-29,196,12,0,0,0,0,0
3428363,2023-05-30,190,6,0,0,0,0,0
3428363,2023-05-31,187,3,0,0,0,0,0
3428363,2023-06-01,182,5,0,0,0,0,0
3428363,2023-06-02,179,3,0,0,0,0,0
3428363,2023-06-03,171,8,0,0,0,0,0
3428363,2023-06-04,168,3,0,0,0,0,0
3428363,2023-06-05,166,2,0,0,0,0,0
3428363,2023-06-06,165,1,0,0,0,0,0
3428363,2023-06-07,158,7,0,0,0,0,0
3428363,2023-06-08,149,9,0,0,0,0,0
3428363,2023-06-09,145,4,0,0,0,0,0
3428363,2023-06-10,137,8,0,0,0,0,0
3428363,2023-06-11,125,12,0,0,0,0,0
3428363,2023-06-12,123,2,0,0,0,0,0
3428363,2023-06-13,114,9,0,0,0,0,0
3428363,2023-06-14,109,5,0,0,0,0,0
3428363,2023-06-15,103,6,0,0,0,0,0
3428363,2023-06-16,100,3,0,0,0,0,0
3428363,2023-06-17,94,6,0,0,0,0,0
3428363,2023-06-18,89,5,0,0,275,275,0
3428363,2023-06-19,88,1,0,0,0,275,0
3428363,2023-06-20,80,8,0,0,0,275,0
3428363,2023-06-21,78,2,0,0,0,275,0
3428363,2023-06-22,75,3,0,0,0,275,0
3428363,2023-06-23,70,5,0,0,0,275,0
3428363,2023-06-24,65,5,0,0,0,275,0
3428363,2023-06-25,57,8,0,0,0,275,0
3428363,2023-06-26,48,9,0,0,0,275,0
3428363,2023-06-27,44,4,0,0,0,275,0
3428363,2023-06-28,38,6,0,0,0,275,0
3428363,2023-06-29,31,7,0,0,0,275,0
3428363,2023-06-30,27,4,0,0,0,275,0
3428363,2023-07-01,19,8,0,0,0,275,0
3428363,2023-07-02,282,12,0,275,0,0,0
3428363,2023-07-03,277,5,0,0,0,0,0
3428363,2023-07-04,265,12,0,0,0,0,0
3428363,2023-07-05,260,5,0,0,0,0,0
3428363,2023-07-06,252,8,0,0,0,0,0
3428363,2023-07-07,246,6,0,0,0,0,0
3428363,2023-07-08,239,7,0,0,0,0,0
3428363,2023-07-09,231,8,0,0,0,0,0
3428363,2023-07-10,227,4,0,0,0,0,0
3428363,2023-07-11,220,7,0,0,0,0,0
3428363,2023-07-12,216,4,0,0,0,0,0
3428363,2023-07-13,207,9,0,0,0,0,0
3428363,2023-07-14,201,6,0,0,0,0,0
3428363,2023-07-15,188,13,0,0,0,0,0
3428363,2023-07-16,175,13,0,0,0,0,0
3428363,2023-07-17,169,6,0,0,0,0,0
3428363,2023-07-18,166,3,0,0,0,0,0
3428363,2023-07-19,159,7,0,0,0,0,0
3428363,2023-07-20,150,9,0,0,0,0,0
3428363,2023-07-21,149,1,0,0,0,0,0
3428363,2023-07-22,146,3,0,0,0,0,0
3428363,2023-07-23,142,4,0,0,0,0,0
3428363,2023-07-24,140,2,0,0,0,0,0
3428363,2023-07-25,137,3,0,0,0,0,0
3428363,2023-07-26,133,4,0,0,0,0,0
3428363,2023-07-27,128,5,0,0,0,0,0
3428363,2023-07-28,125,3,0,0,0,0,0
3428363,2023-07-29,122,3,0,0,0,0,0
3428363,2023-07-30,119,3,0,0,0,0,0
3428363,2023-07-31,115,4,0,0,0,0,0
3428363,2023-08-01,109,6,0,0,0,0,0
3428363,2023-08-02,100,9,0,0,0,0,0
3428363,2023-08-03,97,3,0,0,0,0,0
3428363,2023-08-04,88,9,0,0,0,0,0
3428363,2023-08-05,82,6,0,0,270,270,0
3428363,2023-08-06,77,5,0,0,0,270,0
3428363,2023-08-07,74,3,0,0,0,270,0
3428363,2023-08-08,69,5,0,0,0,270,0
3428363,2023-08-09,65,4,0,0,0,270,0
3428363,2023-08-10,57,8,0,0,0,270,0
3428363,2023-08-11,51,6,0,0,0,270,0
3428363,2023-08-12,42,9,0,0,0,270,0
3428363,2023-08-13,37,5,0,0,0,270,0
3428363,2023-08-14,31,6,0,0,0,270,0
3428363,2023-08-15,27,4,0,0,0,270,0
3428363,2023-08-16,20,7,0,0,0,270,0
3428363,2023-08-17,17,3,0,0,0,270,0
3428363,2023-08-18,14,3,0,0,0,270,0
3428363,2023-08-19,279,5,0,270,0,0,0
3428363,2023-08-20,269,10,0,0,0,0,0
3428363,2023-08-21,265,4,0,0,0,0,0
3428363,2023-08-22,258,7,0,0,0,0,0
3428363,2023-08-23,253,5,0,0,0,0,0
3428363,2023-08-24,249,4,0,0,0,0,0
3428363,2023-08-25,241,8,0,0,0,0,0
3428363,2023-08-26,237,4,0,0,0,0,0
3428363,2023-08-27,232,5,0,0,0,0,0
3428363,2023-08-28,226,6,0,0,0,0,0
3428363,2023-08-29,221,5,0,0,0,0,0
3428363,2023-08-30,206,15,0,0,0,0,0
3428363,2023-08-31,199,7,0,0,0,0,0
3428363,2023-09-01,196,3,0,0,0,0,0
3428363,2023-09-02,183,13,0,0,0,0,0
3428363,2023-09-03,175,8,0,0,0,0,0
3428363,2023-09-04,168,7,0,0,0,0,0
3428363,2023-09-05,162,6,0,0,0,0,0
3428363,2023-09-06,158,4,0,0,0,0,0
3428363,2023-09-07,149,9,0,0,0,0,0
3428363,2023-09-08,145,4,0,0,0,0,0
3428363,2023-09-09,142,3,0,0,0,0,0
3428363,2023-09-10,137,5,0,0,0,0,0
3428363,2023-09-11,129,8,0,0,0,0,0
3428363,2023-09-12,123,6,0,0,0,0,0
3428363,2023-09-13,111,12,0,0,0,0,0
3428363,2023-09-14,104,7,0,0,0,0,0
3428363,2023-09-15,98,6,0,0,0,0,0
3428363,2023-09-16,88,10,0,0,0,0,0
3428363,2023-09-17,76,12,0,0,267,267,0
3428363,2023-09-18,69,7,0,0,0,267,0
3428363,2023-09-19,63,6,0,0,0,267,0
3428363,2023-09-20,57,6,0,0,0,267,0
3428363,2023-09-21,47,10,0,0,0,267,0
3428363,2023-09-22,44,3,0,0,0,267,0
3428363,2023-09-23,37,7,0,0,0,267,0
3428363,2023-09-24,32,5,0,0,0,267,0
3428363,2023-09-25,26,6,0,0,0,267,0
3428363,2023-09-26,19,7,0,0,0,267,0
3428363,2023-09-27,16,3,0,0,0,267,0
3428363,2023-09-28,11,5,0,0,0,267,0
3428363,2023-09-29,3,8,0,0,0,267,0
3428363,2023-09-30,0,9,6,0,0,267,1
3428363,2023-10-01,261,6,0,267,0,0,0
3428363,2023-10-02,258,3,0,0,0,0,0
3428363,2023-10-03,254,4,0,0,0,0,0
3428363,2023-10-04,246,8,0,0,0,0,0
3428363,2023-10-05,238,8,0,0,0,0,0
3428363,2023-10-06,230,8,0,0,0,0,0
3428363,2023-10-07,222,8,0,0,0,0,0
3428363,2023-10-08,210,12,0,0,0,0,0
3428363,2023-10-09,206,4,0,0,0,0,0
3428363,2023-10-10,197,9,0,0,0,0,0
3428363,2023-10-11,195,2,0,0,0,0,0
3428363,2023-10-12,191,4,0,0,0,0,0
3428363,2023-10-13,189,2,0,0,0,0,0
3428363,2023-10-14,182,7,0,0,0,0,0
3428363,2023-10-15,179,3,0,0,0,0,0
3428363,2023-10-16,174,5,0,0,0,0,0
3428363,2023-10-17,170,4,0,0,0,0,0
3428363,2023-10-18,160,10,0,0,0,0,0
3428363,2023-10-19,152,8,0,0,0,0,0
3428363,2023-10-20,146,6,0,0,0,0,0
3428363,2023-10-21,141,5,0,0,0,0,0
3428363,2023-10-22,134,7,0,0,0,0,0
3428363,2023-10-23,126,8,0,0,0,0,0
3428363,2023-10-24,121,5,0,0,0,0,0
3428363,2023-10-25,114,7,0,0,0,0,0
3428363,2023-10-26,109,5,0,0,0,0,0
3428363,2023-10-27,107,2,0,0,0,0,0
3428363,2023-10-28,102,5,0,0,0,0,0
3428363,2023-10-29,91,11,0,0,288,288,0
3428363,2023-10-30,81,10,0,0,0,288,0
3428363,2023-10-31,72,9,0,0,0,288,0
3428363,2023-11-01,68,4,0,0,0,288,0
3428363,2023-11-02,65,3,0,0,0,288,0
3428363,2023-11-03,60,5,0,0,0,288,0
3428363,2023-11-04,52,8,0,0,0,288,0
3428363,2023-11-05,45,7,0,0,0,288,0
3428363,2023-11-06,45,0,0,0,0,288,0
3428363,2023-11-07,43,2,0,0,0,288,0
3428363,2023-11-08,33,10,0,0,0,288,0
3428363,2023-11-09,28,5,0,0,0,288,0
3428363,2023-11-10,24,4,0,0,0,288,0
3428363,2023-11-11,16,8,0,0,0,288,0
3428363,2023-11-12,297,7,0,288,0,0,0
3428363,2023-11-13,292,5,0,0,0,0,0
3428363,2023-11-14,286,6,0,0,0,0,0
3428363,2023-11-15,278,8,0,0,0,0,0
3428363,2023-11-16,273,5,0,0,0,0,0
3428363,2023-11-17,265,8,0,0,0,0,0
3428363,2023-11-18,258,7,0,0,0,0,0
3428363,2023-11-19,250,8,0,0,0,0,0
3428363,2023-11-20,241,9,0,0,0,0,0
3428363,2023-11-21,240,1,0,0,0,0,0
3428363,2023-11-22,236,4,0,0,0,0,0
3428363,2023-11-23,220,16,0,0,0,0,0
3428363,2023-11-24,197,23,0,0,0,0,0
3428363,2023-11-25,168,29,0,0,0,0,0
3428363,2023-11-26,145,23,0,0,0,0,0
3428363,2023-11-27,137,8,0,0,0,0,0
3428363,2023-11-28,133,4,0,0,0,0,0
3428363,2023-11-29,129,4,0,0,0,0,0
3428363,2023-11-30,129,0,0,0,0,0,0
3428363,2023-12-01,127,2,0,0,0,0,0
3428363,2023-12-02,124,3,0,0,0,0,0
3428363,2023-12-03,119,5,0,0,0,0,0
3428363,2023-12-04,112,7,0,0,0,0,0
3428363,2023-12-05,107,5,0,0,0,0,0
3428363,2023-12-06,104,3,0,0,0,0,0
3428363,2023-12-07,100,4,0,0,0,0,0
3428363,2023-12-08,97,3,0,0,308,308,0
3428363,2023-12-09,89,8,0,0,0,308,0
3428363,2023-12-10,85,4,0,0,0,308,0
3428363,2023-12-11,82,3,0,0,0,308,0
3428363,2023-12-12,80,2,0,0,0,308,0
3428363,2023-12-13,76,4,0,0,0,308,0
3428363,2023-12-14,70,6,0,0,0,308,0
3428363,2023-12-15,64,6,0,0,0,308,0
3428363,2023-12-16,58,6,0,0,0,308,0
3428363,2023-12-17,48,10,0,0,0,308,0
3428363,2023-12-18,42,6,0,0,0,308,0
3428363,2023-12-19,34,8,0,0,0,308,0
3428363,2023-12-20,27,7,0,0,0,308,0
3428363,2023-12-21,21,6,0,0,0,308,0
3428363,2023-12-22,323,6,0,308,0,0,0
3428363,2023-12-23,318,5,0,0,0,0,0
3428363,2023-12-24,311,7,0,0,0,0,0
3428363,2023-12-25,308,3,0,0,0,0,0
3428363,2023-12-26,307,1,0,0,0,0,0
3428363,2023-12-27,306,1,0,0,0,0,0
3428363,2023-12-28,301,5,0,0,0,0,0
3428363,2023-12-29,298,3,0,0,0,0,0
3428363,2023-12-30,293,5,0,0,0,0,0
3428363,2023-12-31,290,3,0,0,0,0,0
3428363,2024-01-01,287,3,0,0,0,0,0
3428363,2024-01-02,285,2,0,0,0,0,0
3428363,2024-01-03,280,5,0,0,0,0,0
3428363,2024-01-04,277,3,0,0,0,0,0
3428363,2024-01-05,274,3,0,0,0,0,0
3428363,2024-01-06,271,3,0,0,0,0,0
3428363,2024-01-07,262,9,0,0,0,0,0
3428363,2024-01-08,257,5,0,0,0,0,0
3428363,2024-01-09,255,2,0,0,0,0,0
3428363,2024-01-10,253,2,0,0,0,0,0
3428363,2024-01-11,247,6,0,0,0,0,0
3428363,2024-01-12,239,8,0,0,0,0,0
3428363,2024-01-13,227,12,0,0,0,0,0
3428363,2024-01-14,217,10,0,0,0,0,0
3428363,2024-01-15,215,2,0,0,0,0,0
3428363,2024-01-16,210,5,0,0,0,0,0
3428363,2024-01-17,205,5,0,0,0,0,0
3428363,2024-01-18,200,5,0,0,0,0,0
3428363,2024-01-19,196,4,0,0,0,0,0
3428363,2024-01-20,192,4,0,0,0,0,0
3428363,2024-01-21,187,5,0,0,0,0,0
3428363,2024-01-22,178,9,0,0,0,0,0
3428363,2024-01-23,174,4,0,0,0,0,0
3428363,2024-01-24,168,6,0,0,0,0,0
3428363,2024-01-25,162,6,0,0,0,0,0
3428363,2024-01-26,157,5,0,0,0,0,0
3428363,2024-01-27,147,10,0,0,0,0,0
3428363,2024-01-28,136,11,0,0,0,0,0
3428363,2024-01-29,126,10,0,0,0,0,0
3428363,2024-01-30,121,5,0,0,0,0,0
3428363,2024-01-31,117,4,0,0,0,0,0
3428363,2024-02-01,112,5,0,0,0,0,0
3428363,2024-02-02,108,4,0,0,0,0,0
3428363,2024-02-03,101,7,0,0,0,0,0
3428363,2024-02-04,92,9,0,0,0,0,0
3428363,2024-02-05,91,1,0,0,0,0,0
3428363,2024-02-06,83,8,0,0,0,0,0
3428363,2024-02-07,79,4,0,0,249,249,0
3428363,2024-02-08,72,7,0,0,0,249,0
3428363,2024-02-09,61,11,0,0,0,249,0
3428363,2024-02-10,50,11,0,0,0,249,0
3428363,2024-02-11,40,10,0,0,0,249,0
3428363,2024-02-12,30,10,0,0,0,249,0
3428363,2024-02-13,23,7,0,0,0,249,0
3428363,2024-02-14,20,3,0,0,0,249,0
3428363,2024-02-15,18,2,0,0,0,249,0
3428363,2024-02-16,13,5,0,0,0,249,0
3428363,2024-02-17,4,9,0,0,0,249,0
3428363,2024-02-18,0,6,2,0,0,249,1
3428363,2024-02-19,0,7,7,0,0,249,1
3428363,2024-02-20,0,6,6,0,0,249,1
3428363,2024-02-21,247,2,0,249,0,0,0
3428363,2024-02-22,240,7,0,0,0,0,0
3428363,2024-02-23,237,3,0,0,0,0,0
3428363,2024-02-24,235,2,0,0,0,0,0
3428363,2024-02-25,228,7,0,0,0,0,0
3428363,2024-02-26,219,9,0,0,0,0,0
3428363,2024-02-27,215,4,0,0,0,0,0
3428363,2024-02-28,209,6,0,0,0,0,0
3428363,2024-02-29,203,6,0,0,0,0,0
4143393,2022-03-01,63,0,0,0,0,0,0
4143393,2022-03-02,60,3,0,0,0,0,0
4143393,2022-03-03,59,1,0,0,0,0,0
4143393,2022-03-04,59,0,0,0,0,0,0
4143393,2022-03-05,57,2,0,0,0,0,0
4143393,2022-03-06,55,2,0,0,0,0,0
4143393,2022-03-07,55,0,0,0,0,0,0
4143393,2022-03-08,53,2,0,0,0,0,0
4143393,2022-03-09,53,0,0,0,0,0,0
4143393,2022-03-10,52,1,0,0,0,0,0
4143393,2022-03-11,50,2,0,0,0,0,0
4143393,2022-03-12,48,2,0,0,0,0,0
4143393,2022-03-13,46,2,0,0,0,0,0
4143393,2022-03-14,45,1,0,0,0,0,0
4143393,2022-03-15,45,0,0,0,0,0,0
4143393,2022-03-16,45,0,0,0,0,0,0
4143393,2022-03-17,45,0,0,0,0,0,0
4143393,2022-03-18,42,3,0,0,0,0,0
4143393,2022-03-19,41,1,0,0,0,0,0
4143393,2022-03-20,38,3,0,0,0,0,0
4143393,2022-03-21,38,0,0,0,60,60,0
4143393,2022-03-22,36,2,0,0,0,60,0
4143393,2022-03-23,33,3,0,0,0,60,0
4143393,2022-03-24,32,1,0,0,0,60,0
4143393,2022-03-25,31,1,0,0,0,60,0
4143393,2022-03-26,30,1,0,0,0,60,0
4143393,2022-03-27,28,2,0,0,0,60,0
4143393,2022-03-28,27,1,0,0,0,60,0
4143393,2022-03-29,27,0,0,0,0,60,0
4143393,2022-03-30,26,1,0,0,0,60,0
4143393,2022-03-31,25,1,0,0,0,60,0
4143393,2022-04-01,22,3,0,0,0,60,0
4143393,2022-04-02,22,0,0,0,0,60,0
4143393,2022-04-03,22,0,0,0,0,60,0
4143393,2022-04-04,19,3,0,0,0,60,0
4143393,2022-04-05,18,1,0,0,0,60,0
4143393,2022-04-06,18,0,0,0,0,60,0
4143393,2022-04-07,17,1,0,0,0,60,0
4143393,2022-04-08,13,4,0,0,0,60,0
4143393,2022-04-09,9,4,0,0,0,60,0
4143393,2022-04-10,9,0,0,0,0,60,0
4143393,2022-04-11,7,2,0,0,0,60,0
4143393,2022-04-12,6,1,0,0,0,60,0
4143393,2022-04-13,6,0,0,0,0,60,0
4143393,2022-04-14,4,2,0,0,0,60,0
4143393,2022-04-15,4,0,0,0,0,60,0
4143393,2022-04-16,0,5,1,0,0,60,1
4143393,2022-04-17,0,2,2,0,0,60,1
4143393,2022-04-18,47,5,0,52,0,0,0
4143393,2022-04-19,45,2,0,0,0,0,0
4143393,2022-04-20,45,0,0,0,69,69,0
4143393,2022-04-21,42,3,0,0,0,69,0
4143393,2022-04-22,39,3,0,0,0,69,0
4143393,2022-04-23,37,2,0,0,0,69,0
4143393,2022-04-24,33,4,0,0,0,69,0
4143393,2022-04-25,28,5,0,0,0,69,0
4143393,2022-04-26,26,2,0,0,0,69,0
4143393,2022-04-27,25,1,0,0,0,69,0
4143393,2022-04-28,24,1,0,0,0,69,0
4143393,2022-04-29,23,1,0,0,0,69,0
4143393,2022-04-30,20,3,0,0,0,69,0
4143393,2022-05-01,19,1,0,0,0,69,0
4143393,2022-05-02,17,2,0,0,0,69,0
4143393,2022-05-03,16,1,0,0,0,69,0
4143393,2022-05-04,15,1,0,0,0,69,0
4143393,2022-05-05,14,1,0,0,0,69,0
4143393,2022-05-06,14,0,0,0,0,69,0
4143393,2022-05-07,14,0,0,0,0,69,0
4143393,2022-05-08,11,3,0,0,0,69,0
4143393,2022-05-09,8,3,0,0,0,69,0
4143393,2022-05-10,7,1,0,0,0,69,0
4143393,2022-05-11,4,3,0,0,0,69,0
4143393,2022-05-12,1,3,0,0,0,69,0
4143393,2022-05-13,0,1,0,0,0,69,0
4143393,2022-05-14,0,0,0,0,0,69,0
4143393,2022-05-15,0,5,5,0,0,69,1
4143393,2022-05-16,0,0,0,0,0,69,0
4143393,2022-05-17,0,2,2,0,0,69,1
4143393,2022-05-18,0,1,1,0,0,69,1
4143393,2022-05-19,0,2,2,0,0,69,1
4143393,2022-05-20,0,3,3,0,0,69,1
4143393,2022-05-21,0,2,2,0,0,69,1
4143393,2022-05-22,68,1,0,69,0,0,0
4143393,2022-05-23,65,3,0,0,0,0,0
4143393,2022-05-24,60,5,0,0,0,0,0
4143393,2022-05-25,60,0,0,0,0,0,0
4143393,2022-05-26,59,1,0,0,0,0,0
4143393,2022-05-27,59,0,0,0,0,0,0
4143393,2022-05-28,57,2,0,0,0,0,0
4143393,2022-05-29,56,1,0,0,87,87,0
4143393,2022-05-30,55,1,0,0,0,87,0
4143393,2022-05-31,52,3,0,0,0,87,0
4143393,2022-06-01,50,2,0,0,0,87,0
4143393,2022-06-02,49,1,0,0,0,87,0
4143393,2022-06-03,49,0,0,0,0,87,0
4143393,2022-06-04,49,0,0,0,0,87,0
4143393,2022-06-05,47,2,0,0,0,87,0
4143393,2022-06-06,45,2,0,0,0,87,0
4143393,2022-06-07,45,0,0,0,0,87,0
4143393,2022-06-08,41,4,0,0,0,87,0
4143393,2022-06-09,40,1,0,0,0,87,0
4143393,2022-06-10,38,2,0,0,0,87,0
4143393,2022-06-11,32,6,0,0,0,87,0
4143393,2022-06-12,30,2,0,0,0,87,0
4143393,2022-06-13,29,1,0,0,0,87,0
4143393,2022-06-14,29,0,0,0,0,87,0
4143393,2022-06-15,26,3,0,0,0,87,0
4143393,2022-06-16,24,2,0,0,0,87,0
4143393,2022-06-17,23,1,0,0,0,87,0
4143393,2022-06-18,22,1,0,0,0,87,0
4143393,2022-06-19,17,5,0,0,0,87,0
4143393,2022-06-20,14,3,0,0,0,87,0
4143393,2022-06-21,14,0,0,0,0,87,0
4143393,2022-06-22,13,1,0,0,0,87,0
4143393,2022-06-23,10,3,0,0,0,87,0
4143393,2022-06-24,7,3,0,0,0,87,0
4143393,2022-06-25,6,1,0,0,0,87,0
4143393,2022-06-26,92,1,0,87,0,0,0
4143393,2022-06-27,92,0,0,0,0,0,0
4143393,2022-06-28,92,0,0,0,0,0,0
4143393,2022-06-29,89,3,0,0,0,0,0
4143393,2022-06-30,88,1,0,0,0,0,0
4143393,2022-07-01,87,1,0,0,0,0,0
4143393,2022-07-02,85,2,0,0,0,0,0
4143393,2022-07-03,83,2,0,0,0,0,0
4143393,2022-07-04,82,1,0,0,0,0,0
4143393,2022-07-05,80,2,0,0,0,0,0
4143393,2022-07-06,78,2,0,0,0,0,0
4143393,2022-07-07,77,1,0,0,0,0,0
4143393,2022-07-08,77,0,0,0,0,0,0
4143393,2022-07-09,74,3,0,0,0,0,0
4143393,2022-07-10,73,1,0,0,0,0,0
4143393,2022-07-11,73,0,0,0,0,0,0
4143393,2022-07-12,71,2,0,0,0,0,0
4143393,2022-07-13,70,1,0,0,0,0,0
4143393,2022-07-14,67,3,0,0,0,0,0
4143393,2022-07-15,67,0,0,0,0,0,0
4143393,2022-07-16,66,1,0,0,0,0,0
4143393,2022-07-17,65,1,0,0,0,0,0
4143393,2022-07-18,65,0,0,0,0,0,0
4143393,2022-07-19,62,3,0,0,0,0,0
4143393,2022-07-20,60,2,0,0,0,0,0
4143393,2022-07-21,60,0,0,0,0,0,0
4143393,2022-07-22,57,3,0,0,0,0,0
4143393,2022-07-23,55,2,0,0,0,0,0
4143393,2022-07-24,53,2,0,0,0,0,0
4143393,2022-07-25,53,0,0,0,0,0,0
4143393,2022-07-26,52,1,0,0,0,0,0
4143393,2022-07-27,49,3,0,0,0,0,0
4143393,2022-07-28,49,0,0,0,0,0,0
4143393,2022-07-29,47,2,0,0,73,73,0
4143393,2022-07-30,46,1,0,0,0,73,0
4143393,2022-07-31,44,2,0,0,0,73,0
4143393,2022-08-01,43,1,0,0,0,73,0
4143393,2022-08-02,40,3,0,0,0,73,0
4143393,2022-08-03,37,3,0,0,0,73,0
4143393,2022-08-04,37,0,0,0,0,73,0
4143393,2022-08-05,35,2,0,0,0,73,0
4143393,2022-08-06,34,1,0,0,0,73,0
4143393,2022-08-07,29,5,0,0,0,73,0
4143393,2022-08-08,27,2,0,0,0,73,0
4143393,2022-08-09,24,3,0,0,0,73,0
4143393,2022-08-10,24,0,0,0,0,73,0
4143393,2022-08-11,23,1,0,0,0,73,0
4143393,2022-08-12,22,1,0,0,0,73,0
4143393,2022-08-13,20,2,0,0,0,73,0
4143393,2022-08-14,19,1,0,0,0,73,0
4143393,2022-08-15,18,1,0,0,0,73,0
4143393,2022-08-16,16,2,0,0,0,73,0
4143393,2022-08-17,16,0,0,0,0,73,0
4143393,2022-08-18,16,0,0,0,0,73,0
4143393,2022-08-19,15,1,0,0,0,73,0
4143393,2022-08-20,12,3,0,0,0,73,0
4143393,2022-08-21,11,1,0,0,0,73,0
4143393,2022-08-22,9,2,0,0,0,73,0
4143393,2022-08-23,7,2,0,0,0,73,0
4143393,2022-08-24,6,1,0,0,0,73,0
4143393,2022-08-25,4,2,0,0,0,73,0
4143393,2022-08-26,76,1,0,73,0,0,0
4143393,2022-08-27,76,0,0,0,0,0,0
4143393,2022-08-28,74,2,0,0,0,0,0
4143393,2022-08-29,74,0,0,0,0,0,0
4143393,2022-08-30,74,0,0,0,0,0,0
4143393,2022-08-31,72,2,0,0,0,0,0
4143393,2022-09-01,68,4,0,0,0,0,0
4143393,2022-09-02,67,1,0,0,0,0,0
4143393,2022-09-03,64,3,0,0,0,0,0
4143393,2022-09-04,61,3,0,0,0,0,0
4143393,2022-09-05,60,1,0,0,0,0,0
4143393,2022-09-06,59,1,0,0,0,0,0
4143393,2022-09-07,54,5,0,0,0,0,0
4143393,2022-09-08,54,0,0,0,0,0,0
4143393,2022-09-09,53,1,0,0,0,0,0
4143393,2022-09-10,51,2,0,0,0,0,0
4143393,2022-09-11,45,6,0,0,74,74,0
4143393,2022-09-12,44,1,0,0,0,74,0
4143393,2022-09-13,42,2,0,0,0,74,0
4143393,2022-09-14,42,0,0,0,0,74,0
4143393,2022-09-15,41,1,0,0,0,74,0
4143393,2022-09-16,40,1,0,0,0,74,0
4143393,2022-09-17,36,4,0,0,0,74,0
4143393,2022-09-18,34,2,0,0,0,74,0
4143393,2022-09-19,32,2,0,0,0,74,0
4143393,2022-09-20,30,2,0,0,0,74,0
4143393,2022-09-21,29,1,0,0,0,74,0
4143393,2022-09-22,28,1,0,0,0,74,0
4143393,2022-09-23,26,2,0,0,0,74,0
4143393,2022-09-24,26,0,0,0,0,74,0
4143393,2022-09-25,22,4,0,0,0,74,0
4143393,2022-09-26,22,0,0,0,0,74,0
4143393,2022-09-27,20,2,0,0,0,74,0
4143393,2022-09-28,19,1,0,0,0,74,0
4143393,2022-09-29,17,2,0,0,0,74,0
4143393,2022-09-30,16,1,0,0,0,74,0
4143393,2022-10-01,13,3,0,0,0,74,0
4143393,2022-10-02,13,0,0,0,0,74,0
4143393,2022-10-03,12,1,0,0,0,74,0
4143393,2022-10-04,10,2,0,0,0,74,0
4143393,2022-10-05,6,4,0,0,0,74,0
4143393,2022-10-06,2,4,0,0,0,74,0
4143393,2022-10-07,0,4,2,0,0,74,1
4143393,2022-10-08,0,3,3,0,0,74,1
4143393,2022-10-09,74,0,0,74,0,0,0
4143393,2022-10-10,71,3,0,0,0,0,0
4143393,2022-10-11,67,4,0,0,0,0,0
4143393,2022-10-12,64,3,0,0,0,0,0
4143393,2022-10-13,61,3,0,0,0,0,0
4143393,2022-10-14,60,1,0,0,0,0,0
4143393,2022-10-15,57,3,0,0,89,89,0
4143393,2022-10-16,56,1,0,0,0,89,0
4143393,2022-10-17,55,1,0,0,0,89,0
4143393,2022-10-18,54,1,0,0,0,89,0
4143393,2022-10-19,54,0,0,0,0,89,0
4143393,2022-10-20,53,1,0,0,0,89,0
4143393,2022-10-21,52,1,0,0,0,89,0
4143393,2022-10-22,51,1,0,0,0,89,0
4143393,2022-10-23,49,2,0,0,0,89,0
4143393,2022-10-24,49,0,0,0,0,89,0
4143393,2022-10-25,48,1,0,0,0,89,0
4143393,2022-10-26,47,1,0,0,0,89,0
4143393,2022-10-27,43,4,0,0,0,89,0
4143393,2022-10-28,41,2,0,0,0,89,0
4143393,2022-10-29,40,1,0,0,0,89,0
4143393,2022-10-30,38,2,0,0,0,89,0
4143393,2022-10-31,37,1,0,0,0,89,0
4143393,2022-11-01,34,3,0,0,0,89,0
4143393,2022-11-02,33,1,0,0,0,89,0
4143393,2022-11-03,32,1,0,0,0,89,0
4143393,2022-11-04,31,1,0,0,0,89,0
4143393,2022-11-05,30,1,0,0,0,89,0
4143393,2022-11-06,29,1,0,0,0,89,0
4143393,2022-11-07,29,0,0,0,0,89,0
4143393,2022-11-08,29,0,0,0,0,89,0
4143393,2022-11-09,27,2,0,0,0,89,0
4143393,2022-11-10,27,0,0,0,0,89,0
4143393,2022-11-11,26,1,0,0,0,89,0
4143393,2022-11-12,113,2,0,89,0,0,0
4143393,2022-11-13,112,1,0,0,0,0,0
4143393,2022-11-14,109,3,0,0,0,0,0
4143393,2022-11-15,108,1,0,0,0,0,0
4143393,2022-11-16,107,1,0,0,0,0,0
4143393,2022-11-17,105,2,0,0,0,0,0
4143393,2022-11-18,104,1,0,0,0,0,0
4143393,2022-11-19,103,1,0,0,0,0,0
4143393,2022-11-20,102,1,0,0,0,0,0
4143393,2022-11-21,100,2,0,0,0,0,0
4143393,2022-11-22,100,0,0,0,0,0,0
4143393,2022-11-23,100,0,0,0,0,0,0
4143393,2022-11-24,95,5,0,0,0,0,0
4143393,2022-11-25,87,8,0,0,0,0,0
4143393,2022-11-26,81,6,0,0,0,0,0
4143393,2022-11-27,76,5,0,0,0,0,0
4143393,2022-11-28,73,3,0,0,0,0,0
4143393,2022-11-29,71,2,0,0,0,0,0
4143393,2022-11-30,69,2,0,0,0,0,0
4143393,2022-12-01,67,2,0,0,0,0,0
4143393,2022-12-02,65,2,0,0,0,0,0
4143393,2022-12-03,63,2,0,0,0,0,0
4143393,2022-12-04,61,2,0,0,0,0,0
4143393,2022-12-05,59,2,0,0,0,0,0
4143393,2022-12-06,58,1,0,0,0,0,0
4143393,2022-12-07,56,2,0,0,0,0,0
4143393,2022-12-08,51,5,0,0,81,81,0
4143393,2022-12-09,48,3,0,0,0,81,0
4143393,2022-12-10,46,2,0,0,0,81,0
4143393,2022-12-11,46,0,0,0,0,81,0
4143393,2022-12-12,46,0,0,0,0,81,0
4143393,2022-12-13,46,0,0,0,0,81,0
4143393,2022-12-14,44,2,0,0,0,81,0
4143393,2022-12-15,42,2,0,0,0,81,0
4143393,2022-12-16,40,2,0,0,0,81,0
4143393,2022-12-17,34,6,0,0,0,81,0
4143393,2022-12-18,31,3,0,0,0,81,0
4143393,2022-12-19,27,4,0,0,0,81,0
4143393,2022-12-20,26,1,0,0,0,81,0
4143393,2022-12-21,25,1,0,0,0,81,0
4143393,2022-12-22,21,4,0,0,0,81,0
4143393,2022-12-23,20,1,0,0,0,81,0
4143393,2022-12-24,18,2,0,0,0,81,0
4143393,2022-12-25,16,2,0,0,0,81,0
4143393,2022-12-26,14,2,0,0,0,81,0
4143393,2022-12-27,14,0,0,0,0,81,0
4143393,2022-12-28,13,1,0,0,0,81,0
4143393,2022-12-29,12,1,0,0,0,81,0
4143393,2022-12-30,10,2,0,0,0,81,0
4143393,2022-12-31,8,2,0,0,0,81,0
4143393,2023-01-01,7,1,0,0,0,81,0
4143393,2023-01-02,7,0,0,0,0,81,0
4143393,2023-01-03,5,2,0,0,0,81,0
4143393,2023-01-04,3,2,0,0,0,81,0
4143393,2023-01-05,83,1,0,81,0,0,0
4143393,2023-01-06,81,2,0,0,0,0,0
4143393,2023-01-07,79,2,0,0,0,0,0
4143393,2023-01-08,74,5,0,0,0,0,0
4143393,2023-01-09,70,4,0,0,0,0,0
4143393,2023-01-10,70,0,0,0,0,0,0
4143393,2023-01-11,65,5,0,0,0,0,0
4143393,2023-01-12,64,1,0,0,102,102,0
4143393,2023-01-13,63,1,0,0,0,102,0
4143393,2023-01-14,61,2,0,0,0,102,0
4143393,2023-01-15,59,2,0,0,0,102,0
4143393,2023-01-16,54,5,0,0,0,102,0
4143393,2023-01-17,52,2,0,0,0,102,0
4143393,2023-01-18,51,1,0,0,0,102,0
4143393,2023-01-19,46,5,0,0,0,102,0
4143393,2023-01-20,45,1,0,0,0,102,0
4143393,2023-01-21,38,7,0,0,0,102,0
4143393,2023-01-22,33,5,0,0,0,102,0
4143393,2023-01-23,31,2,0,0,0,102,0
4143393,2023-01-24,31,0,0,0,0,102,0
4143393,2023-01-25,29,2,0,0,0,102,0
4143393,2023-01-26,28,1,0,0,0,102,0
4143393,2023-01-27,24,4,0,0,0,102,0
4143393,2023-01-28,22,2,0,0,0,102,0
4143393,2023-01-29,18,4,0,0,0,102,0
4143393,2023-01-30,17,1,0,0,0,102,0
4143393,2023-01-31,17,0,0,0,0,102,0
4143393,2023-02-01,15,2,0,0,0,102,0
4143393,2023-02-02,15,0,0,0,0,102,0
4143393,2023-02-03,15,0,0,0,0,102,0
4143393,2023-02-04,12,3,0,0,0,102,0
4143393,2023-02-05,10,2,0,0,0,102,0
4143393,2023-02-06,9,1,0,0,0,102,0
4143393,2023-02-07,7,2,0,0,0,102,0
4143393,2023-02-08,7,0,0,0,0,102,0
4143393,2023-02-09,108,1,0,102,0,0,0
4143393,2023-02-10,104,4,0,0,0,0,0
4143393,2023-02-11,102,2,0,0,0,0,0
4143393,2023-02-12,99,3,0,0,0,0,0
4143393,2023-02-13,96,3,0,0,0,0,0
4143393,2023-02-14,93,3,0,0,0,0,0
4143393,2023-02-15,91,2,0,0,0,0,0
4143393,2023-02-16,89,2,0,0,0,0,0
4143393,2023-02-17,87,2,0,0,0,0,0
4143393,2023-02-18,85,2,0,0,0,0,0
4143393,2023-02-19,79,6,0,0,0,0,0
4143393,2023-02-20,76,3,0,0,0,0,0
4143393,2023-02-21,75,1,0,0,0,0,0
4143393,2023-02-22,73,2,0,0,0,0,0
4143393,2023-02-23,72,1,0,0,0,0,0
4143393,2023-02-24,72,0,0,0,0,0,0
4143393,2023-02-25,68,4,0,0,0,0,0
4143393,2023-02-26,63,5,0,0,102,102,0
4143393,2023-02-27,60,3,0,0,0,102,0
4143393,2023-02-28,56,4,0,0,0,102,0
4143393,2023-03-01,56,0,0,0,0,102,0
4143393,2023-03-02,51,5,0,0,0,102,0
4143393,2023-03-03,49,2,0,0,0,102,0
4143393,2023-03-04,49,0,0,0,0,102,0
4143393,2023-03-05,49,0,0,0,0,102,0
4143393,2023-03-06,49,0,0,0,0,102,0
4143393,2023-03-07,46,3,0,0,0,102,0
4143393,2023-03-08,45,1,0,0,0,102,0
4143393,2023-03-09,42,3,0,0,0,102,0
4143393,2023-03-10,41,1,0,0,0,102,0
4143393,2023-03-11,38,3,0,0,0,102,0
4143393,2023-03-12,38,0,0,0,0,102,0
4143393,2023-03-13,36,2,0,0,0,102,0
4143393,2023-03-14,36,0,0,0,0,102,0
4143393,2023-03-15,34,2,0,0,0,102,0
4143393,2023-03-16,34,0,0,0,0,102,0
4143393,2023-03-17,34,0,0,0,0,102,0
4143393,2023-03-18,33,1,0,0,0,102,0
4143393,2023-03-19,27,6,0,0,0,102,0
4143393,2023-03-20,27,0,0,0,0,102,0
4143393,2023-03-21,25,2,0,0,0,102,0
4143393,2023-03-22,23,2,0,0,0,102,0
4143393,2023-03-23,22,1,0,0,0,102,0
4143393,2023-03-24,20,2,0,0,0,102,0
4143393,2023-03-25,20,0,0,0,0,102,0
4143393,2023-03-26,121,1,0,102,0,0,0
4143393,2023-03-27,120,1,0,0,0,0,0
4143393,2023-03-28,118,2,0,0,0,0,0
4143393,2023-03-29,118,0,0,0,0,0,0
4143393,2023-03-30,117,1,0,0,0,0,0
4143393,2023-03-31,114,3,0,0,0,0,0
4143393,2023-04-01,109,5,0,0,0,0,0
4143393,2023-04-02,106,3,0,0,0,0,0
4143393,2023-04-03,102,4,0,0,0,0,0
4143393,2023-04-04,98,4,0,0,0,0,0
4143393,2023-04-05,95,3,0,0,0,0,0
4143393,2023-04-06,92,3,0,0,0,0,0
4143393,2023-04-07,92,0,0,0,0,0,0
4143393,2023-04-08,89,3,0,0,0,0,0
4143393,2023-04-09,86,3,0,0,0,0,0
4143393,2023-04-10,86,0,0,0,0,0,0
4143393,2023-04-11,84,2,0,0,0,0,0
4143393,2023-04-12,84,0,0,0,0,0,0
4143393,2023-04-13,83,1,0,0,0,0,0
4143393,2023-04-14,81,2,0,0,0,0,0
4143393,2023-04-15,77,4,0,0,0,0,0
4143393,2023-04-16,72,5,0,0,0,0,0
4143393,2023-04-17,71,1,0,0,0,0,0
4143393,2023-04-18,69,2,0,0,0,0,0
4143393,2023-04-19,65,4,0,0,0,0,0
4143393,2023-04-20,64,1,0,0,0,0,0
4143393,2023-04-21,62,2,0,0,0,0,0
4143393,2023-04-22,57,5,0,0,93,93,0
4143393,2023-04-23,54,3,0,0,0,93,0
4143393,2023-04-24,53,1,0,0,0,93,0
4143393,2023-04-25,52,1,0,0,0,93,0
4143393,2023-04-26,49,3,0,0,0,93,0
4143393,2023-04-27,49,0,0,0,0,93,0
4143393,2023-04-28,46,3,0,0,0,93,0
4143393,2023-04-29,41,5,0,0,0,93,0
4143393,2023-04-30,35,6,0,0,0,93,0
4143393,2023-05-01,32,3,0,0,0,93,0
4143393,2023-05-02,31,1,0,0,0,93,0
4143393,2023-05-03,25,6,0,0,0,93,0
4143393,2023-05-04,19,6,0,0,0,93,0
4143393,2023-05-05,18,1,0,0,0,93,0
4143393,2023-05-06,15,3,0,0,0,93,0
4143393,2023-05-07,8,7,0,0,0,93,0
4143393,2023-05-08,7,1,0,0,0,93,0
4143393,2023-05-09,6,1,0,0,0,93,0
4143393,2023-05-10,4,2,0,0,0,93,0
4143393,2023-05-11,1,3,0,0,0,93,0
4143393,2023-05-12,0,1,0,0,0,93,0
4143393,2023-05-13,0,1,1,0,0,93,1
4143393,2023-05-14,0,2,2,0,0,93,1
4143393,2023-05-15,0,0,0,0,0,93,0
4143393,2023-05-16,0,3,3,0,0,93,1
4143393,2023-05-17,0,1,1,0,0,93,1
4143393,2023-05-18,0,1,1,0,0,93,1
4143393,2023-05-19,0,0,0,0,0,93,0
4143393,2023-05-20,92,1,0,93,0,0,0
4143393,2023-05-21,90,2,0,0,0,0,0
4143393,2023-05-22,86,4,0,0,0,0,0
4143393,2023-05-23,86,0,0,0,0,0,0
4143393,2023-05-24,81,5,0,0,0,0,0
4143393,2023-05-25,79,2,0,0,0,0,0
4143393,2023-05-26,78,1,0,0,0,0,0
4143393,2023-05-27,74,4,0,0,0,0,0
4143393,2023-05-28,72,2,0,0,113,113,0
4143393,2023-05-29,70,2,0,0,0,113,0
4143393,2023-05-30,67,3,0,0,0,113,0
4143393,2023-05-31,66,1,0,0,0,113,0
4143393,2023-06-01,64,2,0,0,0,113,0
4143393,2023-06-02,62,2,0,0,0,113,0
4143393,2023-06-03,60,2,0,0,0,113,0
4143393,2023-06-04,58,2,0,0,0,113,0
4143393,2023-06-05,53,5,0,0,0,113,0
4143393,2023-06-06,53,0,0,0,0,113,0
4143393,2023-06-07,53,0,0,0,0,113,0
4143393,2023-06-08,50,3,0,0,0,113,0
4143393,2023-06-09,48,2,0,0,0,113,0
4143393,2023-06-10,47,1,0,0,0,113,0
4143393,2023-06-11,43,4,0,0,0,113,0
4143393,2023-06-12,42,1,0,0,0,113,0
4143393,2023-06-13,41,1,0,0,0,113,0
4143393,2023-06-14,41,0,0,0,0,113,0
4143393,2023-06-15,40,1,0,0,0,113,0
4143393,2023-06-16,37,3,0,0,0,113,0
4143393,2023-06-17,35,2,0,0,0,113,0
4143393,2023-06-18,33,2,0,0,0,113,0
4143393,2023-06-19,30,3,0,0,0,113,0
4143393,2023-06-20,29,1,0,0,0,113,0
4143393,2023-06-21,28,1,0,0,0,113,0
4143393,2023-06-22,25,3,0,0,0,113,0
4143393,2023-06-23,24,1,0,0,0,113,0
4143393,2023-06-24,22,2,0,0,0,113,0
4143393,2023-06-25,134,1,0,113,0,0,0
4143393,2023-06-26,131,3,0,0,0,0,0
4143393,2023-06-27,131,0,0,0,0,0,0
4143393,2023-06-28,129,2,0,0,0,0,0
4143393,2023-06-29,125,4,0,0,0,0,0
4143393,2023-06-30,125,0,0,0,0,0,0
4143393,2023-07-01,123,2,0,0,0,0,0
4143393,2023-07-02,120,3,0,0,0,0,0
4143393,2023-07-03,119,1,0,0,0,0,0
4143393,2023-07-04,117,2,0,0,0,0,0
4143393,2023-07-05,116,1,0,0,0,0,0
4143393,2023-07-06,113,3,0,0,0,0,0
4143393,2023-07-07,112,1,0,0,0,0,0
4143393,2023-07-08,110,2,0,0,0,0,0
4143393,2023-07-09,107,3,0,0,0,0,0
4143393,2023-07-10,105,2,0,0,0,0,0
4143393,2023-07-11,104,1,0,0,0,0,0
4143393,2023-07-12,100,4,0,0,0,0,0
4143393,2023-07-13,98,2,0,0,0,0,0
4143393,2023-07-14,96,2,0,0,0,0,0
4143393,2023-07-15,95,1,0,0,0,0,0
4143393,2023-07-16,94,1,0,0,0,0,0
4143393,2023-07-17,91,3,0,0,0,0,0
4143393,2023-07-18,89,2,0,0,0,0,0
4143393,2023-07-19,88,1,0,0,0,0,0
4143393,2023-07-20,86,2,0,0,0,0,0
4143393,2023-07-21,85,1,0,0,0,0,0
4143393,2023-07-22,81,4,0,0,0,0,0
4143393,2023-07-23,78,3,0,0,0,0,0
4143393,2023-07-24,77,1,0,0,0,0,0
4143393,2023-07-25,75,2,0,0,0,0,0
4143393,2023-07-26,72,3,0,0,0,0,0
4143393,2023-07-27,70,2,0,0,0,0,0
4143393,2023-07-28,69,1,0,0,0,0,0
4143393,2023-07-29,65,4,0,0,0,0,0
4143393,2023-07-30,65,0,0,0,0,0,0
4143393,2023-07-31,62,3,0,0,0,0,0
4143393,2023-08-01,58,4,0,0,0,0,0
4143393,2023-08-02,56,2,0,0,90,90,0
4143393,2023-08-03,50,6,0,0,0,90,0
4143393,2023-08-04,47,3,0,0,0,90,0
4143393,2023-08-05,47,0,0,0,0,90,0
4143393,2023-08-06,44,3,0,0,0,90,0
4143393,2023-08-07,43,1,0,0,0,90,0
4143393,2023-08-08,42,1,0,0,0,90,0
4143393,2023-08-09,40,2,0,0,0,90,0
4143393,2023-08-10,39,1,0,0,0,90,0
4143393,2023-08-11,35,4,0,0,0,90,0
4143393,2023-08-12,34,1,0,0,0,90,0
4143393,2023-08-13,33,1,0,0,0,90,0
4143393,2023-08-14,29,4,0,0,0,90,0
4143393,2023-08-15,25,4,0,0,0,90,0
4143393,2023-08-16,24,1,0,0,0,90,0
4143393,2023-08-17,23,1,0,0,0,90,0
4143393,2023-08-18,22,1,0,0,0,90,0
4143393,2023-08-19,21,1,0,0,0,90,0
4143393,2023-08-20,19,2,0,0,0,90,0
4143393,2023-08-21,16,3,0,0,0,90,0
4143393,2023-08-22,13,3,0,0,0,90,0
4143393,2023-08-23,10,3,0,0,0,90,0
4143393,2023-08-24,8,2,0,0,0,90,0
4143393,2023-08-25,5,3,0,0,0,90,0
4143393,2023-08-26,2,3,0,0,0,90,0
4143393,2023-08-27,0,5,3,0,0,90,1
4143393,2023-08-28,0,1,1,0,0,90,1
4143393,2023-08-29,0,1,1,0,0,90,1
4143393,2023-08-30,90,0,0,90,0,0,0
4143393,2023-08-31,85,5,0,0,0,0,0
4143393,2023-09-01,84,1,0,0,0,0,0
4143393,2023-09-02,80,4,0,0,0,0,0
4143393,2023-09-03,77,3,0,0,0,0,0
4143393,2023-09-04,76,1,0,0,0,0,0
4143393,2023-09-05,75,1,0,0,0,0,0
4143393,2023-09-06,75,0,0,0,0,0,0
4143393,2023-09-07,73,2,0,0,0,0,0
4143393,2023-09-08,72,1,0,0,0,0,0
4143393,2023-09-09,69,3,0,0,0,0,0
4143393,2023-09-10,67,2,0,0,0,0,0
4143393,2023-09-11,64,3,0,0,102,102,0
4143393,2023-09-12,61,3,0,0,0,102,0
4143393,2023-09-13,57,4,0,0,0,102,0
4143393,2023-09-14,56,1,0,0,0,102,0
4143393,2023-09-15,55,1,0,0,0,102,0
4143393,2023-09-16,47,8,0,0,0,102,0
4143393,2023-09-17,44,3,0,0,0,102,0
4143393,2023-09-18,43,1,0,0,0,102,0
4143393,2023-09-19,42,1,0,0,0,102,0
4143393,2023-09-20,42,0,0,0,0,102,0
4143393,2023-09-21,36,6,0,0,0,102,0
4143393,2023-09-22,33,3,0,0,0,102,0
4143393,2023-09-23,33,0,0,0,0,102,0
4143393,2023-09-24,31,2,0,0,0,102,0
4143393,2023-09-25,29,2,0,0,0,102,0
4143393,2023-09-26,28,1,0,0,0,102,0
4143393,2023-09-27,21,7,0,0,0,102,0
4143393,2023-09-28,20,1,0,0,0,102,0
4143393,2023-09-29,18,2,0,0,0,102,0
4143393,2023-09-30,15,3,0,0,0,102,0
4143393,2023-10-01,13,2,0,0,0,102,0
4143393,2023-10-02,12,1,0,0,0,102,0
4143393,2023-10-03,10,2,0,0,0,102,0
4143393,2023-10-04,9,1,0,0,0,102,0
4143393,2023-10-05,7,2,0,0,0,102,0
4143393,2023-10-06,3,4,0,0,0,102,0
4143393,2023-10-07,0,3,0,0,0,102,0
4143393,2023-10-08,0,3,3,0,0,102,1
4143393,2023-10-09,98,4,0,102,0,0,0
4143393,2023-10-10,97,1,0,0,0,0,0
4143393,2023-10-11,94,3,0,0,0,0,0
4143393,2023-10-12,91,3,0,0,0,0,0
4143393,2023-10-13,88,3,0,0,0,0,0
4143393,2023-10-14,83,5,0,0,0,0,0
4143393,2023-10-15,78,5,0,0,0,0,0
4143393,2023-10-16,77,1,0,0,0,0,0
4143393,2023-10-17,74,3,0,0,115,115,0
4143393,2023-10-18,72,2,0,0,0,115,0
4143393,2023-10-19,70,2,0,0,0,115,0
4143393,2023-10-20,67,3,0,0,0,115,0
4143393,2023-10-21,65,2,0,0,0,115,0
4143393,2023-10-22,63,2,0,0,0,115,0
4143393,2023-10-23,62,1,0,0,0,115,0
4143393,2023-10-24,60,2,0,0,0,115,0
4143393,2023-10-25,58,2,0,0,0,115,0
4143393,2023-10-26,56,2,0,0,0,115,0
4143393,2023-10-27,55,1,0,0,0,115,0
4143393,2023-10-28,52,3,0,0,0,115,0
4143393,2023-10-29,51,1,0,0,0,115,0
4143393,2023-10-30,50,1,0,0,0,115,0
4143393,2023-10-31,50,0,0,0,0,115,0
4143393,2023-11-01,46,4,0,0,0,115,0
4143393,2023-11-02,45,1,0,0,0,115,0
4143393,2023-11-03,42,3,0,0,0,115,0
4143393,2023-11-04,39,3,0,0,0,115,0
4143393,2023-11-05,36,3,0,0,0,115,0
4143393,2023-11-06,33,3,0,0,0,115,0
4143393,2023-11-07,31,2,0,0,0,115,0
4143393,2023-11-08,30,1,0,0,0,115,0
4143393,2023-11-09,29,1,0,0,0,115,0
4143393,2023-11-10,28,1,0,0,0,115,0
4143393,2023-11-11,28,0,0,0,0,115,0
4143393,2023-11-12,27,1,0,0,0,115,0
4143393,2023-11-13,24,3,0,0,0,115,0
4143393,2023-11-14,138,1,0,115,0,0,0
4143393,2023-11-15,135,3,0,0,0,0,0
4143393,2023-11-16,133,2,0,0,0,0,0
4143393,2023-11-17,129,4,0,0,0,0,0
4143393,2023-11-18,128,1,0,0,0,0,0
4143393,2023-11-19,124,4,0,0,0,0,0
4143393,2023-11-20,124,0,0,0,0,0,0
4143393,2023-11-21,122,2,0,0,0,0,0
4143393,2023-11-22,116,6,0,0,0,0,0
4143393,2023-11-23,113,3,0,0,0,0,0
4143393,2023-11-24,103,10,0,0,0,0,0
4143393,2023-11-25,89,14,0,0,0,0,0
4143393,2023-11-26,77,12,0,0,121,121,0
4143393,2023-11-27,75,2,0,0,0,121,0
4143393,2023-11-28,73,2,0,0,0,121,0
4143393,2023-11-29,72,1,0,0,0,121,0
4143393,2023-11-30,68,4,0,0,0,121,0
4143393,2023-12-01,68,0,0,0,0,121,0
4143393,2023-12-02,65,3,0,0,0,121,0
4143393,2023-12-03,62,3,0,0,0,121,0
4143393,2023-12-04,60,2,0,0,0,121,0
4143393,2023-12-05,56,4,0,0,0,121,0
4143393,2023-12-06,56,0,0,0,0,121,0
4143393,2023-12-07,54,2,0,0,0,121,0
4143393,2023-12-08,53,1,0,0,0,121,0
4143393,2023-12-09,52,1,0,0,0,121,0
4143393,2023-12-10,50,2,0,0,0,121,0
4143393,2023-12-11,48,2,0,0,0,121,0
4143393,2023-12-12,48,0,0,0,0,121,0
4143393,2023-12-13,48,0,0,0,0,121,0
4143393,2023-12-14,47,1,0,0,0,121,0
4143393,2023-12-15,46,1,0,0,0,121,0
4143393,2023-12-16,41,5,0,0,0,121,0
4143393,2023-12-17,36,5,0,0,0,121,0
4143393,2023-12-18,30,6,0,0,0,121,0
4143393,2023-12-19,26,4,0,0,0,121,0
4143393,2023-12-20,22,4,0,0,0,121,0
4143393,2023-12-21,17,5,0,0,0,121,0
4143393,2023-12-22,16,1,0,0,0,121,0
4143393,2023-12-23,14,2,0,0,0,121,0
4143393,2023-12-24,132,3,0,121,0,0,0
4143393,2023-12-25,130,2,0,0,0,0,0
4143393,2023-12-26,127,3,0,0,0,0,0
4143393,2023-12-27,124,3,0,0,0,0,0
4143393,2023-12-28,123,1,0,0,0,0,0
4143393,2023-12-29,123,0,0,0,0,0,0
4143393,2023-12-30,120,3,0,0,0,0,0
4143393,2023-12-31,119,1,0,0,0,0,0
4143393,2024-01-01,117,2,0,0,0,0,0
4143393,2024-01-02,116,1,0,0,0,0,0
4143393,2024-01-03,116,0,0,0,0,0,0
4143393,2024-01-04,115,1,0,0,0,0,0
4143393,2024-01-05,115,0,0,0,0,0,0
4143393,2024-01-06,114,1,0,0,0,0,0
4143393,2024-01-07,108,6,0,0,0,0,0
4143393,2024-01-08,108,0,0,0,0,0,0
4143393,2024-01-09,105,3,0,0,0,0,0
4143393,2024-01-10,99,6,0,0,0,0,0
4143393,2024-01-11,98,1,0,0,0,0,0
4143393,2024-01-12,96,2,0,0,0,0,0
4143393,2024-01-13,92,4,0,0,0,0,0
4143393,2024-01-14,89,3,0,0,0,0,0
4143393,2024-01-15,89,0,0,0,0,0,0
4143393,2024-01-16,87,2,0,0,0,0,0
4143393,2024-01-17,83,4,0,0,0,0,0
4143393,2024-01-18,75,8,0,0,127,127,0
4143393,2024-01-19,72,3,0,0,0,127,0
4143393,2024-01-20,72,0,0,0,0,127,0
4143393,2024-01-21,67,5,0,0,0,127,0
4143393,2024-01-22,66,1,0,0,0,127,0
4143393,2024-01-23,64,2,0,0,0,127,0
4143393,2024-01-24,61,3,0,0,0,127,0
4143393,2024-01-25,57,4,0,0,0,127,0
4143393,2024-01-26,55,2,0,0,0,127,0
4143393,2024-01-27,53,2,0,0,0,127,0
4143393,2024-01-28,51,2,0,0,0,127,0
4143393,2024-01-29,48,3,0,0,0,127,0
4143393,2024-01-30,46,2,0,0,0,127,0
4143393,2024-01-31,42,4,0,0,0,127,0
4143393,2024-02-01,40,2,0,0,0,127,0
4143393,2024-02-02,39,1,0,0,0,127,0
4143393,2024-02-03,36,3,0,0,0,127,0
4143393,2024-02-04,33,3,0,0,0,127,0
4143393,2024-02-05,29,4,0,0,0,127,0
4143393,2024-02-06,27,2,0,0,0,127,0
4143393,2024-02-07,26,1,0,0,0,127,0
4143393,2024-02-08,25,1,0,0,0,127,0
4143393,2024-02-09,21,4,0,0,0,127,0
4143393,2024-02-10,17,4,0,0,0,127,0
4143393,2024-02-11,13,4,0,0,0,127,0
4143393,2024-02-12,13,0,0,0,0,127,0
4143393,2024-02-13,7,6,0,0,0,127,0
4143393,2024-02-14,6,1,0,0,0,127,0
4143393,2024-02-15,3,3,0,0,0,127,0
4143393,2024-02-16,1,2,0,0,0,127,0
4143393,2024-02-17,126,2,0,127,0,0,0
4143393,2024-02-18,125,1,0,0,0,0,0
4143393,2024-02-19,124,1,0,0,0,0,0
4143393,2024-02-20,118,6,0,0,0,0,0
4143393,2024-02-21,115,3,0,0,0,0,0
4143393,2024-02-22,112,3,0,0,0,0,0
4143393,2024-02-23,107,5,0,0,0,0,0
4143393,2024-02-24,104,3,0,0,0,0,0
4143393,2024-02-25,101,3,0,0,0,0,0
4143393,2024-02-26,99,2,0,0,0,0,0
4143393,2024-02-27,97,2,0,0,0,0,0
4143393,2024-02-28,95,2,0,0,0,0,0
4143393,2024-02-29,91,4,0,0,0,0,0
4762867,2022-03-01,528,3,0,0,0,0,0
4762867,2022-03-02,525,3,0,0,0,0,0
4762867,2022-03-03,523,2,0,0,0,0,0
4762867,2022-03-04,519,4,0,0,0,0,0
4762867,2022-03-05,514,5,0,0,0,0,0
4762867,2022-03-06,512,2,0,0,0,0,0
4762867,2022-03-07,509,3,0,0,0,0,0
4762867,2022-03-08,507,2,0,0,0,0,0
4762867,2022-03-09,503,4,0,0,0,0,0
4762867,2022-03-10,499,4,0,0,0,0,0
4762867,2022-03-11,499,0,0,0,0,0,0
4762867,2022-03-12,498,1,0,0,0,0,0
4762867,2022-03-13,495,3,0,0,0,0,0
4762867,2022-03-14,495,0,0,0,0,0,0
4762867,2022-03-15,494,1,0,0,0,0,0
4762867,2022-03-16,487,7,0,0,0,0,0
4762867,2022-03-17,486,1,0,0,0,0,0
4762867,2022-03-18,485,1,0,0,0,0,0
4762867,2022-03-19,483,2,0,0,0,0,0
4762867,2022-03-20,481,2,0,0,0,0,0
4762867,2022-03-21,480,1,0,0,0,0,0
4762867,2022-03-22,480,0,0,0,0,0,0
4762867,2022-03-23,479,1,0,0,0,0,0
4762867,2022-03-24,476,3,0,0,0,0,0
4762867,2022-03-25,473,3,0,0,0,0,0
4762867,2022-03-26,472,1,0,0,0,0,0
4762867,2022-03-27,470,2,0,0,0,0,0
4762867,2022-03-28,465,5,0,0,0,0,0
4762867,2022-03-29,463,2,0,0,0,0,0
4762867,2022-03-30,461,2,0,0,0,0,0
4762867,2022-03-31,460,1,0,0,0,0,0
4762867,2022-04-01,457,3,0,0,0,0,0
4762867,2022-04-02,453,4,0,0,0,0,0
4762867,2022-04-03,450,3,0,0,0,0,0
4762867,2022-04-04,444,6,0,0,0,0,0
4762867,2022-04-05,437,7,0,0,0,0,0
4762867,2022-04-06,436,1,0,0,0,0,0
4762867,2022-04-07,434,2,0,0,0,0,0
4762867,2022-04-08,433,1,0,0,0,0,0
4762867,2022-04-09,422,11,0,0,0,0,0
4762867,2022-04-10,414,8,0,0,0,0,0
4762867,2022-04-11,412,2,0,0,0,0,0
4762867,2022-04-12,406,6,0,0,0,0,0
4762867,2022-04-13,402,4,0,0,0,0,0
4762867,2022-04-14,398,4,0,0,0,0,0
4762867,2022-04-15,394,4,0,0,0,0,0
4762867,2022-04-16,388,6,0,0,0,0,0
4762867,2022-04-17,382,6,0,0,0,0,0
4762867,2022-04-18,379,3,0,0,0,0,0
4762867,2022-04-19,375,4,0,0,0,0,0
4762867,2022-04-20,369,6,0,0,0,0,0
4762867,2022-04-21,367,2,0,0,0,0,0
4762867,2022-04-22,364,3,0,0,0,0,0
4762867,2022-04-23,360,4,0,0,0,0,0
4762867,2022-04-24,357,3,0,0,0,0,0
4762867,2022-04-25,354,3,0,0,0,0,0
4762867,2022-04-26,354,0,0,0,0,0,0
4762867,2022-04-27,351,3,0,0,0,0,0
4762867,2022-04-28,349,2,0,0,0,0,0
4762867,2022-04-29,347,2,0,0,0,0,0
4762867,2022-04-30,342,5,0,0,0,0,0
4762867,2022-05-01,334,8,0,0,0,0,0
4762867,2022-05-02,334,0,0,0,0,0,0
4762867,2022-05-03,333,1,0,0,0,0,0
4762867,2022-05-04,330,3,0,0,0,0,0
4762867,2022-05-05,329,1,0,0,0,0,0
4762867,2022-05-06,325,4,0,0,0,0,0
4762867,2022-05-07,319,6,0,0,0,0,0
4762867,2022-05-08,311,8,0,0,0,0,0
4762867,2022-05-09,310,1,0,0,0,0,0
4762867,2022-05-10,303,7,0,0,0,0,0
4762867,2022-05-11,298,5,0,0,0,0,0
4762867,2022-05-12,294,4,0,0,0,0,0
4762867,2022-05-13,292,2,0,0,0,0,0
4762867,2022-05-14,285,7,0,0,0,0,0
4762867,2022-05-15,279,6,0,0,0,0,0
4762867,2022-05-16,275,4,0,0,0,0,0
4762867,2022-05-17,272,3,0,0,0,0,0
4762867,2022-05-18,269,3,0,0,0,0,0
4762867,2022-05-19,268,1,0,0,0,0,0
4762867,2022-05-20,267,1,0,0,0,0,0
4762867,2022-05-21,264,3,0,0,0,0,0
4762867,2022-05-22,260,4,0,0,0,0,0
4762867,2022-05-23,256,4,0,0,0,0,0
4762867,2022-05-24,253,3,0,0,0,0,0
4762867,2022-05-25,251,2,0,0,0,0,0
4762867,2022-05-26,245,6,0,0,0,0,0
4762867,2022-05-27,242,3,0,0,0,0,0
4762867,2022-05-28,234,8,0,0,0,0,0
4762867,2022-05-29,228,6,0,0,0,0,0
4762867,2022-05-30,220,8,0,0,0,0,0
4762867,2022-05-31,215,5,0,0,0,0,0
4762867,2022-06-01,212,3,0,0,0,0,0
4762867,2022-06-02,208,4,0,0,0,0,0
4762867,2022-06-03,204,4,0,0,0,0,0
4762867,2022-06-04,199,5,0,0,0,0,0
4762867,2022-06-05,194,5,0,0,0,0,0
4762867,2022-06-06,193,1,0,0,0,0,0
4762867,2022-06-07,191,2,0,0,0,0,0
4762867,2022-06-08,188,3,0,0,0,0,0
4762867,2022-06-09,186,2,0,0,0,0,0
4762867,2022-06-10,182,4,0,0,0,0,0
4762867,2022-06-11,171,11,0,0,0,0,0
4762867,2022-06-12,163,8,0,0,0,0,0
4762867,2022-06-13,162,1,0,0,0,0,0
4762867,2022-06-14,158,4,0,0,0,0,0
4762867,2022-06-15,156,2,0,0,0,0,0
4762867,2022-06-16,156,0,0,0,0,0,0
4762867,2022-06-17,155,1,0,0,0,0,0
4762867,2022-06-18,154,1,0,0,0,0,0
4762867,2022-06-19,152,2,0,0,0,0,0
4762867,2022-06-20,150,2,0,0,0,0,0
4762867,2022-06-21,147,3,0,0,0,0,0
4762867,2022-06-22,140,7,0,0,0,0,0
4762867,2022-06-23,136,4,0,0,0,0,0
4762867,2022-06-24,135,1,0,0,0,0,0
4762867,2022-06-25,134,1,0,0,0,0,0
4762867,2022-06-26,131,3,0,0,0,0,0
4762867,2022-06-27,128,3,0,0,0,0,0
4762867,2022-06-28,124,4,0,0,0,0,0
4762867,2022-06-29,123,1,0,0,0,0,0
4762867,2022-06-30,122,1,0,0,0,0,0
4762867,2022-07-01,119,3,0,0,0,0,0
4762867,2022-07-02,113,6,0,0,0,0,0
4762867,2022-07-03,107,6,0,0,0,0,0
4762867,2022-07-04,106,1,0,0,0,0,0
4762867,2022-07-05,95,11,0,0,0,0,0
4762867,2022-07-06,92,3,0,0,0,0,0
4762867,2022-07-07,88,4,0,0,0,0,0
4762867,2022-07-08,85,3,0,0,0,0,0
4762867,2022-07-09,84,1,0,0,0,0,0
4762867,2022-07-10,78,6,0,0,1026,1026,0
4762867,2022-07-11,76,2,0,0,0,1026,0
4762867,2022-07-12,67,9,0,0,0,1026,0
4762867,2022-07-13,61,6,0,0,0,1026,0
4762867,2022-07-14,58,3,0,0,0,1026,0
4762867,2022-07-15,56,2,0,0,0,1026,0
4762867,2022-07-16,50,6,0,0,0,1026,0
4762867,2022-07-17,44,6,0,0,0,1026,0
4762867,2022-07-18,42,2,0,0,0,1026,0
4762867,2022-07-19,38,4,0,0,0,1026,0
4762867,2022-07-20,36,2,0,0,0,1026,0
4762867,2022-07-21,34,2,0,0,0,1026,0
4762867,2022-07-22,33,1,0,0,0,1026,0
4762867,2022-07-23,31,2,0,0,0,1026,0
4762867,2022-07-24,28,3,0,0,0,1026,0
4762867,2022-07-25,26,2,0,0,0,1026,0
4762867,2022-07-26,24,2,0,0,0,1026,0
4762867,2022-07-27,23,1,0,0,0,1026,0
4762867,2022-07-28,20,3,0,0,0,1026,0
4762867,2022-07-29,14,6,0,0,0,1026,0
4762867,2022-07-30,11,3,0,0,0,1026,0
4762867,2022-07-31,1034,3,0,1026,0,0,0
4762867,2022-08-01,1032,2,0,0,0,0,0
4762867,2022-08-02,1028,4,0,0,0,0,0
4762867,2022-08-03,1026,2,0,0,0,0,0
4762867,2022-08-04,1022,4,0,0,0,0,0
4762867,2022-08-05,1020,2,0,0,0,0,0
4762867,2022-08-06,1018,2,0,0,0,0,0
4762867,2022-08-07,1017,1,0,0,0,0,0
4762867,2022-08-08,1011,6,0,0,0,0,0
4762867,2022-08-09,1009,2,0,0,0,0,0
4762867,2022-08-10,1007,2,0,0,0,0,0
4762867,2022-08-11,1004,3,0,0,0,0,0
4762867,2022-08-12,1001,3,0,0,0,0,0
4762867,2022-08-13,997,4,0,0,0,0,0
4762867,2022-08-14,996,1,0,0,0,0,0
4762867,2022-08-15,996,0,0,0,0,0,0
4762867,2022-08-16,994,2,0,0,0,0,0
4762867,2022-08-17,991,3,0,0,0,0,0
4762867,2022-08-18,990,1,0,0,0,0,0
4762867,2022-08-19,987,3,0,0,0,0,0
4762867,2022-08-20,983,4,0,0,0,0,0
4762867,2022-08-21,980,3,0,0,0,0,0
4762867,2022-08-22,977,3,0,0,0,0,0
4762867,2022-08-23,974,3,0,0,0,0,0
4762867,2022-08-24,972,2,0,0,0,0,0
4762867,2022-08-25,969,3,0,0,0,0,0
4762867,2022-08-26,964,5,0,0,0,0,0
4762867,2022-08-27,958,6,0,0,0,0,0
4762867,2022-08-28,956,2,0,0,0,0,0
4762867,2022-08-29,951,5,0,0,0,0,0
4762867,2022-08-30,944,7,0,0,0,0,0
4762867,2022-08-31,940,4,0,0,0,0,0
4762867,2022-09-01,935,5,0,0,0,0,0
4762867,2022-09-02,931,4,0,0,0,0,0
4762867,2022-09-03,928,3,0,0,0,0,0
4762867,2022-09-04,922,6,0,0,0,0,0
4762867,2022-09-05,919,3,0,0,0,0,0
4762867,2022-09-06,916,3,0,0,0,0,0
4762867,2022-09-07,911,5,0,0,0,0,0
4762867,2022-09-08,908,3,0,0,0,0,0
4762867,2022-09-09,906,2,0,0,0,0,0
4762867,2022-09-10,903,3,0,0,0,0,0
4762867,2022-09-11,898,5,0,0,0,0,0
4762867,2022-09-12,895,3,0,0,0,0,0
4762867,2022-09-13,891,4,0,0,0,0,0
4762867,2022-09-14,887,4,0,0,0,0,0
4762867,2022-09-15,883,4,0,0,0,0,0
4762867,2022-09-16,881,2,0,0,0,0,0
4762867,2022-09-17,874,7,0,0,0,0,0
4762867,2022-09-18,867,7,0,0,0,0,0
4762867,2022-09-19,863,4,0,0,0,0,0
4762867,2022-09-20,861,2,0,0,0,0,0
4762867,2022-09-21,859,2,0,0,0,0,0
4762867,2022-09-22,853,6,0,0,0,0,0
4762867,2022-09-23,847,6,0,0,0,0,0
4762867,2022-09-24,844,3,0,0,0,0,0
4762867,2022-09-25,840,4,0,0,0,0,0
4762867,2022-09-26,839,1,0,0,0,0,0
4762867,2022-09-27,834,5,0,0,0,0,0
4762867,2022-09-28,829,5,0,0,0,0,0
4762867,2022-09-29,829,0,0,0,0,0,0
4762867,2022-09-30,824,5,0,0,0,0,0
4762867,2022-10-01,818,6,0,0,0,0,0
4762867,2022-10-02,817,1,0,0,0,0,0
4762867,2022-10-03,815,2,0,0,0,0,0
4762867,2022-10-04,815,0,0,0,0,0,0
4762867,2022-10-05,812,3,0,0,0,0,0
4762867,2022-10-06,808,4,0,0,0,0,0
4762867,2022-10-07,805,3,0,0,0,0,0
4762867,2022-10-08,803,2,0,0,0,0,0
4762867,2022-10-09,801,2,0,0,0,0,0
4762867,2022-10-10,797,4,0,0,0,0,0
4762867,2022-10-11,794,3,0,0,0,0,0
4762867,2022-10-12,791,3,0,0,0,0,0
4762867,2022-10-13,787,4,0,0,0,0,0
4762867,2022-10-14,783,4,0,0,0,0,0
4762867,2022-10-15,781,2,0,0,0,0,0
4762867,2022-10-16,780,1,0,0,0,0,0
4762867,2022-10-17,777,3,0,0,0,0,0
4762867,2022-10-18,776,1,0,0,0,0,0
4762867,2022-10-19,770,6,0,0,0,0,0
4762867,2022-10-20,768,2,0,0,0,0,0
4762867,2022-10-21,761,7,0,0,0,0,0
4762867,2022-10-22,757,4,0,0,0,0,0
4762867,2022-10-23,751,6,0,0,0,0,0
4762867,2022-10-24,746,5,0,0,0,0,0
4762867,2022-10-25,741,5,0,0,0,0,0
4762867,2022-10-26,738,3,0,0,0,0,0
4762867,2022-10-27,735,3,0,0,0,0,0
4762867,2022-10-28,733,2,0,0,0,0,0
4762867,2022-10-29,728,5,0,0,0,0,0
4762867,2022-10-30,723,5,0,0,0,0,0
4762867,2022-10-31,721,2,0,0,0,0,0
4762867,2022-11-01,717,4,0,0,0,0,0
4762867,2022-11-02,716,1,0,0,0,0,0
4762867,2022-11-03,714,2,0,0,0,0,0
4762867,2022-11-04,711,3,0,0,0,0,0
4762867,2022-11-05,707,4,0,0,0,0,0
4762867,2022-11-06,705,2,0,0,0,0,0
4762867,2022-11-07,705,0,0,0,0,0,0
4762867,2022-11-08,704,1,0,0,0,0,0
4762867,2022-11-09,700,4,0,0,0,0,0
4762867,2022-11-10,699,1,0,0,0,0,0
4762867,2022-11-11,694,5,0,0,0,0,0
4762867,2022-11-12,689,5,0,0,0,0,0
4762867,2022-11-13,687,2,0,0,0,0,0
4762867,2022-11-14,684,3,0,0,0,0,0
4762867,2022-11-15,679,5,0,0,0,0,0
4762867,2022-11-16,677,2,0,0,0,0,0
4762867,2022-11-17,673,4,0,0,0,0,0
4762867,2022-11-18,668,5,0,0,0,0,0
4762867,2022-11-19,664,4,0,0,0,0,0
4762867,2022-11-20,663,1,0,0,0,0,0
4762867,2022-11-21,658,5,0,0,0,0,0
4762867,2022-11-22,657,1,0,0,0,0,0
4762867,2022-11-23,653,4,0,0,0,0,0
4762867,2022-11-24,643,10,0,0,0,0,0
4762867,2022-11-25,634,9,0,0,0,0,0
4762867,2022-11-26,620,14,0,0,0,0,0
4762867,2022-11-27,607,13,0,0,0,0,0
4762867,2022-11-28,605,2,0,0,0,0,0
4762867,2022-11-29,603,2,0,0,0,0,0
4762867,2022-11-30,602,1,0,0,0,0,0
4762867,2022-12-01,601,1,0,0,0,0,0
4762867,2022-12-02,598,3,0,0,0,0,0
4762867,2022-12-03,597,1,0,0,0,0,0
4762867,2022-12-04,595,2,0,0,0,0,0
4762867,2022-12-05,595,0,0,0,0,0,0
4762867,2022-12-06,590,5,0,0,0,0,0
4762867,2022-12-07,587,3,0,0,0,0,0
4762867,2022-12-08,584,3,0,0,0,0,0
4762867,2022-12-09,580,4,0,0,0,0,0
4762867,2022-12-10,576,4,0,0,0,0,0
4762867,2022-12-11,572,4,0,0,0,0,0
4762867,2022-12-12,570,2,0,0,0,0,0
4762867,2022-12-13,568,2,0,0,0,0,0
4762867,2022-12-14,567,1,0,0,0,0,0
4762867,2022-12-15,566,1,0,0,0,0,0
4762867,2022-12-16,560,6,0,0,0,0,0
4762867,2022-12-17,553,7,0,0,0,0,0
4762867,2022-12-18,544,9,0,0,0,0,0
4762867,2022-12-19,540,4,0,0,0,0,0
4762867,2022-12-20,530,10,0,0,0,0,0
4762867,2022-12-21,522,8,0,0,0,0,0
4762867,2022-12-22,516,6,0,0,0,0,0
4762867,2022-12-23,511,5,0,0,0,0,0
4762867,2022-12-24,508,3,0,0,0,0,0
4762867,2022-12-25,504,4,0,0,0,0,0
4762867,2022-12-26,500,4,0,0,0,0,0
4762867,2022-12-27,496,4,0,0,0,0,0
4762867,2022-12-28,496,0,0,0,0,0,0
4762867,2022-12-29,495,1,0,0,0,0,0
4762867,2022-12-30,494,1,0,0,0,0,0
4762867,2022-12-31,490,4,0,0,0,0,0
4762867,2023-01-01,487,3,0,0,0,0,0
4762867,2023-01-02,485,2,0,0,0,0,0
4762867,2023-01-03,479,6,0,0,0,0,0
4762867,2023-01-04,477,2,0,0,0,0,0
4762867,2023-01-05,475,2,0,0,0,0,0
4762867,2023-01-06,473,2,0,0,0,0,0
4762867,2023-01-07,470,3,0,0,0,0,0
4762867,2023-01-08,463,7,0,0,0,0,0
4762867,2023-01-09,458,5,0,0,0,0,0
4762867,2023-01-10,454,4,0,0,0,0,0
4762867,2023-01-11,449,5,0,0,0,0,0
4762867,2023-01-12,442,7,0,0,0,0,0
4762867,2023-01-13,438,4,0,0,0,0,0
4762867,2023-01-14,434,4,0,0,0,0,0
4762867,2023-01-15,428,6,0,0,0,0,0
4762867,2023-01-16,426,2,0,0,0,0,0
4762867,2023-01-17,422,4,0,0,0,0,0
4762867,2023-01-18,419,3,0,0,0,0,0
4762867,2023-01-19,414,5,0,0,0,0,0
4762867,2023-01-20,411,3,0,0,0,0,0
4762867,2023-01-21,404,7,0,0,0,0,0
4762867,2023-01-22,400,4,0,0,0,0,0
4762867,2023-01-23,394,6,0,0,0,0,0
4762867,2023-01-24,390,4,0,0,0,0,0
4762867,2023-01-25,387,3,0,0,0,0,0
4762867,2023-01-26,384,3,0,0,0,0,0
4762867,2023-01-27,383,1,0,0,0,0,0
4762867,2023-01-28,381,2,0,0,0,0,0
4762867,2023-01-29,377,4,0,0,0,0,0
4762867,2023-01-30,371,6,0,0,0,0,0
4762867,2023-01-31,362,9,0,0,0,0,0
4762867,2023-02-01,355,7,0,0,0,0,0
4762867,2023-02-02,351,4,0,0,0,0,0
4762867,2023-02-03,346,5,0,0,0,0,0
4762867,2023-02-04,345,1,0,0,0,0,0
4762867,2023-02-05,337,8,0,0,0,0,0
4762867,2023-02-06,332,5,0,0,0,0,0
4762867,2023-02-07,330,2,0,0,0,0,0
4762867,2023-02-08,329,1,0,0,0,0,0
4762867,2023-02-09,326,3,0,0,0,0,0
4762867,2023-02-10,321,5,0,0,0,0,0
4762867,2023-02-11,318,3,0,0,0,0,0
4762867,2023-02-12,314,4,0,0,0,0,0
4762867,2023-02-13,312,2,0,0,0,0,0
4762867,2023-02-14,309,3,0,0,0,0,0
4762867,2023-02-15,309,0,0,0,0,0,0
4762867,2023-02-16,303,6,0,0,0,0,0
4762867,2023-02-17,300,3,0,0,0,0,0
4762867,2023-02-18,293,7,0,0,0,0,0
4762867,2023-02-19,292,1,0,0,0,0,0
4762867,2023-02-20,289,3,0,0,0,0,0
4762867,2023-02-21,283,6,0,0,0,0,0
4762867,2023-02-22,278,5,0,0,0,0,0
4762867,2023-02-23,276,2,0,0,0,0,0
4762867,2023-02-24,271,5,0,0,0,0,0
4762867,2023-02-25,266,5,0,0,0,0,0
4762867,2023-02-26,263,3,0,0,0,0,0
4762867,2023-02-27,256,7,0,0,0,0,0
4762867,2023-02-28,253,3,0,0,0,0,0
4762867,2023-03-01,247,6,0,0,0,0,0
4762867,2023-03-02,245,2,0,0,0,0,0
4762867,2023-03-03,243,2,0,0,0,0,0
4762867,2023-03-04,239,4,0,0,0,0,0
4762867,2023-03-05,234,5,0,0,0,0,0
4762867,2023-03-06,232,2,0,0,0,0,0
4762867,2023-03-07,227,5,0,0,0,0,0
4762867,2023-03-08,222,5,0,0,0,0,0
4762867,2023-03-09,217,5,0,0,0,0,0
4762867,2023-03-10,214,3,0,0,0,0,0
4762867,2023-03-11,210,4,0,0,0,0,0
4762867,2023-03-12,207,3,0,0,0,0,0
4762867,2023-03-13,204,3,0,0,0,0,0
4762867,2023-03-14,201,3,0,0,0,0,0
4762867,2023-03-15,197,4,0,0,0,0,0
4762867,2023-03-16,193,4,0,0,0,0,0
4762867,2023-03-17,191,2,0,0,0,0,0
4762867,2023-03-18,178,13,0,0,0,0,0
4762867,2023-03-19,172,6,0,0,0,0,0
4762867,2023-03-20,166,6,0,0,0,0,0
4762867,2023-03-21,159,7,0,0,0,0,0
4762867,2023-03-22,158,1,0,0,0,0,0
4762867,2023-03-23,154,4,0,0,0,0,0
4762867,2023-03-24,150,4,0,0,0,0,0
4762867,2023-03-25,147,3,0,0,0,0,0
4762867,2023-03-26,142,5,0,0,0,0,0
4762867,2023-03-27,141,1,0,0,0,0,0
4762867,2023-03-28,136,5,0,0,0,0,0
4762867,2023-03-29,134,2,0,0,0,0,0
4762867,2023-03-30,130,4,0,0,0,0,0
4762867,2023-03-31,126,4,0,0,0,0,0
4762867,2023-04-01,117,9,0,0,0,0,0
4762867,2023-04-02,110,7,0,0,0,0,0
4762867,2023-04-03,107,3,0,0,0,0,0
4762867,2023-04-04,105,2,0,0,0,0,0
4762867,2023-04-05,102,3,0,0,0,0,0
4762867,2023-04-06,98,4,0,0,0,0,0
4762867,2023-04-07,95,3,0,0,0,0,0
4762867,2023-04-08,89,6,0,0,1151,1151,0
4762867,2023-04-09,83,6,0,0,0,1151,0
4762867,2023-04-10,77,6,0,0,0,1151,0
4762867,2023-04-11,72,5,0,0,0,1151,0
4762867,2023-04-12,67,5,0,0,0,1151,0
4762867,2023-04-13,65,2,0,0,0,1151,0
4762867,2023-04-14,59,6,0,0,0,1151,0
4762867,2023-04-15,53,6,0,0,0,1151,0
4762867,2023-04-16,50,3,0,0,0,1151,0
4762867,2023-04-17,46,4,0,0,0,1151,0
4762867,2023-04-18,43,3,0,0,0,1151,0
4762867,2023-04-19,39,4,0,0,0,1151,0
4762867,2023-04-20,37,2,0,0,0,1151,0
4762867,2023-04-21,31,6,0,0,0,1151,0
4762867,2023-04-22,26,5,0,0,0,1151,0
4762867,2023-04-23,21,5,0,0,0,1151,0
4762867,2023-04-24,14,7,0,0,0,1151,0
4762867,2023-04-25,10,4,0,0,0,1151,0
4762867,2023-04-26,6,4,0,0,0,1151,0
4762867,2023-04-27,0,10,4,0,0,1151,1
4762867,2023-04-28,0,6,6,0,0,1151,1
4762867,2023-04-29,1148,3,0,1151,0,0,0
4762867,2023-04-30,1139,9,0,0,0,0,0
4762867,2023-05-01,1135,4,0,0,0,0,0
4762867,2023-05-02,1134,1,0,0,0,0,0
4762867,2023-05-03,1131,3,0,0,0,0,0
4762867,2023-05-04,1127,4,0,0,0,0,0
4762867,2023-05-05,1124,3,0,0,0,0,0
4762867,2023-05-06,1117,7,0,0,0,0,0
4762867,2023-05-07,1109,8,0,0,0,0,0
4762867,2023-05-08,1108,1,0,0,0,0,0
4762867,2023-05-09,1106,2,0,0,0,0,0
4762867,2023-05-10,1104,2,0,0,0,0,0
4762867,2023-05-11,1099,5,0,0,0,0,0
4762867,2023-05-12,1092,7,0,0,0,0,0
4762867,2023-05-13,1081,11,0,0,0,0,0
4762867,2023-05-14,1074,7,0,0,0,0,0
4762867,2023-05-15,1074,0,0,0,0,0,0
4762867,2023-05-16,1070,4,0,0,0,0,0
4762867,2023-05-17,1063,7,0,0,0,0,0
4762867,2023-05-18,1061,2,0,0,0,0,0
4762867,2023-05-19,1056,5,0,0,0,0,0
4762867,2023-05-20,1049,7,0,0,0,0,0
4762867,2023-05-21,1044,5,0,0,0,0,0
4762867,2023-05-22,1039,5,0,0,0,0,0
4762867,2023-05-23,1038,1,0,0,0,0,0
4762867,2023-05-24,1037,1,0,0,0,0,0
4762867,2023-05-25,1033,4,0,0,0,0,0
4762867,2023-05-26,1029,4,0,0,0,0,0
4762867,2023-05-27,1025,4,0,0,0,0,0
4762867,2023-05-28,1022,3,0,0,0,0,0
4762867,2023-05-29,1020,2,0,0,0,0,0
4762867,2023-05-30,1016,4,0,0,0,0,0
4762867,2023-05-31,1012,4,0,0,0,0,0
4762867,2023-06-01,1006,6,0,0,0,0,0
4762867,2023-06-02,1003,3,0,0,0,0,0
4762867,2023-06-03,997,6,0,0,0,0,0
4762867,2023-06-04,989,8,0,0,0,0,0
4762867,2023-06-05,981,8,0,0,0,0,0
4762867,2023-06-06,976,5,0,0,0,0,0
4762867,2023-06-07,971,5,0,0,0,0,0
4762867,2023-06-08,967,4,0,0,0,0,0
4762867,2023-06-09,960,7,0,0,0,0,0
4762867,2023-06-10,959,1,0,0,0,0,0
4762867,2023-06-11,955,4,0,0,0,0,0
4762867,2023-06-12,954,1,0,0,0,0,0
4762867,2023-06-13,953,1,0,0,0,0,0
4762867,2023-06-14,947,6,0,0,0,0,0
4762867,2023-06-15,942,5,0,0,0,0,0
4762867,2023-06-16,942,0,0,0,0,0,0
4762867,2023-06-17,932,10,0,0,0,0,0
4762867,2023-06-18,925,7,0,0,0,0,0
4762867,2023-06-19,920,5,0,0,0,0,0
4762867,2023-06-20,912,8,0,0,0,0,0
4762867,2023-06-21,909,3,0,0,0,0,0
4762867,2023-06-22,906,3,0,0,0,0,0
4762867,2023-06-23,904,2,0,0,0,0,0
4762867,2023-06-24,901,3,0,0,0,0,0
4762867,2023-06-25,895,6,0,0,0,0,0
4762867,2023-06-26,891,4,0,0,0,0,0
4762867,2023-06-27,885,6,0,0,0,0,0
4762867,2023-06-28,883,2,0,0,0,0,0
4762867,2023-06-29,879,4,0,0,0,0,0
4762867,2023-06-30,874,5,0,0,0,0,0
4762867,2023-07-01,870,4,0,0,0,0,0
4762867,2023-07-02,867,3,0,0,0,0,0
4762867,2023-07-03,858,9,0,0,0,0,0
4762867,2023-07-04,855,3,0,0,0,0,0
4762867,2023-07-05,848,7,0,0,0,0,0
4762867,2023-07-06,845,3,0,0,0,0,0
4762867,2023-07-07,841,4,0,0,0,0,0
4762867,2023-07-08,833,8,0,0,0,0,0
4762867,2023-07-09,829,4,0,0,0,0,0
4762867,2023-07-10,822,7,0,0,0,0,0
4762867,2023-07-11,818,4,0,0,0,0,0
4762867,2023-07-12,810,8,0,0,0,0,0
4762867,2023-07-13,808,2,0,0,0,0,0
4762867,2023-07-14,802,6,0,0,0,0,0
4762867,2023-07-15,798,4,0,0,0,0,0
4762867,2023-07-16,791,7,0,0,0,0,0
4762867,2023-07-17,787,4,0,0,0,0,0
4762867,2023-07-18,787,0,0,0,0,0,0
4762867,2023-07-19,785,2,0,0,0,0,0
4762867,2023-07-20,782,3,0,0,0,0,0
4762867,2023-07-21,782,0,0,0,0,0,0
4762867,2023-07-22,776,6,0,0,0,0,0
4762867,2023-07-23,776,0,0,0,0,0,0
4762867,2023-07-24,771,5,0,0,0,0,0
4762867,2023-07-25,768,3,0,0,0,0,0
4762867,2023-07-26,766,2,0,0,0,0,0
4762867,2023-07-27,761,5,0,0,0,0,0
4762867,2023-07-28,758,3,0,0,0,0,0
4762867,2023-07-29,754,4,0,0,0,0,0
4762867,2023-07-30,751,3,0,0,0,0,0
4762867,2023-07-31,749,2,0,0,0,0,0
4762867,2023-08-01,745,4,0,0,0,0,0
4762867,2023-08-02,742,3,0,0,0,0,0
4762867,2023-08-03,737,5,0,0,0,0,0
4762867,2023-08-04,733,4,0,0,0,0,0
4762867,2023-08-05,730,3,0,0,0,0,0
4762867,2023-08-06,721,9,0,0,0,0,0
4762867,2023-08-07,719,2,0,0,0,0,0
4762867,2023-08-08,718,1,0,0,0,0,0
4762867,2023-08-09,715,3,0,0,0,0,0
4762867,2023-08-10,709,6,0,0,0,0,0
4762867,2023-08-11,706,3,0,0,0,0,0
4762867,2023-08-12,703,3,0,0,0,0,0
4762867,2023-08-13,700,3,0,0,0,0,0
4762867,2023-08-14,697,3,0,0,0,0,0
4762867,2023-08-15,696,1,0,0,0,0,0
4762867,2023-08-16,690,6,0,0,0,0,0
4762867,2023-08-17,681,9,0,0,0,0,0
4762867,2023-08-18,674,7,0,0,0,0,0
4762867,2023-08-19,670,4,0,0,0,0,0
4762867,2023-08-20,668,2,0,0,0,0,0
4762867,2023-08-21,661,7,0,0,0,0,0
4762867,2023-08-22,658,3,0,0,0,0,0
4762867,2023-08-23,651,7,0,0,0,0,0
4762867,2023-08-24,650,1,0,0,0,0,0
4762867,2023-08-25,645,5,0,0,0,0,0
4762867,2023-08-26,638,7,0,0,0,0,0
4762867,2023-08-27,634,4,0,0,0,0,0
4762867,2023-08-28,628,6,0,0,0,0,0
4762867,2023-08-29,625,3,0,0,0,0,0
4762867,2023-08-30,617,8,0,0,0,0,0
4762867,2023-08-31,613,4,0,0,0,0,0
4762867,2023-09-01,609,4,0,0,0,0,0
4762867,2023-09-02,604,5,0,0,0,0,0
4762867,2023-09-03,599,5,0,0,0,0,0
4762867,2023-09-04,596,3,0,0,0,0,0
4762867,2023-09-05,590,6,0,0,0,0,0
4762867,2023-09-06,587,3,0,0,0,0,0
4762867,2023-09-07,583,4,0,0,0,0,0
4762867,2023-09-08,580,3,0,0,0,0,0
4762867,2023-09-09,574,6,0,0,0,0,0
4762867,2023-09-10,565,9,0,0,0,0,0
4762867,2023-09-11,557,8,0,0,0,0,0
4762867,2023-09-12,555,2,0,0,0,0,0
4762867,2023-09-13,551,4,0,0,0,0,0
4762867,2023-09-14,545,6,0,0,0,0,0
4762867,2023-09-15,542,3,0,0,0,0,0
4762867,2023-09-16,537,5,0,0,0,0,0
4762867,2023-09-17,534,3,0,0,0,0,0
4762867,2023-09-18,526,8,0,0,0,0,0
4762867,2023-09-19,521,5,0,0,0,0,0
4762867,2023-09-20,516,5,0,0,0,0,0
4762867,2023-09-21,512,4,0,0,0,0,0
4762867,2023-09-22,510,2,0,0,0,0,0
4762867,2023-09-23,503,7,0,0,0,0,0
4762867,2023-09-24,497,6,0,0,0,0,0
4762867,2023-09-25,489,8,0,0,0,0,0
4762867,2023-09-26,483,6,0,0,0,0,0
4762867,2023-09-27,478,5,0,0,0,0,0
4762867,2023-09-28,472,6,0,0,0,0,0
4762867,2023-09-29,464,8,0,0,0,0,0
4762867,2023-09-30,457,7,0,0,0,0,0
4762867,2023-10-01,448,9,0,0,0,0,0
4762867,2023-10-02,444,4,0,0,0,0,0
4762867,2023-10-03,442,2,0,0,0,0,0
4762867,2023-10-04,437,5,0,0,0,0,0
4762867,2023-10-05,433,4,0,0,0,0,0
4762867,2023-10-06,431,2,0,0,0,0,0
4762867,2023-10-07,427,4,0,0,0,0,0
4762867,2023-10-08,423,4,0,0,0,0,0
4762867,2023-10-09,417,6,0,0,0,0,0
4762867,2023-10-10,409,8,0,0,0,0,0
4762867,2023-10-11,400,9,0,0,0,0,0
4762867,2023-10-12,396,4,0,0,0,0,0
4762867,2023-10-13,394,2,0,0,0,0,0
4762867,2023-10-14,387,7,0,0,0,0,0
4762867,2023-10-15,384,3,0,0,0,0,0
4762867,2023-10-16,380,4,0,0,0,0,0
4762867,2023-10-17,376,4,0,0,0,0,0
4762867,2023-10-18,375,1,0,0,0,0,0
4762867,2023-10-19,371,4,0,0,0,0,0
4762867,2023-10-20,365,6,0,0,0,0,0
4762867,2023-10-21,358,7,0,0,0,0,0
4762867,2023-10-22,352,6,0,0,0,0,0
4762867,2023-10-23,347,5,0,0,0,0,0
4762867,2023-10-24,342,5,0,0,0,0,0
4762867,2023-10-25,340,2,0,0,0,0,0
4762867,2023-10-26,333,7,0,0,0,0,0
4762867,2023-10-27,329,4,0,0,0,0,0
4762867,2023-10-28,326,3,0,0,0,0,0
4762867,2023-10-29,316,10,0,0,0,0,0
4762867,2023-10-30,315,1,0,0,0,0,0
4762867,2023-10-31,312,3,0,0,0,0,0
4762867,2023-11-01,305,7,0,0,0,0,0
4762867,2023-11-02,298,7,0,0,0,0,0
4762867,2023-11-03,294,4,0,0,0,0,0
4762867,2023-11-04,289,5,0,0,0,0,0
4762867,2023-11-05,285,4,0,0,0,0,0
4762867,2023-11-06,278,7,0,0,0,0,0
4762867,2023-11-07,277,1,0,0,0,0,0
4762867,2023-11-08,274,3,0,0,0,0,0
4762867,2023-11-09,270,4,0,0,0,0,0
4762867,2023-11-10,267,3,0,0,0,0,0
4762867,2023-11-11,261,6,0,0,0,0,0
4762867,2023-11-12,256,5,0,0,0,0,0
4762867,2023-11-13,252,4,0,0,0,0,0
4762867,2023-11-14,251,1,0,0,0,0,0
4762867,2023-11-15,248,3,0,0,0,0,0
4762867,2023-11-16,246,2,0,0,0,0,0
4762867,2023-11-17,243,3,0,0,0,0,0
4762867,2023-11-18,239,4,0,0,0,0,0
4762867,2023-11-19,234,5,0,0,0,0,0
4762867,2023-11-20,230,4,0,0,0,0,0
4762867,2023-11-21,227,3,0,0,0,0,0
4762867,2023-11-22,225,2,0,0,0,0,0
4762867,2023-11-23,214,11,0,0,0,0,0
4762867,2023-11-24,191,23,0,0,0,0,0
4762867,2023-11-25,167,24,0,0,0,0,0
4762867,2023-11-26,141,26,0,0,0,0,0
4762867,2023-11-27,133,8,0,0,0,0,0
4762867,2023-11-28,126,7,0,0,0,0,0
4762867,2023-11-29,123,3,0,0,1609,1609,0
4762867,2023-11-30,118,5,0,0,0,1609,0
4762867,2023-12-01,115,3,0,0,0,1609,0
4762867,2023-12-02,111,4,0,0,0,1609,0
4762867,2023-12-03,108,3,0,0,0,1609,0
4762867,2023-12-04,105,3,0,0,0,1609,0
4762867,2023-12-05,100,5,0,0,0,1609,0
4762867,2023-12-06,95,5,0,0,0,1609,0
4762867,2023-12-07,92,3,0,0,0,1609,0
4762867,2023-12-08,88,4,0,0,0,1609,0
4762867,2023-12-09,78,10,0,0,0,1609,0
4762867,2023-12-10,76,2,0,0,0,1609,0
4762867,2023-12-11,71,5,0,0,0,1609,0
4762867,2023-12-12,67,4,0,0,0,1609,0
4762867,2023-12-13,63,4,0,0,0,1609,0
4762867,2023-12-14,56,7,0,0,0,1609,0
4762867,2023-12-15,51,5,0,0,0,1609,0
4762867,2023-12-16,50,1,0,0,0,1609,0
4762867,2023-12-17,43,7,0,0,0,1609,0
4762867,2023-12-18,34,9,0,0,0,1609,0
4762867,2023-12-19,30,4,0,0,0,1609,0
4762867,2023-12-20,1629,10,0,1609,0,0,0
4762867,2023-12-21,1624,5,0,0,0,0,0
4762867,2023-12-22,1622,2,0,0,0,0,0
4762867,2023-12-23,1613,9,0,0,0,0,0
4762867,2023-12-24,1607,6,0,0,0,0,0
4762867,2023-12-25,1606,1,0,0,0,0,0
4762867,2023-12-26,1601,5,0,0,0,0,0
4762867,2023-12-27,1596,5,0,0,0,0,0
4762867,2023-12-28,1588,8,0,0,0,0,0
4762867,2023-12-29,1583,5,0,0,0,0,0
4762867,2023-12-30,1578,5,0,0,0,0,0
4762867,2023-12-31,1571,7,0,0,0,0,0
4762867,2024-01-01,1568,3,0,0,0,0,0
4762867,2024-01-02,1566,2,0,0,0,0,0
4762867,2024-01-03,1559,7,0,0,0,0,0
4762867,2024-01-04,1558,1,0,0,0,0,0
4762867,2024-01-05,1557,1,0,0,0,0,0
4762867,2024-01-06,1553,4,0,0,0,0,0
4762867,2024-01-07,1551,2,0,0,0,0,0
4762867,2024-01-08,1550,1,0,0,0,0,0
4762867,2024-01-09,1545,5,0,0,0,0,0
4762867,2024-01-10,1542,3,0,0,0,0,0
4762867,2024-01-11,1540,2,0,0,0,0,0
4762867,2024-01-12,1536,4,0,0,0,0,0
4762867,2024-01-13,1531,5,0,0,0,0,0
4762867,2024-01-14,1527,4,0,0,0,0,0
4762867,2024-01-15,1519,8,0,0,0,0,0
4762867,2024-01-16,1513,6,0,0,0,0,0
4762867,2024-01-17,1512,1,0,0,0,0,0
4762867,2024-01-18,1507,5,0,0,0,0,0
4762867,2024-01-19,1501,6,0,0,0,0,0
4762867,2024-01-20,1491,10,0,0,0,0,0
4762867,2024-01-21,1486,5,0,0,0,0,0
4762867,2024-01-22,1479,7,0,0,0,0,0
4762867,2024-01-23,1475,4,0,0,0,0,0
4762867,2024-01-24,1471,4,0,0,0,0,0
4762867,2024-01-25,1467,4,0,0,0,0,0
4762867,2024-01-26,1462,5,0,0,0,0,0
4762867,2024-01-27,1460,2,0,0,0,0,0
4762867,2024-01-28,1456,4,0,0,0,0,0
4762867,2024-01-29,1452,4,0,0,0,0,0
4762867,2024-01-30,1445,7,0,0,0,0,0
4762867,2024-01-31,1430,15,0,0,0,0,0
4762867,2024-02-01,1424,6,0,0,0,0,0
4762867,2024-02-02,1420,4,0,0,0,0,0
4762867,2024-02-03,1418,2,0,0,0,0,0
4762867,2024-02-04,1413,5,0,0,0,0,0
4762867,2024-02-05,1408,5,0,0,0,0,0
4762867,2024-02-06,1404,4,0,0,0,0,0
4762867,2024-02-07,1401,3,0,0,0,0,0
4762867,2024-02-08,1394,7,0,0,0,0,0
4762867,2024-02-09,1392,2,0,0,0,0,0
4762867,2024-02-10,1384,8,0,0,0,0,0
4762867,2024-02-11,1371,13,0,0,0,0,0
4762867,2024-02-12,1368,3,0,0,0,0,0
4762867,2024-02-13,1358,10,0,0,0,0,0
4762867,2024-02-14,1356,2,0,0,0,0,0
4762867,2024-02-15,1356,0,0,0,0,0,0
4762867,2024-02-16,1352,4,0,0,0,0,0
4762867,2024-02-17,1345,7,0,0,0,0,0
4762867,2024-02-18,1342,3,0,0,0,0,0
4762867,2024-02-19,1334,8,0,0,0,0,0
4762867,2024-02-20,1330,4,0,0,0,0,0
4762867,2024-02-21,1327,3,0,0,0,0,0
4762867,2024-02-22,1319,8,0,0,0,0,0
4762867,2024-02-23,1313,6,0,0,0,0,0
4762867,2024-02-24,1305,8,0,0,0,0,0
4762867,2024-02-25,1299,6,0,0,0,0,0
4762867,2024-02-26,1294,5,0,0,0,0,0
4762867,2024-02-27,1289,5,0,0,0,0,0
4762867,2024-02-28,1279,10,0,0,0,0,0
4762867,2024-02-29,1272,7,0,0,0,0,0
5234930,2022-03-01,87,2,0,0,0,0,0
5234930,2022-03-02,86,1,0,0,0,0,0
5234930,2022-03-03,84,2,0,0,0,0,0
5234930,2022-03-04,81,3,0,0,0,0,0
5234930,2022-03-05,78,3,0,0,0,0,0
5234930,2022-03-06,71,7,0,0,0,0,0
5234930,2022-03-07,70,1,0,0,0,0,0
5234930,2022-03-08,69,1,0,0,0,0,0
5234930,2022-03-09,67,2,0,0,0,0,0
5234930,2022-03-10,67,0,0,0,0,0,0
5234930,2022-03-11,65,2,0,0,0,0,0
5234930,2022-03-12,62,3,0,0,0,0,0
5234930,2022-03-13,60,2,0,0,0,0,0
5234930,2022-03-14,59,1,0,0,0,0,0
5234930,2022-03-15,57,2,0,0,0,0,0
5234930,2022-03-16,55,2,0,0,0,0,0
5234930,2022-03-17,55,0,0,0,0,0,0
5234930,2022-03-18,55,0,0,0,0,0,0
5234930,2022-03-19,51,4,0,0,0,0,0
5234930,2022-03-20,51,0,0,0,0,0,0
5234930,2022-03-21,48,3,0,0,0,0,0
5234930,2022-03-22,47,1,0,0,0,0,0
5234930,2022-03-23,45,2,0,0,0,0,0
5234930,2022-03-24,44,1,0,0,0,0,0
5234930,2022-03-25,42,2,0,0,0,0,0
5234930,2022-03-26,41,1,0,0,0,0,0
5234930,2022-03-27,38,3,0,0,0,0,0
5234930,2022-03-28,37,1,0,0,88,88,0
5234930,2022-03-29,36,1,0,0,0,88,0
5234930,2022-03-30,35,1,0,0,0,88,0
5234930,2022-03-31,34,1,0,0,0,88,0
5234930,2022-04-01,33,1,0,0,0,88,0
5234930,2022-04-02,30,3,0,0,0,88,0
5234930,2022-04-03,28,2,0,0,0,88,0
5234930,2022-04-04,25,3,0,0,0,88,0
5234930,2022-04-05,22,3,0,0,0,88,0
5234930,2022-04-06,21,1,0,0,0,88,0
5234930,2022-04-07,21,0,0,0,0,88,0
5234930,2022-04-08,18,3,0,0,0,88,0
5234930,2022-04-09,18,0,0,0,0,88,0
5234930,2022-04-10,16,2,0,0,0,88,0
5234930,2022-04-11,15,1,0,0,0,88,0
5234930,2022-04-12,12,3,0,0,0,88,0
5234930,2022-04-13,11,1,0,0,0,88,0
5234930,2022-04-14,9,2,0,0,0,88,0
5234930,2022-04-15,96,1,0,88,0,0,0
5234930,2022-04-16,92,4,0,0,0,0,0
5234930,2022-04-17,90,2,0,0,0,0,0
5234930,2022-04-18,88,2,0,0,0,0,0
5234930,2022-04-19,87,1,0,0,0,0,0
5234930,2022-04-20,85,2,0,0,0,0,0
5234930,2022-04-21,85,0,0,0,0,0,0
5234930,2022-04-22,84,1,0,0,0,0,0
5234930,2022-04-23,83,1,0,0,0,0,0
5234930,2022-04-24,81,2,0,0,0,0,0
5234930,2022-04-25,80,1,0,0,0,0,0
5234930,2022-04-26,77,3,0,0,0,0,0
5234930,2022-04-27,77,0,0,0,0,0,0
5234930,2022-04-28,77,0,0,0,0,0,0
5234930,2022-04-29,77,0,0,0,0,0,0
5234930,2022-04-30,75,2,0,0,0,0,0
5234930,2022-05-01,74,1,0,0,0,0,0
5234930,2022-05-02,70,4,0,0,0,0,0
5234930,2022-05-03,68,2,0,0,0,0,0
5234930,2022-05-04,62,6,0,0,0,0,0
5234930,2022-05-05,60,2,0,0,0,0,0
5234930,2022-05-06,57,3,0,0,0,0,0
5234930,2022-05-07,55,2,0,0,0,0,0
5234930,2022-05-08,54,1,0,0,0,0,0
5234930,2022-05-09,52,2,0,0,0,0,0
5234930,2022-05-10,50,2,0,0,0,0,0
5234930,2022-05-11,49,1,0,0,0,0,0
5234930,2022-05-12,46,3,0,0,0,0,0
5234930,2022-05-13,45,1,0,0,0,0,0
5234930,2022-05-14,43,2,0,0,0,0,0
5234930,2022-05-15,39,4,0,0,0,0,0
5234930,2022-05-16,34,5,0,0,84,84,0
5234930,2022-05-17,33,1,0,0,0,84,0
5234930,2022-05-18,30,3,0,0,0,84,0
5234930,2022-05-19,30,0,0,0,0,84,0
5234930,2022-05-20,29,1,0,0,0,84,0
5234930,2022-05-21,25,4,0,0,0,84,0
5234930,2022-05-22,23,2,0,0,0,84,0
5234930,2022-05-23,21,2,0,0,0,84,0
5234930,2022-05-24,20,1,0,0,0,84,0
5234930,2022-05-25,18,2,0,0,0,84,0
5234930,2022-05-26,15,3,0,0,0,84,0
5234930,2022-05-27,15,0,0,0,0,84,0
5234930,2022-05-28,11,4,0,0,0,84,0
5234930,2022-05-29,8,3,0,0,0,84,0
5234930,2022-05-30,5,3,0,0,0,84,0
5234930,2022-05-31,3,2,0,0,0,84,0
5234930,2022-06-01,2,1,0,0,0,84,0
5234930,2022-06-02,1,1,0,0,0,84,0
5234930,2022-06-03,80,5,0,84,0,0,0
5234930,2022-06-04,80,0,0,0,0,0,0
5234930,2022-06-05,79,1,0,0,0,0,0
5234930,2022-06-06,79,0,0,0,0,0,0
5234930,2022-06-07,77,2,0,0,0,0,0
5234930,2022-06-08,74,3,0,0,0,0,0
5234930,2022-06-09,73,1,0,0,0,0,0
5234930,2022-06-10,70,3,0,0,0,0,0
5234930,2022-06-11,65,5,0,0,0,0,0
5234930,2022-06-12,63,2,0,0,0,0,0
5234930,2022-06-13,60,3,0,0,0,0,0
5234930,2022-06-14,58,2,0,0,0,0,0
5234930,2022-06-15,57,1,0,0,0,0,0
5234930,2022-06-16,56,1,0,0,0,0,0
5234930,2022-06-17,56,0,0,0,0,0,0
5234930,2022-06-18,55,1,0,0,0,0,0
5234930,2022-06-19,54,1,0,0,0,0,0
5234930,2022-06-20,53,1,0,0,0,0,0
5234930,2022-06-21,52,1,0,0,0,0,0
5234930,2022-06-22,49,3,0,0,0,0,0
5234930,2022-06-23,45,4,0,0,0,0,0
5234930,2022-06-24,43,2,0,0,0,0,0
5234930,2022-06-25,39,4,0,0,98,98,0
5234930,2022-06-26,37,2,0,0,0,98,0
5234930,2022-06-27,36,1,0,0,0,98,0
5234930,2022-06-28,34,2,0,0,0,98,0
5234930,2022-06-29,32,2,0,0,0,98,0
5234930,2022-06-30,31,1,0,0,0,98,0
5234930,2022-07-01,29,2,0,0,0,98,0
5234930,2022-07-02,25,4,0,0,0,98,0
5234930,2022-07-03,23,2,0,0,0,98,0
5234930,2022-07-04,22,1,0,0,0,98,0
5234930,2022-07-05,20,2,0,0,0,98,0
5234930,2022-07-06,16,4,0,0,0,98,0
5234930,2022-07-07,13,3,0,0,0,98,0
5234930,2022-07-08,12,1,0,0,0,98,0
5234930,2022-07-09,7,5,0,0,0,98,0
5234930,2022-07-10,4,3,0,0,0,98,0
5234930,2022-07-11,2,2,0,0,0,98,0
5234930,2022-07-12,0,3,1,0,0,98,1
5234930,2022-07-13,96,2,0,98,0,0,0
5234930,2022-07-14,95,1,0,0,0,0,0
5234930,2022-07-15,93,2,0,0,0,0,0
5234930,2022-07-16,91,2,0,0,0,0,0
5234930,2022-07-17,88,3,0,0,0,0,0
5234930,2022-07-18,88,0,0,0,0,0,0
5234930,2022-07-19,87,1,0,0,0,0,0
5234930,2022-07-20,87,0,0,0,0,0,0
5234930,2022-07-21,84,3,0,0,0,0,0
5234930,2022-07-22,81,3,0,0,0,0,0
5234930,2022-07-23,75,6,0,0,0,0,0
5234930,2022-07-24,72,3,0,0,0,0,0
5234930,2022-07-25,72,0,0,0,0,0,0
5234930,2022-07-26,71,1,0,0,0,0,0
5234930,2022-07-27,70,1,0,0,0,0,0
5234930,2022-07-28,65,5,0,0,0,0,0
5234930,2022-07-29,63,2,0,0,0,0,0
5234930,2022-07-30,62,1,0,0,0,0,0
5234930,2022-07-31,59,3,0,0,0,0,0
5234930,2022-08-01,55,4,0,0,0,0,0
5234930,2022-08-02,55,0,0,0,0,0,0
5234930,2022-08-03,52,3,0,0,0,0,0
5234930,2022-08-04,51,1,0,0,0,0,0
5234930,2022-08-05,49,2,0,0,0,0,0
5234930,2022-08-06,46,3,0,0,0,0,0
5234930,2022-08-07,45,1,0,0,0,0,0
5234930,2022-08-08,44,1,0,0,0,0,0
5234930,2022-08-09,42,2,0,0,0,0,0
5234930,2022-08-10,39,3,0,0,96,96,0
5234930,2022-08-11,37,2,0,0,0,96,0
5234930,2022-08-12,36,1,0,0,0,96,0
5234930,2022-08-13,35,1,0,0,0,96,0
5234930,2022-08-14,28,7,0,0,0,96,0
5234930,2022-08-15,27,1,0,0,0,96,0
5234930,2022-08-16,27,0,0,0,0,96,0
5234930,2022-08-17,25,2,0,0,0,96,0
5234930,2022-08-18,25,0,0,0,0,96,0
5234930,2022-08-19,23,2,0,0,0,96,0
5234930,2022-08-20,22,1,0,0,0,96,0
5234930,2022-08-21,21,1,0,0,0,96,0
5234930,2022-08-22,20,1,0,0,0,96,0
5234930,2022-08-23,19,1,0,0,0,96,0
5234930,2022-08-24,17,2,0,0,0,96,0
5234930,2022-08-25,15,2,0,0,0,96,0
5234930,2022-08-26,15,0,0,0,0,96,0
5234930,2022-08-27,14,1,0,0,0,96,0
5234930,2022-08-28,110,0,0,96,0,0,0
5234930,2022-08-29,107,3,0,0,0,0,0
5234930,2022-08-30,104,3,0,0,0,0,0
5234930,2022-08-31,102,2,0,0,0,0,0
5234930,2022-09-01,100,2,0,0,0,0,0
5234930,2022-09-02,99,1,0,0,0,0,0
5234930,2022-09-03,96,3,0,0,0,0,0
5234930,2022-09-04,93,3,0,0,0,0,0
5234930,2022-09-05,89,4,0,0,0,0,0
5234930,2022-09-06,86,3,0,0,0,0,0
5234930,2022-09-07,84,2,0,0,0,0,0
5234930,2022-09-08,82,2,0,0,0,0,0
5234930,2022-09-09,80,2,0,0,0,0,0
5234930,2022-09-10,78,2,0,0,0,0,0
5234930,2022-09-11,72,6,0,0,0,0,0
5234930,2022-09-12,71,1,0,0,0,0,0
5234930,2022-09-13,68,3,0,0,0,0,0
5234930,2022-09-14,66,2,0,0,0,0,0
5234930,2022-09-15,64,2,0,0,0,0,0
5234930,2022-09-16,61,3,0,0,0,0,0
5234930,2022-09-17,57,4,0,0,0,0,0
5234930,2022-09-18,53,4,0,0,0,0,0
5234930,2022-09-19,50,3,0,0,0,0,0
5234930,2022-09-20,49,1,0,0,0,0,0
5234930,2022-09-21,47,2,0,0,0,0,0
5234930,2022-09-22,46,1,0,0,0,0,0
5234930,2022-09-23,43,3,0,0,0,0,0
5234930,2022-09-24,37,6,0,0,97,97,0
5234930,2022-09-25,33,4,0,0,0,97,0
5234930,2022-09-26,29,4,0,0,0,97,0
5234930,2022-09-27,26,3,0,0,0,97,0
5234930,2022-09-28,22,4,0,0,0,97,0
5234930,2022-09-29,19,3,0,0,0,97,0
5234930,2022-09-30,17,2,0,0,0,97,0
5234930,2022-10-01,13,4,0,0,0,97,0
5234930,2022-10-02,10,3,0,0,0,97,0
5234930,2022-10-03,8,2,0,0,0,97,0
5234930,2022-10-04,8,0,0,0,0,97,0
5234930,2022-10-05,7,1,0,0,0,97,0
5234930,2022-10-06,2,5,0,0,0,97,0
5234930,2022-10-07,1,1,0,0,0,97,0
5234930,2022-10-08,0,4,3,0,0,97,1
5234930,2022-10-09,0,3,3,0,0,97,1
5234930,2022-10-10,0,0,0,0,0,97,0
5234930,2022-10-11,0,2,2,0,0,97,1
5234930,2022-10-12,95,2,0,97,0,0,0
5234930,2022-10-13,93,2,0,0,0,0,0
5234930,2022-10-14,91,2,0,0,0,0,0
5234930,2022-10-15,90,1,0,0,0,0,0
5234930,2022-10-16,89,1,0,0,0,0,0
5234930,2022-10-17,88,1,0,0,0,0,0
5234930,2022-10-18,84,4,0,0,0,0,0
5234930,2022-10-19,83,1,0,0,0,0,0
5234930,2022-10-20,81,2,0,0,0,0,0
5234930,2022-10-21,78,3,0,0,0,0,0
5234930,2022-10-22,75,3,0,0,0,0,0
5234930,2022-10-23,74,1,0,0,0,0,0
5234930,2022-10-24,73,1,0,0,0,0,0
5234930,2022-10-25,73,0,0,0,0,0,0
5234930,2022-10-26,72,1,0,0,0,0,0
5234930,2022-10-27,71,1,0,0,0,0,0
5234930,2022-10-28,70,1,0,0,0,0,0
5234930,2022-10-29,68,2,0,0,0,0,0
5234930,2022-10-30,67,1,0,0,0,0,0
5234930,2022-10-31,65,2,0,0,0,0,0
5234930,2022-11-01,64,1,0,0,0,0,0
5234930,2022-11-02,61,3,0,0,0,0,0
5234930,2022-11-03,59,2,0,0,0,0,0
5234930,2022-11-04,57,2,0,0,0,0,0
5234930,2022-11-05,56,1,0,0,0,0,0
5234930,2022-11-06,55,1,0,0,0,0,0
5234930,2022-11-07,54,1,0,0,0,0,0
5234930,2022-11-08,53,1,0,0,0,0,0
5234930,2022-11-09,53,0,0,0,0,0,0
5234930,2022-11-10,53,0,0,0,0,0,0
5234930,2022-11-11,52,1,0,0,0,0,0
5234930,2022-11-12,51,1,0,0,0,0,0
5234930,2022-11-13,50,1,0,0,0,0,0
5234930,2022-11-14,49,1,0,0,0,0,0
5234930,2022-11-15,49,0,0,0,0,0,0
5234930,2022-11-16,48,1,0,0,0,0,0
5234930,2022-11-17,45,3,0,0,0,0,0
5234930,2022-11-18,43,2,0,0,0,0,0
5234930,2022-11-19,41,2,0,0,0,0,0
5234930,2022-11-20,39,2,0,0,0,0,0
5234930,2022-11-21,34,5,0,0,83,83,0
5234930,2022-11-22,33,1,0,0,0,83,0
5234930,2022-11-23,31,2,0,0,0,83,0
5234930,2022-11-24,26,5,0,0,0,83,0
5234930,2022-11-25,24,2,0,0,0,83,0
5234930,2022-11-26,18,6,0,0,0,83,0
5234930,2022-11-27,0,18,0,0,0,83,0
5234930,2022-11-28,0,2,2,0,0,83,1
5234930,2022-11-29,0,2,2,0,0,83,1
5234930,2022-11-30,0,1,1,0,0,83,1
5234930,2022-12-01,0,2,2,0,0,83,1
5234930,2022-12-02,0,0,0,0,0,83,0
5234930,2022-12-03,0,3,3,0,0,83,1
5234930,2022-12-04,0,2,2,0,0,83,1
5234930,2022-12-05,0,1,1,0,0,83,1
5234930,2022-12-06,0,1,1,0,0,83,1
5234930,2022-12-07,0,3,3,0,0,83,1
5234930,2022-12-08,0,1,1,0,0,83,1
5234930,2022-12-09,82,1,0,83,0,0,0
5234930,2022-12-10,81,1,0,0,0,0,0
5234930,2022-12-11,81,0,0,0,0,0,0
5234930,2022-12-12,77,4,0,0,0,0,0
5234930,2022-12-13,77,0,0,0,0,0,0
5234930,2022-12-14,76,1,0,0,0,0,0
5234930,2022-12-15,75,1,0,0,0,0,0
5234930,2022-12-16,72,3,0,0,0,0,0
5234930,2022-12-17,70,2,0,0,0,0,0
5234930,2022-12-18,69,1,0,0,0,0,0
5234930,2022-12-19,67,2,0,0,0,0,0
5234930,2022-12-20,64,3,0,0,0,0,0
5234930,2022-12-21,60,4,0,0,0,0,0
5234930,2022-12-22,59,1,0,0,0,0,0
5234930,2022-12-23,54,5,0,0,0,0,0
5234930,2022-12-24,52,2,0,0,0,0,0
5234930,2022-12-25,48,4,0,0,0,0,0
5234930,2022-12-26,47,1,0,0,0,0,0
5234930,2022-12-27,47,0,0,0,0,0,0
5234930,2022-12-28,45,2,0,0,0,0,0
5234930,2022-12-29,43,2,0,0,0,0,0
5234930,2022-12-30,42,1,0,0,0,0,0
5234930,2022-12-31,42,0,0,0,0,0,0
5234930,2023-01-01,41,1,0,0,96,96,0
5234930,2023-01-02,40,1,0,0,0,96,0
5234930,2023-01-03,39,1,0,0,0,96,0
5234930,2023-01-04,39,0,0,0,0,96,0
5234930,2023-01-05,39,0,0,0,0,96,0
5234930,2023-01-06,37,2,0,0,0,96,0
5234930,2023-01-07,32,5,0,0,0,96,0
5234930,2023-01-08,26,6,0,0,0,96,0
5234930,2023-01-09,26,0,0,0,0,96,0
5234930,2023-01-10,25,1,0,0,0,96,0
5234930,2023-01-11,23,2,0,0,0,96,0
5234930,2023-01-12,20,3,0,0,0,96,0
5234930,2023-01-13,19,1,0,0,0,96,0
5234930,2023-01-14,16,3,0,0,0,96,0
5234930,2023-01-15,12,4,0,0,0,96,0
5234930,2023-01-16,9,3,0,0,0,96,0
5234930,2023-01-17,4,5,0,0,0,96,0
5234930,2023-01-18,0,5,1,0,0,96,1
5234930,2023-01-19,80,4,0,84,0,0,0
5234930,2023-01-20,78,2,0,0,0,0,0
5234930,2023-01-21,73,5,0,0,0,0,0
5234930,2023-01-22,72,1,0,0,0,0,0
5234930,2023-01-23,72,0,0,0,0,0,0
5234930,2023-01-24,70,2,0,0,0,0,0
5234930,2023-01-25,64,6,0,0,0,0,0
5234930,2023-01-26,63,1,0,0,0,0,0
5234930,2023-01-27,62,1,0,0,0,0,0
5234930,2023-01-28,60,2,0,0,0,0,0
5234930,2023-01-29,58,2,0,0,0,0,0
5234930,2023-01-30,55,3,0,0,0,0,0
5234930,2023-01-31,54,1,0,0,0,0,0
5234930,2023-02-01,51,3,0,0,0,0,0
5234930,2023-02-02,50,1,0,0,0,0,0
5234930,2023-02-03,47,3,0,0,0,0,0
5234930,2023-02-04,43,4,0,0,0,0,0
5234930,2023-02-05,40,3,0,0,102,102,0
5234930,2023-02-06,36,4,0,0,0,102,0
5234930,2023-02-07,33,3,0,0,0,102,0
5234930,2023-02-08,33,0,0,0,0,102,0
5234930,2023-02-09,32,1,0,0,0,102,0
5234930,2023-02-10,29,3,0,0,0,102,0
5234930,2023-02-11,28,1,0,0,0,102,0
5234930,2023-02-12,27,1,0,0,0,102,0
5234930,2023-02-13,27,0,0,0,0,102,0
5234930,2023-02-14,23,4,0,0,0,102,0
5234930,2023-02-15,22,1,0,0,0,102,0
5234930,2023-02-16,22,0,0,0,0,102,0
5234930,2023-02-17,20,2,0,0,0,102,0
5234930,2023-02-18,19,1,0,0,0,102,0
5234930,2023-02-19,17,2,0,0,0,102,0
5234930,2023-02-20,17,0,0,0,0,102,0
5234930,2023-02-21,15,2,0,0,0,102,0
5234930,2023-02-22,10,5,0,0,0,102,0
5234930,2023-02-23,7,3,0,0,0,102,0
5234930,2023-02-24,90,4,0,87,0,0,0
5234930,2023-02-25,88,2,0,0,0,0,0
5234930,2023-02-26,85,3,0,0,0,0,0
5234930,2023-02-27,84,1,0,0,0,0,0
5234930,2023-02-28,82,2,0,0,0,0,0
5234930,2023-03-01,80,2,0,0,0,0,0
5234930,2023-03-02,77,3,0,0,0,0,0
5234930,2023-03-03,77,0,0,0,0,0,0
5234930,2023-03-04,76,1,0,0,0,0,0
5234930,2023-03-05,70,6,0,0,0,0,0
5234930,2023-03-06,69,1,0,0,0,0,0
5234930,2023-03-07,67,2,0,0,0,0,0
5234930,2023-03-08,66,1,0,0,0,0,0
5234930,2023-03-09,61,5,0,0,0,0,0
5234930,2023-03-10,60,1,0,0,0,0,0
5234930,2023-03-11,54,6,0,0,0,0,0
5234930,2023-03-12,48,6,0,0,0,0,0
5234930,2023-03-13,44,4,0,0,113,113,0
5234930,2023-03-14,43,1,0,0,0,113,0
5234930,2023-03-15,39,4,0,0,0,113,0
5234930,2023-03-16,36,3,0,0,0,113,0
5234930,2023-03-17,34,2,0,0,0,113,0
5234930,2023-03-18,32,2,0,0,0,113,0
5234930,2023-03-19,28,4,0,0,0,113,0
5234930,2023-03-20,26,2,0,0,0,113,0
5234930,2023-03-21,22,4,0,0,0,113,0
5234930,2023-03-22,21,1,0,0,0,113,0
5234930,2023-03-23,17,4,0,0,0,113,0
5234930,2023-03-24,17,0,0,0,0,113,0
5234930,2023-03-25,12,5,0,0,0,113,0
5234930,2023-03-26,8,4,0,0,0,113,0
5234930,2023-03-27,3,5,0,0,0,113,0
5234930,2023-03-28,0,3,0,0,0,113,0
5234930,2023-03-29,0,3,3,0,0,113,1
5234930,2023-03-30,0,4,4,0,0,113,1
5234930,2023-03-31,0,2,2,0,0,113,1
5234930,2023-04-01,111,2,0,113,0,0,0
5234930,2023-04-02,109,2,0,0,0,0,0
5234930,2023-04-03,108,1,0,0,0,0,0
5234930,2023-04-04,106,2,0,0,0,0,0
5234930,2023-04-05,105,1,0,0,0,0,0
5234930,2023-04-06,104,1,0,0,0,0,0
5234930,2023-04-07,103,1,0,0,0,0,0
5234930,2023-04-08,98,5,0,0,0,0,0
5234930,2023-04-09,96,2,0,0,0,0,0
5234930,2023-04-10,91,5,0,0,0,0,0
5234930,2023-04-11,88,3,0,0,0,0,0
5234930,2023-04-12,86,2,0,0,0,0,0
5234930,2023-04-13,81,5,0,0,0,0,0
5234930,2023-04-14,79,2,0,0,0,0,0
5234930,2023-04-15,77,2,0,0,0,0,0
5234930,2023-04-16,76,1,0,0,0,0,0
5234930,2023-04-17,72,4,0,0,0,0,0
5234930,2023-04-18,69,3,0,0,0,0,0
5234930,2023-04-19,67,2,0,0,0,0,0
5234930,2023-04-20,66,1,0,0,0,0,0
5234930,2023-04-21,61,5,0,0,0,0,0
5234930,2023-04-22,59,2,0,0,0,0,0
5234930,2023-04-23,56,3,0,0,0,0,0
5234930,2023-04-24,54,2,0,0,0,0,0
5234930,2023-04-25,54,0,0,0,0,0,0
5234930,2023-04-26,53,1,0,0,0,0,0
5234930,2023-04-27,51,2,0,0,123,123,0
5234930,2023-04-28,48,3,0,0,0,123,0
5234930,2023-04-29,46,2,0,0,0,123,0
5234930,2023-04-30,46,0,0,0,0,123,0
5234930,2023-05-01,43,3,0,0,0,123,0
5234930,2023-05-02,40,3,0,0,0,123,0
5234930,2023-05-03,39,1,0,0,0,123,0
5234930,2023-05-04,37,2,0,0,0,123,0
5234930,2023-05-05,36,1,0,0,0,123,0
5234930,2023-05-06,32,4,0,0,0,123,0
5234930,2023-05-07,27,5,0,0,0,123,0
5234930,2023-05-08,24,3,0,0,0,123,0
5234930,2023-05-09,24,0,0,0,0,123,0
5234930,2023-05-10,16,8,0,0,0,123,0
5234930,2023-05-11,14,2,0,0,0,123,0
5234930,2023-05-12,12,2,0,0,0,123,0
5234930,2023-05-13,7,5,0,0,0,123,0
5234930,2023-05-14,4,3,0,0,0,123,0
5234930,2023-05-15,2,2,0,0,0,123,0
5234930,2023-05-16,0,2,0,0,0,123,0
5234930,2023-05-17,0,2,2,0,0,123,1
5234930,2023-05-18,118,5,0,123,0,0,0
5234930,2023-05-19,118,0,0,0,0,0,0
5234930,2023-05-20,113,5,0,0,0,0,0
5234930,2023-05-21,112,1,0,0,0,0,0
5234930,2023-05-22,110,2,0,0,0,0,0
5234930,2023-05-23,109,1,0,0,0,0,0
5234930,2023-05-24,106,3,0,0,0,0,0
5234930,2023-05-25,104,2,0,0,0,0,0
5234930,2023-05-26,100,4,0,0,0,0,0
5234930,2023-05-27,96,4,0,0,0,0,0
5234930,2023-05-28,95,1,0,0,0,0,0
5234930,2023-05-29,93,2,0,0,0,0,0
5234930,2023-05-30,88,5,0,0,0,0,0
5234930,2023-05-31,86,2,0,0,0,0,0
5234930,2023-06-01,83,3,0,0,0,0,0
5234930,2023-06-02,81,2,0,0,0,0,0
5234930,2023-06-03,75,6,0,0,0,0,0
5234930,2023-06-04,69,6,0,0,0,0,0
5234930,2023-06-05,64,5,0,0,0,0,0
5234930,2023-06-06,61,3,0,0,0,0,0
5234930,2023-06-07,59,2,0,0,0,0,0
5234930,2023-06-08,57,2,0,0,0,0,0
5234930,2023-06-09,52,5,0,0,123,123,0
5234930,2023-06-10,51,1,0,0,0,123,0
5234930,2023-06-11,47,4,0,0,0,123,0
5234930,2023-06-12,44,3,0,0,0,123,0
5234930,2023-06-13,41,3,0,0,0,123,0
5234930,2023-06-14,40,1,0,0,0,123,0
5234930,2023-06-15,38,2,0,0,0,123,0
5234930,2023-06-16,38,0,0,0,0,123,0
5234930,2023-06-17,33,5,0,0,0,123,0
5234930,2023-06-18,29,4,0,0,0,123,0
5234930,2023-06-19,26,3,0,0,0,123,0
5234930,2023-06-20,21,5,0,0,0,123,0
5234930,2023-06-21,19,2,0,0,0,123,0
5234930,2023-06-22,15,4,0,0,0,123,0
5234930,2023-06-23,14,1,0,0,0,123,0
5234930,2023-06-24,12,2,0,0,0,123,0
5234930,2023-06-25,8,4,0,0,0,123,0
5234930,2023-06-26,6,2,0,0,0,123,0
5234930,2023-06-27,4,2,0,0,0,123,0
5234930,2023-06-28,121,6,0,123,0,0,0
5234930,2023-06-29,118,3,0,0,0,0,0
5234930,2023-06-30,116,2,0,0,0,0,0
5234930,2023-07-01,116,0,0,0,0,0,0
5234930,2023-07-02,110,6,0,0,0,0,0
5234930,2023-07-03,107,3,0,0,0,0,0
5234930,2023-07-04,104,3,0,0,0,0,0
5234930,2023-07-05,101,3,0,0,0,0,0
5234930,2023-07-06,99,2,0,0,0,0,0
5234930,2023-07-07,96,3,0,0,0,0,0
5234930,2023-07-08,92,4,0,0,0,0,0
5234930,2023-07-09,89,3,0,0,0,0,0
5234930,2023-07-10,83,6,0,0,0,0,0
5234930,2023-07-11,80,3,0,0,0,0,0
5234930,2023-07-12,78,2,0,0,0,0,0
5234930,2023-07-13,77,1,0,0,0,0,0
5234930,2023-07-14,75,2,0,0,0,0,0
5234930,2023-07-15,71,4,0,0,0,0,0
5234930,2023-07-16,69,2,0,0,0,0,0
5234930,2023-07-17,67,2,0,0,0,0,0
5234930,2023-07-18,67,0,0,0,0,0,0
5234930,2023-07-19,64,3,0,0,0,0,0
5234930,2023-07-20,62,2,0,0,0,0,0
5234930,2023-07-21,60,2,0,0,0,0,0
5234930,2023-07-22,59,1,0,0,0,0,0
5234930,2023-07-23,55,4,0,0,132,132,0
5234930,2023-07-24,53,2,0,0,0,132,0
5234930,2023-07-25,51,2,0,0,0,132,0
5234930,2023-07-26,49,2,0,0,0,132,0
5234930,2023-07-27,43,6,0,0,0,132,0
5234930,2023-07-28,40,3,0,0,0,132,0
5234930,2023-07-29,37,3,0,0,0,132,0
5234930,2023-07-30,35,2,0,0,0,132,0
5234930,2023-07-31,31,4,0,0,0,132,0
5234930,2023-08-01,28,3,0,0,0,132,0
5234930,2023-08-02,23,5,0,0,0,132,0
5234930,2023-08-03,22,1,0,0,0,132,0
5234930,2023-08-04,21,1,0,0,0,132,0
5234930,2023-08-05,20,1,0,0,0,132,0
5234930,2023-08-06,14,6,0,0,0,132,0
5234930,2023-08-07,14,0,0,0,0,132,0
5234930,2023-08-08,14,0,0,0,0,132,0
5234930,2023-08-09,13,1,0,0,0,132,0
5234930,2023-08-10,9,4,0,0,0,132,0
5234930,2023-08-11,7,2,0,0,0,132,0
5234930,2023-08-12,4,3,0,0,0,132,0
5234930,2023-08-13,0,5,1,0,0,132,1
5234930,2023-08-14,0,3,3,0,0,132,1
5234930,2023-08-15,0,6,6,0,0,132,1
5234930,2023-08-16,132,0,0,132,0,0,0
5234930,2023-08-17,129,3,0,0,0,0,0
5234930,2023-08-18,126,3,0,0,0,0,0
5234930,2023-08-19,125,1,0,0,0,0,0
5234930,2023-08-20,125,0,0,0,0,0,0
5234930,2023-08-21,124,1,0,0,0,0,0
5234930,2023-08-22,120,4,0,0,0,0,0
5234930,2023-08-23,120,0,0,0,0,0,0
5234930,2023-08-24,117,3,0,0,0,0,0
5234930,2023-08-25,114,3,0,0,0,0,0
5234930,2023-08-26,109,5,0,0,0,0,0
5234930,2023-08-27,107,2,0,0,0,0,0
5234930,2023-08-28,105,2,0,0,0,0,0
5234930,2023-08-29,102,3,0,0,0,0,0
5234930,2023-08-30,100,2,0,0,0,0,0
5234930,2023-08-31,98,2,0,0,0,0,0
5234930,2023-09-01,96,2,0,0,0,0,0
5234930,2023-09-02,90,6,0,0,0,0,0
5234930,2023-09-03,87,3,0,0,0,0,0
5234930,2023-09-04,86,1,0,0,0,0,0
5234930,2023-09-05,81,5,0,0,0,0,0
5234930,2023-09-06,79,2,0,0,0,0,0
5234930,2023-09-07,77,2,0,0,0,0,0
5234930,2023-09-08,71,6,0,0,0,0,0
5234930,2023-09-09,68,3,0,0,0,0,0
5234930,2023-09-10,67,1,0,0,0,0,0
5234930,2023-09-11,64,3,0,0,0,0,0
5234930,2023-09-12,63,1,0,0,0,0,0
5234930,2023-09-13,58,5,0,0,0,0,0
5234930,2023-09-14,57,1,0,0,0,0,0
5234930,2023-09-15,52,5,0,0,0,0,0
5234930,2023-09-16,51,1,0,0,124,124,0
5234930,2023-09-17,46,5,0,0,0,124,0
5234930,2023-09-18,42,4,0,0,0,124,0
5234930,2023-09-19,38,4,0,0,0,124,0
5234930,2023-09-20,34,4,0,0,0,124,0
5234930,2023-09-21,32,2,0,0,0,124,0
5234930,2023-09-22,29,3,0,0,0,124,0
5234930,2023-09-23,27,2,0,0,0,124,0
5234930,2023-09-24,22,5,0,0,0,124,0
5234930,2023-09-25,19,3,0,0,0,124,0
5234930,2023-09-26,18,1,0,0,0,124,0
5234930,2023-09-27,17,1,0,0,0,124,0
5234930,2023-09-28,13,4,0,0,0,124,0
5234930,2023-09-29,12,1,0,0,0,124,0
5234930,2023-09-30,7,5,0,0,0,124,0
5234930,2023-10-01,4,3,0,0,0,124,0
5234930,2023-10-02,2,2,0,0,0,124,0
5234930,2023-10-03,0,6,4,0,0,124,1
5234930,2023-10-04,0,4,4,0,0,124,1
5234930,2023-10-05,0,1,1,0,0,124,1
5234930,2023-10-06,0,1,1,0,0,124,1
5234930,2023-10-07,0,4,4,0,0,124,1
5234930,2023-10-08,0,5,5,0,0,124,1
5234930,2023-10-09,0,0,0,0,0,124,0
5234930,2023-10-10,0,4,4,0,0,124,1
5234930,2023-10-11,124,0,0,124,0,0,0
5234930,2023-10-12,119,5,0,0,0,0,0
5234930,2023-10-13,119,0,0,0,0,0,0
5234930,2023-10-14,113,6,0,0,0,0,0
5234930,2023-10-15,109,4,0,0,0,0,0
5234930,2023-10-16,107,2,0,0,0,0,0
5234930,2023-10-17,106,1,0,0,0,0,0
5234930,2023-10-18,102,4,0,0,0,0,0
5234930,2023-10-19,100,2,0,0,0,0,0
5234930,2023-10-20,98,2,0,0,0,0,0
5234930,2023-10-21,89,9,0,0,0,0,0
5234930,2023-10-22,86,3,0,0,0,0,0
5234930,2023-10-23,82,4,0,0,0,0,0
5234930,2023-10-24,78,4,0,0,0,0,0
5234930,2023-10-25,73,5,0,0,0,0,0
5234930,2023-10-26,70,3,0,0,0,0,0
5234930,2023-10-27,67,3,0,0,0,0,0
5234930,2023-10-28,65,2,0,0,0,0,0
5234930,2023-10-29,63,2,0,0,0,0,0
5234930,2023-10-30,60,3,0,0,0,0,0
5234930,2023-10-31,58,2,0,0,143,143,0
5234930,2023-11-01,56,2,0,0,0,143,0
5234930,2023-11-02,53,3,0,0,0,143,0
5234930,2023-11-03,52,1,0,0,0,143,0
5234930,2023-11-04,49,3,0,0,0,143,0
5234930,2023-11-05,48,1,0,0,0,143,0
5234930,2023-11-06,47,1,0,0,0,143,0
5234930,2023-11-07,45,2,0,0,0,143,0
5234930,2023-11-08,43,2,0,0,0,143,0
5234930,2023-11-09,40,3,0,0,0,143,0
5234930,2023-11-10,40,0,0,0,0,143,0
5234930,2023-11-11,36,4,0,0,0,143,0
5234930,2023-11-12,35,1,0,0,0,143,0
5234930,2023-11-13,29,6,0,0,0,143,0
5234930,2023-11-14,26,3,0,0,0,143,0
5234930,2023-11-15,24,2,0,0,0,143,0
5234930,2023-11-16,19,5,0,0,0,143,0
5234930,2023-11-17,19,0,0,0,0,143,0
5234930,2023-11-18,16,3,0,0,0,143,0
5234930,2023-11-19,13,3,0,0,0,143,0
5234930,2023-11-20,12,1,0,0,0,143,0
5234930,2023-11-21,7,5,0,0,0,143,0
5234930,2023-11-22,3,4,0,0,0,143,0
5234930,2023-11-23,0,11,8,0,0,143,1
5234930,2023-11-24,138,5,0,143,0,0,0
5234930,2023-11-25,123,15,0,0,0,0,0
5234930,2023-11-26,110,13,0,0,0,0,0
5234930,2023-11-27,107,3,0,0,0,0,0
5234930,2023-11-28,104,3,0,0,0,0,0
5234930,2023-11-29,103,1,0,0,0,0,0
5234930,2023-11-30,99,4,0,0,0,0,0
5234930,2023-12-01,97,2,0,0,0,0,0
5234930,2023-12-02,91,6,0,0,0,0,0
5234930,2023-12-03,88,3,0,0,0,0,0
5234930,2023-12-04,85,3,0,0,0,0,0
5234930,2023-12-05,82,3,0,0,0,0,0
5234930,2023-12-06,82,0,0,0,0,0,0
5234930,2023-12-07,78,4,0,0,0,0,0
5234930,2023-12-08,77,1,0,0,0,0,0
5234930,2023-12-09,74,3,0,0,0,0,0
5234930,2023-12-10,71,3,0,0,0,0,0
5234930,2023-12-11,69,2,0,0,0,0,0
5234930,2023-12-12,68,1,0,0,0,0,0
5234930,2023-12-13,65,3,0,0,155,155,0
5234930,2023-12-14,61,4,0,0,0,155,0
5234930,2023-12-15,57,4,0,0,0,155,0
5234930,2023-12-16,53,4,0,0,0,155,0
5234930,2023-12-17,49,4,0,0,0,155,0
5234930,2023-12-18,47,2,0,0,0,155,0
5234930,2023-12-19,44,3,0,0,0,155,0
5234930,2023-12-20,35,9,0,0,0,155,0
5234930,2023-12-21,31,4,0,0,0,155,0
5234930,2023-12-22,26,5,0,0,0,155,0
5234930,2023-12-23,22,4,0,0,0,155,0
5234930,2023-12-24,20,2,0,0,0,155,0
5234930,2023-12-25,17,3,0,0,0,155,0
5234930,2023-12-26,15,2,0,0,0,155,0
5234930,2023-12-27,15,0,0,0,0,155,0
5234930,2023-12-28,15,0,0,0,0,155,0
5234930,2023-12-29,13,2,0,0,0,155,0
5234930,2023-12-30,12,1,0,0,0,155,0
5234930,2023-12-31,10,2,0,0,0,155,0
5234930,2024-01-01,9,1,0,0,0,155,0
5234930,2024-01-02,6,3,0,0,0,155,0
5234930,2024-01-03,2,4,0,0,0,155,0
5234930,2024-01-04,2,0,0,0,0,155,0
5234930,2024-01-05,1,1,0,0,0,155,0
5234930,2024-01-06,0,2,1,0,0,155,1
5234930,2024-01-07,0,3,3,0,0,155,1
5234930,2024-01-08,152,3,0,155,0,0,0
5234930,2024-01-09,151,1,0,0,0,0,0
5234930,2024-01-10,148,3,0,0,0,0,0
5234930,2024-01-11,145,3,0,0,0,0,0
5234930,2024-01-12,139,6,0,0,0,0,0
5234930,2024-01-13,137,2,0,0,0,0,0
5234930,2024-01-14,133,4,0,0,0,0,0
5234930,2024-01-15,130,3,0,0,0,0,0
5234930,2024-01-16,126,4,0,0,0,0,0
5234930,2024-01-17,124,2,0,0,0,0,0
5234930,2024-01-18,122,2,0,0,0,0,0
5234930,2024-01-19,117,5,0,0,0,0,0
5234930,2024-01-20,112,5,0,0,0,0,0
5234930,2024-01-21,106,6,0,0,0,0,0
5234930,2024-01-22,105,1,0,0,0,0,0
5234930,2024-01-23,100,5,0,0,0,0,0
5234930,2024-01-24,95,5,0,0,0,0,0
5234930,2024-01-25,92,3,0,0,0,0,0
5234930,2024-01-26,89,3,0,0,0,0,0
5234930,2024-01-27,84,5,0,0,0,0,0
5234930,2024-01-28,80,4,0,0,0,0,0
5234930,2024-01-29,78,2,0,0,0,0,0
5234930,2024-01-30,77,1,0,0,0,0,0
5234930,2024-01-31,75,2,0,0,0,0,0
5234930,2024-02-01,74,1,0,0,0,0,0
5234930,2024-02-02,73,1,0,0,0,0,0
5234930,2024-02-03,67,6,0,0,0,0,0
5234930,2024-02-04,65,2,0,0,0,0,0
5234930,2024-02-05,63,2,0,0,0,0,0
5234930,2024-02-06,59,4,0,0,0,0,0
5234930,2024-02-07,53,6,0,0,138,138,0
5234930,2024-02-08,49,4,0,0,0,138,0
5234930,2024-02-09,47,2,0,0,0,138,0
5234930,2024-02-10,43,4,0,0,0,138,0
5234930,2024-02-11,41,2,0,0,0,138,0
5234930,2024-02-12,39,2,0,0,0,138,0
5234930,2024-02-13,37,2,0,0,0,138,0
5234930,2024-02-14,33,4,0,0,0,138,0
5234930,2024-02-15,30,3,0,0,0,138,0
5234930,2024-02-16,27,3,0,0,0,138,0
5234930,2024-02-17,26,1,0,0,0,138,0
5234930,2024-02-18,23,3,0,0,0,138,0
5234930,2024-02-19,21,2,0,0,0,138,0
5234930,2024-02-20,21,0,0,0,0,138,0
5234930,2024-02-21,19,2,0,0,0,138,0
5234930,2024-02-22,15,4,0,0,0,138,0
5234930,2024-02-23,13,2,0,0,0,138,0
5234930,2024-02-24,10,3,0,0,0,138,0
5234930,2024-02-25,8,2,0,0,0,138,0
5234930,2024-02-26,7,1,0,0,0,138,0
5234930,2024-02-27,6,1,0,0,0,138,0
5234930,2024-02-28,1,5,0,0,0,138,0
5234930,2024-02-29,0,2,1,0,0,138,1
5315329,2022-03-01,26,0,0,0,0,0,0
5315329,2022-03-02,26,0,0,0,0,0,0
5315329,2022-03-03,26,0,0,0,0,0,0
5315329,2022-03-04,26,0,0,0,0,0,0
5315329,2022-03-05,26,0,0,0,0,0,0
5315329,2022-03-06,25,1,0,0,0,0,0
5315329,2022-03-07,24,1,0,0,0,0,0
5315329,2022-03-08,24,0,0,0,0,0,0
5315329,2022-03-09,24,0,0,0,0,0,0
5315329,2022-03-10,23,1,0,0,0,0,0
5315329,2022-03-11,21,2,0,0,0,0,0
5315329,2022-03-12,20,1,0,0,0,0,0
5315329,2022-03-13,19,1,0,0,0,0,0
5315329,2022-03-14,17,2,0,0,0,0,0
5315329,2022-03-15,17,0,0,0,0,0,0
5315329,2022-03-16,17,0,0,0,0,0,0
5315329,2022-03-17,17,0,0,0,0,0,0
5315329,2022-03-18,17,0,0,0,0,0,0
5315329,2022-03-19,17,0,0,0,0,0,0
5315329,2022-03-20,17,0,0,0,0,0,0
5315329,2022-03-21,17,0,0,0,0,0,0
5315329,2022-03-22,16,1,0,0,0,0,0
5315329,2022-03-23,16,0,0,0,0,0,0
5315329,2022-03-24,16,0,0,0,0,0,0
5315329,2022-03-25,15,1,0,0,0,0,0
5315329,2022-03-26,14,1,0,0,0,0,0
5315329,2022-03-27,14,0,0,0,0,0,0
5315329,2022-03-28,13,1,0,0,0,0,0
5315329,2022-03-29,13,0,0,0,0,0,0
5315329,2022-03-30,13,0,0,0,0,0,0
5315329,2022-03-31,13,0,0,0,0,0,0
5315329,2022-04-01,12,1,0,0,0,0,0
5315329,2022-04-02,10,2,0,0,0,0,0
5315329,2022-04-03,9,1,0,0,25,25,0
5315329,2022-04-04,9,0,0,0,0,25,0
5315329,2022-04-05,8,1,0,0,0,25,0
5315329,2022-04-06,7,1,0,0,0,25,0
5315329,2022-04-07,7,0,0,0,0,25,0
5315329,2022-04-08,6,1,0,0,0,25,0
5315329,2022-04-09,6,0,0,0,0,25,0
5315329,2022-04-10,6,0,0,0,0,25,0
5315329,2022-04-11,5,1,0,0,0,25,0
5315329,2022-04-12,3,2,0,0,0,25,0
5315329,2022-04-13,3,0,0,0,0,25,0
5315329,2022-04-14,2,1,0,0,0,25,0
5315329,2022-04-15,0,3,1,0,0,25,1
5315329,2022-04-16,0,2,2,0,0,25,1
5315329,2022-04-17,25,0,0,25,0,0,0
5315329,2022-04-18,24,1,0,0,0,0,0
5315329,2022-04-19,24,0,0,0,0,0,0
5315329,2022-04-20,23,1,0,0,0,0,0
5315329,2022-04-21,23,0,0,0,0,0,0
5315329,2022-04-22,23,0,0,0,0,0,0
5315329,2022-04-23,22,1,0,0,0,0,0
5315329,2022-04-24,22,0,0,0,0,0,0
5315329,2022-04-25,19,3,0,0,0,0,0
5315329,2022-04-26,18,1,0,0,0,0,0
5315329,2022-04-27,17,1,0,0,0,0,0
5315329,2022-04-28,17,0,0,0,0,0,0
5315329,2022-04-29,17,0,0,0,0,0,0
5315329,2022-04-30,16,1,0,0,0,0,0
5315329,2022-05-01,15,1,0,0,0,0,0
5315329,2022-05-02,15,0,0,0,0,0,0
5315329,2022-05-03,15,0,0,0,0,0,0
5315329,2022-05-04,15,0,0,0,0,0,0
5315329,2022-05-05,14,1,0,0,0,0,0
5315329,2022-05-06,13,1,0,0,0,0,0
5315329,2022-05-07,12,1,0,0,32,32,0
5315329,2022-05-08,10,2,0,0,0,32,0
5315329,2022-05-09,10,0,0,0,0,32,0
5315329,2022-05-10,10,0,0,0,0,32,0
5315329,2022-05-11,10,0,0,0,0,32,0
5315329,2022-05-12,10,0,0,0,0,32,0
5315329,2022-05-13,10,0,0,0,0,32,0
5315329,2022-05-14,8,2,0,0,0,32,0
5315329,2022-05-15,7,1,0,0,0,32,0
5315329,2022-05-16,7,0,0,0,0,32,0
5315329,2022-05-17,7,0,0,0,0,32,0
5315329,2022-05-18,6,1,0,0,0,32,0
5315329,2022-05-19,6,0,0,0,0,32,0
5315329,2022-05-20,5,1,0,0,0,32,0
5315329,2022-05-21,37,0,0,32,0,0,0
5315329,2022-05-22,36,1,0,0,0,0,0
5315329,2022-05-23,34,2,0,0,0,0,0
5315329,2022-05-24,33,1,0,0,0,0,0
5315329,2022-05-25,33,0,0,0,0,0,0
5315329,2022-05-26,31,2,0,0,0,0,0
5315329,2022-05-27,31,0,0,0,0,0,0
5315329,2022-05-28,29,2,0,0,0,0,0
5315329,2022-05-29,28,1,0,0,0,0,0
5315329,2022-05-30,27,1,0,0,0,0,0
5315329,2022-05-31,26,1,0,0,0,0,0
5315329,2022-06-01,24,2,0,0,0,0,0
5315329,2022-06-02,20,4,0,0,0,0,0
5315329,2022-06-03,19,1,0,0,0,0,0
5315329,2022-06-04,19,0,0,0,0,0,0
5315329,2022-06-05,19,0,0,0,0,0,0
5315329,2022-06-06,19,0,0,0,0,0,0
5315329,2022-06-07,18,1,0,0,0,0,0
5315329,2022-06-08,18,0,0,0,0,0,0
5315329,2022-06-09,18,0,0,0,0,0,0
5315329,2022-06-10,16,2,0,0,0,0,0
5315329,2022-06-11,16,0,0,0,0,0,0
5315329,2022-06-12,15,1,0,0,0,0,0
5315329,2022-06-13,15,0,0,0,0,0,0
5315329,2022-06-14,15,0,0,0,0,0,0
5315329,2022-06-15,12,3,0,0,36,36,0
5315329,2022-06-16,11,1,0,0,0,36,0
5315329,2022-06-17,11,0,0,0,0,36,0
5315329,2022-06-18,9,2,0,0,0,36,0
5315329,2022-06-19,8,1,0,0,0,36,0
5315329,2022-06-20,8,0,0,0,0,36,0
5315329,2022-06-21,8,0,0,0,0,36,0
5315329,2022-06-22,8,0,0,0,0,36,0
5315329,2022-06-23,8,0,0,0,0,36,0
5315329,2022-06-24,7,1,0,0,0,36,0
5315329,2022-06-25,6,1,0,0,0,36,0
5315329,2022-06-26,6,0,0,0,0,36,0
5315329,2022-06-27,4,2,0,0,0,36,0
5315329,2022-06-28,4,0,0,0,0,36,0
5315329,2022-06-29,31,2,0,29,0,0,0
5315329,2022-06-30,31,0,0,0,0,0,0
5315329,2022-07-01,31,0,0,0,0,0,0
5315329,2022-07-02,30,1,0,0,0,0,0
5315329,2022-07-03,30,0,0,0,0,0,0
5315329,2022-07-04,30,0,0,0,0,0,0
5315329,2022-07-05,30,0,0,0,0,0,0
5315329,2022-07-06,28,2,0,0,0,0,0
5315329,2022-07-07,28,0,0,0,0,0,0
5315329,2022-07-08,26,2,0,0,0,0,0
5315329,2022-07-09,25,1,0,0,0,0,0
5315329,2022-07-10,22,3,0,0,0,0,0
5315329,2022-07-11,21,1,0,0,0,0,0
5315329,2022-07-12,21,0,0,0,0,0,0
5315329,2022-07-13,20,1,0,0,0,0,0
5315329,2022-07-14,19,1,0,0,0,0,0
5315329,2022-07-15,19,0,0,0,0,0,0
5315329,2022-07-16,17,2,0,0,0,0,0
5315329,2022-07-17,15,2,0,0,43,43,0
5315329,2022-07-18,14,1,0,0,0,43,0
5315329,2022-07-19,13,1,0,0,0,43,0
5315329,2022-07-20,12,1,0,0,0,43,0
5315329,2022-07-21,12,0,0,0,0,43,0
5315329,2022-07-22,10,2,0,0,0,43,0
5315329,2022-07-23,9,1,0,0,0,43,0
5315329,2022-07-24,8,1,0,0,0,43,0
5315329,2022-07-25,7,1,0,0,0,43,0
5315329,2022-07-26,6,1,0,0,0,43,0
5315329,2022-07-27,6,0,0,0,0,43,0
5315329,2022-07-28,5,1,0,0,0,43,0
5315329,2022-07-29,3,2,0,0,0,43,0
5315329,2022-07-30,1,2,0,0,0,43,0
5315329,2022-07-31,43,1,0,43,0,0,0
5315329,2022-08-01,41,2,0,0,0,0,0
5315329,2022-08-02,41,0,0,0,0,0,0
5315329,2022-08-03,40,1,0,0,0,0,0
5315329,2022-08-04,39,1,0,0,0,0,0
5315329,2022-08-05,39,0,0,0,0,0,0
5315329,2022-08-06,37,2,0,0,0,0,0
5315329,2022-08-07,37,0,0,0,0,0,0
5315329,2022-08-08,37,0,0,0,0,0,0
5315329,2022-08-09,37,0,0,0,0,0,0
5315329,2022-08-10,37,0,0,0,0,0,0
5315329,2022-08-11,37,0,0,0,0,0,0
5315329,2022-08-12,36,1,0,0,0,0,0
5315329,2022-08-13,36,0,0,0,0,0,0
5315329,2022-08-14,33,3,0,0,0,0,0
5315329,2022-08-15,33,0,0,0,0,0,0
5315329,2022-08-16,33,0,0,0,0,0,0
5315329,2022-08-17,31,2,0,0,0,0,0
5315329,2022-08-18,31,0,0,0,0,0,0
5315329,2022-08-19,31,0,0,0,0,0,0
5315329,2022-08-20,31,0,0,0,0,0,0
5315329,2022-08-21,30,1,0,0,0,0,0
5315329,2022-08-22,30,0,0,0,0,0,0
5315329,2022-08-23,30,0,0,0,0,0,0
5315329,2022-08-24,30,0,0,0,0,0,0
5315329,2022-08-25,29,1,0,0,0,0,0
5315329,2022-08-26,29,0,0,0,0,0,0
5315329,2022-08-27,27,2,0,0,0,0,0
5315329,2022-08-28,26,1,0,0,0,0,0
5315329,2022-08-29,26,0,0,0,0,0,0
5315329,2022-08-30,26,0,0,0,0,0,0
5315329,2022-08-31,25,1,0,0,0,0,0
5315329,2022-09-01,25,0,0,0,0,0,0
5315329,2022-09-02,23,2,0,0,0,0,0
5315329,2022-09-03,21,2,0,0,0,0,0
5315329,2022-09-04,21,0,0,0,0,0,0
5315329,2022-09-05,20,1,0,0,0,0,0
5315329,2022-09-06,19,1,0,0,0,0,0
5315329,2022-09-07,18,1,0,0,0,0,0
5315329,2022-09-08,16,2,0,0,0,0,0
5315329,2022-09-09,16,0,0,0,0,0,0
5315329,2022-09-10,14,2,0,0,40,40,0
5315329,2022-09-11,12,2,0,0,0,40,0
5315329,2022-09-12,12,0,0,0,0,40,0
5315329,2022-09-13,12,0,0,0,0,40,0
5315329,2022-09-14,11,1,0,0,0,40,0
5315329,2022-09-15,11,0,0,0,0,40,0
5315329,2022-09-16,10,1,0,0,0,40,0
5315329,2022-09-17,10,0,0,0,0,40,0
5315329,2022-09-18,7,3,0,0,0,40,0
5315329,2022-09-19,7,0,0,0,0,40,0
5315329,2022-09-20,7,0,0,0,0,40,0
5315329,2022-09-21,4,3,0,0,0,40,0
5315329,2022-09-22,3,1,0,0,0,40,0
5315329,2022-09-23,3,0,0,0,0,40,0
5315329,2022-09-24,42,1,0,40,0,0,0
5315329,2022-09-25,42,0,0,0,0,0,0
5315329,2022-09-26,41,1,0,0,0,0,0
5315329,2022-09-27,41,0,0,0,0,0,0
5315329,2022-09-28,41,0,0,0,0,0,0
5315329,2022-09-29,41,0,0,0,0,0,0
5315329,2022-09-30,40,1,0,0,0,0,0
5315329,2022-10-01,38,2,0,0,0,0,0
5315329,2022-10-02,37,1,0,0,0,0,0
5315329,2022-10-03,36,1,0,0,0,0,0
5315329,2022-10-04,36,0,0,0,0,0,0
5315329,2022-10-05,35,1,0,0,0,0,0
5315329,2022-10-06,30,5,0,0,0,0,0
5315329,2022-10-07,29,1,0,0,0,0,0
5315329,2022-10-08,29,0,0,0,0,0,0
5315329,2022-10-09,29,0,0,0,0,0,0
5315329,2022-10-10,26,3,0,0,0,0,0
5315329,2022-10-11,26,0,0,0,0,0,0
5315329,2022-10-12,26,0,0,0,0,0,0
5315329,2022-10-13,26,0,0,0,0,0,0
5315329,2022-10-14,26,0,0,0,0,0,0
5315329,2022-10-15,22,4,0,0,0,0,0
5315329,2022-10-16,22,0,0,0,0,0,0
5315329,2022-10-17,20,2,0,0,0,0,0
5315329,2022-10-18,19,1,0,0,0,0,0
5315329,2022-10-19,19,0,0,0,0,0,0
5315329,2022-10-20,18,1,0,0,0,0,0
5315329,2022-10-21,18,0,0,0,0,0,0
5315329,2022-10-22,17,1,0,0,0,0,0
5315329,2022-10-23,16,1,0,0,44,44,0
5315329,2022-10-24,11,5,0,0,0,44,0
5315329,2022-10-25,10,1,0,0,0,44,0
5315329,2022-10-26,7,3,0,0,0,44,0
5315329,2022-10-27,7,0,0,0,0,44,0
5315329,2022-10-28,7,0,0,0,0,44,0
5315329,2022-10-29,6,1,0,0,0,44,0
5315329,2022-10-30,6,0,0,0,0,44,0
5315329,2022-10-31,5,1,0,0,0,44,0
5315329,2022-11-01,3,2,0,0,0,44,0
5315329,2022-11-02,3,0,0,0,0,44,0
5315329,2022-11-03,1,2,0,0,0,44,0
5315329,2022-11-04,0,2,1,0,0,44,1
5315329,2022-11-05,0,1,1,0,0,44,1
5315329,2022-11-06,44,0,0,44,0,0,0
5315329,2022-11-07,43,1,0,0,0,0,0
5315329,2022-11-08,43,0,0,0,0,0,0
5315329,2022-11-09,43,0,0,0,0,0,0
5315329,2022-11-10,41,2,0,0,0,0,0
5315329,2022-11-11,41,0,0,0,0,0,0
5315329,2022-11-12,40,1,0,0,0,0,0
5315329,2022-11-13,39,1,0,0,0,0,0
5315329,2022-11-14,37,2,0,0,0,0,0
5315329,2022-11-15,37,0,0,0,0,0,0
5315329,2022-11-16,35,2,0,0,0,0,0
5315329,2022-11-17,33,2,0,0,0,0,0
5315329,2022-11-18,32,1,0,0,0,0,0
5315329,2022-11-19,30,2,0,0,0,0,0
5315329,2022-11-20,29,1,0,0,0,0,0
5315329,2022-11-21,29,0,0,0,0,0,0
5315329,2022-11-22,28,1,0,0,0,0,0
5315329,2022-11-23,27,1,0,0,0,0,0
5315329,2022-11-24,26,1,0,0,0,0,0
5315329,2022-11-25,24,2,0,0,0,0,0
5315329,2022-11-26,23,1,0,0,0,0,0
5315329,2022-11-27,18,5,0,0,53,53,0
5315329,2022-11-28,17,1,0,0,0,53,0
5315329,2022-11-29,16,1,0,0,0,53,0
5315329,2022-11-30,16,0,0,0,0,53,0
5315329,2022-12-01,16,0,0,0,0,53,0
5315329,2022-12-02,16,0,0,0,0,53,0
5315329,2022-12-03,15,1,0,0,0,53,0
5315329,2022-12-04,15,0,0,0,0,53,0
5315329,2022-12-05,13,2,0,0,0,53,0
5315329,2022-12-06,13,0,0,0,0,53,0
5315329,2022-12-07,13,0,0,0,0,53,0
5315329,2022-12-08,13,0,0,0,0,53,0
5315329,2022-12-09,12,1,0,0,0,53,0
5315329,2022-12-10,12,0,0,0,0,53,0
5315329,2022-12-11,64,1,0,53,0,0,0
5315329,2022-12-12,64,0,0,0,0,0,0
5315329,2022-12-13,63,1,0,0,0,0,0
5315329,2022-12-14,63,0,0,0,0,0,0
5315329,2022-12-15,63,0,0,0,0,0,0
5315329,2022-12-16,62,1,0,0,0,0,0
5315329,2022-12-17,62,0,0,0,0,0,0
5315329,2022-12-18,62,0,0,0,0,0,0
5315329,2022-12-19,61,1,0,0,0,0,0
5315329,2022-12-20,61,0,0,0,0,0,0
5315329,2022-12-21,60,1,0,0,0,0,0
5315329,2022-12-22,60,0,0,0,0,0,0
5315329,2022-12-23,60,0,0,0,0,0,0
5315329,2022-12-24,60,0,0,0,0,0,0
5315329,2022-12-25,59,1,0,0,0,0,0
5315329,2022-12-26,59,0,0,0,0,0,0
5315329,2022-12-27,59,0,0,0,0,0,0
5315329,2022-12-28,59,0,0,0,0,0,0
5315329,2022-12-29,57,2,0,0,0,0,0
5315329,2022-12-30,57,0,0,0,0,0,0
5315329,2022-12-31,57,0,0,0,0,0,0
5315329,2023-01-01,57,0,0,0,0,0,0
5315329,2023-01-02,57,0,0,0,0,0,0
5315329,2023-01-03,57,0,0,0,0,0,0
5315329,2023-01-04,56,1,0,0,0,0,0
5315329,2023-01-05,56,0,0,0,0,0,0
5315329,2023-01-06,53,3,0,0,0,0,0
5315329,2023-01-07,52,1,0,0,0,0,0
5315329,2023-01-08,50,2,0,0,0,0,0
5315329,2023-01-09,48,2,0,0,0,0,0
5315329,2023-01-10,48,0,0,0,0,0,0
5315329,2023-01-11,48,0,0,0,0,0,0
5315329,2023-01-12,48,0,0,0,0,0,0
5315329,2023-01-13,48,0,0,0,0,0,0
5315329,2023-01-14,48,0,0,0,0,0,0
5315329,2023-01-15,48,0,0,0,0,0,0
5315329,2023-01-16,48,0,0,0,0,0,0
5315329,2023-01-17,47,1,0,0,0,0,0
5315329,2023-01-18,46,1,0,0,0,0,0
5315329,2023-01-19,45,1,0,0,0,0,0
5315329,2023-01-20,45,0,0,0,0,0,0
5315329,2023-01-21,43,2,0,0,0,0,0
5315329,2023-01-22,42,1,0,0,0,0,0
5315329,2023-01-23,42,0,0,0,0,0,0
5315329,2023-01-24,42,0,0,0,0,0,0
5315329,2023-01-25,41,1,0,0,0,0,0
5315329,2023-01-26,39,2,0,0,0,0,0
5315329,2023-01-27,38,1,0,0,0,0,0
5315329,2023-01-28,38,0,0,0,0,0,0
5315329,2023-01-29,37,1,0,0,0,0,0
5315329,2023-01-30,37,0,0,0,0,0,0
5315329,2023-01-31,35,2,0,0,0,0,0
5315329,2023-02-01,34,1,0,0,0,0,0
5315329,2023-02-02,33,1,0,0,0,0,0
5315329,2023-02-03,31,2,0,0,0,0,0
5315329,2023-02-04,30,1,0,0,0,0,0
5315329,2023-02-05,30,0,0,0,0,0,0
5315329,2023-02-06,27,3,0,0,0,0,0
5315329,2023-02-07,24,3,0,0,0,0,0
5315329,2023-02-08,24,0,0,0,0,0,0
5315329,2023-02-09,23,1,0,0,0,0,0
5315329,2023-02-10,19,4,0,0,0,0,0
5315329,2023-02-11,18,1,0,0,0,0,0
5315329,2023-02-12,17,1,0,0,0,0,0
5315329,2023-02-13,16,1,0,0,0,0,0
5315329,2023-02-14,14,2,0,0,40,40,0
5315329,2023-02-15,14,0,0,0,0,40,0
5315329,2023-02-16,13,1,0,0,0,40,0
5315329,2023-02-17,13,0,0,0,0,40,0
5315329,2023-02-18,12,1,0,0,0,40,0
5315329,2023-02-19,12,0,0,0,0,40,0
5315329,2023-02-20,10,2,0,0,0,40,0
5315329,2023-02-21,9,1,0,0,0,40,0
5315329,2023-02-22,9,0,0,0,0,40,0
5315329,2023-02-23,8,1,0,0,0,40,0
5315329,2023-02-24,8,0,0,0,0,40,0
5315329,2023-02-25,8,0,0,0,0,40,0
5315329,2023-02-26,8,0,0,0,0,40,0
5315329,2023-02-27,8,0,0,0,0,40,0
5315329,2023-02-28,47,1,0,40,0,0,0
5315329,2023-03-01,45,2,0,0,0,0,0
5315329,2023-03-02,43,2,0,0,0,0,0
5315329,2023-03-03,43,0,0,0,0,0,0
5315329,2023-03-04,41,2,0,0,0,0,0
5315329,2023-03-05,41,0,0,0,0,0,0
5315329,2023-03-06,41,0,0,0,0,0,0
5315329,2023-03-07,40,1,0,0,0,0,0
5315329,2023-03-08,39,1,0,0,0,0,0
5315329,2023-03-09,38,1,0,0,0,0,0
5315329,2023-03-10,38,0,0,0,0,0,0
5315329,2023-03-11,38,0,0,0,0,0,0
5315329,2023-03-12,36,2,0,0,0,0,0
5315329,2023-03-13,36,0,0,0,0,0,0
5315329,2023-03-14,36,0,0,0,0,0,0
5315329,2023-03-15,36,0,0,0,0,0,0
5315329,2023-03-16,36,0,0,0,0,0,0
5315329,2023-03-17,36,0,0,0,0,0,0
5315329,2023-03-18,36,0,0,0,0,0,0
5315329,2023-03-19,35,1,0,0,0,0,0
5315329,2023-03-20,34,1,0,0,0,0,0
5315329,2023-03-21,33,1,0,0,0,0,0
5315329,2023-03-22,33,0,0,0,0,0,0
5315329,2023-03-23,33,0,0,0,0,0,0
5315329,2023-03-24,33,0,0,0,0,0,0
5315329,2023-03-25,33,0,0,0,0,0,0
5315329,2023-03-26,31,2,0,0,0,0,0
5315329,2023-03-27,28,3,0,0,0,0,0
5315329,2023-03-28,27,1,0,0,0,0,0
5315329,2023-03-29,26,1,0,0,0,0,0
5315329,2023-03-30,25,1,0,0,0,0,0
5315329,2023-03-31,25,0,0,0,0,0,0
5315329,2023-04-01,22,3,0,0,0,0,0
5315329,2023-04-02,19,3,0,0,0,0,0
5315329,2023-04-03,17,2,0,0,0,0,0
5315329,2023-04-04,14,3,0,0,44,44,0
5315329,2023-04-05,13,1,0,0,0,44,0
5315329,2023-04-06,12,1,0,0,0,44,0
5315329,2023-04-07,11,1,0,0,0,44,0
5315329,2023-04-08,10,1,0,0,0,44,0
5315329,2023-04-09,10,0,0,0,0,44,0
5315329,2023-04-10,9,1,0,0,0,44,0
5315329,2023-04-11,9,0,0,0,0,44,0
5315329,2023-04-12,8,1,0,0,0,44,0
5315329,2023-04-13,6,2,0,0,0,44,0
5315329,2023-04-14,5,1,0,0,0,44,0
5315329,2023-04-15,4,1,0,0,0,44,0
5315329,2023-04-16,3,1,0,0,0,44,0
5315329,2023-04-17,1,2,0,0,0,44,0
5315329,2023-04-18,44,1,0,44,0,0,0
5315329,2023-04-19,44,0,0,0,0,0,0
5315329,2023-04-20,43,1,0,0,0,0,0
5315329,2023-04-21,43,0,0,0,0,0,0
5315329,2023-04-22,43,0,0,0,0,0,0
5315329,2023-04-23,41,2,0,0,0,0,0
5315329,2023-04-24,41,0,0,0,0,0,0
5315329,2023-04-25,39,2,0,0,0,0,0
5315329,2023-04-26,39,0,0,0,0,0,0
5315329,2023-04-27,39,0,0,0,0,0,0
5315329,2023-04-28,38,1,0,0,0,0,0
5315329,2023-04-29,35,3,0,0,0,0,0
5315329,2023-04-30,34,1,0,0,0,0,0
5315329,2023-05-01,32,2,0,0,0,0,0
5315329,2023-05-02,31,1,0,0,0,0,0
5315329,2023-05-03,31,0,0,0,0,0,0
5315329,2023-05-04,31,0,0,0,0,0,0
5315329,2023-05-05,31,0,0,0,0,0,0
5315329,2023-05-06,31,0,0,0,0,0,0
5315329,2023-05-07,31,0,0,0,0,0,0
5315329,2023-05-08,29,2,0,0,0,0,0
5315329,2023-05-09,29,0,0,0,0,0,0
5315329,2023-05-10,29,0,0,0,0,0,0
5315329,2023-05-11,29,0,0,0,0,0,0
5315329,2023-05-12,27,2,0,0,0,0,0
5315329,2023-05-13,27,0,0,0,0,0,0
5315329,2023-05-14,27,0,0,0,0,0,0
5315329,2023-05-15,27,0,0,0,0,0,0
5315329,2023-05-16,24,3,0,0,0,0,0
5315329,2023-05-17,22,2,0,0,0,0,0
5315329,2023-05-18,22,0,0,0,0,0,0
5315329,2023-05-19,22,0,0,0,0,0,0
5315329,2023-05-20,21,1,0,0,0,0,0
5315329,2023-05-21,20,1,0,0,0,0,0
5315329,2023-05-22,18,2,0,0,0,0,0
5315329,2023-05-23,16,2,0,0,47,47,0
5315329,2023-05-24,16,0,0,0,0,47,0
5315329,2023-05-25,15,1,0,0,0,47,0
5315329,2023-05-26,14,1,0,0,0,47,0
5315329,2023-05-27,13,1,0,0,0,47,0
5315329,2023-05-28,11,2,0,0,0,47,0
5315329,2023-05-29,11,0,0,0,0,47,0
5315329,2023-05-30,8,3,0,0,0,47,0
5315329,2023-05-31,8,0,0,0,0,47,0
5315329,2023-06-01,5,3,0,0,0,47,0
5315329,2023-06-02,4,1,0,0,0,47,0
5315329,2023-06-03,3,1,0,0,0,47,0
5315329,2023-06-04,2,1,0,0,0,47,0
5315329,2023-06-05,0,2,0,0,0,47,0
5315329,2023-06-06,45,2,0,47,0,0,0
5315329,2023-06-07,43,2,0,0,0,0,0
5315329,2023-06-08,42,1,0,0,0,0,0
5315329,2023-06-09,41,1,0,0,0,0,0
5315329,2023-06-10,39,2,0,0,0,0,0
5315329,2023-06-11,37,2,0,0,0,0,0
5315329,2023-06-12,34,3,0,0,0,0,0
5315329,2023-06-13,34,0,0,0,0,0,0
5315329,2023-06-14,34,0,0,0,0,0,0
5315329,2023-06-15,34,0,0,0,0,0,0
5315329,2023-06-16,33,1,0,0,0,0,0
5315329,2023-06-17,33,0,0,0,0,0,0
5315329,2023-06-18,31,2,0,0,0,0,0
5315329,2023-06-19,31,0,0,0,0,0,0
5315329,2023-06-20,30,1,0,0,0,0,0
5315329,2023-06-21,27,3,0,0,0,0,0
5315329,2023-06-22,25,2,0,0,0,0,0
5315329,2023-06-23,24,1,0,0,0,0,0
5315329,2023-06-24,22,2,0,0,0,0,0
5315329,2023-06-25,22,0,0,0,0,0,0
5315329,2023-06-26,22,0,0,0,0,0,0
5315329,2023-06-27,21,1,0,0,0,0,0
5315329,2023-06-28,20,1,0,0,0,0,0
5315329,2023-06-29,20,0,0,0,0,0,0
5315329,2023-06-30,19,1,0,0,0,0,0
5315329,2023-07-01,19,0,0,0,0,0,0
5315329,2023-07-02,19,0,0,0,0,0,0
5315329,2023-07-03,18,1,0,0,51,51,0
5315329,2023-07-04,17,1,0,0,0,51,0
5315329,2023-07-05,17,0,0,0,0,51,0
5315329,2023-07-06,16,1,0,0,0,51,0
5315329,2023-07-07,14,2,0,0,0,51,0
5315329,2023-07-08,13,1,0,0,0,51,0
5315329,2023-07-09,13,0,0,0,0,51,0
5315329,2023-07-10,12,1,0,0,0,51,0
5315329,2023-07-11,12,0,0,0,0,51,0
5315329,2023-07-12,12,0,0,0,0,51,0
5315329,2023-07-13,10,2,0,0,0,51,0
5315329,2023-07-14,9,1,0,0,0,51,0
5315329,2023-07-15,7,2,0,0,0,51,0
5315329,2023-07-16,6,1,0,0,0,51,0
5315329,2023-07-17,57,0,0,51,0,0,0
5315329,2023-07-18,56,1,0,0,0,0,0
5315329,2023-07-19,56,0,0,0,0,0,0
5315329,2023-07-20,53,3,0,0,0,0,0
5315329,2023-07-21,52,1,0,0,0,0,0
5315329,2023-07-22,51,1,0,0,0,0,0
5315329,2023-07-23,49,2,0,0,0,0,0
5315329,2023-07-24,47,2,0,0,0,0,0
5315329,2023-07-25,47,0,0,0,0,0,0
5315329,2023-07-26,47,0,0,0,0,0,0
5315329,2023-07-27,45,2,0,0,0,0,0
5315329,2023-07-28,44,1,0,0,0,0,0
5315329,2023-07-29,43,1,0,0,0,0,0
5315329,2023-07-30,41,2,0,0,0,0,0
5315329,2023-07-31,40,1,0,0,0,0,0
5315329,2023-08-01,40,0,0,0,0,0,0
5315329,2023-08-02,39,1,0,0,0,0,0
5315329,2023-08-03,37,2,0,0,0,0,0
5315329,2023-08-04,36,1,0,0,0,0,0
5315329,2023-08-05,36,0,0,0,0,0,0
5315329,2023-08-06,36,0,0,0,0,0,0
5315329,2023-08-07,36,0,0,0,0,0,0
5315329,2023-08-08,35,1,0,0,0,0,0
5315329,2023-08-09,35,0,0,0,0,0,0
5315329,2023-08-10,35,0,0,0,0,0,0
5315329,2023-08-11,35,0,0,0,0,0,0
5315329,2023-08-12,34,1,0,0,0,0,0
5315329,2023-08-13,34,0,0,0,0,0,0
5315329,2023-08-14,32,2,0,0,0,0,0
5315329,2023-08-15,32,0,0,0,0,0,0
5315329,2023-08-16,30,2,0,0,0,0,0
5315329,2023-08-17,29,1,0,0,0,0,0
5315329,2023-08-18,26,3,0,0,0,0,0
5315329,2023-08-19,24,2,0,0,0,0,0
5315329,2023-08-20,23,1,0,0,0,0,0
5315329,2023-08-21,22,1,0,0,0,0,0
5315329,2023-08-22,21,1,0,0,0,0,0
5315329,2023-08-23,21,0,0,0,0,0,0
5315329,2023-08-24,21,0,0,0,0,0,0
5315329,2023-08-25,21,0,0,0,0,0,0
5315329,2023-08-26,20,1,0,0,0,0,0
5315329,2023-08-27,18,2,0,0,0,0,0
5315329,2023-08-28,16,2,0,0,45,45,0
5315329,2023-08-29,15,1,0,0,0,45,0
5315329,2023-08-30,15,0,0,0,0,45,0
5315329,2023-08-31,14,1,0,0,0,45,0
5315329,2023-09-01,11,3,0,0,0,45,0
5315329,2023-09-02,10,1,0,0,0,45,0
5315329,2023-09-03,7,3,0,0,0,45,0
5315329,2023-09-04,5,2,0,0,0,45,0
5315329,2023-09-05,4,1,0,0,0,45,0
5315329,2023-09-06,3,1,0,0,0,45,0
5315329,2023-09-07,1,2,0,0,0,45,0
5315329,2023-09-08,0,4,3,0,0,45,1
5315329,2023-09-09,0,0,0,0,0,45,0
5315329,2023-09-10,0,0,0,0,0,45,0
5315329,2023-09-11,45,0,0,45,0,0,0
5315329,2023-09-12,45,0,0,0,0,0,0
5315329,2023-09-13,45,0,0,0,0,0,0
5315329,2023-09-14,43,2,0,0,0,0,0
5315329,2023-09-15,40,3,0,0,0,0,0
5315329,2023-09-16,37,3,0,0,0,0,0
5315329,2023-09-17,36,1,0,0,0,0,0
5315329,2023-09-18,34,2,0,0,0,0,0
5315329,2023-09-19,31,3,0,0,0,0,0
5315329,2023-09-20,29,2,0,0,0,0,0
5315329,2023-09-21,27,2,0,0,0,0,0
5315329,2023-09-22,25,2,0,0,0,0,0
5315329,2023-09-23,24,1,0,0,0,0,0
5315329,2023-09-24,21,3,0,0,0,0,0
5315329,2023-09-25,20,1,0,0,58,58,0
5315329,2023-09-26,19,1,0,0,0,58,0
5315329,2023-09-27,19,0,0,0,0,58,0
5315329,2023-09-28,19,0,0,0,0,58,0
5315329,2023-09-29,19,0,0,0,0,58,0
5315329,2023-09-30,19,0,0,0,0,58,0
5315329,2023-10-01,17,2,0,0,0,58,0
5315329,2023-10-02,17,0,0,0,0,58,0
5315329,2023-10-03,16,1,0,0,0,58,0
5315329,2023-10-04,16,0,0,0,0,58,0
5315329,2023-10-05,16,0,0,0,0,58,0
5315329,2023-10-06,15,1,0,0,0,58,0
5315329,2023-10-07,13,2,0,0,0,58,0
5315329,2023-10-08,12,1,0,0,0,58,0
5315329,2023-10-09,70,0,0,58,0,0,0
5315329,2023-10-10,70,0,0,0,0,0,0
5315329,2023-10-11,70,0,0,0,0,0,0
5315329,2023-10-12,69,1,0,0,0,0,0
5315329,2023-10-13,69,0,0,0,0,0,0
5315329,2023-10-14,69,0,0,0,0,0,0
5315329,2023-10-15,68,1,0,0,0,0,0
5315329,2023-10-16,68,0,0,0,0,0,0
5315329,2023-10-17,68,0,0,0,0,0,0
5315329,2023-10-18,68,0,0,0,0,0,0
5315329,2023-10-19,67,1,0,0,0,0,0
5315329,2023-10-20,65,2,0,0,0,0,0
5315329,2023-10-21,64,1,0,0,0,0,0
5315329,2023-10-22,64,0,0,0,0,0,0
5315329,2023-10-23,62,2,0,0,0,0,0
5315329,2023-10-24,62,0,0,0,0,0,0
5315329,2023-10-25,62,0,0,0,0,0,0
5315329,2023-10-26,61,1,0,0,0,0,0
5315329,2023-10-27,58,3,0,0,0,0,0
5315329,2023-10-28,58,0,0,0,0,0,0
5315329,2023-10-29,56,2,0,0,0,0,0
5315329,2023-10-30,56,0,0,0,0,0,0
5315329,2023-10-31,55,1,0,0,0,0,0
5315329,2023-11-01,55,0,0,0,0,0,0
5315329,2023-11-02,54,1,0,0,0,0,0
5315329,2023-11-03,53,1,0,0,0,0,0
5315329,2023-11-04,53,0,0,0,0,0,0
5315329,2023-11-05,52,1,0,0,0,0,0
5315329,2023-11-06,52,0,0,0,0,0,0
5315329,2023-11-07,52,0,0,0,0,0,0
5315329,2023-11-08,52,0,0,0,0,0,0
5315329,2023-11-09,52,0,0,0,0,0,0
5315329,2023-11-10,50,2,0,0,0,0,0
5315329,2023-11-11,47,3,0,0,0,0,0
5315329,2023-11-12,47,0,0,0,0,0,0
5315329,2023-11-13,47,0,0,0,0,0,0
5315329,2023-11-14,45,2,0,0,0,0,0
5315329,2023-11-15,45,0,0,0,0,0,0
5315329,2023-11-16,45,0,0,0,0,0,0
5315329,2023-11-17,45,0,0,0,0,0,0
5315329,2023-11-18,43,2,0,0,0,0,0
5315329,2023-11-19,42,1,0,0,0,0,0
5315329,2023-11-20,41,1,0,0,0,0,0
5315329,2023-11-21,41,0,0,0,0,0,0
5315329,2023-11-22,39,2,0,0,0,0,0
5315329,2023-11-23,36,3,0,0,0,0,0
5315329,2023-11-24,35,1,0,0,0,0,0
5315329,2023-11-25,30,5,0,0,0,0,0
5315329,2023-11-26,24,6,0,0,0,0,0
5315329,2023-11-27,23,1,0,0,0,0,0
5315329,2023-11-28,23,0,0,0,0,0,0
5315329,2023-11-29,23,0,0,0,0,0,0
5315329,2023-11-30,22,1,0,0,0,0,0
5315329,2023-12-01,22,0,0,0,0,0,0
5315329,2023-12-02,21,1,0,0,0,0,0
5315329,2023-12-03,20,1,0,0,0,0,0
5315329,2023-12-04,19,1,0,0,0,0,0
5315329,2023-12-05,19,0,0,0,0,0,0
5315329,2023-12-06,18,1,0,0,0,0,0
5315329,2023-12-07,17,1,0,0,0,0,0
5315329,2023-12-08,15,2,0,0,45,45,0
5315329,2023-12-09,13,2,0,0,0,45,0
5315329,2023-12-10,13,0,0,0,0,45,0
5315329,2023-12-11,12,1,0,0,0,45,0
5315329,2023-12-12,11,1,0,0,0,45,0
5315329,2023-12-13,11,0,0,0,0,45,0
5315329,2023-12-14,11,0,0,0,0,45,0
5315329,2023-12-15,11,0,0,0,0,45,0
5315329,2023-12-16,9,2,0,0,0,45,0
5315329,2023-12-17,9,0,0,0,0,45,0
5315329,2023-12-18,9,0,0,0,0,45,0
5315329,2023-12-19,7,2,0,0,0,45,0
5315329,2023-12-20,6,1,0,0,0,45,0
5315329,2023-12-21,4,2,0,0,0,45,0
5315329,2023-12-22,48,1,0,45,0,0,0
5315329,2023-12-23,45,3,0,0,0,0,0
5315329,2023-12-24,44,1,0,0,0,0,0
5315329,2023-12-25,43,1,0,0,0,0,0
5315329,2023-12-26,42,1,0,0,0,0,0
5315329,2023-12-27,41,1,0,0,0,0,0
5315329,2023-12-28,41,0,0,0,0,0,0
5315329,2023-12-29,41,0,0,0,0,0,0
5315329,2023-12-30,41,0,0,0,0,0,0
5315329,2023-12-31,39,2,0,0,0,0,0
5315329,2024-01-01,39,0,0,0,0,0,0
5315329,2024-01-02,37,2,0,0,0,0,0
5315329,2024-01-03,37,0,0,0,0,0,0
5315329,2024-01-04,37,0,0,0,0,0,0
5315329,2024-01-05,37,0,0,0,0,0,0
5315329,2024-01-06,36,1,0,0,0,0,0
5315329,2024-01-07,35,1,0,0,0,0,0
5315329,2024-01-08,34,1,0,0,0,0,0
5315329,2024-01-09,33,1,0,0,0,0,0
5315329,2024-01-10,33,0,0,0,0,0,0
5315329,2024-01-11,31,2,0,0,0,0,0
5315329,2024-01-12,30,1,0,0,0,0,0
5315329,2024-01-13,27,3,0,0,0,0,0
5315329,2024-01-14,26,1,0,0,0,0,0
5315329,2024-01-15,24,2,0,0,0,0,0
5315329,2024-01-16,24,0,0,0,0,0,0
5315329,2024-01-17,23,1,0,0,0,0,0
5315329,2024-01-18,23,0,0,0,0,0,0
5315329,2024-01-19,23,0,0,0,0,0,0
5315329,2024-01-20,22,1,0,0,0,0,0
5315329,2024-01-21,19,3,0,0,0,0,0
5315329,2024-01-22,18,1,0,0,0,0,0
5315329,2024-01-23,18,0,0,0,0,0,0
5315329,2024-01-24,16,2,0,0,44,44,0
5315329,2024-01-25,15,1,0,0,0,44,0
5315329,2024-01-26,11,4,0,0,0,44,0
5315329,2024-01-27,9,2,0,0,0,44,0
5315329,2024-01-28,8,1,0,0,0,44,0
5315329,2024-01-29,8,0,0,0,0,44,0
5315329,2024-01-30,8,0,0,0,0,44,0
5315329,2024-01-31,6,2,0,0,0,44,0
5315329,2024-02-01,5,1,0,0,0,44,0
5315329,2024-02-02,3,2,0,0,0,44,0
5315329,2024-02-03,1,2,0,0,0,44,0
5315329,2024-02-04,0,1,0,0,0,44,0
5315329,2024-02-05,0,0,0,0,0,44,0
5315329,2024-02-06,0,1,1,0,0,44,1
5315329,2024-02-07,44,0,0,44,0,0,0
5315329,2024-02-08,44,0,0,0,0,0,0
5315329,2024-02-09,43,1,0,0,0,0,0
5315329,2024-02-10,42,1,0,0,0,0,0
5315329,2024-02-11,39,3,0,0,0,0,0
5315329,2024-02-12,37,2,0,0,0,0,0
5315329,2024-02-13,36,1,0,0,0,0,0
5315329,2024-02-14,36,0,0,0,0,0,0
5315329,2024-02-15,33,3,0,0,0,0,0
5315329,2024-02-16,33,0,0,0,0,0,0
5315329,2024-02-17,32,1,0,0,0,0,0
5315329,2024-02-18,31,1,0,0,0,0,0
5315329,2024-02-19,31,0,0,0,0,0,0
5315329,2024-02-20,30,1,0,0,0,0,0
5315329,2024-02-21,30,0,0,0,0,0,0
5315329,2024-02-22,30,0,0,0,0,0,0
5315329,2024-02-23,28,2,0,0,0,0,0
5315329,2024-02-24,26,2,0,0,0,0,0
5315329,2024-02-25,25,1,0,0,0,0,0
5315329,2024-02-26,25,0,0,0,0,0,0
5315329,2024-02-27,25,0,0,0,0,0,0
5315329,2024-02-28,24,1,0,0,0,0,0
5315329,2024-02-29,23,1,0,0,0,0,0
6695684,2022-03-01,31,0,0,0,0,0,0
6695684,2022-03-02,31,0,0,0,0,0,0
6695684,2022-03-03,31,0,0,0,0,0,0
6695684,2022-03-04,31,0,0,0,0,0,0
6695684,2022-03-05,31,0,0,0,0,0,0
6695684,2022-03-06,31,0,0,0,0,0,0
6695684,2022-03-07,31,0,0,0,0,0,0
6695684,2022-03-08,29,2,0,0,0,0,0
6695684,2022-03-09,29,0,0,0,0,0,0
6695684,2022-03-10,29,0,0,0,0,0,0
6695684,2022-03-11,29,0,0,0,0,0,0
6695684,2022-03-12,29,0,0,0,0,0,0
6695684,2022-03-13,28,1,0,0,0,0,0
6695684,2022-03-14,27,1,0,0,0,0,0
6695684,2022-03-15,27,0,0,0,0,0,0
6695684,2022-03-16,26,1,0,0,0,0,0
6695684,2022-03-17,23,3,0,0,0,0,0
6695684,2022-03-18,23,0,0,0,0,0,0
6695684,2022-03-19,22,1,0,0,0,0,0
6695684,2022-03-20,19,3,0,0,0,0,0
6695684,2022-03-21,19,0,0,0,0,0,0
6695684,2022-03-22,19,0,0,0,0,0,0
6695684,2022-03-23,19,0,0,0,0,0,0
6695684,2022-03-24,18,1,0,0,0,0,0
6695684,2022-03-25,17,1,0,0,0,0,0
6695684,2022-03-26,16,1,0,0,0,0,0
6695684,2022-03-27,16,0,0,0,0,0,0
6695684,2022-03-28,15,1,0,0,28,28,0
6695684,2022-03-29,14,1,0,0,0,28,0
6695684,2022-03-30,14,0,0,0,0,28,0
6695684,2022-03-31,12,2,0,0,0,28,0
6695684,2022-04-01,12,0,0,0,0,28,0
6695684,2022-04-02,12,0,0,0,0,28,0
6695684,2022-04-03,11,1,0,0,0,28,0
6695684,2022-04-04,9,2,0,0,0,28,0
6695684,2022-04-05,9,0,0,0,0,28,0
6695684,2022-04-06,9,0,0,0,0,28,0
6695684,2022-04-07,9,0,0,0,0,28,0
6695684,2022-04-08,9,0,0,0,0,28,0
6695684,2022-04-09,9,0,0,0,0,28,0
6695684,2022-04-10,8,1,0,0,0,28,0
6695684,2022-04-11,8,0,0,0,0,28,0
6695684,2022-04-12,6,2,0,0,0,28,0
6695684,2022-04-13,6,0,0,0,0,28,0
6695684,2022-04-14,6,0,0,0,0,28,0
6695684,2022-04-15,6,0,0,0,0,28,0
6695684,2022-04-16,4,2,0,0,0,28,0
6695684,2022-04-17,4,0,0,0,0,28,0
6695684,2022-04-18,31,1,0,28,0,0,0
6695684,2022-04-19,31,0,0,0,0,0,0
6695684,2022-04-20,30,1,0,0,0,0,0
6695684,2022-04-21,28,2,0,0,0,0,0
6695684,2022-04-22,27,1,0,0,0,0,0
6695684,2022-04-23,25,2,0,0,0,0,0
6695684,2022-04-24,24,1,0,0,0,0,0
6695684,2022-04-25,24,0,0,0,0,0,0
6695684,2022-04-26,24,0,0,0,0,0,0
6695684,2022-04-27,22,2,0,0,0,0,0
6695684,2022-04-28,22,0,0,0,0,0,0
6695684,2022-04-29,22,0,0,0,0,0,0
6695684,2022-04-30,21,1,0,0,0,0,0
6695684,2022-05-01,21,0,0,0,0,0,0
6695684,2022-05-02,21,0,0,0,0,0,0
6695684,2022-05-03,20,1,0,0,0,0,0
6695684,2022-05-04,20,0,0,0,0,0,0
6695684,2022-05-05,20,0,0,0,0,0,0
6695684,2022-05-06,19,1,0,0,0,0,0
6695684,2022-05-07,18,1,0,0,34,34,0
6695684,2022-05-08,15,3,0,0,0,34,0
6695684,2022-05-09,15,0,0,0,0,34,0
6695684,2022-05-10,15,0,0,0,0,34,0
6695684,2022-05-11,15,0,0,0,0,34,0
6695684,2022-05-12,15,0,0,0,0,34,0
6695684,2022-05-13,15,0,0,0,0,34,0
6695684,2022-05-14,15,0,0,0,0,34,0
6695684,2022-05-15,15,0,0,0,0,34,0
6695684,2022-05-16,14,1,0,0,0,34,0
6695684,2022-05-17,14,0,0,0,0,34,0
6695684,2022-05-18,13,1,0,0,0,34,0
6695684,2022-05-19,12,1,0,0,0,34,0
6695684,2022-05-20,11,1,0,0,0,34,0
6695684,2022-05-21,11,0,0,0,0,34,0
6695684,2022-05-22,11,0,0,0,0,34,0
6695684,2022-05-23,10,1,0,0,0,34,0
6695684,2022-05-24,9,1,0,0,0,34,0
6695684,2022-05-25,8,1,0,0,0,34,0
6695684,2022-05-26,8,0,0,0,0,34,0
6695684,2022-05-27,7,1,0,0,0,34,0
6695684,2022-05-28,41,0,0,34,0,0,0
6695684,2022-05-29,40,1,0,0,0,0,0
6695684,2022-05-30,39,1,0,0,0,0,0
6695684,2022-05-31,39,0,0,0,0,0,0
6695684,2022-06-01,39,0,0,0,0,0,0
6695684,2022-06-02,38,1,0,0,0,0,0
6695684,2022-06-03,37,1,0,0,0,0,0
6695684,2022-06-04,36,1,0,0,0,0,0
6695684,2022-06-05,34,2,0,0,0,0,0
6695684,2022-06-06,34,0,0,0,0,0,0
6695684,2022-06-07,34,0,0,0,0,0,0
6695684,2022-06-08,32,2,0,0,0,0,0
6695684,2022-06-09,32,0,0,0,0,0,0
6695684,2022-06-10,31,1,0,0,0,0,0
6695684,2022-06-11,31,0,0,0,0,0,0
6695684,2022-06-12,31,0,0,0,0,0,0
6695684,2022-06-13,30,1,0,0,0,0,0
6695684,2022-06-14,30,0,0,0,0,0,0
6695684,2022-06-15,28,2,0,0,0,0,0
6695684,2022-06-16,27,1,0,0,0,0,0
6695684,2022-06-17,27,0,0,0,0,0,0
6695684,2022-06-18,27,0,0,0,0,0,0
6695684,2022-06-19,26,1,0,0,0,0,0
6695684,2022-06-20,24,2,0,0,0,0,0
6695684,2022-06-21,23,1,0,0,0,0,0
6695684,2022-06-22,23,0,0,0,0,0,0
6695684,2022-06-23,22,1,0,0,0,0,0
6695684,2022-06-24,22,0,0,0,0,0,0
6695684,2022-06-25,21,1,0,0,0,0,0
6695684,2022-06-26,21,0,0,0,0,0,0
6695684,2022-06-27,21,0,0,0,0,0,0
6695684,2022-06-28,20,1,0,0,0,0,0
6695684,2022-06-29,20,0,0,0,0,0,0
6695684,2022-06-30,20,0,0,0,0,0,0
6695684,2022-07-01,20,0,0,0,0,0,0
6695684,2022-07-02,20,0,0,0,0,0,0
6695684,2022-07-03,18,2,0,0,0,0,0
6695684,2022-07-04,17,1,0,0,0,0,0
6695684,2022-07-05,13,4,0,0,29,29,0
6695684,2022-07-06,13,0,0,0,0,29,0
6695684,2022-07-07,13,0,0,0,0,29,0
6695684,2022-07-08,12,1,0,0,0,29,0
6695684,2022-07-09,11,1,0,0,0,29,0
6695684,2022-07-10,11,0,0,0,0,29,0
6695684,2022-07-11,9,2,0,0,0,29,0
6695684,2022-07-12,9,0,0,0,0,29,0
6695684,2022-07-13,7,2,0,0,0,29,0
6695684,2022-07-14,6,1,0,0,0,29,0
6695684,2022-07-15,5,1,0,0,0,29,0
6695684,2022-07-16,4,1,0,0,0,29,0
6695684,2022-07-17,4,0,0,0,0,29,0
6695684,2022-07-18,4,0,0,0,0,29,0
6695684,2022-07-19,4,0,0,0,0,29,0
6695684,2022-07-20,4,0,0,0,0,29,0
6695684,2022-07-21,4,0,0,0,0,29,0
6695684,2022-07-22,3,1,0,0,0,29,0
6695684,2022-07-23,1,2,0,0,0,29,0
6695684,2022-07-24,0,1,0,0,0,29,0
6695684,2022-07-25,0,1,1,0,0,29,1
6695684,2022-07-26,29,0,0,29,0,0,0
6695684,2022-07-27,26,3,0,0,0,0,0
6695684,2022-07-28,25,1,0,0,0,0,0
6695684,2022-07-29,24,1,0,0,0,0,0
6695684,2022-07-30,23,1,0,0,0,0,0
6695684,2022-07-31,22,1,0,0,0,0,0
6695684,2022-08-01,22,0,0,0,0,0,0
6695684,2022-08-02,21,1,0,0,0,0,0
6695684,2022-08-03,20,1,0,0,0,0,0
6695684,2022-08-04,20,0,0,0,0,0,0
6695684,2022-08-05,18,2,0,0,37,37,0
6695684,2022-08-06,17,1,0,0,0,37,0
6695684,2022-08-07,16,1,0,0,0,37,0
6695684,2022-08-08,15,1,0,0,0,37,0
6695684,2022-08-09,15,0,0,0,0,37,0
6695684,2022-08-10,14,1,0,0,0,37,0
6695684,2022-08-11,14,0,0,0,0,37,0
6695684,2022-08-12,12,2,0,0,0,37,0
6695684,2022-08-13,12,0,0,0,0,37,0
6695684,2022-08-14,11,1,0,0,0,37,0
6695684,2022-08-15,11,0,0,0,0,37,0
6695684,2022-08-16,9,2,0,0,0,37,0
6695684,2022-08-17,9,0,0,0,0,37,0
6695684,2022-08-18,9,0,0,0,0,37,0
6695684,2022-08-19,9,0,0,0,0,37,0
6695684,2022-08-20,8,1,0,0,0,37,0
6695684,2022-08-21,8,0,0,0,0,37,0
6695684,2022-08-22,8,0,0,0,0,37,0
6695684,2022-08-23,7,1,0,0,0,37,0
6695684,2022-08-24,6,1,0,0,0,37,0
6695684,2022-08-25,6,0,0,0,0,37,0
6695684,2022-08-26,43,0,0,37,0,0,0
6695684,2022-08-27,42,1,0,0,0,0,0
6695684,2022-08-28,40,2,0,0,0,0,0
6695684,2022-08-29,39,1,0,0,0,0,0
6695684,2022-08-30,39,0,0,0,0,0,0
6695684,2022-08-31,39,0,0,0,0,0,0
6695684,2022-09-01,39,0,0,0,0,0,0
6695684,2022-09-02,39,0,0,0,0,0,0
6695684,2022-09-03,38,1,0,0,0,0,0
6695684,2022-09-04,37,1,0,0,0,0,0
6695684,2022-09-05,36,1,0,0,0,0,0
6695684,2022-09-06,35,1,0,0,0,0,0
6695684,2022-09-07,35,0,0,0,0,0,0
6695684,2022-09-08,34,1,0,0,0,0,0
6695684,2022-09-09,33,1,0,0,0,0,0
6695684,2022-09-10,32,1,0,0,0,0,0
6695684,2022-09-11,30,2,0,0,0,0,0
6695684,2022-09-12,30,0,0,0,0,0,0
6695684,2022-09-13,29,1,0,0,0,0,0
6695684,2022-09-14,28,1,0,0,0,0,0
6695684,2022-09-15,27,1,0,0,0,0,0
6695684,2022-09-16,27,0,0,0,0,0,0
6695684,2022-09-17,27,0,0,0,0,0,0
6695684,2022-09-18,27,0,0,0,0,0,0
6695684,2022-09-19,27,0,0,0,0,0,0
6695684,2022-09-20,25,2,0,0,0,0,0
6695684,2022-09-21,25,0,0,0,0,0,0
6695684,2022-09-22,24,1,0,0,0,0,0
6695684,2022-09-23,22,2,0,0,0,0,0
6695684,2022-09-24,19,3,0,0,0,0,0
6695684,2022-09-25,18,1,0,0,36,36,0
6695684,2022-09-26,18,0,0,0,0,36,0
6695684,2022-09-27,18,0,0,0,0,36,0
6695684,2022-09-28,17,1,0,0,0,36,0
6695684,2022-09-29,16,1,0,0,0,36,0
6695684,2022-09-30,15,1,0,0,0,36,0
6695684,2022-10-01,15,0,0,0,0,36,0
6695684,2022-10-02,14,1,0,0,0,36,0
6695684,2022-10-03,13,1,0,0,0,36,0
6695684,2022-10-04,13,0,0,0,0,36,0
6695684,2022-10-05,13,0,0,0,0,36,0
6695684,2022-10-06,13,0,0,0,0,36,0
6695684,2022-10-07,13,0,0,0,0,36,0
6695684,2022-10-08,11,2,0,0,0,36,0
6695684,2022-10-09,10,1,0,0,0,36,0
6695684,2022-10-10,10,0,0,0,0,36,0
6695684,2022-10-11,10,0,0,0,0,36,0
6695684,2022-10-12,10,0,0,0,0,36,0
6695684,2022-10-13,10,0,0,0,0,36,0
6695684,2022-10-14,10,0,0,0,0,36,0
6695684,2022-10-15,10,0,0,0,0,36,0
6695684,2022-10-16,46,0,0,36,0,0,0
6695684,2022-10-17,45,1,0,0,0,0,0
6695684,2022-10-18,45,0,0,0,0,0,0
6695684,2022-10-19,45,0,0,0,0,0,0
6695684,2022-10-20,45,0,0,0,0,0,0
6695684,2022-10-21,43,2,0,0,0,0,0
6695684,2022-10-22,42,1,0,0,0,0,0
6695684,2022-10-23,40,2,0,0,0,0,0
6695684,2022-10-24,39,1,0,0,0,0,0
6695684,2022-10-25,38,1,0,0,0,0,0
6695684,2022-10-26,37,1,0,0,0,0,0
6695684,2022-10-27,37,0,0,0,0,0,0
6695684,2022-10-28,35,2,0,0,0,0,0
6695684,2022-10-29,34,1,0,0,0,0,0
6695684,2022-10-30,33,1,0,0,0,0,0
6695684,2022-10-31,33,0,0,0,0,0,0
6695684,2022-11-01,33,0,0,0,0,0,0
6695684,2022-11-02,31,2,0,0,0,0,0
6695684,2022-11-03,31,0,0,0,0,0,0
6695684,2022-11-04,29,2,0,0,0,0,0
6695684,2022-11-05,29,0,0,0,0,0,0
6695684,2022-11-06,29,0,0,0,0,0,0
6695684,2022-11-07,27,2,0,0,0,0,0
6695684,2022-11-08,26,1,0,0,0,0,0
6695684,2022-11-09,26,0,0,0,0,0,0
6695684,2022-11-10,24,2,0,0,0,0,0
6695684,2022-11-11,22,2,0,0,0,0,0
6695684,2022-11-12,22,0,0,0,0,0,0
6695684,2022-11-13,20,2,0,0,0,0,0
6695684,2022-11-14,16,4,0,0,38,38,0
6695684,2022-11-15,15,1,0,0,0,38,0
6695684,2022-11-16,14,1,0,0,0,38,0
6695684,2022-11-17,10,4,0,0,0,38,0
6695684,2022-11-18,10,0,0,0,0,38,0
6695684,2022-11-19,10,0,0,0,0,38,0
6695684,2022-11-20,10,0,0,0,0,38,0
6695684,2022-11-21,10,0,0,0,0,38,0
6695684,2022-11-22,7,3,0,0,0,38,0
6695684,2022-11-23,6,1,0,0,0,38,0
6695684,2022-11-24,2,4,0,0,0,38,0
6695684,2022-11-25,0,3,1,0,0,38,1
6695684,2022-11-26,0,3,3,0,0,38,1
6695684,2022-11-27,0,2,2,0,0,38,1
6695684,2022-11-28,0,2,2,0,0,38,1
6695684,2022-11-29,0,0,0,0,0,38,0
6695684,2022-11-30,0,2,2,0,0,38,1
6695684,2022-12-01,0,1,1,0,0,38,1
6695684,2022-12-02,0,2,2,0,0,38,1
6695684,2022-12-03,0,2,2,0,0,38,1
6695684,2022-12-04,0,0,0,0,0,38,0
6695684,2022-12-05,38,0,0,38,0,0,0
6695684,2022-12-06,37,1,0,0,0,0,0
6695684,2022-12-07,37,0,0,0,0,0,0
6695684,2022-12-08,37,0,0,0,0,0,0
6695684,2022-12-09,37,0,0,0,0,0,0
6695684,2022-12-10,36,1,0,0,0,0,0
6695684,2022-12-11,36,0,0,0,0,0,0
6695684,2022-12-12,36,0,0,0,0,0,0
6695684,2022-12-13,36,0,0,0,0,0,0
6695684,2022-12-14,34,2,0,0,0,0,0
6695684,2022-12-15,31,3,0,0,0,0,0
6695684,2022-12-16,30,1,0,0,0,0,0
6695684,2022-12-17,30,0,0,0,0,0,0
6695684,2022-12-18,28,2,0,0,56,56,0
6695684,2022-12-19,27,1,0,0,0,56,0
6695684,2022-12-20,26,1,0,0,0,56,0
6695684,2022-12-21,26,0,0,0,0,56,0
6695684,2022-12-22,25,1,0,0,0,56,0
6695684,2022-12-23,23,2,0,0,0,56,0
6695684,2022-12-24,22,1,0,0,0,56,0
6695684,2022-12-25,21,1,0,0,0,56,0
6695684,2022-12-26,20,1,0,0,0,56,0
6695684,2022-12-27,19,1,0,0,0,56,0
6695684,2022-12-28,19,0,0,0,0,56,0
6695684,2022-12-29,19,0,0,0,0,56,0
6695684,2022-12-30,19,0,0,0,0,56,0
6695684,2022-12-31,18,1,0,0,0,56,0
6695684,2023-01-01,18,0,0,0,0,56,0
6695684,2023-01-02,18,0,0,0,0,56,0
6695684,2023-01-03,17,1,0,0,0,56,0
6695684,2023-01-04,16,1,0,0,0,56,0
6695684,2023-01-05,15,1,0,0,0,56,0
6695684,2023-01-06,15,0,0,0,0,56,0
6695684,2023-01-07,14,1,0,0,0,56,0
6695684,2023-01-08,69,1,0,56,0,0,0
6695684,2023-01-09,68,1,0,0,0,0,0
6695684,2023-01-10,67,1,0,0,0,0,0
6695684,2023-01-11,67,0,0,0,0,0,0
6695684,2023-01-12,64,3,0,0,0,0,0
6695684,2023-01-13,63,1,0,0,0,0,0
6695684,2023-01-14,62,1,0,0,0,0,0
6695684,2023-01-15,59,3,0,0,0,0,0
6695684,2023-01-16,58,1,0,0,0,0,0
6695684,2023-01-17,57,1,0,0,0,0,0
6695684,2023-01-18,57,0,0,0,0,0,0
6695684,2023-01-19,56,1,0,0,0,0,0
6695684,2023-01-20,52,4,0,0,0,0,0
6695684,2023-01-21,52,0,0,0,0,0,0
6695684,2023-01-22,52,0,0,0,0,0,0
6695684,2023-01-23,52,0,0,0,0,0,0
6695684,2023-01-24,52,0,0,0,0,0,0
6695684,2023-01-25,51,1,0,0,0,0,0
6695684,2023-01-26,51,0,0,0,0,0,0
6695684,2023-01-27,51,0,0,0,0,0,0
6695684,2023-01-28,51,0,0,0,0,0,0
6695684,2023-01-29,50,1,0,0,0,0,0
6695684,2023-01-30,47,3,0,0,0,0,0
6695684,2023-01-31,46,1,0,0,0,0,0
6695684,2023-02-01,45,1,0,0,0,0,0
6695684,2023-02-02,44,1,0,0,0,0,0
6695684,2023-02-03,44,0,0,0,0,0,0
6695684,2023-02-04,41,3,0,0,0,0,0
6695684,2023-02-05,41,0,0,0,0,0,0
6695684,2023-02-06,41,0,0,0,0,0,0
6695684,2023-02-07,41,0,0,0,0,0,0
6695684,2023-02-08,40,1,0,0,0,0,0
6695684,2023-02-09,39,1,0,0,0,0,0
6695684,2023-02-10,37,2,0,0,0,0,0
6695684,2023-02-11,36,1,0,0,0,0,0
6695684,2023-02-12,35,1,0,0,0,0,0
6695684,2023-02-13,35,0,0,0,0,0,0
6695684,2023-02-14,33,2,0,0,0,0,0
6695684,2023-02-15,32,1,0,0,0,0,0
6695684,2023-02-16,31,1,0,0,0,0,0
6695684,2023-02-17,31,0,0,0,0,0,0
6695684,2023-02-18,28,3,0,0,0,0,0
6695684,2023-02-19,26,2,0,0,0,0,0
6695684,2023-02-20,23,3,0,0,0,0,0
6695684,2023-02-21,23,0,0,0,46,46,0
6695684,2023-02-22,23,0,0,0,0,46,0
6695684,2023-02-23,22,1,0,0,0,46,0
6695684,2023-02-24,21,1,0,0,0,46,0
6695684,2023-02-25,21,0,0,0,0,46,0
6695684,2023-02-26,18,3,0,0,0,46,0
6695684,2023-02-27,17,1,0,0,0,46,0
6695684,2023-02-28,17,0,0,0,0,46,0
6695684,2023-03-01,17,0,0,0,0,46,0
6695684,2023-03-02,17,0,0,0,0,46,0
6695684,2023-03-03,15,2,0,0,0,46,0
6695684,2023-03-04,15,0,0,0,0,46,0
6695684,2023-03-05,14,1,0,0,0,46,0
6695684,2023-03-06,14,0,0,0,0,46,0
6695684,2023-03-07,14,0,0,0,0,46,0
6695684,2023-03-08,14,0,0,0,0,46,0
6695684,2023-03-09,13,1,0,0,0,46,0
6695684,2023-03-10,12,1,0,0,0,46,0
6695684,2023-03-11,12,0,0,0,0,46,0
6695684,2023-03-12,10,2,0,0,0,46,0
6695684,2023-03-13,9,1,0,0,0,46,0
6695684,2023-03-14,55,0,0,46,0,0,0
6695684,2023-03-15,53,2,0,0,0,0,0
6695684,2023-03-16,52,1,0,0,0,0,0
6695684,2023-03-17,52,0,0,0,0,0,0
6695684,2023-03-18,49,3,0,0,0,0,0
6695684,2023-03-19,49,0,0,0,0,0,0
6695684,2023-03-20,48,1,0,0,0,0,0
6695684,2023-03-21,48,0,0,0,0,0,0
6695684,2023-03-22,47,1,0,0,0,0,0
6695684,2023-03-23,47,0,0,0,0,0,0
6695684,2023-03-24,47,0,0,0,0,0,0
6695684,2023-03-25,47,0,0,0,0,0,0
6695684,2023-03-26,43,4,0,0,0,0,0
6695684,2023-03-27,43,0,0,0,0,0,0
6695684,2023-03-28,42,1,0,0,0,0,0
6695684,2023-03-29,42,0,0,0,0,0,0
6695684,2023-03-30,42,0,0,0,0,0,0
6695684,2023-03-31,41,1,0,0,0,0,0
6695684,2023-04-01,41,0,0,0,0,0,0
6695684,2023-04-02,41,0,0,0,0,0,0
6695684,2023-04-03,40,1,0,0,0,0,0
6695684,2023-04-04,40,0,0,0,0,0,0
6695684,2023-04-05,40,0,0,0,0,0,0
6695684,2023-04-06,39,1,0,0,0,0,0
6695684,2023-04-07,37,2,0,0,0,0,0
6695684,2023-04-08,36,1,0,0,0,0,0
6695684,2023-04-09,35,1,0,0,0,0,0
6695684,2023-04-10,35,0,0,0,0,0,0
6695684,2023-04-11,32,3,0,0,0,0,0
6695684,2023-04-12,31,1,0,0,0,0,0
6695684,2023-04-13,31,0,0,0,0,0,0
6695684,2023-04-14,30,1,0,0,0,0,0
6695684,2023-04-15,29,1,0,0,0,0,0
6695684,2023-04-16,27,2,0,0,0,0,0
6695684,2023-04-17,27,0,0,0,0,0,0
6695684,2023-04-18,25,2,0,0,0,0,0
6695684,2023-04-19,24,1,0,0,0,0,0
6695684,2023-04-20,24,0,0,0,0,0,0
6695684,2023-04-21,24,0,0,0,0,0,0
6695684,2023-04-22,21,3,0,0,0,0,0
6695684,2023-04-23,18,3,0,0,40,40,0
6695684,2023-04-24,14,4,0,0,0,40,0
6695684,2023-04-25,14,0,0,0,0,40,0
6695684,2023-04-26,12,2,0,0,0,40,0
6695684,2023-04-27,12,0,0,0,0,40,0
6695684,2023-04-28,11,1,0,0,0,40,0
6695684,2023-04-29,11,0,0,0,0,40,0
6695684,2023-04-30,11,0,0,0,0,40,0
6695684,2023-05-01,9,2,0,0,0,40,0
6695684,2023-05-02,7,2,0,0,0,40,0
6695684,2023-05-03,7,0,0,0,0,40,0
6695684,2023-05-04,6,1,0,0,0,40,0
6695684,2023-05-05,4,2,0,0,0,40,0
6695684,2023-05-06,4,0,0,0,0,40,0
6695684,2023-05-07,4,0,0,0,0,40,0
6695684,2023-05-08,4,0,0,0,0,40,0
6695684,2023-05-09,2,2,0,0,0,40,0
6695684,2023-05-10,1,1,0,0,0,40,0
6695684,2023-05-11,0,1,0,0,0,40,0
6695684,2023-05-12,0,1,1,0,0,40,1
6695684,2023-05-13,0,1,1,0,0,40,1
6695684,2023-05-14,40,0,0,40,0,0,0
6695684,2023-05-15,39,1,0,0,0,0,0
6695684,2023-05-16,38,1,0,0,0,0,0
6695684,2023-05-17,37,1,0,0,0,0,0
6695684,2023-05-18,35,2,0,0,0,0,0
6695684,2023-05-19,35,0,0,0,0,0,0
6695684,2023-05-20,33,2,0,0,0,0,0
6695684,2023-05-21,33,0,0,0,0,0,0
6695684,2023-05-22,33,0,0,0,0,0,0
6695684,2023-05-23,32,1,0,0,0,0,0
6695684,2023-05-24,31,1,0,0,0,0,0
6695684,2023-05-25,31,0,0,0,0,0,0
6695684,2023-05-26,30,1,0,0,0,0,0
6695684,2023-05-27,29,1,0,0,0,0,0
6695684,2023-05-28,28,1,0,0,0,0,0
6695684,2023-05-29,27,1,0,0,0,0,0
6695684,2023-05-30,26,1,0,0,0,0,0
6695684,2023-05-31,24,2,0,0,48,48,0
6695684,2023-06-01,23,1,0,0,0,48,0
6695684,2023-06-02,22,1,0,0,0,48,0
6695684,2023-06-03,21,1,0,0,0,48,0
6695684,2023-06-04,20,1,0,0,0,48,0
6695684,2023-06-05,20,0,0,0,0,48,0
6695684,2023-06-06,20,0,0,0,0,48,0
6695684,2023-06-07,20,0,0,0,0,48,0
6695684,2023-06-08,17,3,0,0,0,48,0
6695684,2023-06-09,17,0,0,0,0,48,0
6695684,2023-06-10,14,3,0,0,0,48,0
6695684,2023-06-11,14,0,0,0,0,48,0
6695684,2023-06-12,14,0,0,0,0,48,0
6695684,2023-06-13,14,0,0,0,0,48,0
6695684,2023-06-14,13,1,0,0,0,48,0
6695684,2023-06-15,7,6,0,0,0,48,0
6695684,2023-06-16,7,0,0,0,0,48,0
6695684,2023-06-17,6,1,0,0,0,48,0
6695684,2023-06-18,5,1,0,0,0,48,0
6695684,2023-06-19,4,1,0,0,0,48,0
6695684,2023-06-20,4,0,0,0,0,48,0
6695684,2023-06-21,50,2,0,48,0,0,0
6695684,2023-06-22,49,1,0,0,0,0,0
6695684,2023-06-23,48,1,0,0,0,0,0
6695684,2023-06-24,46,2,0,0,0,0,0
6695684,2023-06-25,43,3,0,0,0,0,0
6695684,2023-06-26,43,0,0,0,0,0,0
6695684,2023-06-27,40,3,0,0,0,0,0
6695684,2023-06-28,39,1,0,0,0,0,0
6695684,2023-06-29,37,2,0,0,0,0,0
6695684,2023-06-30,37,0,0,0,0,0,0
6695684,2023-07-01,37,0,0,0,0,0,0
6695684,2023-07-02,35,2,0,0,0,0,0
6695684,2023-07-03,34,1,0,0,0,0,0
6695684,2023-07-04,33,1,0,0,0,0,0
6695684,2023-07-05,32,1,0,0,0,0,0
6695684,2023-07-06,32,0,0,0,0,0,0
6695684,2023-07-07,31,1,0,0,0,0,0
6695684,2023-07-08,29,2,0,0,0,0,0
6695684,2023-07-09,29,0,0,0,0,0,0
6695684,2023-07-10,27,2,0,0,0,0,0
6695684,2023-07-11,25,2,0,0,52,52,0
6695684,2023-07-12,22,3,0,0,0,52,0
6695684,2023-07-13,19,3,0,0,0,52,0
6695684,2023-07-14,19,0,0,0,0,52,0
6695684,2023-07-15,17,2,0,0,0,52,0
6695684,2023-07-16,15,2,0,0,0,52,0
6695684,2023-07-17,14,1,0,0,0,52,0
6695684,2023-07-18,13,1,0,0,0,52,0
6695684,2023-07-19,12,1,0,0,0,52,0
6695684,2023-07-20,11,1,0,0,0,52,0
6695684,2023-07-21,10,1,0,0,0,52,0
6695684,2023-07-22,9,1,0,0,0,52,0
6695684,2023-07-23,8,1,0,0,0,52,0
6695684,2023-07-24,8,0,0,0,0,52,0
6695684,2023-07-25,6,2,0,0,0,52,0
6695684,2023-07-26,6,0,0,0,0,52,0
6695684,2023-07-27,5,1,0,0,0,52,0
6695684,2023-07-28,5,0,0,0,0,52,0
6695684,2023-07-29,5,0,0,0,0,52,0
6695684,2023-07-30,3,2,0,0,0,52,0
6695684,2023-07-31,3,0,0,0,0,52,0
6695684,2023-08-01,55,0,0,52,0,0,0
6695684,2023-08-02,55,0,0,0,0,0,0
6695684,2023-08-03,55,0,0,0,0,0,0
6695684,2023-08-04,52,3,0,0,0,0,0
6695684,2023-08-05,51,1,0,0,0,0,0
6695684,2023-08-06,51,0,0,0,0,0,0
6695684,2023-08-07,50,1,0,0,0,0,0
6695684,2023-08-08,49,1,0,0,0,0,0
6695684,2023-08-09,49,0,0,0,0,0,0
6695684,2023-08-10,48,1,0,0,0,0,0
6695684,2023-08-11,48,0,0,0,0,0,0
6695684,2023-08-12,47,1,0,0,0,0,0
6695684,2023-08-13,47,0,0,0,0,0,0
6695684,2023-08-14,47,0,0,0,0,0,0
6695684,2023-08-15,46,1,0,0,0,0,0
6695684,2023-08-16,45,1,0,0,0,0,0
6695684,2023-08-17,44,1,0,0,0,0,0
6695684,2023-08-18,44,0,0,0,0,0,0
6695684,2023-08-19,43,1,0,0,0,0,0
6695684,2023-08-20,42,1,0,0,0,0,0
6695684,2023-08-21,42,0,0,0,0,0,0
6695684,2023-08-22,41,1,0,0,0,0,0
6695684,2023-08-23,41,0,0,0,0,0,0
6695684,2023-08-24,39,2,0,0,0,0,0
6695684,2023-08-25,38,1,0,0,0,0,0
6695684,2023-08-26,37,1,0,0,0,0,0
6695684,2023-08-27,36,1,0,0,0,0,0
6695684,2023-08-28,35,1,0,0,0,0,0
6695684,2023-08-29,35,0,0,0,0,0,0
6695684,2023-08-30,35,0,0,0,0,0,0
6695684,2023-08-31,34,1,0,0,0,0,0
6695684,2023-09-01,34,0,0,0,0,0,0
6695684,2023-09-02,33,1,0,0,0,0,0
6695684,2023-09-03,31,2,0,0,0,0,0
6695684,2023-09-04,30,1,0,0,0,0,0
6695684,2023-09-05,29,1,0,0,0,0,0
6695684,2023-09-06,28,1,0,0,0,0,0
6695684,2023-09-07,27,1,0,0,0,0,0
6695684,2023-09-08,26,1,0,0,0,0,0
6695684,2023-09-09,25,1,0,0,0,0,0
6695684,2023-09-10,25,0,0,0,0,0,0
6695684,2023-09-11,25,0,0,0,0,0,0
6695684,2023-09-12,25,0,0,0,0,0,0
6695684,2023-09-13,21,4,0,0,0,0,0
6695684,2023-09-14,20,1,0,0,0,0,0
6695684,2023-09-15,17,3,0,0,38,38,0
6695684,2023-09-16,16,1,0,0,0,38,0
6695684,2023-09-17,16,0,0,0,0,38,0
6695684,2023-09-18,14,2,0,0,0,38,0
6695684,2023-09-19,14,0,0,0,0,38,0
6695684,2023-09-20,13,1,0,0,0,38,0
6695684,2023-09-21,11,2,0,0,0,38,0
6695684,2023-09-22,11,0,0,0,0,38,0
6695684,2023-09-23,9,2,0,0,0,38,0
6695684,2023-09-24,7,2,0,0,0,38,0
6695684,2023-09-25,5,2,0,0,0,38,0
6695684,2023-09-26,2,3,0,0,0,38,0
6695684,2023-09-27,2,0,0,0,0,38,0
6695684,2023-09-28,2,0,0,0,0,38,0
6695684,2023-09-29,2,0,0,0,0,38,0
6695684,2023-09-30,0,3,1,0,0,38,1
6695684,2023-10-01,0,1,1,0,0,38,1
6695684,2023-10-02,0,1,1,0,0,38,1
6695684,2023-10-03,0,3,3,0,0,38,1
6695684,2023-10-04,0,0,0,0,0,38,0
6695684,2023-10-05,0,3,3,0,0,38,1
6695684,2023-10-06,38,0,0,38,0,0,0
6695684,2023-10-07,36,2,0,0,0,0,0
6695684,2023-10-08,34,2,0,0,0,0,0
6695684,2023-10-09,33,1,0,0,0,0,0
6695684,2023-10-10,30,3,0,0,0,0,0
6695684,2023-10-11,29,1,0,0,0,0,0
6695684,2023-10-12,26,3,0,0,54,54,0
6695684,2023-10-13,26,0,0,0,0,54,0
6695684,2023-10-14,25,1,0,0,0,54,0
6695684,2023-10-15,23,2,0,0,0,54,0
6695684,2023-10-16,21,2,0,0,0,54,0
6695684,2023-10-17,19,2,0,0,0,54,0
6695684,2023-10-18,19,0,0,0,0,54,0
6695684,2023-10-19,19,0,0,0,0,54,0
6695684,2023-10-20,18,1,0,0,0,54,0
6695684,2023-10-21,18,0,0,0,0,54,0
6695684,2023-10-22,17,1,0,0,0,54,0
6695684,2023-10-23,16,1,0,0,0,54,0
6695684,2023-10-24,15,1,0,0,0,54,0
6695684,2023-10-25,15,0,0,0,0,54,0
6695684,2023-10-26,13,2,0,0,0,54,0
6695684,2023-10-27,12,1,0,0,0,54,0
6695684,2023-10-28,11,1,0,0,0,54,0
6695684,2023-10-29,10,1,0,0,0,54,0
6695684,2023-10-30,9,1,0,0,0,54,0
6695684,2023-10-31,5,4,0,0,0,54,0
6695684,2023-11-01,5,0,0,0,0,54,0
6695684,2023-11-02,57,2,0,54,0,0,0
6695684,2023-11-03,56,1,0,0,0,0,0
6695684,2023-11-04,56,0,0,0,0,0,0
6695684,2023-11-05,55,1,0,0,0,0,0
6695684,2023-11-06,54,1,0,0,0,0,0
6695684,2023-11-07,53,1,0,0,0,0,0
6695684,2023-11-08,51,2,0,0,0,0,0
6695684,2023-11-09,51,0,0,0,0,0,0
6695684,2023-11-10,50,1,0,0,0,0,0
6695684,2023-11-11,50,0,0,0,0,0,0
6695684,2023-11-12,48,2,0,0,0,0,0
6695684,2023-11-13,48,0,0,0,0,0,0
6695684,2023-11-14,48,0,0,0,0,0,0
6695684,2023-11-15,47,1,0,0,0,0,0
6695684,2023-11-16,46,1,0,0,0,0,0
6695684,2023-11-17,45,1,0,0,0,0,0
6695684,2023-11-18,43,2,0,0,0,0,0
6695684,2023-11-19,43,0,0,0,0,0,0
6695684,2023-11-20,42,1,0,0,0,0,0
6695684,2023-11-21,41,1,0,0,0,0,0
6695684,2023-11-22,40,1,0,0,0,0,0
6695684,2023-11-23,36,4,0,0,0,0,0
6695684,2023-11-24,35,1,0,0,0,0,0
6695684,2023-11-25,25,10,0,0,58,58,0
6695684,2023-11-26,18,7,0,0,0,58,0
6695684,2023-11-27,17,1,0,0,0,58,0
6695684,2023-11-28,16,1,0,0,0,58,0
6695684,2023-11-29,15,1,0,0,0,58,0
6695684,2023-11-30,15,0,0,0,0,58,0
6695684,2023-12-01,15,0,0,0,0,58,0
6695684,2023-12-02,14,1,0,0,0,58,0
6695684,2023-12-03,14,0,0,0,0,58,0
6695684,2023-12-04,14,0,0,0,0,58,0
6695684,2023-12-05,13,1,0,0,0,58,0
6695684,2023-12-06,13,0,0,0,0,58,0
6695684,2023-12-07,11,2,0,0,0,58,0
6695684,2023-12-08,9,2,0,0,0,58,0
6695684,2023-12-09,7,2,0,0,0,58,0
6695684,2023-12-10,5,2,0,0,0,58,0
6695684,2023-12-11,4,1,0,0,0,58,0
6695684,2023-12-12,3,1,0,0,0,58,0
6695684,2023-12-13,3,0,0,0,0,58,0
6695684,2023-12-14,3,0,0,0,0,58,0
6695684,2023-12-15,1,2,0,0,0,58,0
6695684,2023-12-16,59,0,0,58,0,0,0
6695684,2023-12-17,57,2,0,0,0,0,0
6695684,2023-12-18,56,1,0,0,0,0,0
6695684,2023-12-19,55,1,0,0,0,0,0
6695684,2023-12-20,55,0,0,0,0,0,0
6695684,2023-12-21,53,2,0,0,0,0,0
6695684,2023-12-22,53,0,0,0,0,0,0
6695684,2023-12-23,53,0,0,0,0,0,0
6695684,2023-12-24,51,2,0,0,0,0,0
6695684,2023-12-25,50,1,0,0,0,0,0
6695684,2023-12-26,50,0,0,0,0,0,0
6695684,2023-12-27,49,1,0,0,0,0,0
6695684,2023-12-28,49,0,0,0,0,0,0
6695684,2023-12-29,49,0,0,0,0,0,0
6695684,2023-12-30,47,2,0,0,0,0,0
6695684,2023-12-31,47,0,0,0,0,0,0
6695684,2024-01-01,46,1,0,0,0,0,0
6695684,2024-01-02,45,1,0,0,0,0,0
6695684,2024-01-03,45,0,0,0,0,0,0
6695684,2024-01-04,44,1,0,0,0,0,0
6695684,2024-01-05,43,1,0,0,0,0,0
6695684,2024-01-06,40,3,0,0,0,0,0
6695684,2024-01-07,40,0,0,0,0,0,0
6695684,2024-01-08,40,0,0,0,0,0,0
6695684,2024-01-09,38,2,0,0,0,0,0
6695684,2024-01-10,37,1,0,0,0,0,0
6695684,2024-01-11,37,0,0,0,0,0,0
6695684,2024-01-12,35,2,0,0,0,0,0
6695684,2024-01-13,33,2,0,0,0,0,0
6695684,2024-01-14,33,0,0,0,0,0,0
6695684,2024-01-15,30,3,0,0,0,0,0
6695684,2024-01-16,30,0,0,0,60,60,0
6695684,2024-01-17,30,0,0,0,0,60,0
6695684,2024-01-18,28,2,0,0,0,60,0
6695684,2024-01-19,27,1,0,0,0,60,0
6695684,2024-01-20,24,3,0,0,0,60,0
6695684,2024-01-21,21,3,0,0,0,60,0
6695684,2024-01-22,19,2,0,0,0,60,0
6695684,2024-01-23,17,2,0,0,0,60,0
6695684,2024-01-24,17,0,0,0,0,60,0
6695684,2024-01-25,17,0,0,0,0,60,0
6695684,2024-01-26,15,2,0,0,0,60,0
6695684,2024-01-27,11,4,0,0,0,60,0
6695684,2024-01-28,10,1,0,0,0,60,0
6695684,2024-01-29,8,2,0,0,0,60,0
6695684,2024-01-30,7,1,0,0,0,60,0
6695684,2024-01-31,7,0,0,0,0,60,0
6695684,2024-02-01,6,1,0,0,0,60,0
6695684,2024-02-02,5,1,0,0,0,60,0
6695684,2024-02-03,2,3,0,0,0,60,0
6695684,2024-02-04,0,3,1,0,0,60,1
6695684,2024-02-05,0,1,1,0,0,60,1
6695684,2024-02-06,58,2,0,60,0,0,0
6695684,2024-02-07,57,1,0,0,0,0,0
6695684,2024-02-08,57,0,0,0,0,0,0
6695684,2024-02-09,56,1,0,0,0,0,0
6695684,2024-02-10,54,2,0,0,0,0,0
6695684,2024-02-11,52,2,0,0,0,0,0
6695684,2024-02-12,51,1,0,0,0,0,0
6695684,2024-02-13,51,0,0,0,0,0,0
6695684,2024-02-14,50,1,0,0,0,0,0
6695684,2024-02-15,48,2,0,0,0,0,0
6695684,2024-02-16,47,1,0,0,0,0,0
6695684,2024-02-17,47,0,0,0,0,0,0
6695684,2024-02-18,45,2,0,0,0,0,0
6695684,2024-02-19,45,0,0,0,0,0,0
6695684,2024-02-20,43,2,0,0,0,0,0
6695684,2024-02-21,43,0,0,0,0,0,0
6695684,2024-02-22,43,0,0,0,0,0,0
6695684,2024-02-23,42,1,0,0,0,0,0
6695684,2024-02-24,42,0,0,0,0,0,0
6695684,2024-02-25,42,0,0,0,0,0,0
6695684,2024-02-26,38,4,0,0,0,0,0
6695684,2024-02-27,37,1,0,0,0,0,0
6695684,2024-02-28,36,1,0,0,0,0,0
6695684,2024-02-29,34,2,0,0,0,0,0
9829417,2022-03-01,444,11,0,0,0,0,0
9829417,2022-03-02,433,11,0,0,0,0,0
9829417,2022-03-03,422,11,0,0,0,0,0
9829417,2022-03-04,409,13,0,0,0,0,0
9829417,2022-03-05,400,9,0,0,0,0,0
9829417,2022-03-06,382,18,0,0,0,0,0
9829417,2022-03-07,372,10,0,0,0,0,0
9829417,2022-03-08,360,12,0,0,0,0,0
9829417,2022-03-09,353,7,0,0,0,0,0
9829417,2022-03-10,344,9,0,0,0,0,0
9829417,2022-03-11,337,7,0,0,0,0,0
9829417,2022-03-12,325,12,0,0,0,0,0
9829417,2022-03-13,311,14,0,0,0,0,0
9829417,2022-03-14,305,6,0,0,0,0,0
9829417,2022-03-15,301,4,0,0,0,0,0
9829417,2022-03-16,292,9,0,0,0,0,0
9829417,2022-03-17,283,9,0,0,0,0,0
9829417,2022-03-18,270,13,0,0,0,0,0
9829417,2022-03-19,264,6,0,0,0,0,0
9829417,2022-03-20,249,15,0,0,0,0,0
9829417,2022-03-21,244,5,0,0,0,0,0
9829417,2022-03-22,235,9,0,0,0,0,0
9829417,2022-03-23,225,10,0,0,0,0,0
9829417,2022-03-24,222,3,0,0,0,0,0
9829417,2022-03-25,211,11,0,0,0,0,0
9829417,2022-03-26,192,19,0,0,0,0,0
9829417,2022-03-27,184,8,0,0,0,0,0
9829417,2022-03-28,175,9,0,0,0,0,0
9829417,2022-03-29,161,14,0,0,0,0,0
9829417,2022-03-30,148,13,0,0,0,0,0
9829417,2022-03-31,136,12,0,0,464,464,0
9829417,2022-04-01,126,10,0,0,0,464,0
9829417,2022-04-02,113,13,0,0,0,464,0
9829417,2022-04-03,105,8,0,0,0,464,0
9829417,2022-04-04,100,5,0,0,0,464,0
9829417,2022-04-05,89,11,0,0,0,464,0
9829417,2022-04-06,71,18,0,0,0,464,0
9829417,2022-04-07,63,8,0,0,0,464,0
9829417,2022-04-08,54,9,0,0,0,464,0
9829417,2022-04-09,40,14,0,0,0,464,0
9829417,2022-04-10,28,12,0,0,0,464,0
9829417,2022-04-11,18,10,0,0,0,464,0
9829417,2022-04-12,4,14,0,0,0,464,0
9829417,2022-04-13,0,15,11,0,0,464,1
9829417,2022-04-14,0,11,11,0,0,464,1
9829417,2022-04-15,0,8,8,0,0,464,1
9829417,2022-04-16,0,13,13,0,0,464,1
9829417,2022-04-17,0,14,14,0,0,464,1
9829417,2022-04-18,0,10,10,0,0,464,1
9829417,2022-04-19,450,14,0,464,0,0,0
9829417,2022-04-20,443,7,0,0,0,0,0
9829417,2022-04-21,430,13,0,0,0,0,0
9829417,2022-04-22,419,11,0,0,0,0,0
9829417,2022-04-23,406,13,0,0,0,0,0
9829417,2022-04-24,393,13,0,0,0,0,0
9829417,2022-04-25,381,12,0,0,0,0,0
9829417,2022-04-26,371,10,0,0,0,0,0
9829417,2022-04-27,359,12,0,0,0,0,0
9829417,2022-04-28,352,7,0,0,0,0,0
9829417,2022-04-29,343,9,0,0,0,0,0
9829417,2022-04-30,330,13,0,0,0,0,0
9829417,2022-05-01,321,9,0,0,0,0,0
9829417,2022-05-02,315,6,0,0,0,0,0
9829417,2022-05-03,304,11,0,0,0,0,0
9829417,2022-05-04,295,9,0,0,0,0,0
9829417,2022-05-05,279,16,0,0,0,0,0
9829417,2022-05-06,265,14,0,0,0,0,0
9829417,2022-05-07,244,21,0,0,0,0,0
9829417,2022-05-08,226,18,0,0,0,0,0
9829417,2022-05-09,216,10,0,0,0,0,0
9829417,2022-05-10,201,15,0,0,0,0,0
9829417,2022-05-11,186,15,0,0,0,0,0
9829417,2022-05-12,179,7,0,0,0,0,0
9829417,2022-05-13,168,11,0,0,0,0,0
9829417,2022-05-14,153,15,0,0,512,512,0
9829417,2022-05-15,142,11,0,0,0,512,0
9829417,2022-05-16,133,9,0,0,0,512,0
9829417,2022-05-17,124,9,0,0,0,512,0
9829417,2022-05-18,110,14,0,0,0,512,0
9829417,2022-05-19,101,9,0,0,0,512,0
9829417,2022-05-20,88,13,0,0,0,512,0
9829417,2022-05-21,67,21,0,0,0,512,0
9829417,2022-05-22,50,17,0,0,0,512,0
9829417,2022-05-23,38,12,0,0,0,512,0
9829417,2022-05-24,25,13,0,0,0,512,0
9829417,2022-05-25,19,6,0,0,0,512,0
9829417,2022-05-26,15,4,0,0,0,512,0
9829417,2022-05-27,10,5,0,0,0,512,0
9829417,2022-05-28,503,19,0,512,0,0,0
9829417,2022-05-29,495,8,0,0,0,0,0
9829417,2022-05-30,485,10,0,0,0,0,0
9829417,2022-05-31,473,12,0,0,0,0,0
9829417,2022-06-01,463,10,0,0,0,0,0
9829417,2022-06-02,450,13,0,0,0,0,0
9829417,2022-06-03,444,6,0,0,0,0,0
9829417,2022-06-04,433,11,0,0,0,0,0
9829417,2022-06-05,422,11,0,0,0,0,0
9829417,2022-06-06,409,13,0,0,0,0,0
9829417,2022-06-07,395,14,0,0,0,0,0
9829417,2022-06-08,388,7,0,0,0,0,0
9829417,2022-06-09,379,9,0,0,0,0,0
9829417,2022-06-10,368,11,0,0,0,0,0
9829417,2022-06-11,356,12,0,0,0,0,0
9829417,2022-06-12,339,17,0,0,0,0,0
9829417,2022-06-13,326,13,0,0,0,0,0
9829417,2022-06-14,314,12,0,0,0,0,0
9829417,2022-06-15,301,13,0,0,0,0,0
9829417,2022-06-16,289,12,0,0,0,0,0
9829417,2022-06-17,277,12,0,0,0,0,0
9829417,2022-06-18,263,14,0,0,0,0,0
9829417,2022-06-19,255,8,0,0,0,0,0
9829417,2022-06-20,248,7,0,0,0,0,0
9829417,2022-06-21,242,6,0,0,0,0,0
9829417,2022-06-22,237,5,0,0,0,0,0
9829417,2022-06-23,228,9,0,0,0,0,0
9829417,2022-06-24,220,8,0,0,0,0,0
9829417,2022-06-25,208,12,0,0,0,0,0
9829417,2022-06-26,194,14,0,0,0,0,0
9829417,2022-06-27,187,7,0,0,0,0,0
9829417,2022-06-28,176,11,0,0,0,0,0
9829417,2022-06-29,165,11,0,0,518,518,0
9829417,2022-06-30,158,7,0,0,0,518,0
9829417,2022-07-01,144,14,0,0,0,518,0
9829417,2022-07-02,132,12,0,0,0,518,0
9829417,2022-07-03,112,20,0,0,0,518,0
9829417,2022-07-04,102,10,0,0,0,518,0
9829417,2022-07-05,90,12,0,0,0,518,0
9829417,2022-07-06,81,9,0,0,0,518,0
9829417,2022-07-07,65,16,0,0,0,518,0
9829417,2022-07-08,53,12,0,0,0,518,0
9829417,2022-07-09,39,14,0,0,0,518,0
9829417,2022-07-10,24,15,0,0,0,518,0
9829417,2022-07-11,13,11,0,0,0,518,0
9829417,2022-07-12,0,16,3,0,0,518,1
9829417,2022-07-13,504,14,0,518,0,0,0
9829417,2022-07-14,490,14,0,0,0,0,0
9829417,2022-07-15,482,8,0,0,0,0,0
9829417,2022-07-16,466,16,0,0,0,0,0
9829417,2022-07-17,449,17,0,0,0,0,0
9829417,2022-07-18,441,8,0,0,0,0,0
9829417,2022-07-19,432,9,0,0,0,0,0
9829417,2022-07-20,425,7,0,0,0,0,0
9829417,2022-07-21,411,14,0,0,0,0,0
9829417,2022-07-22,404,7,0,0,0,0,0
9829417,2022-07-23,389,15,0,0,0,0,0
9829417,2022-07-24,375,14,0,0,0,0,0
9829417,2022-07-25,366,9,0,0,0,0,0
9829417,2022-07-26,359,7,0,0,0,0,0
9829417,2022-07-27,350,9,0,0,0,0,0
9829417,2022-07-28,342,8,0,0,0,0,0
9829417,2022-07-29,333,9,0,0,0,0,0
9829417,2022-07-30,325,8,0,0,0,0,0
9829417,2022-07-31,312,13,0,0,0,0,0
9829417,2022-08-01,300,12,0,0,0,0,0
9829417,2022-08-02,292,8,0,0,0,0,0
9829417,2022-08-03,283,9,0,0,0,0,0
9829417,2022-08-04,270,13,0,0,0,0,0
9829417,2022-08-05,260,10,0,0,0,0,0
9829417,2022-08-06,249,11,0,0,0,0,0
9829417,2022-08-07,229,20,0,0,0,0,0
9829417,2022-08-08,212,17,0,0,0,0,0
9829417,2022-08-09,197,15,0,0,0,0,0
9829417,2022-08-10,192,5,0,0,0,0,0
9829417,2022-08-11,182,10,0,0,0,0,0
9829417,2022-08-12,176,6,0,0,0,0,0
9829417,2022-08-13,160,16,0,0,503,503,0
9829417,2022-08-14,146,14,0,0,0,503,0
9829417,2022-08-15,144,2,0,0,0,503,0
9829417,2022-08-16,135,9,0,0,0,503,0
9829417,2022-08-17,122,13,0,0,0,503,0
9829417,2022-08-18,113,9,0,0,0,503,0
9829417,2022-08-19,100,13,0,0,0,503,0
9829417,2022-08-20,86,14,0,0,0,503,0
9829417,2022-08-21,74,12,0,0,0,503,0
9829417,2022-08-22,65,9,0,0,0,503,0
9829417,2022-08-23,46,19,0,0,0,503,0
9829417,2022-08-24,37,9,0,0,0,503,0
9829417,2022-08-25,30,7,0,0,0,503,0
9829417,2022-08-26,16,14,0,0,0,503,0
9829417,2022-08-27,507,12,0,503,0,0,0
9829417,2022-08-28,495,12,0,0,0,0,0
9829417,2022-08-29,483,12,0,0,0,0,0
9829417,2022-08-30,474,9,0,0,0,0,0
9829417,2022-08-31,461,13,0,0,0,0,0
9829417,2022-09-01,441,20,0,0,0,0,0
9829417,2022-09-02,428,13,0,0,0,0,0
9829417,2022-09-03,413,15,0,0,0,0,0
9829417,2022-09-04,396,17,0,0,0,0,0
9829417,2022-09-05,384,12,0,0,0,0,0
9829417,2022-09-06,367,17,0,0,0,0,0
9829417,2022-09-07,341,26,0,0,0,0,0
9829417,2022-09-08,331,10,0,0,0,0,0
9829417,2022-09-09,315,16,0,0,0,0,0
9829417,2022-09-10,290,25,0,0,0,0,0
9829417,2022-09-11,277,13,0,0,0,0,0
9829417,2022-09-12,263,14,0,0,0,0,0
9829417,2022-09-13,252,11,0,0,0,0,0
9829417,2022-09-14,239,13,0,0,0,0,0
9829417,2022-09-15,225,14,0,0,0,0,0
9829417,2022-09-16,212,13,0,0,0,0,0
9829417,2022-09-17,192,20,0,0,0,0,0
9829417,2022-09-18,177,15,0,0,566,566,0
9829417,2022-09-19,168,9,0,0,0,566,0
9829417,2022-09-20,151,17,0,0,0,566,0
9829417,2022-09-21,144,7,0,0,0,566,0
9829417,2022-09-22,128,16,0,0,0,566,0
9829417,2022-09-23,113,15,0,0,0,566,0
9829417,2022-09-24,98,15,0,0,0,566,0
9829417,2022-09-25,86,12,0,0,0,566,0
9829417,2022-09-26,72,14,0,0,0,566,0
9829417,2022-09-27,53,19,0,0,0,566,0
9829417,2022-09-28,40,13,0,0,0,566,0
9829417,2022-09-29,30,10,0,0,0,566,0
9829417,2022-09-30,22,8,0,0,0,566,0
9829417,2022-10-01,8,14,0,0,0,566,0
9829417,2022-10-02,559,15,0,566,0,0,0
9829417,2022-10-03,548,11,0,0,0,0,0
9829417,2022-10-04,538,10,0,0,0,0,0
9829417,2022-10-05,524,14,0,0,0,0,0
9829417,2022-10-06,513,11,0,0,0,0,0
9829417,2022-10-07,502,11,0,0,0,0,0
9829417,2022-10-08,490,12,0,0,0,0,0
9829417,2022-10-09,475,15,0,0,0,0,0
9829417,2022-10-10,462,13,0,0,0,0,0
9829417,2022-10-11,446,16,0,0,0,0,0
9829417,2022-10-12,437,9,0,0,0,0,0
9829417,2022-10-13,426,11,0,0,0,0,0
9829417,2022-10-14,407,19,0,0,0,0,0
9829417,2022-10-15,397,10,0,0,0,0,0
9829417,2022-10-16,379,18,0,0,0,0,0
9829417,2022-10-17,371,8,0,0,0,0,0
9829417,2022-10-18,358,13,0,0,0,0,0
9829417,2022-10-19,346,12,0,0,0,0,0
9829417,2022-10-20,333,13,0,0,0,0,0
9829417,2022-10-21,318,15,0,0,0,0,0
9829417,2022-10-22,301,17,0,0,0,0,0
9829417,2022-10-23,287,14,0,0,0,0,0
9829417,2022-10-24,275,12,0,0,0,0,0
9829417,2022-10-25,262,13,0,0,0,0,0
9829417,2022-10-26,246,16,0,0,0,0,0
9829417,2022-10-27,231,15,0,0,0,0,0
9829417,2022-10-28,218,13,0,0,0,0,0
9829417,2022-10-29,208,10,0,0,0,0,0
9829417,2022-10-30,196,12,0,0,623,623,0
9829417,2022-10-31,188,8,0,0,0,623,0
9829417,2022-11-01,173,15,0,0,0,623,0
9829417,2022-11-02,163,10,0,0,0,623,0
9829417,2022-11-03,152,11,0,0,0,623,0
9829417,2022-11-04,144,8,0,0,0,623,0
9829417,2022-11-05,133,11,0,0,0,623,0
9829417,2022-11-06,122,11,0,0,0,623,0
9829417,2022-11-07,107,15,0,0,0,623,0
9829417,2022-11-08,98,9,0,0,0,623,0
9829417,2022-11-09,91,7,0,0,0,623,0
9829417,2022-11-10,80,11,0,0,0,623,0
9829417,2022-11-11,71,9,0,0,0,623,0
9829417,2022-11-12,60,11,0,0,0,623,0
9829417,2022-11-13,679,4,0,623,0,0,0
9829417,2022-11-14,667,12,0,0,0,0,0
9829417,2022-11-15,657,10,0,0,0,0,0
9829417,2022-11-16,645,12,0,0,0,0,0
9829417,2022-11-17,629,16,0,0,0,0,0
9829417,2022-11-18,616,13,0,0,0,0,0
9829417,2022-11-19,602,14,0,0,0,0,0
9829417,2022-11-20,588,14,0,0,0,0,0
9829417,2022-11-21,577,11,0,0,0,0,0
9829417,2022-11-22,565,12,0,0,0,0,0
9829417,2022-11-23,556,9,0,0,0,0,0
9829417,2022-11-24,518,38,0,0,0,0,0
9829417,2022-11-25,485,33,0,0,0,0,0
9829417,2022-11-26,441,44,0,0,0,0,0
9829417,2022-11-27,395,46,0,0,0,0,0
9829417,2022-11-28,382,13,0,0,0,0,0
9829417,2022-11-29,366,16,0,0,0,0,0
9829417,2022-11-30,357,9,0,0,0,0,0
9829417,2022-12-01,348,9,0,0,0,0,0
9829417,2022-12-02,337,11,0,0,0,0,0
9829417,2022-12-03,326,11,0,0,0,0,0
9829417,2022-12-04,315,11,0,0,0,0,0
9829417,2022-12-05,303,12,0,0,0,0,0
9829417,2022-12-06,293,10,0,0,0,0,0
9829417,2022-12-07,283,10,0,0,0,0,0
9829417,2022-12-08,270,13,0,0,0,0,0
9829417,2022-12-09,266,4,0,0,0,0,0
9829417,2022-12-10,258,8,0,0,0,0,0
9829417,2022-12-11,244,14,0,0,0,0,0
9829417,2022-12-12,235,9,0,0,0,0,0
9829417,2022-12-13,223,12,0,0,0,0,0
9829417,2022-12-14,216,7,0,0,0,0,0
9829417,2022-12-15,202,14,0,0,0,0,0
9829417,2022-12-16,187,15,0,0,609,609,0
9829417,2022-12-17,163,24,0,0,0,609,0
9829417,2022-12-18,144,19,0,0,0,609,0
9829417,2022-12-19,127,17,0,0,0,609,0
9829417,2022-12-20,105,22,0,0,0,609,0
9829417,2022-12-21,93,12,0,0,0,609,0
9829417,2022-12-22,81,12,0,0,0,609,0
9829417,2022-12-23,63,18,0,0,0,609,0
9829417,2022-12-24,47,16,0,0,0,609,0
9829417,2022-12-25,39,8,0,0,0,609,0
9829417,2022-12-26,28,11,0,0,0,609,0
9829417,2022-12-27,21,7,0,0,0,609,0
9829417,2022-12-28,14,7,0,0,0,609,0
9829417,2022-12-29,4,10,0,0,0,609,0
9829417,2022-12-30,606,7,0,609,0,0,0
9829417,2022-12-31,597,9,0,0,0,0,0
9829417,2023-01-01,588,9,0,0,0,0,0
9829417,2023-01-02,575,13,0,0,0,0,0
9829417,2023-01-03,566,9,0,0,0,0,0
9829417,2023-01-04,560,6,0,0,0,0,0
9829417,2023-01-05,554,6,0,0,0,0,0
9829417,2023-01-06,550,4,0,0,0,0,0
9829417,2023-01-07,537,13,0,0,0,0,0
9829417,2023-01-08,516,21,0,0,0,0,0
9829417,2023-01-09,499,17,0,0,0,0,0
9829417,2023-01-10,484,15,0,0,0,0,0
9829417,2023-01-11,464,20,0,0,0,0,0
9829417,2023-01-12,454,10,0,0,0,0,0
9829417,2023-01-13,443,11,0,0,0,0,0
9829417,2023-01-14,430,13,0,0,0,0,0
9829417,2023-01-15,411,19,0,0,0,0,0
9829417,2023-01-16,396,15,0,0,0,0,0
9829417,2023-01-17,388,8,0,0,0,0,0
9829417,2023-01-18,372,16,0,0,0,0,0
9829417,2023-01-19,356,16,0,0,0,0,0
9829417,2023-01-20,348,8,0,0,0,0,0
9829417,2023-01-21,332,16,0,0,0,0,0
9829417,2023-01-22,312,20,0,0,0,0,0
9829417,2023-01-23,300,12,0,0,0,0,0
9829417,2023-01-24,282,18,0,0,0,0,0
9829417,2023-01-25,262,20,0,0,0,0,0
9829417,2023-01-26,253,9,0,0,0,0,0
9829417,2023-01-27,241,12,0,0,0,0,0
9829417,2023-01-28,222,19,0,0,0,0,0
9829417,2023-01-29,209,13,0,0,0,0,0
9829417,2023-01-30,197,12,0,0,0,0,0
9829417,2023-01-31,181,16,0,0,578,578,0
9829417,2023-02-01,169,12,0,0,0,578,0
9829417,2023-02-02,154,15,0,0,0,578,0
9829417,2023-02-03,139,15,0,0,0,578,0
9829417,2023-02-04,118,21,0,0,0,578,0
9829417,2023-02-05,97,21,0,0,0,578,0
9829417,2023-02-06,89,8,0,0,0,578,0
9829417,2023-02-07,73,16,0,0,0,578,0
9829417,2023-02-08,60,13,0,0,0,578,0
9829417,2023-02-09,44,16,0,0,0,578,0
9829417,2023-02-10,34,10,0,0,0,578,0
9829417,2023-02-11,13,21,0,0,0,578,0
9829417,2023-02-12,0,19,6,0,0,578,1
9829417,2023-02-13,0,16,16,0,0,578,1
9829417,2023-02-14,0,12,12,0,0,578,1
9829417,2023-02-15,0,12,12,0,0,578,1
9829417,2023-02-16,0,17,17,0,0,578,1
9829417,2023-02-17,566,12,0,578,0,0,0
9829417,2023-02-18,550,16,0,0,0,0,0
9829417,2023-02-19,535,15,0,0,0,0,0
9829417,2023-02-20,521,14,0,0,0,0,0
9829417,2023-02-21,506,15,0,0,0,0,0
9829417,2023-02-22,494,12,0,0,0,0,0
9829417,2023-02-23,472,22,0,0,0,0,0
9829417,2023-02-24,466,6,0,0,0,0,0
9829417,2023-02-25,446,20,0,0,0,0,0
9829417,2023-02-26,428,18,0,0,0,0,0
9829417,2023-02-27,422,6,0,0,0,0,0
9829417,2023-02-28,408,14,0,0,0,0,0
9829417,2023-03-01,386,22,0,0,0,0,0
9829417,2023-03-02,372,14,0,0,0,0,0
9829417,2023-03-03,362,10,0,0,0,0,0
9829417,2023-03-04,346,16,0,0,0,0,0
9829417,2023-03-05,331,15,0,0,0,0,0
9829417,2023-03-06,317,14,0,0,0,0,0
9829417,2023-03-07,301,16,0,0,0,0,0
9829417,2023-03-08,286,15,0,0,0,0,0
9829417,2023-03-09,270,16,0,0,0,0,0
9829417,2023-03-10,253,17,0,0,0,0,0
9829417,2023-03-11,228,25,0,0,0,0,0
9829417,2023-03-12,209,19,0,0,681,681,0
9829417,2023-03-13,190,19,0,0,0,681,0
9829417,2023-03-14,174,16,0,0,0,681,0
9829417,2023-03-15,159,15,0,0,0,681,0
9829417,2023-03-16,143,16,0,0,0,681,0
9829417,2023-03-17,118,25,0,0,0,681,0
9829417,2023-03-18,100,18,0,0,0,681,0
9829417,2023-03-19,80,20,0,0,0,681,0
9829417,2023-03-20,69,11,0,0,0,681,0
9829417,2023-03-21,49,20,0,0,0,681,0
9829417,2023-03-22,35,14,0,0,0,681,0
9829417,2023-03-23,28,7,0,0,0,681,0
9829417,2023-03-24,15,13,0,0,0,681,0
9829417,2023-03-25,0,21,6,0,0,681,1
9829417,2023-03-26,661,20,0,681,0,0,0
9829417,2023-03-27,643,18,0,0,0,0,0
9829417,2023-03-28,626,17,0,0,0,0,0
9829417,2023-03-29,618,8,0,0,0,0,0
9829417,2023-03-30,606,12,0,0,0,0,0
9829417,2023-03-31,591,15,0,0,0,0,0
9829417,2023-04-01,573,18,0,0,0,0,0
9829417,2023-04-02,550,23,0,0,0,0,0
9829417,2023-04-03,532,18,0,0,0,0,0
9829417,2023-04-04,514,18,0,0,0,0,0
9829417,2023-04-05,495,19,0,0,0,0,0
9829417,2023-04-06,481,14,0,0,0,0,0
9829417,2023-04-07,460,21,0,0,0,0,0
9829417,2023-04-08,443,17,0,0,0,0,0
9829417,2023-04-09,432,11,0,0,0,0,0
9829417,2023-04-10,417,15,0,0,0,0,0
9829417,2023-04-11,398,19,0,0,0,0,0
9829417,2023-04-12,382,16,0,0,0,0,0
9829417,2023-04-13,361,21,0,0,0,0,0
9829417,2023-04-14,353,8,0,0,0,0,0
9829417,2023-04-15,333,20,0,0,0,0,0
9829417,2023-04-16,305,28,0,0,0,0,0
9829417,2023-04-17,286,19,0,0,0,0,0
9829417,2023-04-18,274,12,0,0,0,0,0
9829417,2023-04-19,269,5,0,0,0,0,0
9829417,2023-04-20,261,8,0,0,0,0,0
9829417,2023-04-21,242,19,0,0,0,0,0
9829417,2023-04-22,220,22,0,0,736,736,0
9829417,2023-04-23,196,24,0,0,0,736,0
9829417,2023-04-24,181,15,0,0,0,736,0
9829417,2023-04-25,162,19,0,0,0,736,0
9829417,2023-04-26,149,13,0,0,0,736,0
9829417,2023-04-27,138,11,0,0,0,736,0
9829417,2023-04-28,120,18,0,0,0,736,0
9829417,2023-04-29,99,21,0,0,0,736,0
9829417,2023-04-30,78,21,0,0,0,736,0
9829417,2023-05-01,67,11,0,0,0,736,0
9829417,2023-05-02,52,15,0,0,0,736,0
9829417,2023-05-03,35,17,0,0,0,736,0
9829417,2023-05-04,22,13,0,0,0,736,0
9829417,2023-05-05,2,20,0,0,0,736,0
9829417,2023-05-06,726,12,0,736,0,0,0
9829417,2023-05-07,709,17,0,0,0,0,0
9829417,2023-05-08,698,11,0,0,0,0,0
9829417,2023-05-09,682,16,0,0,0,0,0
9829417,2023-05-10,661,21,0,0,0,0,0
9829417,2023-05-11,653,8,0,0,0,0,0
9829417,2023-05-12,638,15,0,0,0,0,0
9829417,2023-05-13,615,23,0,0,0,0,0
9829417,2023-05-14,601,14,0,0,0,0,0
9829417,2023-05-15,582,19,0,0,0,0,0
9829417,2023-05-16,570,12,0,0,0,0,0
9829417,2023-05-17,548,22,0,0,0,0,0
9829417,2023-05-18,530,18,0,0,0,0,0
9829417,2023-05-19,508,22,0,0,0,0,0
9829417,2023-05-20,495,13,0,0,0,0,0
9829417,2023-05-21,473,22,0,0,0,0,0
9829417,2023-05-22,462,11,0,0,0,0,0
9829417,2023-05-23,446,16,0,0,0,0,0
9829417,2023-05-24,431,15,0,0,0,0,0
9829417,2023-05-25,410,21,0,0,0,0,0
9829417,2023-05-26,398,12,0,0,0,0,0
9829417,2023-05-27,368,30,0,0,0,0,0
9829417,2023-05-28,350,18,0,0,0,0,0
9829417,2023-05-29,340,10,0,0,0,0,0
9829417,2023-05-30,324,16,0,0,0,0,0
9829417,2023-05-31,307,17,0,0,0,0,0
9829417,2023-06-01,289,18,0,0,0,0,0
9829417,2023-06-02,277,12,0,0,0,0,0
9829417,2023-06-03,253,24,0,0,0,0,0
9829417,2023-06-04,233,20,0,0,748,748,0
9829417,2023-06-05,219,14,0,0,0,748,0
9829417,2023-06-06,208,11,0,0,0,748,0
9829417,2023-06-07,190,18,0,0,0,748,0
9829417,2023-06-08,171,19,0,0,0,748,0
9829417,2023-06-09,158,13,0,0,0,748,0
9829417,2023-06-10,145,13,0,0,0,748,0
9829417,2023-06-11,130,15,0,0,0,748,0
9829417,2023-06-12,118,12,0,0,0,748,0
9829417,2023-06-13,104,14,0,0,0,748,0
9829417,2023-06-14,93,11,0,0,0,748,0
9829417,2023-06-15,81,12,0,0,0,748,0
9829417,2023-06-16,65,16,0,0,0,748,0
9829417,2023-06-17,50,15,0,0,0,748,0
9829417,2023-06-18,773,25,0,748,0,0,0
9829417,2023-06-19,755,18,0,0,0,0,0
9829417,2023-06-20,742,13,0,0,0,0,0
9829417,2023-06-21,727,15,0,0,0,0,0
9829417,2023-06-22,711,16,0,0,0,0,0
9829417,2023-06-23,698,13,0,0,0,0,0
9829417,2023-06-24,676,22,0,0,0,0,0
9829417,2023-06-25,661,15,0,0,0,0,0
9829417,2023-06-26,646,15,0,0,0,0,0
9829417,2023-06-27,637,9,0,0,0,0,0
9829417,2023-06-28,625,12,0,0,0,0,0
9829417,2023-06-29,611,14,0,0,0,0,0
9829417,2023-06-30,588,23,0,0,0,0,0
9829417,2023-07-01,571,17,0,0,0,0,0
9829417,2023-07-02,553,18,0,0,0,0,0
9829417,2023-07-03,533,20,0,0,0,0,0
9829417,2023-07-04,507,26,0,0,0,0,0
9829417,2023-07-05,488,19,0,0,0,0,0
9829417,2023-07-06,477,11,0,0,0,0,0
9829417,2023-07-07,451,26,0,0,0,0,0
9829417,2023-07-08,432,19,0,0,0,0,0
9829417,2023-07-09,406,26,0,0,0,0,0
9829417,2023-07-10,391,15,0,0,0,0,0
9829417,2023-07-11,377,14,0,0,0,0,0
9829417,2023-07-12,360,17,0,0,0,0,0
9829417,2023-07-13,338,22,0,0,0,0,0
9829417,2023-07-14,321,17,0,0,0,0,0
9829417,2023-07-15,303,18,0,0,0,0,0
9829417,2023-07-16,283,20,0,0,0,0,0
9829417,2023-07-17,270,13,0,0,0,0,0
9829417,2023-07-18,250,20,0,0,0,0,0
9829417,2023-07-19,236,14,0,0,762,762,0
9829417,2023-07-20,220,16,0,0,0,762,0
9829417,2023-07-21,202,18,0,0,0,762,0
9829417,2023-07-22,191,11,0,0,0,762,0
9829417,2023-07-23,175,16,0,0,0,762,0
9829417,2023-07-24,165,10,0,0,0,762,0
9829417,2023-07-25,148,17,0,0,0,762,0
9829417,2023-07-26,131,17,0,0,0,762,0
9829417,2023-07-27,117,14,0,0,0,762,0
9829417,2023-07-28,101,16,0,0,0,762,0
9829417,2023-07-29,84,17,0,0,0,762,0
9829417,2023-07-30,71,13,0,0,0,762,0
9829417,2023-07-31,62,9,0,0,0,762,0
9829417,2023-08-01,49,13,0,0,0,762,0
9829417,2023-08-02,801,10,0,762,0,0,0
9829417,2023-08-03,790,11,0,0,0,0,0
9829417,2023-08-04,775,15,0,0,0,0,0
9829417,2023-08-05,755,20,0,0,0,0,0
9829417,2023-08-06,733,22,0,0,0,0,0
9829417,2023-08-07,723,10,0,0,0,0,0
9829417,2023-08-08,717,6,0,0,0,0,0
9829417,2023-08-09,708,9,0,0,0,0,0
9829417,2023-08-10,692,16,0,0,0,0,0
9829417,2023-08-11,684,8,0,0,0,0,0
9829417,2023-08-12,664,20,0,0,0,0,0
9829417,2023-08-13,652,12,0,0,0,0,0
9829417,2023-08-14,639,13,0,0,0,0,0
9829417,2023-08-15,625,14,0,0,0,0,0
9829417,2023-08-16,611,14,0,0,0,0,0
9829417,2023-08-17,595,16,0,0,0,0,0
9829417,2023-08-18,576,19,0,0,0,0,0
9829417,2023-08-19,559,17,0,0,0,0,0
9829417,2023-08-20,543,16,0,0,0,0,0
9829417,2023-08-21,533,10,0,0,0,0,0
9829417,2023-08-22,513,20,0,0,0,0,0
9829417,2023-08-23,497,16,0,0,0,0,0
9829417,2023-08-24,477,20,0,0,0,0,0
9829417,2023-08-25,466,11,0,0,0,0,0
9829417,2023-08-26,445,21,0,0,0,0,0
9829417,2023-08-27,426,19,0,0,0,0,0
9829417,2023-08-28,396,30,0,0,0,0,0
9829417,2023-08-29,384,12,0,0,0,0,0
9829417,2023-08-30,362,22,0,0,0,0,0
9829417,2023-08-31,349,13,0,0,0,0,0
9829417,2023-09-01,335,14,0,0,0,0,0
9829417,2023-09-02,315,20,0,0,0,0,0
9829417,2023-09-03,289,26,0,0,0,0,0
9829417,2023-09-04,268,21,0,0,0,0,0
9829417,2023-09-05,257,11,0,0,0,0,0
9829417,2023-09-06,234,23,0,0,0,0,0
9829417,2023-09-07,218,16,0,0,717,717,0
9829417,2023-09-08,204,14,0,0,0,717,0
9829417,2023-09-09,181,23,0,0,0,717,0
9829417,2023-09-10,157,24,0,0,0,717,0
9829417,2023-09-11,136,21,0,0,0,717,0
9829417,2023-09-12,123,13,0,0,0,717,0
9829417,2023-09-13,106,17,0,0,0,717,0
9829417,2023-09-14,92,14,0,0,0,717,0
9829417,2023-09-15,76,16,0,0,0,717,0
9829417,2023-09-16,65,11,0,0,0,717,0
9829417,2023-09-17,49,16,0,0,0,717,0
9829417,2023-09-18,30,19,0,0,0,717,0
9829417,2023-09-19,17,13,0,0,0,717,0
9829417,2023-09-20,1,16,0,0,0,717,0
9829417,2023-09-21,704,14,0,717,0,0,0
9829417,2023-09-22,686,18,0,0,0,0,0
9829417,2023-09-23,661,25,0,0,0,0,0
9829417,2023-09-24,639,22,0,0,0,0,0
9829417,2023-09-25,622,17,0,0,0,0,0
9829417,2023-09-26,606,16,0,0,0,0,0
9829417,2023-09-27,591,15,0,0,0,0,0
9829417,2023-09-28,578,13,0,0,0,0,0
9829417,2023-09-29,565,13,0,0,0,0,0
9829417,2023-09-30,546,19,0,0,0,0,0
9829417,2023-10-01,524,22,0,0,0,0,0
9829417,2023-10-02,504,20,0,0,0,0,0
9829417,2023-10-03,491,13,0,0,0,0,0
9829417,2023-10-04,476,15,0,0,0,0,0
9829417,2023-10-05,458,18,0,0,0,0,0
9829417,2023-10-06,442,16,0,0,0,0,0
9829417,2023-10-07,412,30,0,0,0,0,0
9829417,2023-10-08,390,22,0,0,0,0,0
9829417,2023-10-09,373,17,0,0,0,0,0
9829417,2023-10-10,353,20,0,0,0,0,0
9829417,2023-10-11,333,20,0,0,0,0,0
9829417,2023-10-12,315,18,0,0,0,0,0
9829417,2023-10-13,302,13,0,0,0,0,0
9829417,2023-10-14,289,13,0,0,0,0,0
9829417,2023-10-15,271,18,0,0,0,0,0
9829417,2023-10-16,257,14,0,0,0,0,0
9829417,2023-10-17,232,25,0,0,801,801,0
9829417,2023-10-18,212,20,0,0,0,801,0
9829417,2023-10-19,191,21,0,0,0,801,0
9829417,2023-10-20,176,15,0,0,0,801,0
9829417,2023-10-21,151,25,0,0,0,801,0
9829417,2023-10-22,124,27,0,0,0,801,0
9829417,2023-10-23,104,20,0,0,0,801,0
9829417,2023-10-24,89,15,0,0,0,801,0
9829417,2023-10-25,74,15,0,0,0,801,0
9829417,2023-10-26,54,20,0,0,0,801,0
9829417,2023-10-27,36,18,0,0,0,801,0
9829417,2023-10-28,22,14,0,0,0,801,0
9829417,2023-10-29,1,21,0,0,0,801,0
9829417,2023-10-30,0,15,14,0,0,801,1
9829417,2023-10-31,779,22,0,801,0,0,0
9829417,2023-11-01,766,13,0,0,0,0,0
9829417,2023-11-02,756,10,0,0,0,0,0
9829417,2023-11-03,748,8,0,0,0,0,0
9829417,2023-11-04,728,20,0,0,0,0,0
9829417,2023-11-05,720,8,0,0,0,0,0
9829417,2023-11-06,708,12,0,0,0,0,0
9829417,2023-11-07,690,18,0,0,0,0,0
9829417,2023-11-08,678,12,0,0,0,0,0
9829417,2023-11-09,661,17,0,0,0,0,0
9829417,2023-11-10,652,9,0,0,0,0,0
9829417,2023-11-11,634,18,0,0,0,0,0
9829417,2023-11-12,619,15,0,0,0,0,0
9829417,2023-11-13,611,8,0,0,0,0,0
9829417,2023-11-14,600,11,0,0,0,0,0
9829417,2023-11-15,583,17,0,0,0,0,0
9829417,2023-11-16,563,20,0,0,0,0,0
9829417,2023-11-17,549,14,0,0,0,0,0
9829417,2023-11-18,536,13,0,0,0,0,0
9829417,2023-11-19,525,11,0,0,0,0,0
9829417,2023-11-20,508,17,0,0,0,0,0
9829417,2023-11-21,490,18,0,0,0,0,0
9829417,2023-11-22,477,13,0,0,0,0,0
9829417,2023-11-23,429,48,0,0,0,0,0
9829417,2023-11-24,367,62,0,0,0,0,0
9829417,2023-11-25,302,65,0,0,0,0,0
9829417,2023-11-26,244,58,0,0,854,854,0
9829417,2023-11-27,228,16,0,0,0,854,0
9829417,2023-11-28,215,13,0,0,0,854,0
9829417,2023-11-29,204,11,0,0,0,854,0
9829417,2023-11-30,190,14,0,0,0,854,0
9829417,2023-12-01,177,13,0,0,0,854,0
9829417,2023-12-02,163,14,0,0,0,854,0
9829417,2023-12-03,147,16,0,0,0,854,0
9829417,2023-12-04,139,8,0,0,0,854,0
9829417,2023-12-05,129,10,0,0,0,854,0
9829417,2023-12-06,113,16,0,0,0,854,0
9829417,2023-12-07,99,14,0,0,0,854,0
9829417,2023-12-08,85,14,0,0,0,854,0
9829417,2023-12-09,67,18,0,0,0,854,0
9829417,2023-12-10,908,13,0,854,0,0,0
9829417,2023-12-11,899,9,0,0,0,0,0
9829417,2023-12-12,881,18,0,0,0,0,0
9829417,2023-12-13,864,17,0,0,0,0,0
9829417,2023-12-14,853,11,0,0,0,0,0
9829417,2023-12-15,831,22,0,0,0,0,0
9829417,2023-12-16,807,24,0,0,0,0,0
9829417,2023-12-17,780,27,0,0,0,0,0
9829417,2023-12-18,759,21,0,0,0,0,0
9829417,2023-12-19,740,19,0,0,0,0,0
9829417,2023-12-20,718,22,0,0,0,0,0
9829417,2023-12-21,695,23,0,0,0,0,0
9829417,2023-12-22,678,17,0,0,0,0,0
9829417,2023-12-23,654,24,0,0,0,0,0
9829417,2023-12-24,636,18,0,0,0,0,0
9829417,2023-12-25,623,13,0,0,0,0,0
9829417,2023-12-26,616,7,0,0,0,0,0
9829417,2023-12-27,611,5,0,0,0,0,0
9829417,2023-12-28,599,12,0,0,0,0,0
9829417,2023-12-29,590,9,0,0,0,0,0
9829417,2023-12-30,581,9,0,0,0,0,0
9829417,2023-12-31,568,13,0,0,0,0,0
9829417,2024-01-01,555,13,0,0,0,0,0
9829417,2024-01-02,549,6,0,0,0,0,0
9829417,2024-01-03,537,12,0,0,0,0,0
9829417,2024-01-04,525,12,0,0,0,0,0
9829417,2024-01-05,512,13,0,0,0,0,0
9829417,2024-01-06,498,14,0,0,0,0,0
9829417,2024-01-07,487,11,0,0,0,0,0
9829417,2024-01-08,477,10,0,0,0,0,0
9829417,2024-01-09,458,19,0,0,0,0,0
9829417,2024-01-10,443,15,0,0,0,0,0
9829417,2024-01-11,430,13,0,0,0,0,0
9829417,2024-01-12,409,21,0,0,0,0,0
9829417,2024-01-13,386,23,0,0,0,0,0
9829417,2024-01-14,362,24,0,0,0,0,0
9829417,2024-01-15,344,18,0,0,0,0,0
9829417,2024-01-16,331,13,0,0,0,0,0
9829417,2024-01-17,314,17,0,0,0,0,0
9829417,2024-01-18,294,20,0,0,0,0,0
9829417,2024-01-19,274,20,0,0,0,0,0
9829417,2024-01-20,258,16,0,0,0,0,0
9829417,2024-01-21,239,19,0,0,0,0,0
9829417,2024-01-22,219,20,0,0,694,694,0
9829417,2024-01-23,202,17,0,0,0,694,0
9829417,2024-01-24,185,17,0,0,0,694,0
9829417,2024-01-25,172,13,0,0,0,694,0
9829417,2024-01-26,154,18,0,0,0,694,0
9829417,2024-01-27,133,21,0,0,0,694,0
9829417,2024-01-28,108,25,0,0,0,694,0
9829417,2024-01-29,87,21,0,0,0,694,0
9829417,2024-01-30,60,27,0,0,0,694,0
9829417,2024-01-31,40,20,0,0,0,694,0
9829417,2024-02-01,23,17,0,0,0,694,0
9829417,2024-02-02,6,17,0,0,0,694,0
9829417,2024-02-03,0,23,17,0,0,694,1
9829417,2024-02-04,0,20,20,0,0,694,1
9829417,2024-02-05,679,15,0,694,0,0,0
9829417,2024-02-06,658,21,0,0,0,0,0
9829417,2024-02-07,645,13,0,0,0,0,0
9829417,2024-02-08,632,13,0,0,0,0,0
9829417,2024-02-09,609,23,0,0,0,0,0
9829417,2024-02-10,585,24,0,0,0,0,0
9829417,2024-02-11,562,23,0,0,0,0,0
9829417,2024-02-12,543,19,0,0,0,0,0
9829417,2024-02-13,520,23,0,0,0,0,0
9829417,2024-02-14,499,21,0,0,0,0,0
9829417,2024-02-15,488,11,0,0,0,0,0
9829417,2024-02-16,463,25,0,0,0,0,0
9829417,2024-02-17,445,18,0,0,0,0,0
9829417,2024-02-18,422,23,0,0,0,0,0
9829417,2024-02-19,402,20,0,0,0,0,0
9829417,2024-02-20,382,20,0,0,0,0,0
9829417,2024-02-21,362,20,0,0,0,0,0
9829417,2024-02-22,341,21,0,0,0,0,0
9829417,2024-02-23,322,19,0,0,0,0,0
9829417,2024-02-24,305,17,0,0,0,0,0
9829417,2024-02-25,272,33,0,0,0,0,0
9829417,2024-02-26,249,23,0,0,829,829,0
9829417,2024-02-27,234,15,0,0,0,829,0
9829417,2024-02-28,218,16,0,0,0,829,0
9829417,2024-02-29,198,20,0,0,0,829,0
