date,campaign_id,country,impressions,clicks,spend
2023-01-01,CMP-01,CA,191,7,2.26
2023-01-01,CMP-01,DE,595,23,6.83
2023-01-01,CMP-01,ES,940,36,11.84
2023-01-01,CMP-01,FR,7016,243,76.54
2023-01-01,CMP-01,GB,1102,42,13.98
2023-01-01,CMP-01,IT,333,11,3.29
2023-01-01,CMP-01,NL,59,2,0.7
2023-01-01,CMP-01,PL,239,9,2.64
2023-01-01,CMP-01,SE,2756,92,26.69
2023-01-01,CMP-01,US,14745,513,152.91
2023-01-01,CMP-02,CA,115,4,2.71
2023-01-01,CMP-02,DE,443,15,9.62
2023-01-01,CMP-02,ES,1234,45,31.78
2023-01-01,CMP-02,FR,8874,296,190.23
2023-01-01,CMP-02,GB,1286,43,29.97
2023-01-01,CMP-02,IT,406,14,10.67
2023-01-01,CMP-02,NL,236,9,6.06
2023-01-01,CMP-02,PL,431,16,10.33
2023-01-01,CMP-02,SE,2098,73,47.82
2023-01-01,CMP-02,US,17487,620,464.0
2023-01-01,CMP-03,CA,318,11,5.57
2023-01-01,CMP-03,DE,753,25,12.49
2023-01-01,CMP-03,ES,777,30,16.87
2023-01-01,CMP-03,FR,7402,249,141.34
2023-01-01,CMP-03,GB,1188,39,21.44
2023-01-01,CMP-03,IT,351,12,6.96
2023-01-01,CMP-03,NL,194,7,3.52
2023-01-01,CMP-03,PL,339,13,6.52
2023-01-01,CMP-03,SE,2174,71,40.44
2023-01-01,CMP-03,US,15489,502,279.46
2023-01-01,CMP-04,GB,566,21,15.72
2023-01-01,CMP-07,CA,459,6,1.75
2023-01-01,CMP-07,DE,1516,19,6.16
2023-01-01,CMP-07,ES,2461,29,7.99
2023-01-01,CMP-07,FR,15648,173,53.05
2023-01-01,CMP-07,GB,2673,33,10.93
2023-01-01,CMP-07,IT,632,7,2.17
2023-01-01,CMP-07,NL,260,3,0.94
2023-01-01,CMP-07,PL,913,12,3.87
2023-01-01,CMP-07,SE,5020,64,18.96
2023-01-01,CMP-07,US,31191,401,116.81
2023-01-01,CMP-08,CA,154,2,0.43
2023-01-01,CMP-08,DE,825,10,2.15
2023-01-01,CMP-08,ES,1830,22,5.34
2023-01-01,CMP-08,FR,10007,115,24.92
2023-01-01,CMP-08,GB,1445,17,4.1
2023-01-01,CMP-08,IT,1042,12,2.89
2023-01-01,CMP-08,NL,91,1,0.23
2023-01-01,CMP-08,PL,154,2,0.46
2023-01-01,CMP-08,SE,4434,53,12.12
2023-01-01,CMP-08,US,22762,262,58.28
2023-01-01,CMP-09,DE,525,7,2.24
2023-01-01,CMP-12,CA,280,9,1.13
2023-01-01,CMP-12,DE,475,14,1.6
2023-01-01,CMP-12,ES,1109,32,3.82
2023-01-01,CMP-12,FR,7349,203,24.64
2023-01-01,CMP-12,GB,1383,41,5.01
2023-01-01,CMP-12,IT,535,15,1.73
2023-01-01,CMP-12,NL,126,4,0.53
2023-01-01,CMP-12,PL,255,7,0.95
2023-01-01,CMP-12,SE,2186,61,7.42
2023-01-01,CMP-12,US,16929,496,58.16
2023-01-01,CMP-13,CA,185,6,0.69
2023-01-01,CMP-13,DE,332,10,1.39
2023-01-01,CMP-13,ES,516,15,2.02
2023-01-01,CMP-13,FR,2952,98,12.47
2023-01-01,CMP-13,GB,829,24,3.28
2023-01-01,CMP-13,IT,349,11,1.46
2023-01-01,CMP-13,NL,181,5,0.62
2023-01-01,CMP-13,PL,237,7,0.86
2023-01-01,CMP-13,SE,1372,45,5.81
2023-01-01,CMP-13,US,9009,253,31.21
2023-01-01,CMP-16,CA,198,4,1.84
2023-01-01,CMP-16,DE,844,16,6.05
2023-01-01,CMP-16,ES,1095,24,10.88
2023-01-01,CMP-16,FR,8393,181,75.19
2023-01-01,CMP-16,GB,1588,35,13.98
2023-01-01,CMP-16,IT,184,4,1.79
2023-01-01,CMP-16,NL,94,2,0.91
2023-01-01,CMP-16,PL,540,10,4.37
2023-01-01,CMP-16,SE,3136,60,22.81
2023-01-01,CMP-16,US,17945,352,144.36
2023-01-01,CMP-21,CA,89,1,0.32
2023-01-01,CMP-21,DE,742,9,2.74
2023-01-01,CMP-21,ES,1334,17,4.91
2023-01-01,CMP-21,FR,9630,118,39.68
2023-01-01,CMP-21,GB,1754,22,6.45
2023-01-01,CMP-21,IT,250,3,0.92
2023-01-01,CMP-21,PL,228,3,0.9
2023-01-01,CMP-21,SE,3488,41,12.53
2023-01-01,CMP-21,US,19871,236,80.49
2023-01-02,CMP-01,CA,306,10,2.91
2023-01-02,CMP-01,DE,708,23,7.66
2023-01-02,CMP-01,ES,883,31,10.4
2023-01-02,CMP-01,FR,6471,226,72.64
2023-01-02,CMP-01,GB,1285,46,15.8
2023-01-02,CMP-01,IT,360,12,4.19
2023-01-02,CMP-01,NL,119,4,1.17
2023-01-02,CMP-01,PL,232,8,2.45
2023-01-02,CMP-01,SE,2063,72,22.46
2023-01-02,CMP-01,US,13632,479,158.96
2023-01-02,CMP-02,CA,343,11,7.27
2023-01-02,CMP-02,DE,846,29,18.44
2023-01-02,CMP-02,ES,891,33,24.14
2023-01-02,CMP-02,FR,8342,273,179.74
2023-01-02,CMP-02,GB,1212,39,26.35
2023-01-02,CMP-02,IT,296,10,6.34
2023-01-02,CMP-02,NL,63,2,1.32
2023-01-02,CMP-02,PL,467,15,9.44
2023-01-02,CMP-02,SE,3109,100,74.42
2023-01-02,CMP-02,US,16597,594,449.13
2023-01-02,CMP-03,CA,123,4,2.24
2023-01-02,CMP-03,DE,392,15,7.67
2023-01-02,CMP-03,ES,803,30,15.77
2023-01-02,CMP-03,FR,7020,231,135.88
2023-01-02,CMP-03,GB,1266,44,25.31
2023-01-02,CMP-03,IT,336,12,7.14
2023-01-02,CMP-03,NL,77,3,1.79
2023-01-02,CMP-03,PL,164,6,3.25
2023-01-02,CMP-03,SE,2209,81,47.78
2023-01-02,CMP-03,US,13089,478,254.95
2023-01-02,CMP-04,GB,465,18,14.64
2023-01-02,CMP-07,CA,77,1,0.31
2023-01-02,CMP-07,DE,809,10,2.87
2023-01-02,CMP-07,ES,1861,23,7.6
2023-01-02,CMP-07,FR,12598,166,46.7
2023-01-02,CMP-07,GB,3153,40,12.42
2023-01-02,CMP-07,IT,897,11,3.49
2023-01-02,CMP-07,NL,229,3,0.93
2023-01-02,CMP-07,PL,1093,12,3.86
2023-01-02,CMP-07,SE,4837,56,16.56
2023-01-02,CMP-07,US,33623,417,121.99
2023-01-02,CMP-08,CA,81,1,0.24
2023-01-02,CMP-08,DE,1064,13,3.13
2023-01-02,CMP-08,ES,1551,19,4.31
2023-01-02,CMP-08,FR,9411,111,28.52
2023-01-02,CMP-08,GB,2064,23,5.11
2023-01-02,CMP-08,IT,823,9,2.23
2023-01-02,CMP-08,NL,537,6,1.43
2023-01-02,CMP-08,PL,438,5,1.17
2023-01-02,CMP-08,SE,2328,31,7.26
2023-01-02,CMP-08,US,24213,271,61.56
2023-01-02,CMP-09,DE,241,3,0.97
2023-01-02,CMP-12,CA,108,3,0.34
2023-01-02,CMP-12,DE,583,17,2.26
2023-01-02,CMP-12,ES,1059,30,3.63
2023-01-02,CMP-12,FR,7153,203,23.4
2023-01-02,CMP-12,GB,1592,44,5.79
2023-01-02,CMP-12,IT,485,16,1.85
2023-01-02,CMP-12,NL,160,5,0.66
2023-01-02,CMP-12,PL,251,8,0.94
2023-01-02,CMP-12,SE,2498,75,9.61
2023-01-02,CMP-12,US,16383,459,55.48
2023-01-02,CMP-13,CA,34,1,0.12
2023-01-02,CMP-13,DE,210,6,0.71
2023-01-02,CMP-13,ES,548,16,1.82
2023-01-02,CMP-13,FR,3824,114,13.02
2023-01-02,CMP-13,GB,735,23,3.13
2023-01-02,CMP-13,IT,248,7,0.88
2023-01-02,CMP-13,NL,31,1,0.12
2023-01-02,CMP-13,PL,328,9,1.04
2023-01-02,CMP-13,SE,1338,41,4.68
2023-01-02,CMP-13,US,9222,274,33.14
2023-01-02,CMP-16,CA,157,3,1.39
2023-01-02,CMP-16,DE,593,12,4.99
2023-01-02,CMP-16,ES,1083,20,8.99
2023-01-02,CMP-16,FR,8091,157,59.96
2023-01-02,CMP-16,GB,1507,31,11.78
2023-01-02,CMP-16,IT,444,9,3.94
2023-01-02,CMP-16,NL,201,4,1.58
2023-01-02,CMP-16,PL,578,11,4.27
2023-01-02,CMP-16,SE,2591,56,22.8
2023-01-02,CMP-16,US,17579,341,129.68
2023-01-02,CMP-21,DE,587,7,2.22
2023-01-02,CMP-21,ES,1345,15,4.46
2023-01-02,CMP-21,FR,8775,110,37.12
2023-01-02,CMP-21,GB,1574,19,6.29
2023-01-02,CMP-21,IT,475,6,1.96
2023-01-02,CMP-21,NL,82,1,0.32
2023-01-02,CMP-21,PL,394,5,1.45
2023-01-02,CMP-21,SE,2117,28,9.7
2023-01-02,CMP-21,US,18233,203,69.08
2023-01-03,CMP-01,CA,92,3,0.89
2023-01-03,CMP-01,DE,498,19,6.49
2023-01-03,CMP-01,ES,491,19,5.59
2023-01-03,CMP-01,FR,4243,164,56.27
2023-01-03,CMP-01,GB,856,28,8.04
2023-01-03,CMP-01,IT,311,12,3.67
2023-01-03,CMP-01,NL,27,1,0.31
2023-01-03,CMP-01,PL,203,7,2.04
2023-01-03,CMP-01,SE,2039,69,22.74
2023-01-03,CMP-01,US,10261,383,124.68
2023-01-03,CMP-02,CA,123,4,2.97
2023-01-03,CMP-02,DE,689,23,14.91
2023-01-03,CMP-02,ES,1084,36,25.67
2023-01-03,CMP-02,FR,5462,192,143.18
2023-01-03,CMP-02,GB,1330,43,29.79
2023-01-03,CMP-02,IT,422,16,10.11
2023-01-03,CMP-02,NL,62,2,1.39
2023-01-03,CMP-02,PL,182,7,4.8
2023-01-03,CMP-02,SE,2425,80,53.04
2023-01-03,CMP-02,US,14295,505,354.04
2023-01-03,CMP-03,CA,166,6,3.47
2023-01-03,CMP-03,DE,463,15,8.37
2023-01-03,CMP-03,ES,617,20,11.21
2023-01-03,CMP-03,FR,5401,190,101.05
2023-01-03,CMP-03,GB,887,30,16.75
2023-01-03,CMP-03,IT,358,13,7.58
2023-01-03,CMP-03,NL,93,3,1.62
2023-01-03,CMP-03,PL,269,9,4.6
2023-01-03,CMP-03,SE,2167,73,43.63
2023-01-03,CMP-03,US,10009,387,191.45
2023-01-03,CMP-04,GB,376,12,9.77
2023-01-03,CMP-07,CA,544,6,1.66
2023-01-03,CMP-07,DE,1093,13,3.87
2023-01-03,CMP-07,ES,1428,19,5.42
2023-01-03,CMP-07,FR,15218,186,58.16
2023-01-03,CMP-07,GB,2370,27,8.39
2023-01-03,CMP-07,IT,365,4,1.13
2023-01-03,CMP-07,NL,172,2,0.63
2023-01-03,CMP-07,PL,642,8,2.66
2023-01-03,CMP-07,SE,5757,72,23.23
2023-01-03,CMP-07,US,32923,377,121.8
2023-01-03,CMP-08,CA,540,6,1.3
2023-01-03,CMP-08,DE,815,10,2.34
2023-01-03,CMP-08,ES,881,11,2.56
2023-01-03,CMP-08,FR,9671,112,27.09
2023-01-03,CMP-08,GB,1571,20,4.73
2023-01-03,CMP-08,IT,847,11,2.85
2023-01-03,CMP-08,NL,573,7,1.54
2023-01-03,CMP-08,PL,235,3,0.73
2023-01-03,CMP-08,SE,4470,51,11.4
2023-01-03,CMP-08,US,22734,288,70.07
2023-01-03,CMP-09,DE,685,8,2.9
2023-01-03,CMP-12,CA,35,1,0.13
2023-01-03,CMP-12,DE,368,12,1.38
2023-01-03,CMP-12,ES,716,21,2.83
2023-01-03,CMP-12,FR,4252,136,17.74
2023-01-03,CMP-12,GB,936,28,3.7
2023-01-03,CMP-12,IT,369,12,1.51
2023-01-03,CMP-12,PL,340,10,1.19
2023-01-03,CMP-12,SE,1534,42,5.06
2023-01-03,CMP-12,US,10604,300,41.01
2023-01-03,CMP-13,CA,69,2,0.23
2023-01-03,CMP-13,DE,315,9,1.22
2023-01-03,CMP-13,ES,450,13,1.52
2023-01-03,CMP-13,FR,2401,80,9.89
2023-01-03,CMP-13,GB,526,17,2.05
2023-01-03,CMP-13,IT,140,4,0.52
2023-01-03,CMP-13,SE,764,24,3.25
2023-01-03,CMP-13,US,5865,177,20.58
2023-01-03,CMP-16,CA,96,2,0.8
2023-01-03,CMP-16,DE,798,15,5.74
2023-01-03,CMP-16,ES,1290,26,11.7
2023-01-03,CMP-16,FR,9585,177,68.2
2023-01-03,CMP-16,GB,1693,35,14.66
2023-01-03,CMP-16,IT,417,8,3.11
2023-01-03,CMP-16,NL,101,2,0.88
2023-01-03,CMP-16,PL,274,5,1.99
2023-01-03,CMP-16,SE,3201,62,26.44
2023-01-03,CMP-16,US,17428,377,173.33
2023-01-03,CMP-19,CA,78,3,1.71
2023-01-03,CMP-19,DE,465,16,8.82
2023-01-03,CMP-19,ES,726,26,13.94
2023-01-03,CMP-19,FR,4154,152,90.75
2023-01-03,CMP-19,GB,1093,39,22.32
2023-01-03,CMP-19,IT,284,11,6.4
2023-01-03,CMP-19,NL,108,4,2.34
2023-01-03,CMP-19,PL,109,4,2.38
2023-01-03,CMP-19,SE,1721,56,33.5
2023-01-03,CMP-19,US,11143,368,226.92
2023-01-03,CMP-21,CA,238,3,0.9
2023-01-03,CMP-21,DE,406,5,1.69
2023-01-03,CMP-21,ES,1200,15,4.41
2023-01-03,CMP-21,FR,10706,124,41.19
2023-01-03,CMP-21,GB,962,12,3.73
2023-01-03,CMP-21,IT,248,3,0.91
2023-01-03,CMP-21,NL,162,2,0.64
2023-01-03,CMP-21,PL,318,4,1.39
2023-01-03,CMP-21,SE,2525,31,9.14
2023-01-03,CMP-21,US,16890,194,56.31
2023-01-03,CMP-23,CA,183,5,0.69
2023-01-03,CMP-23,DE,402,12,1.53
2023-01-03,CMP-23,ES,399,11,1.52
2023-01-03,CMP-23,FR,2941,96,11.4
2023-01-03,CMP-23,GB,910,26,3.01
2023-01-03,CMP-23,IT,141,4,0.49
2023-01-03,CMP-23,NL,33,1,0.11
2023-01-03,CMP-23,PL,162,5,0.65
2023-01-03,CMP-23,SE,946,29,3.48
2023-01-03,CMP-23,US,7455,234,27.26
2023-01-04,CMP-01,CA,196,7,2.05
2023-01-04,CMP-01,DE,493,18,5.77
2023-01-04,CMP-01,ES,777,28,8.89
2023-01-04,CMP-01,FR,5444,176,53.1
2023-01-04,CMP-01,GB,753,25,8.51
2023-01-04,CMP-01,IT,129,5,1.58
2023-01-04,CMP-01,NL,151,5,1.67
2023-01-04,CMP-01,PL,193,7,2.15
2023-01-04,CMP-01,SE,1938,64,20.24
2023-01-04,CMP-01,US,9150,348,106.55
2023-01-04,CMP-02,CA,189,7,5.03
2023-01-04,CMP-02,DE,844,27,19.18
2023-01-04,CMP-02,ES,822,31,22.73
2023-01-04,CMP-02,FR,5977,204,144.97
2023-01-04,CMP-02,GB,879,31,19.65
2023-01-04,CMP-02,IT,236,9,5.71
2023-01-04,CMP-02,NL,257,9,6.85
2023-01-04,CMP-02,PL,347,12,7.75
2023-01-04,CMP-02,SE,1967,67,51.01
2023-01-04,CMP-02,US,13487,480,333.42
2023-01-04,CMP-03,CA,125,4,2.31
2023-01-04,CMP-03,DE,625,22,12.37
2023-01-04,CMP-03,ES,764,28,14.56
2023-01-04,CMP-03,FR,5069,191,97.45
2023-01-04,CMP-03,GB,965,32,16.49
2023-01-04,CMP-03,IT,508,17,9.56
2023-01-04,CMP-03,NL,56,2,1.19
2023-01-04,CMP-03,PL,434,14,8.13
2023-01-04,CMP-03,SE,1630,59,31.39
2023-01-04,CMP-03,US,11490,372,208.12
2023-01-04,CMP-04,GB,363,12,8.82
2023-01-04,CMP-07,CA,412,5,1.52
2023-01-04,CMP-07,DE,676,9,2.87
2023-01-04,CMP-07,ES,1566,20,5.58
2023-01-04,CMP-07,FR,12682,155,44.08
2023-01-04,CMP-07,GB,2565,30,8.93
2023-01-04,CMP-07,IT,870,10,2.74
2023-01-04,CMP-07,PL,517,6,1.86
2023-01-04,CMP-07,SE,5794,64,20.03
2023-01-04,CMP-07,US,33109,371,117.17
2023-01-04,CMP-08,DE,802,10,2.32
2023-01-04,CMP-08,ES,944,12,2.8
2023-01-04,CMP-08,FR,7930,97,22.01
2023-01-04,CMP-08,GB,1678,20,4.99
2023-01-04,CMP-08,IT,600,8,2.04
2023-01-04,CMP-08,NL,166,2,0.42
2023-01-04,CMP-08,PL,634,7,1.68
2023-01-04,CMP-08,SE,3891,47,10.0
2023-01-04,CMP-08,US,20392,260,62.07
2023-01-04,CMP-09,DE,437,5,1.77
2023-01-04,CMP-12,CA,162,5,0.62
2023-01-04,CMP-12,DE,494,15,1.78
2023-01-04,CMP-12,ES,791,22,2.67
2023-01-04,CMP-12,FR,3888,121,14.03
2023-01-04,CMP-12,GB,859,26,3.02
2023-01-04,CMP-12,IT,300,9,1.24
2023-01-04,CMP-12,NL,30,1,0.12
2023-01-04,CMP-12,PL,188,6,0.73
2023-01-04,CMP-12,SE,1343,40,5.5
2023-01-04,CMP-12,US,9642,321,37.31
2023-01-04,CMP-13,CA,143,4,0.5
2023-01-04,CMP-13,DE,261,8,0.95
2023-01-04,CMP-13,ES,361,12,1.41
2023-01-04,CMP-13,FR,2506,73,9.06
2023-01-04,CMP-13,GB,547,18,2.21
2023-01-04,CMP-13,IT,228,7,0.9
2023-01-04,CMP-13,PL,108,3,0.39
2023-01-04,CMP-13,SE,1077,32,3.77
2023-01-04,CMP-13,US,5164,172,21.48
2023-01-04,CMP-16,CA,187,4,1.68
2023-01-04,CMP-16,DE,470,9,3.62
2023-01-04,CMP-16,ES,1082,23,8.88
2023-01-04,CMP-16,FR,8052,170,74.35
2023-01-04,CMP-16,GB,2419,50,22.06
2023-01-04,CMP-16,IT,152,3,1.32
2023-01-04,CMP-16,NL,54,1,0.46
2023-01-04,CMP-16,PL,331,7,2.8
2023-01-04,CMP-16,SE,2628,48,18.62
2023-01-04,CMP-16,US,15801,323,124.05
2023-01-04,CMP-19,CA,83,3,1.85
2023-01-04,CMP-19,DE,312,10,5.94
2023-01-04,CMP-19,ES,770,26,13.55
2023-01-04,CMP-19,FR,4791,183,99.69
2023-01-04,CMP-19,GB,634,24,14.15
2023-01-04,CMP-19,IT,338,11,6.63
2023-01-04,CMP-19,NL,54,2,1.15
2023-01-04,CMP-19,PL,249,8,4.34
2023-01-04,CMP-19,SE,1657,63,39.63
2023-01-04,CMP-19,US,10504,347,213.14
2023-01-04,CMP-21,CA,259,3,0.9
2023-01-04,CMP-21,DE,1104,13,4.02
2023-01-04,CMP-21,ES,1213,15,4.73
2023-01-04,CMP-21,FR,8467,110,34.32
2023-01-04,CMP-21,GB,1053,12,4.08
2023-01-04,CMP-21,IT,703,8,2.8
2023-01-04,CMP-21,NL,80,1,0.31
2023-01-04,CMP-21,PL,441,5,1.46
2023-01-04,CMP-21,SE,3099,35,10.25
2023-01-04,CMP-21,US,15342,182,52.96
2023-01-04,CMP-23,CA,127,4,0.51
2023-01-04,CMP-23,DE,464,15,1.83
2023-01-04,CMP-23,ES,506,16,1.85
2023-01-04,CMP-23,FR,4026,125,16.12
2023-01-04,CMP-23,GB,720,22,2.78
2023-01-04,CMP-23,IT,293,8,1.06
2023-01-04,CMP-23,NL,31,1,0.13
2023-01-04,CMP-23,PL,254,8,1.07
2023-01-04,CMP-23,SE,1547,45,5.78
2023-01-04,CMP-23,US,7743,229,29.9
2023-01-05,CMP-01,CA,54,2,0.61
2023-01-05,CMP-01,DE,507,17,5.25
2023-01-05,CMP-01,ES,980,33,10.72
2023-01-05,CMP-01,FR,4892,157,51.68
2023-01-05,CMP-01,GB,813,30,10.03
2023-01-05,CMP-01,IT,86,3,0.97
2023-01-05,CMP-01,NL,53,2,0.61
2023-01-05,CMP-01,PL,265,10,3.43
2023-01-05,CMP-01,SE,2022,68,23.61
2023-01-05,CMP-01,US,11405,399,122.56
2023-01-05,CMP-02,CA,30,1,0.67
2023-01-05,CMP-02,DE,657,23,16.18
2023-01-05,CMP-02,ES,732,24,17.2
2023-01-05,CMP-02,FR,6442,214,135.12
2023-01-05,CMP-02,GB,1183,42,30.45
2023-01-05,CMP-02,IT,376,12,8.02
2023-01-05,CMP-02,NL,31,1,0.65
2023-01-05,CMP-02,PL,427,15,10.21
2023-01-05,CMP-02,SE,2147,69,43.19
2023-01-05,CMP-02,US,12692,475,349.6
2023-01-05,CMP-03,CA,113,4,2.38
2023-01-05,CMP-03,DE,442,15,8.25
2023-01-05,CMP-03,ES,751,28,15.39
2023-01-05,CMP-03,FR,5002,170,98.69
2023-01-05,CMP-03,GB,1070,38,22.15
2023-01-05,CMP-03,IT,496,18,9.16
2023-01-05,CMP-03,NL,60,2,1.1
2023-01-05,CMP-03,PL,240,9,5.01
2023-01-05,CMP-03,SE,1783,69,35.2
2023-01-05,CMP-03,US,10126,370,216.78
2023-01-05,CMP-04,GB,367,13,10.13
2023-01-05,CMP-07,CA,344,4,1.13
2023-01-05,CMP-07,DE,1519,17,5.36
2023-01-05,CMP-07,ES,3369,38,10.86
2023-01-05,CMP-07,FR,14753,195,55.1
2023-01-05,CMP-07,GB,2665,35,11.18
2023-01-05,CMP-07,IT,1229,14,4.56
2023-01-05,CMP-07,NL,80,1,0.31
2023-01-05,CMP-07,PL,451,5,1.37
2023-01-05,CMP-07,SE,6038,68,20.55
2023-01-05,CMP-07,US,33228,413,131.11
2023-01-05,CMP-08,CA,162,2,0.45
2023-01-05,CMP-08,DE,785,9,2.25
2023-01-05,CMP-08,ES,1536,19,4.56
2023-01-05,CMP-08,FR,9456,123,29.03
2023-01-05,CMP-08,GB,1957,24,5.98
2023-01-05,CMP-08,IT,559,7,1.65
2023-01-05,CMP-08,PL,232,3,0.74
2023-01-05,CMP-08,SE,3325,42,10.71
2023-01-05,CMP-08,US,23126,263,60.03
2023-01-05,CMP-09,DE,575,7,2.23
2023-01-05,CMP-12,CA,132,4,0.47
2023-01-05,CMP-12,DE,408,13,1.52
2023-01-05,CMP-12,ES,510,16,1.96
2023-01-05,CMP-12,FR,4224,118,14.57
2023-01-05,CMP-12,GB,1246,38,5.13
2023-01-05,CMP-12,IT,170,5,0.68
2023-01-05,CMP-12,NL,102,3,0.36
2023-01-05,CMP-12,PL,235,7,0.87
2023-01-05,CMP-12,SE,1713,56,7.65
2023-01-05,CMP-12,US,9591,308,41.24
2023-01-05,CMP-13,CA,91,3,0.38
2023-01-05,CMP-13,DE,292,8,0.96
2023-01-05,CMP-13,ES,214,6,0.73
2023-01-05,CMP-13,FR,2723,87,10.73
2023-01-05,CMP-13,GB,681,19,2.49
2023-01-05,CMP-13,IT,30,1,0.12
2023-01-05,CMP-13,NL,94,3,0.37
2023-01-05,CMP-13,PL,194,6,0.73
2023-01-05,CMP-13,SE,879,29,3.96
2023-01-05,CMP-13,US,5128,159,20.88
2023-01-05,CMP-16,CA,154,3,1.27
2023-01-05,CMP-16,DE,937,19,8.17
2023-01-05,CMP-16,ES,1306,24,9.35
2023-01-05,CMP-16,FR,8554,167,70.37
2023-01-05,CMP-16,GB,1694,31,13.81
2023-01-05,CMP-16,IT,557,11,4.42
2023-01-05,CMP-16,PL,372,8,3.08
2023-01-05,CMP-16,SE,3135,59,24.01
2023-01-05,CMP-16,US,18359,379,152.57
2023-01-05,CMP-19,CA,91,3,1.58
2023-01-05,CMP-19,DE,536,19,10.64
2023-01-05,CMP-19,ES,632,21,11.43
2023-01-05,CMP-19,FR,4372,164,86.36
2023-01-05,CMP-19,GB,949,31,17.85
2023-01-05,CMP-19,IT,191,7,3.69
2023-01-05,CMP-19,NL,30,1,0.63
2023-01-05,CMP-19,PL,311,10,5.36
2023-01-05,CMP-19,SE,1601,52,32.78
2023-01-05,CMP-19,US,11406,366,211.48
2023-01-05,CMP-21,CA,169,2,0.6
2023-01-05,CMP-21,DE,520,6,2.04
2023-01-05,CMP-21,ES,1179,14,4.75
2023-01-05,CMP-21,FR,8739,99,30.21
2023-01-05,CMP-21,GB,2356,28,8.5
2023-01-05,CMP-21,IT,271,3,0.87
2023-01-05,CMP-21,NL,170,2,0.68
2023-01-05,CMP-21,PL,515,6,1.92
2023-01-05,CMP-21,SE,3551,39,13.29
2023-01-05,CMP-21,US,17404,218,64.33
2023-01-05,CMP-23,CA,260,8,1.05
2023-01-05,CMP-23,DE,404,12,1.4
2023-01-05,CMP-23,ES,470,13,1.63
2023-01-05,CMP-23,FR,3593,106,13.66
2023-01-05,CMP-23,GB,804,25,3.11
2023-01-05,CMP-23,IT,287,9,1.11
2023-01-05,CMP-23,PL,127,4,0.52
2023-01-05,CMP-23,SE,1518,44,5.69
2023-01-05,CMP-23,US,7566,243,31.75
2023-01-06,CMP-01,CA,90,3,0.92
2023-01-06,CMP-01,DE,410,14,4.24
2023-01-06,CMP-01,ES,972,33,10.38
2023-01-06,CMP-01,FR,4806,169,55.43
2023-01-06,CMP-01,GB,902,30,9.41
2023-01-06,CMP-01,IT,202,7,2.13
2023-01-06,CMP-01,PL,258,9,2.63
2023-01-06,CMP-01,SE,1554,60,19.91
2023-01-06,CMP-01,US,11005,396,122.67
2023-01-06,CMP-02,CA,27,1,0.73
2023-01-06,CMP-02,DE,413,15,10.04
2023-01-06,CMP-02,ES,965,36,22.93
2023-01-06,CMP-02,FR,6325,211,147.82
2023-01-06,CMP-02,GB,1414,46,32.54
2023-01-06,CMP-02,IT,357,12,8.94
2023-01-06,CMP-02,NL,104,4,2.87
2023-01-06,CMP-02,PL,109,4,3.01
2023-01-06,CMP-02,SE,1519,50,31.86
2023-01-06,CMP-02,US,13202,489,372.06
2023-01-06,CMP-03,CA,57,2,1.07
2023-01-06,CMP-03,DE,249,8,4.35
2023-01-06,CMP-03,ES,974,31,16.35
2023-01-06,CMP-03,FR,4165,152,90.05
2023-01-06,CMP-03,GB,1030,38,21.59
2023-01-06,CMP-03,IT,313,11,5.54
2023-01-06,CMP-03,NL,159,6,3.05
2023-01-06,CMP-03,PL,314,10,5.57
2023-01-06,CMP-03,SE,1494,56,29.38
2023-01-06,CMP-03,US,10277,344,171.88
2023-01-06,CMP-04,GB,414,16,11.35
2023-01-06,CMP-07,CA,164,2,0.63
2023-01-06,CMP-07,DE,1626,19,5.2
2023-01-06,CMP-07,ES,1859,21,5.8
2023-01-06,CMP-07,FR,13656,161,53.44
2023-01-06,CMP-07,GB,3291,37,12.0
2023-01-06,CMP-07,IT,403,5,1.56
2023-01-06,CMP-07,PL,998,11,3.65
2023-01-06,CMP-07,SE,6588,73,22.36
2023-01-06,CMP-07,US,31436,391,107.66
2023-01-06,CMP-08,CA,171,2,0.51
2023-01-06,CMP-08,DE,1326,16,3.62
2023-01-06,CMP-08,ES,2191,24,5.38
2023-01-06,CMP-08,FR,9782,119,26.41
2023-01-06,CMP-08,GB,1265,16,3.44
2023-01-06,CMP-08,IT,704,8,1.99
2023-01-06,CMP-08,NL,161,2,0.46
2023-01-06,CMP-08,PL,172,2,0.42
2023-01-06,CMP-08,SE,3490,46,11.17
2023-01-06,CMP-08,US,23083,291,62.96
2023-01-06,CMP-09,DE,241,3,1.06
2023-01-06,CMP-12,CA,102,3,0.37
2023-01-06,CMP-12,DE,289,9,1.03
2023-01-06,CMP-12,ES,390,12,1.49
2023-01-06,CMP-12,FR,4253,139,16.76
2023-01-06,CMP-12,GB,916,29,3.88
2023-01-06,CMP-12,IT,160,5,0.57
2023-01-06,CMP-12,NL,159,5,0.67
2023-01-06,CMP-12,PL,206,6,0.76
2023-01-06,CMP-12,SE,1925,58,6.86
2023-01-06,CMP-12,US,11317,342,44.54
2023-01-06,CMP-13,CA,30,1,0.13
2023-01-06,CMP-13,DE,272,8,0.97
2023-01-06,CMP-13,ES,250,8,1.1
2023-01-06,CMP-13,FR,2364,75,9.03
2023-01-06,CMP-13,GB,601,19,2.46
2023-01-06,CMP-13,IT,169,5,0.57
2023-01-06,CMP-13,PL,60,2,0.24
2023-01-06,CMP-13,SE,774,25,3.38
2023-01-06,CMP-13,US,5813,172,20.32
2023-01-06,CMP-16,CA,308,6,2.7
2023-01-06,CMP-16,DE,1029,21,8.16
2023-01-06,CMP-16,ES,1429,29,11.6
2023-01-06,CMP-16,FR,8084,158,59.98
2023-01-06,CMP-16,GB,1784,37,15.64
2023-01-06,CMP-16,IT,289,6,2.77
2023-01-06,CMP-16,NL,101,2,0.87
2023-01-06,CMP-16,PL,272,5,2.24
2023-01-06,CMP-16,SE,2371,46,21.13
2023-01-06,CMP-16,US,21133,398,176.33
2023-01-06,CMP-19,CA,152,5,2.89
2023-01-06,CMP-19,DE,395,13,7.66
2023-01-06,CMP-19,ES,647,23,13.57
2023-01-06,CMP-19,FR,5512,177,102.29
2023-01-06,CMP-19,GB,1147,37,19.58
2023-01-06,CMP-19,IT,229,8,4.73
2023-01-06,CMP-19,NL,135,5,3.03
2023-01-06,CMP-19,PL,321,11,6.43
2023-01-06,CMP-19,SE,1254,46,29.24
2023-01-06,CMP-19,US,10792,371,193.62
2023-01-06,CMP-21,CA,85,1,0.33
2023-01-06,CMP-21,DE,851,11,3.84
2023-01-06,CMP-21,ES,1159,15,4.55
2023-01-06,CMP-21,FR,9721,109,33.02
2023-01-06,CMP-21,GB,1141,13,4.09
2023-01-06,CMP-21,IT,462,6,2.08
2023-01-06,CMP-21,PL,631,7,2.22
2023-01-06,CMP-21,SE,3000,34,10.62
2023-01-06,CMP-21,US,16357,207,63.21
2023-01-06,CMP-23,CA,101,3,0.38
2023-01-06,CMP-23,DE,343,11,1.37
2023-01-06,CMP-23,ES,576,18,2.1
2023-01-06,CMP-23,FR,2802,90,11.54
2023-01-06,CMP-23,GB,578,19,2.41
2023-01-06,CMP-23,IT,167,5,0.66
2023-01-06,CMP-23,PL,187,6,0.73
2023-01-06,CMP-23,SE,1346,39,4.69
2023-01-06,CMP-23,US,9327,269,34.49
2023-01-07,CMP-01,CA,350,13,4.5
2023-01-07,CMP-01,DE,853,32,10.86
2023-01-07,CMP-01,ES,1763,65,22.37
2023-01-07,CMP-01,FR,11068,374,119.6
2023-01-07,CMP-01,GB,1942,70,23.7
2023-01-07,CMP-01,IT,692,25,8.35
2023-01-07,CMP-01,NL,139,5,1.51
2023-01-07,CMP-01,PL,576,21,6.57
2023-01-07,CMP-01,SE,4684,158,51.58
2023-01-07,CMP-01,US,25230,812,280.8
2023-01-07,CMP-02,CA,406,13,8.28
2023-01-07,CMP-02,DE,1288,45,31.95
2023-01-07,CMP-02,ES,2020,66,41.97
2023-01-07,CMP-02,FR,12803,453,307.91
2023-01-07,CMP-02,GB,1973,72,53.55
2023-01-07,CMP-02,IT,473,18,12.54
2023-01-07,CMP-02,NL,104,4,2.88
2023-01-07,CMP-02,PL,493,17,12.67
2023-01-07,CMP-02,SE,5135,173,110.73
2023-01-07,CMP-02,US,30781,1010,673.94
2023-01-07,CMP-03,CA,312,12,6.64
2023-01-07,CMP-03,DE,898,31,17.95
2023-01-07,CMP-03,ES,1739,59,32.46
2023-01-07,CMP-03,FR,10956,379,203.0
2023-01-07,CMP-03,GB,2038,69,39.73
2023-01-07,CMP-03,IT,338,11,6.2
2023-01-07,CMP-03,NL,176,6,3.58
2023-01-07,CMP-03,PL,611,20,10.06
2023-01-07,CMP-03,SE,3882,126,69.1
2023-01-07,CMP-03,US,20732,754,446.17
2023-01-07,CMP-04,GB,910,31,23.49
2023-01-07,CMP-07,CA,1136,14,4.21
2023-01-07,CMP-07,DE,1321,17,5.31
2023-01-07,CMP-07,ES,4875,54,16.56
2023-01-07,CMP-07,FR,31199,383,116.53
2023-01-07,CMP-07,GB,5839,64,18.77
2023-01-07,CMP-07,IT,1150,14,3.96
2023-01-07,CMP-07,NL,348,4,1.19
2023-01-07,CMP-07,PL,1979,23,7.63
2023-01-07,CMP-07,SE,11240,135,40.46
2023-01-07,CMP-07,US,68887,766,217.06
2023-01-07,CMP-08,CA,273,3,0.68
2023-01-07,CMP-08,DE,1730,21,5.38
2023-01-07,CMP-08,ES,3205,36,7.67
2023-01-07,CMP-08,FR,22747,295,68.45
2023-01-07,CMP-08,GB,4567,51,10.97
2023-01-07,CMP-08,IT,1308,16,3.69
2023-01-07,CMP-08,NL,573,7,1.68
2023-01-07,CMP-08,PL,1264,15,3.46
2023-01-07,CMP-08,SE,5933,78,16.98
2023-01-07,CMP-08,US,47158,621,132.44
2023-01-07,CMP-09,DE,412,5,1.59
2023-01-07,CMP-12,CA,309,9,1.18
2023-01-07,CMP-12,DE,901,28,3.85
2023-01-07,CMP-12,ES,1406,39,4.7
2023-01-07,CMP-12,FR,10410,295,39.32
2023-01-07,CMP-12,GB,1835,54,6.35
2023-01-07,CMP-12,IT,680,21,2.84
2023-01-07,CMP-12,NL,102,3,0.4
2023-01-07,CMP-12,PL,374,11,1.46
2023-01-07,CMP-12,SE,3603,112,12.78
2023-01-07,CMP-12,US,23567,655,81.48
2023-01-07,CMP-13,CA,178,5,0.59
2023-01-07,CMP-13,DE,322,10,1.24
2023-01-07,CMP-13,ES,804,22,2.97
2023-01-07,CMP-13,FR,5573,155,18.33
2023-01-07,CMP-13,GB,1081,35,4.42
2023-01-07,CMP-13,IT,312,10,1.16
2023-01-07,CMP-13,NL,91,3,0.39
2023-01-07,CMP-13,PL,268,8,0.98
2023-01-07,CMP-13,SE,2136,65,7.83
2023-01-07,CMP-13,US,12085,361,41.67
2023-01-07,CMP-16,CA,421,8,3.14
2023-01-07,CMP-16,DE,1565,31,12.63
2023-01-07,CMP-16,ES,3004,58,25.88
2023-01-07,CMP-16,FR,18790,354,141.07
2023-01-07,CMP-16,GB,4444,82,33.28
2023-01-07,CMP-16,IT,729,16,7.17
2023-01-07,CMP-16,NL,306,6,2.67
2023-01-07,CMP-16,PL,646,12,4.82
2023-01-07,CMP-16,SE,6194,123,51.42
2023-01-07,CMP-16,US,37611,747,298.67
2023-01-07,CMP-19,CA,167,6,3.54
2023-01-07,CMP-19,DE,961,36,21.53
2023-01-07,CMP-19,ES,1256,43,25.91
2023-01-07,CMP-19,FR,10478,382,228.49
2023-01-07,CMP-19,GB,1442,50,27.15
2023-01-07,CMP-19,IT,479,18,10.9
2023-01-07,CMP-19,NL,219,7,4.18
2023-01-07,CMP-19,PL,344,11,6.9
2023-01-07,CMP-19,SE,4115,141,79.99
2023-01-07,CMP-19,US,20966,766,449.39
2023-01-07,CMP-21,CA,270,3,1.05
2023-01-07,CMP-21,DE,1247,14,4.04
2023-01-07,CMP-21,ES,2416,27,8.24
2023-01-07,CMP-21,FR,16555,214,72.77
2023-01-07,CMP-21,GB,4434,53,15.75
2023-01-07,CMP-21,IT,801,9,2.63
2023-01-07,CMP-21,NL,86,1,0.3
2023-01-07,CMP-21,PL,683,8,2.55
2023-01-07,CMP-21,SE,7116,90,29.49
2023-01-07,CMP-21,US,36813,472,140.91
2023-01-07,CMP-23,CA,140,4,0.54
2023-01-07,CMP-23,DE,705,20,2.5
2023-01-07,CMP-23,ES,1648,45,5.63
2023-01-07,CMP-23,FR,8169,231,30.29
2023-01-07,CMP-23,GB,1380,40,5.1
2023-01-07,CMP-23,IT,526,16,2.15
2023-01-07,CMP-23,NL,70,2,0.24
2023-01-07,CMP-23,PL,401,12,1.48
2023-01-07,CMP-23,SE,2696,75,8.89
2023-01-07,CMP-23,US,17380,522,63.29
2023-01-08,CMP-01,CA,275,9,2.72
2023-01-08,CMP-01,DE,942,30,9.76
2023-01-08,CMP-01,ES,1878,69,23.57
2023-01-08,CMP-01,FR,9450,355,107.43
2023-01-08,CMP-01,GB,1961,65,19.78
2023-01-08,CMP-01,IT,719,27,9.08
2023-01-08,CMP-01,NL,86,3,0.86
2023-01-08,CMP-01,PL,419,14,4.79
2023-01-08,CMP-01,SE,3202,121,35.45
2023-01-08,CMP-01,US,25192,803,245.08
2023-01-08,CMP-02,CA,402,15,11.12
2023-01-08,CMP-02,DE,1260,45,31.85
2023-01-08,CMP-02,ES,2318,74,53.27
2023-01-08,CMP-02,FR,11457,433,297.6
2023-01-08,CMP-02,GB,2063,73,53.06
2023-01-08,CMP-02,IT,863,33,24.1
2023-01-08,CMP-02,NL,111,4,2.61
2023-01-08,CMP-02,PL,578,19,12.8
2023-01-08,CMP-02,SE,3567,134,96.57
2023-01-08,CMP-02,US,25206,951,653.16
2023-01-08,CMP-03,CA,387,13,6.82
2023-01-08,CMP-03,DE,821,30,17.99
2023-01-08,CMP-03,ES,1525,50,29.51
2023-01-08,CMP-03,FR,9343,354,194.03
2023-01-08,CMP-03,GB,2190,72,38.73
2023-01-08,CMP-03,IT,437,15,9.05
2023-01-08,CMP-03,NL,57,2,1.03
2023-01-08,CMP-03,PL,429,14,7.88
2023-01-08,CMP-03,SE,3696,140,78.6
2023-01-08,CMP-03,US,22643,771,393.46
2023-01-08,CMP-04,GB,591,22,16.0
2023-01-08,CMP-07,CA,539,6,1.7
2023-01-08,CMP-07,DE,1802,23,6.96
2023-01-08,CMP-07,ES,4989,55,16.21
2023-01-08,CMP-07,FR,27813,354,104.86
2023-01-08,CMP-07,GB,6127,75,22.17
2023-01-08,CMP-07,IT,2715,31,10.13
2023-01-08,CMP-07,NL,80,1,0.31
2023-01-08,CMP-07,PL,1814,22,6.8
2023-01-08,CMP-07,SE,9896,124,36.68
2023-01-08,CMP-07,US,71499,833,235.99
2023-01-08,CMP-08,CA,810,9,2.27
2023-01-08,CMP-08,DE,2147,28,7.13
2023-01-08,CMP-08,ES,3547,43,9.21
2023-01-08,CMP-08,FR,22849,251,55.36
2023-01-08,CMP-08,GB,4906,57,13.74
2023-01-08,CMP-08,IT,1459,17,3.72
2023-01-08,CMP-08,NL,240,3,0.74
2023-01-08,CMP-08,PL,572,7,1.72
2023-01-08,CMP-08,SE,7752,100,22.26
2023-01-08,CMP-08,US,55247,638,156.29
2023-01-08,CMP-09,DE,921,12,4.28
2023-01-08,CMP-12,CA,256,8,0.94
2023-01-08,CMP-12,DE,817,27,3.69
2023-01-08,CMP-12,ES,1436,40,5.01
2023-01-08,CMP-12,FR,9842,286,38.36
2023-01-08,CMP-12,GB,1965,60,7.62
2023-01-08,CMP-12,IT,674,21,2.77
2023-01-08,CMP-12,NL,141,4,0.56
2023-01-08,CMP-12,PL,532,15,1.84
2023-01-08,CMP-12,SE,3551,102,11.98
2023-01-08,CMP-12,US,23291,639,81.47
2023-01-08,CMP-13,CA,30,1,0.12
2023-01-08,CMP-13,DE,399,13,1.54
2023-01-08,CMP-13,ES,884,29,3.62
2023-01-08,CMP-13,FR,5654,166,22.14
2023-01-08,CMP-13,GB,677,22,2.85
2023-01-08,CMP-13,IT,157,5,0.62
2023-01-08,CMP-13,NL,61,2,0.25
2023-01-08,CMP-13,PL,373,11,1.27
2023-01-08,CMP-13,SE,1483,44,5.66
2023-01-08,CMP-13,US,11591,376,46.4
2023-01-08,CMP-16,CA,281,6,2.65
2023-01-08,CMP-16,DE,1785,33,12.49
2023-01-08,CMP-16,ES,2038,43,19.57
2023-01-08,CMP-16,FR,17892,338,144.04
2023-01-08,CMP-16,GB,4512,91,36.8
2023-01-08,CMP-16,IT,1181,26,11.33
2023-01-08,CMP-16,NL,229,5,1.95
2023-01-08,CMP-16,PL,796,17,6.49
2023-01-08,CMP-16,SE,6272,118,52.32
2023-01-08,CMP-16,US,36211,758,317.58
2023-01-08,CMP-19,CA,249,9,5.23
2023-01-08,CMP-19,DE,990,34,20.9
2023-01-08,CMP-19,ES,1652,58,31.14
2023-01-08,CMP-19,FR,9403,346,209.67
2023-01-08,CMP-19,GB,2424,81,50.26
2023-01-08,CMP-19,IT,537,18,9.5
2023-01-08,CMP-19,NL,113,4,2.54
2023-01-08,CMP-19,PL,533,19,9.94
2023-01-08,CMP-19,SE,3669,126,69.19
2023-01-08,CMP-19,US,23245,783,438.29
2023-01-08,CMP-21,CA,431,5,1.55
2023-01-08,CMP-21,DE,1677,20,6.34
2023-01-08,CMP-21,ES,2751,35,10.61
2023-01-08,CMP-21,FR,20667,229,76.56
2023-01-08,CMP-21,GB,4013,51,15.39
2023-01-08,CMP-21,IT,409,5,1.45
2023-01-08,CMP-21,NL,244,3,0.93
2023-01-08,CMP-21,PL,546,7,2.35
2023-01-08,CMP-21,SE,7126,81,26.75
2023-01-08,CMP-21,US,38914,469,155.68
2023-01-08,CMP-23,CA,167,5,0.64
2023-01-08,CMP-23,DE,883,29,3.93
2023-01-08,CMP-23,ES,912,28,3.45
2023-01-08,CMP-23,FR,7859,226,30.67
2023-01-08,CMP-23,GB,1369,40,5.43
2023-01-08,CMP-23,IT,423,13,1.69
2023-01-08,CMP-23,NL,162,5,0.63
2023-01-08,CMP-23,PL,94,3,0.35
2023-01-08,CMP-23,SE,2638,82,10.81
2023-01-08,CMP-23,US,17452,566,77.16
2023-01-09,CMP-01,CA,112,4,1.38
2023-01-09,CMP-01,DE,832,28,9.59
2023-01-09,CMP-01,ES,1124,37,10.96
2023-01-09,CMP-01,FR,7093,254,73.7
2023-01-09,CMP-01,GB,1733,59,16.91
2023-01-09,CMP-01,IT,487,18,5.46
2023-01-09,CMP-01,NL,156,6,2.04
2023-01-09,CMP-01,PL,346,12,3.94
2023-01-09,CMP-01,SE,3061,113,37.52
2023-01-09,CMP-01,US,19326,645,222.82
2023-01-09,CMP-02,CA,262,9,5.63
2023-01-09,CMP-02,DE,871,29,20.18
2023-01-09,CMP-02,ES,1731,58,37.64
2023-01-09,CMP-02,FR,10122,331,231.68
2023-01-09,CMP-02,GB,1432,49,33.25
2023-01-09,CMP-02,IT,290,11,7.15
2023-01-09,CMP-02,NL,26,1,0.64
2023-01-09,CMP-02,PL,580,19,12.02
2023-01-09,CMP-02,SE,3783,132,90.83
2023-01-09,CMP-02,US,20570,789,539.68
2023-01-09,CMP-03,CA,186,6,2.97
2023-01-09,CMP-03,DE,595,22,12.78
2023-01-09,CMP-03,ES,1206,42,22.51
2023-01-09,CMP-03,FR,8338,292,175.84
2023-01-09,CMP-03,GB,1423,53,27.99
2023-01-09,CMP-03,IT,441,16,7.95
2023-01-09,CMP-03,NL,187,6,3.02
2023-01-09,CMP-03,PL,358,13,7.68
2023-01-09,CMP-03,SE,3097,102,50.6
2023-01-09,CMP-03,US,20183,671,343.85
2023-01-09,CMP-04,GB,677,23,16.41
2023-01-09,CMP-07,CA,629,8,2.28
2023-01-09,CMP-07,DE,2671,33,10.47
2023-01-09,CMP-07,ES,3668,44,13.12
2023-01-09,CMP-07,FR,25911,301,86.23
2023-01-09,CMP-07,GB,4435,56,17.07
2023-01-09,CMP-07,IT,1286,15,4.9
2023-01-09,CMP-07,NL,328,4,1.1
2023-01-09,CMP-07,PL,1558,18,5.25
2023-01-09,CMP-07,SE,6946,91,25.19
2023-01-09,CMP-07,US,46435,604,199.47
2023-01-09,CMP-08,CA,359,4,0.87
2023-01-09,CMP-08,DE,1574,18,4.06
2023-01-09,CMP-08,ES,3120,36,8.93
2023-01-09,CMP-08,FR,18353,208,51.11
2023-01-09,CMP-08,GB,4109,50,10.65
2023-01-09,CMP-08,IT,1676,22,5.62
2023-01-09,CMP-08,NL,337,4,0.86
2023-01-09,CMP-08,PL,787,10,2.54
2023-01-09,CMP-08,SE,5001,62,15.71
2023-01-09,CMP-08,US,38790,491,118.48
2023-01-09,CMP-09,DE,354,4,1.31
2023-01-09,CMP-12,CA,203,6,0.72
2023-01-09,CMP-12,DE,687,22,2.81
2023-01-09,CMP-12,ES,1000,33,4.53
2023-01-09,CMP-12,FR,5841,188,23.24
2023-01-09,CMP-12,GB,1580,46,5.6
2023-01-09,CMP-12,IT,426,13,1.64
2023-01-09,CMP-12,NL,168,5,0.59
2023-01-09,CMP-12,PL,229,7,0.83
2023-01-09,CMP-12,SE,2625,84,11.13
2023-01-09,CMP-12,US,18759,526,62.65
2023-01-09,CMP-13,CA,131,4,0.51
2023-01-09,CMP-13,DE,311,9,1.08
2023-01-09,CMP-13,ES,956,29,3.88
2023-01-09,CMP-13,FR,4499,136,15.82
2023-01-09,CMP-13,GB,911,27,3.3
2023-01-09,CMP-13,IT,472,13,1.58
2023-01-09,CMP-13,NL,61,2,0.24
2023-01-09,CMP-13,PL,135,4,0.52
2023-01-09,CMP-13,SE,1777,51,7.0
2023-01-09,CMP-13,US,9226,283,33.22
2023-01-09,CMP-16,CA,489,9,3.97
2023-01-09,CMP-16,DE,1483,27,12.16
2023-01-09,CMP-16,ES,1444,28,11.34
2023-01-09,CMP-16,FR,13336,249,108.28
2023-01-09,CMP-16,GB,2590,55,23.61
2023-01-09,CMP-16,IT,734,14,5.57
2023-01-09,CMP-16,NL,215,4,1.59
2023-01-09,CMP-16,PL,690,14,5.4
2023-01-09,CMP-16,SE,4646,93,42.12
2023-01-09,CMP-16,US,26989,563,226.58
2023-01-09,CMP-19,CA,346,11,6.0
2023-01-09,CMP-19,DE,830,28,15.32
2023-01-09,CMP-19,ES,1274,41,23.73
2023-01-09,CMP-19,FR,8040,267,163.19
2023-01-09,CMP-19,GB,1441,51,28.54
2023-01-09,CMP-19,IT,475,17,10.54
2023-01-09,CMP-19,NL,132,5,3.08
2023-01-09,CMP-19,PL,549,18,10.59
2023-01-09,CMP-19,SE,3026,98,55.22
2023-01-09,CMP-19,US,18279,647,363.82
2023-01-09,CMP-21,CA,156,2,0.66
2023-01-09,CMP-21,DE,1183,13,3.84
2023-01-09,CMP-21,ES,1388,18,5.68
2023-01-09,CMP-21,FR,11114,146,47.72
2023-01-09,CMP-21,GB,2986,37,11.82
2023-01-09,CMP-21,IT,669,8,2.62
2023-01-09,CMP-21,NL,237,3,1.02
2023-01-09,CMP-21,PL,340,4,1.24
2023-01-09,CMP-21,SE,4019,50,15.2
2023-01-09,CMP-21,US,35319,393,127.65
2023-01-09,CMP-23,CA,108,3,0.38
2023-01-09,CMP-23,DE,378,11,1.27
2023-01-09,CMP-23,ES,851,25,2.94
2023-01-09,CMP-23,FR,6395,181,24.47
2023-01-09,CMP-23,GB,1130,34,4.15
2023-01-09,CMP-23,IT,427,13,1.56
2023-01-09,CMP-23,NL,30,1,0.12
2023-01-09,CMP-23,PL,318,9,1.25
2023-01-09,CMP-23,SE,1981,64,8.67
2023-01-09,CMP-23,US,12048,389,45.06
2023-01-10,CMP-01,CA,218,8,2.31
2023-01-10,CMP-01,DE,716,27,7.9
2023-01-10,CMP-01,ES,1553,51,16.85
2023-01-10,CMP-01,FR,8752,285,87.76
2023-01-10,CMP-01,GB,1616,52,17.45
2023-01-10,CMP-01,IT,294,11,3.32
2023-01-10,CMP-01,NL,135,5,1.52
2023-01-10,CMP-01,PL,365,13,4.25
2023-01-10,CMP-01,SE,3069,100,32.14
2023-01-10,CMP-01,US,18299,627,208.57
2023-01-10,CMP-02,CA,247,9,5.71
2023-01-10,CMP-02,DE,932,31,22.56
2023-01-10,CMP-02,ES,1445,50,36.52
2023-01-10,CMP-02,FR,9325,357,232.54
2023-01-10,CMP-02,GB,2005,64,48.23
2023-01-10,CMP-02,IT,780,26,19.0
2023-01-10,CMP-02,NL,90,3,1.93
2023-01-10,CMP-02,PL,341,12,9.03
2023-01-10,CMP-02,SE,2653,103,77.33
2023-01-10,CMP-02,US,21706,736,480.02
2023-01-10,CMP-03,CA,233,8,4.33
2023-01-10,CMP-03,DE,617,23,12.47
2023-01-10,CMP-03,ES,1268,47,28.01
2023-01-10,CMP-03,FR,8885,289,149.89
2023-01-10,CMP-03,GB,1769,65,37.58
2023-01-10,CMP-03,IT,248,9,5.01
2023-01-10,CMP-03,NL,152,5,2.77
2023-01-10,CMP-03,PL,565,19,11.24
2023-01-10,CMP-03,SE,2884,97,56.0
2023-01-10,CMP-03,US,18241,648,389.46
2023-01-10,CMP-04,GB,660,21,16.98
2023-01-10,CMP-07,CA,756,10,3.29
2023-01-10,CMP-07,DE,1830,22,6.29
2023-01-10,CMP-07,ES,3876,47,14.24
2023-01-10,CMP-07,FR,24752,310,101.67
2023-01-10,CMP-07,GB,5203,57,17.13
2023-01-10,CMP-07,IT,1226,15,4.31
2023-01-10,CMP-07,NL,324,4,1.24
2023-01-10,CMP-07,PL,974,12,3.87
2023-01-10,CMP-07,SE,7786,95,29.4
2023-01-10,CMP-07,US,51572,629,208.07
2023-01-10,CMP-08,CA,264,3,0.7
2023-01-10,CMP-08,DE,977,13,3.2
2023-01-10,CMP-08,ES,2700,33,7.59
2023-01-10,CMP-08,FR,16245,186,45.93
2023-01-10,CMP-08,GB,3674,47,10.57
2023-01-10,CMP-08,IT,991,12,3.06
2023-01-10,CMP-08,NL,153,2,0.43
2023-01-10,CMP-08,PL,817,10,2.57
2023-01-10,CMP-08,SE,5765,68,14.5
2023-01-10,CMP-08,US,34591,455,110.17
2023-01-10,CMP-09,DE,1149,13,4.29
2023-01-10,CMP-12,CA,303,10,1.15
2023-01-10,CMP-12,DE,842,24,3.09
2023-01-10,CMP-12,ES,996,29,3.53
2023-01-10,CMP-12,FR,7968,228,25.92
2023-01-10,CMP-12,GB,1568,50,6.8
2023-01-10,CMP-12,IT,353,10,1.24
2023-01-10,CMP-12,NL,197,6,0.75
2023-01-10,CMP-12,PL,458,15,2.03
2023-01-10,CMP-12,SE,2295,75,10.29
2023-01-10,CMP-12,US,16139,501,60.46
2023-01-10,CMP-13,CA,242,8,1.09
2023-01-10,CMP-13,DE,256,8,0.97
2023-01-10,CMP-13,ES,732,22,2.7
2023-01-10,CMP-13,FR,5454,155,21.18
2023-01-10,CMP-13,GB,1023,32,4.24
2023-01-10,CMP-13,IT,263,8,1.08
2023-01-10,CMP-13,NL,61,2,0.27
2023-01-10,CMP-13,PL,195,6,0.81
2023-01-10,CMP-13,SE,2094,64,7.46
2023-01-10,CMP-13,US,9479,265,30.49
2023-01-10,CMP-16,CA,320,7,3.02
2023-01-10,CMP-16,DE,1441,29,11.94
2023-01-10,CMP-16,ES,1665,35,14.34
2023-01-10,CMP-16,FR,14114,262,101.44
2023-01-10,CMP-16,GB,3839,70,28.17
2023-01-10,CMP-16,IT,1002,19,8.77
2023-01-10,CMP-16,NL,108,2,0.9
2023-01-10,CMP-16,PL,598,11,4.26
2023-01-10,CMP-16,SE,4540,83,36.93
2023-01-10,CMP-16,US,31808,599,273.69
2023-01-10,CMP-19,CA,181,6,3.52
2023-01-10,CMP-19,DE,728,26,15.02
2023-01-10,CMP-19,ES,1500,52,30.64
2023-01-10,CMP-19,FR,8132,288,164.25
2023-01-10,CMP-19,GB,1553,56,33.07
2023-01-10,CMP-19,IT,366,14,8.03
2023-01-10,CMP-19,NL,236,8,4.55
2023-01-10,CMP-19,PL,464,17,9.26
2023-01-10,CMP-19,SE,3386,111,64.16
2023-01-10,CMP-19,US,19623,654,399.91
2023-01-10,CMP-21,CA,360,4,1.36
2023-01-10,CMP-21,DE,1291,15,4.76
2023-01-10,CMP-21,ES,1961,24,8.24
2023-01-10,CMP-21,FR,13553,167,53.54
2023-01-10,CMP-21,GB,3335,40,13.12
2023-01-10,CMP-21,IT,1294,15,4.4
2023-01-10,CMP-21,NL,83,1,0.29
2023-01-10,CMP-21,PL,455,6,1.91
2023-01-10,CMP-21,SE,4906,63,18.24
2023-01-10,CMP-21,US,28781,352,107.48
2023-01-10,CMP-23,CA,228,7,0.95
2023-01-10,CMP-23,DE,841,24,2.97
2023-01-10,CMP-23,ES,1147,32,4.17
2023-01-10,CMP-23,FR,6317,177,20.3
2023-01-10,CMP-23,GB,1050,31,3.54
2023-01-10,CMP-23,IT,324,9,1.25
2023-01-10,CMP-23,NL,99,3,0.41
2023-01-10,CMP-23,PL,330,11,1.38
2023-01-10,CMP-23,SE,2692,79,10.63
2023-01-10,CMP-23,US,13676,435,57.19
2023-01-11,CMP-01,CA,183,6,1.98
2023-01-11,CMP-01,DE,535,20,5.86
2023-01-11,CMP-01,ES,1211,45,14.86
2023-01-11,CMP-01,FR,6733,248,86.14
2023-01-11,CMP-01,GB,1361,50,15.23
2023-01-11,CMP-01,IT,610,20,6.32
2023-01-11,CMP-01,NL,82,3,0.93
2023-01-11,CMP-01,PL,427,15,4.37
2023-01-11,CMP-01,SE,3278,106,34.73
2023-01-11,CMP-01,US,16746,626,192.19
2023-01-11,CMP-02,CA,172,6,4.19
2023-01-11,CMP-02,DE,818,28,18.64
2023-01-11,CMP-02,ES,1323,48,31.5
2023-01-11,CMP-02,FR,11214,374,268.44
2023-01-11,CMP-02,GB,1377,53,36.19
2023-01-11,CMP-02,IT,568,20,15.22
2023-01-11,CMP-02,NL,137,5,3.54
2023-01-11,CMP-02,PL,511,17,12.93
2023-01-11,CMP-02,SE,2882,110,70.98
2023-01-11,CMP-02,US,20977,780,585.46
2023-01-11,CMP-03,CA,213,7,3.48
2023-01-11,CMP-03,DE,671,23,12.53
2023-01-11,CMP-03,ES,1128,38,20.67
2023-01-11,CMP-03,FR,6475,250,135.14
2023-01-11,CMP-03,GB,1055,41,21.23
2023-01-11,CMP-03,IT,333,12,6.55
2023-01-11,CMP-03,NL,26,1,0.5
2023-01-11,CMP-03,PL,393,13,6.53
2023-01-11,CMP-03,SE,2810,100,58.81
2023-01-11,CMP-03,US,17208,659,337.37
2023-01-11,CMP-04,GB,571,19,15.1
2023-01-11,CMP-07,CA,1455,17,5.42
2023-01-11,CMP-07,DE,2248,25,8.02
2023-01-11,CMP-07,ES,2750,36,10.3
2023-01-11,CMP-07,FR,26223,298,91.02
2023-01-11,CMP-07,GB,4913,56,15.33
2023-01-11,CMP-07,IT,982,11,3.52
2023-01-11,CMP-07,NL,722,8,2.55
2023-01-11,CMP-07,PL,868,11,3.25
2023-01-11,CMP-07,SE,9686,118,37.02
2023-01-11,CMP-07,US,52327,689,218.61
2023-01-11,CMP-08,CA,569,7,1.59
2023-01-11,CMP-08,DE,865,11,2.37
2023-01-11,CMP-08,ES,2862,37,7.88
2023-01-11,CMP-08,FR,14680,183,46.18
2023-01-11,CMP-08,GB,3130,41,8.78
2023-01-11,CMP-08,IT,1133,14,3.4
2023-01-11,CMP-08,NL,454,6,1.45
2023-01-11,CMP-08,PL,636,8,1.86
2023-01-11,CMP-08,SE,5937,74,18.8
2023-01-11,CMP-08,US,35492,431,108.62
2023-01-11,CMP-09,DE,949,11,3.85
2023-01-11,CMP-12,CA,123,4,0.48
2023-01-11,CMP-12,DE,829,24,2.76
2023-01-11,CMP-12,ES,1106,33,4.07
2023-01-11,CMP-12,FR,7236,232,31.07
2023-01-11,CMP-12,GB,1554,49,6.71
2023-01-11,CMP-12,IT,731,20,2.51
2023-01-11,CMP-12,NL,93,3,0.36
2023-01-11,CMP-12,PL,362,11,1.35
2023-01-11,CMP-12,SE,2659,73,9.56
2023-01-11,CMP-12,US,17057,529,66.52
2023-01-11,CMP-13,CA,174,5,0.64
2023-01-11,CMP-13,DE,404,13,1.74
2023-01-11,CMP-13,ES,468,14,1.75
2023-01-11,CMP-13,FR,3999,125,14.54
2023-01-11,CMP-13,GB,1077,31,3.84
2023-01-11,CMP-13,IT,250,8,1.11
2023-01-11,CMP-13,NL,30,1,0.11
2023-01-11,CMP-13,PL,365,10,1.21
2023-01-11,CMP-13,SE,1457,48,6.07
2023-01-11,CMP-13,US,9359,286,33.89
2023-01-11,CMP-16,CA,511,10,4.52
2023-01-11,CMP-16,DE,1109,22,8.95
2023-01-11,CMP-16,ES,3097,57,22.82
2023-01-11,CMP-16,FR,12157,261,105.64
2023-01-11,CMP-16,GB,2297,44,18.54
2023-01-11,CMP-16,IT,978,21,8.82
2023-01-11,CMP-16,NL,49,1,0.45
2023-01-11,CMP-16,PL,567,12,5.48
2023-01-11,CMP-16,SE,4038,78,34.08
2023-01-11,CMP-16,US,31400,625,240.52
2023-01-11,CMP-19,CA,226,8,4.52
2023-01-11,CMP-19,DE,772,28,15.29
2023-01-11,CMP-19,ES,1540,53,33.35
2023-01-11,CMP-19,FR,7969,257,145.94
2023-01-11,CMP-19,GB,1383,53,32.77
2023-01-11,CMP-19,IT,879,29,17.93
2023-01-11,CMP-19,NL,188,6,3.7
2023-01-11,CMP-19,PL,381,14,8.56
2023-01-11,CMP-19,SE,2940,106,65.48
2023-01-11,CMP-19,US,17781,681,360.48
2023-01-11,CMP-21,CA,329,4,1.33
2023-01-11,CMP-21,DE,693,9,2.9
2023-01-11,CMP-21,ES,1425,16,5.63
2023-01-11,CMP-21,FR,12775,161,55.25
2023-01-11,CMP-21,GB,2741,34,11.17
2023-01-11,CMP-21,IT,727,8,2.59
2023-01-11,CMP-21,NL,88,1,0.34
2023-01-11,CMP-21,PL,1003,12,3.89
2023-01-11,CMP-21,SE,5650,71,24.94
2023-01-11,CMP-21,US,32462,356,117.55
2023-01-11,CMP-23,CA,228,7,0.81
2023-01-11,CMP-23,DE,683,21,2.46
2023-01-11,CMP-23,ES,864,25,3.4
2023-01-11,CMP-23,FR,5120,169,20.88
2023-01-11,CMP-23,GB,1612,47,6.28
2023-01-11,CMP-23,IT,376,11,1.47
2023-01-11,CMP-23,NL,72,2,0.28
2023-01-11,CMP-23,PL,288,8,1.1
2023-01-11,CMP-23,SE,2216,64,8.41
2023-01-11,CMP-23,US,10820,355,47.41
2023-01-12,CMP-01,CA,261,9,2.6
2023-01-12,CMP-01,DE,631,22,7.32
2023-01-12,CMP-01,ES,1518,52,16.46
2023-01-12,CMP-01,FR,8547,287,84.71
2023-01-12,CMP-01,GB,1387,48,14.81
2023-01-12,CMP-01,IT,162,6,1.82
2023-01-12,CMP-01,NL,58,2,0.69
2023-01-12,CMP-01,PL,311,11,3.3
2023-01-12,CMP-01,SE,2419,88,27.69
2023-01-12,CMP-01,US,16445,598,203.62
2023-01-12,CMP-02,CA,283,9,5.9
2023-01-12,CMP-02,DE,967,37,27.07
2023-01-12,CMP-02,ES,1625,53,36.49
2023-01-12,CMP-02,FR,10545,365,247.5
2023-01-12,CMP-02,GB,1606,58,44.21
2023-01-12,CMP-02,IT,650,24,16.0
2023-01-12,CMP-02,NL,117,4,2.95
2023-01-12,CMP-02,PL,645,21,15.97
2023-01-12,CMP-02,SE,3546,117,83.06
2023-01-12,CMP-02,US,20273,740,505.45
2023-01-12,CMP-03,CA,284,10,5.98
2023-01-12,CMP-03,DE,1045,34,20.47
2023-01-12,CMP-03,ES,1376,52,25.92
2023-01-12,CMP-03,FR,8205,296,149.62
2023-01-12,CMP-03,GB,1627,55,29.76
2023-01-12,CMP-03,IT,492,17,8.54
2023-01-12,CMP-03,NL,82,3,1.53
2023-01-12,CMP-03,PL,363,12,7.21
2023-01-12,CMP-03,SE,2974,104,61.62
2023-01-12,CMP-03,US,18073,628,328.8
2023-01-12,CMP-04,GB,493,19,15.45
2023-01-12,CMP-07,CA,466,6,1.71
2023-01-12,CMP-07,DE,1426,19,6.29
2023-01-12,CMP-07,ES,3703,44,13.05
2023-01-12,CMP-07,FR,25296,288,85.11
2023-01-12,CMP-07,GB,3327,41,11.7
2023-01-12,CMP-07,IT,1875,21,6.25
2023-01-12,CMP-07,NL,255,3,0.86
2023-01-12,CMP-07,PL,1126,13,3.72
2023-01-12,CMP-07,SE,9943,116,34.61
2023-01-12,CMP-07,US,58735,671,188.98
2023-01-12,CMP-08,CA,451,5,1.14
2023-01-12,CMP-08,DE,1299,15,3.29
2023-01-12,CMP-08,ES,1325,15,3.64
2023-01-12,CMP-08,FR,17204,190,45.72
2023-01-12,CMP-08,GB,2810,36,8.78
2023-01-12,CMP-08,IT,872,11,2.57
2023-01-12,CMP-08,NL,328,4,0.94
2023-01-12,CMP-08,PL,724,8,1.79
2023-01-12,CMP-08,SE,5510,68,15.19
2023-01-12,CMP-08,US,33465,430,106.52
2023-01-12,CMP-09,DE,600,7,2.18
2023-01-12,CMP-12,CA,202,6,0.71
2023-01-12,CMP-12,DE,946,26,3.37
2023-01-12,CMP-12,ES,1140,37,4.3
2023-01-12,CMP-12,FR,8112,229,30.13
2023-01-12,CMP-12,GB,1350,42,5.69
2023-01-12,CMP-12,IT,239,7,0.87
2023-01-12,CMP-12,NL,191,6,0.82
2023-01-12,CMP-12,PL,381,12,1.62
2023-01-12,CMP-12,SE,2173,72,9.51
2023-01-12,CMP-12,US,15094,479,56.32
2023-01-12,CMP-13,CA,126,4,0.54
2023-01-12,CMP-13,DE,471,14,1.8
2023-01-12,CMP-13,ES,685,19,2.52
2023-01-12,CMP-13,FR,5137,141,16.72
2023-01-12,CMP-13,GB,915,25,3.33
2023-01-12,CMP-13,IT,97,3,0.38
2023-01-12,CMP-13,NL,71,2,0.23
2023-01-12,CMP-13,PL,178,5,0.67
2023-01-12,CMP-13,SE,1338,40,5.1
2023-01-12,CMP-13,US,9071,267,31.99
2023-01-12,CMP-16,CA,144,3,1.23
2023-01-12,CMP-16,DE,983,21,8.68
2023-01-12,CMP-16,ES,2022,42,17.38
2023-01-12,CMP-16,FR,13313,261,110.51
2023-01-12,CMP-16,GB,2935,58,25.78
2023-01-12,CMP-16,IT,676,15,5.78
2023-01-12,CMP-16,NL,215,4,1.67
2023-01-12,CMP-16,PL,767,15,5.7
2023-01-12,CMP-16,SE,5653,104,47.96
2023-01-12,CMP-16,US,29797,600,240.06
2023-01-12,CMP-19,CA,217,8,4.91
2023-01-12,CMP-19,DE,661,25,13.45
2023-01-12,CMP-19,ES,1241,41,22.58
2023-01-12,CMP-19,FR,7566,284,175.01
2023-01-12,CMP-19,GB,1198,46,27.7
2023-01-12,CMP-19,IT,285,10,5.66
2023-01-12,CMP-19,NL,111,4,2.32
2023-01-12,CMP-19,PL,594,19,11.14
2023-01-12,CMP-19,SE,2607,86,53.94
2023-01-12,CMP-19,US,15793,604,359.43
2023-01-12,CMP-21,CA,356,4,1.34
2023-01-12,CMP-21,DE,1243,16,5.56
2023-01-12,CMP-21,ES,2272,25,8.54
2023-01-12,CMP-21,FR,12406,161,48.77
2023-01-12,CMP-21,GB,2490,30,9.84
2023-01-12,CMP-21,IT,791,9,3.16
2023-01-12,CMP-21,NL,92,1,0.35
2023-01-12,CMP-21,PL,464,6,1.73
2023-01-12,CMP-21,SE,4931,57,17.04
2023-01-12,CMP-21,US,27185,339,102.68
2023-01-12,CMP-23,CA,156,5,0.57
2023-01-12,CMP-23,DE,836,23,3.0
2023-01-12,CMP-23,ES,710,20,2.46
2023-01-12,CMP-23,FR,6660,185,23.23
2023-01-12,CMP-23,GB,813,27,3.67
2023-01-12,CMP-23,IT,373,12,1.62
2023-01-12,CMP-23,NL,32,1,0.11
2023-01-12,CMP-23,PL,340,10,1.34
2023-01-12,CMP-23,SE,2014,58,7.23
2023-01-12,CMP-23,US,14361,420,53.5
2023-01-13,CMP-01,CA,138,5,1.46
2023-01-13,CMP-01,DE,781,25,8.2
2023-01-13,CMP-01,ES,1444,48,15.56
2023-01-13,CMP-01,FR,8371,301,104.44
2023-01-13,CMP-01,GB,1671,63,21.11
2023-01-13,CMP-01,IT,786,26,7.74
2023-01-13,CMP-01,NL,79,3,0.89
2023-01-13,CMP-01,PL,467,15,5.24
2023-01-13,CMP-01,SE,3254,104,34.5
2023-01-13,CMP-01,US,19420,652,192.68
2023-01-13,CMP-02,CA,189,7,5.12
2023-01-13,CMP-02,DE,1000,32,23.39
2023-01-13,CMP-02,ES,1183,43,28.66
2023-01-13,CMP-02,FR,10244,392,256.97
2023-01-13,CMP-02,GB,1298,48,32.43
2023-01-13,CMP-02,IT,1065,34,21.36
2023-01-13,CMP-02,NL,198,7,4.81
2023-01-13,CMP-02,PL,484,16,10.69
2023-01-13,CMP-02,SE,3613,125,84.26
2023-01-13,CMP-02,US,20689,776,486.28
2023-01-13,CMP-03,CA,143,5,2.83
2023-01-13,CMP-03,DE,908,29,14.74
2023-01-13,CMP-03,ES,1145,44,26.27
2023-01-13,CMP-03,FR,8190,285,165.92
2023-01-13,CMP-03,GB,1214,45,25.63
2023-01-13,CMP-03,IT,430,15,8.98
2023-01-13,CMP-03,NL,139,5,2.83
2023-01-13,CMP-03,PL,445,17,9.33
2023-01-13,CMP-03,SE,2835,100,52.73
2023-01-13,CMP-03,US,17124,636,352.16
2023-01-13,CMP-04,GB,558,20,14.65
2023-01-13,CMP-07,CA,247,3,1.0
2023-01-13,CMP-07,DE,2328,26,7.34
2023-01-13,CMP-07,ES,4890,55,15.85
2023-01-13,CMP-07,FR,26624,301,94.39
2023-01-13,CMP-07,GB,5073,58,18.97
2023-01-13,CMP-07,IT,1358,16,5.03
2023-01-13,CMP-07,NL,732,8,2.21
2023-01-13,CMP-07,PL,961,11,3.04
2023-01-13,CMP-07,SE,7583,91,29.75
2023-01-13,CMP-07,US,52863,653,201.55
2023-01-13,CMP-08,CA,328,4,1.0
2023-01-13,CMP-08,DE,1506,20,5.17
2023-01-13,CMP-08,ES,2347,29,6.92
2023-01-13,CMP-08,FR,16879,202,50.46
2023-01-13,CMP-08,GB,3212,42,10.15
2023-01-13,CMP-08,IT,1298,17,4.39
2023-01-13,CMP-08,NL,241,3,0.73
2023-01-13,CMP-08,PL,974,12,2.68
2023-01-13,CMP-08,SE,5867,71,16.56
2023-01-13,CMP-08,US,41702,457,110.74
2023-01-13,CMP-09,DE,383,5,1.77
2023-01-13,CMP-12,CA,70,2,0.24
2023-01-13,CMP-12,DE,508,15,1.98
2023-01-13,CMP-12,ES,1397,39,4.45
2023-01-13,CMP-12,FR,8825,263,34.24
2023-01-13,CMP-12,GB,1580,51,6.68
2023-01-13,CMP-12,IT,505,14,1.85
2023-01-13,CMP-12,NL,69,2,0.28
2023-01-13,CMP-12,PL,235,7,0.94
2023-01-13,CMP-12,SE,2525,83,11.09
2023-01-13,CMP-12,US,19702,572,66.88
2023-01-13,CMP-13,CA,219,6,0.74
2023-01-13,CMP-13,DE,641,18,2.4
2023-01-13,CMP-13,ES,475,13,1.72
2023-01-13,CMP-13,FR,4953,147,20.06
2023-01-13,CMP-13,GB,784,23,2.65
2023-01-13,CMP-13,IT,209,6,0.69
2023-01-13,CMP-13,PL,268,8,1.0
2023-01-13,CMP-13,SE,1837,54,7.06
2023-01-13,CMP-13,US,9183,281,38.23
2023-01-13,CMP-16,CA,218,4,1.56
2023-01-13,CMP-16,DE,1212,25,11.14
2023-01-13,CMP-16,ES,1924,40,17.32
2023-01-13,CMP-16,FR,15025,292,127.58
2023-01-13,CMP-16,GB,2530,50,19.4
2023-01-13,CMP-16,IT,650,13,5.58
2023-01-13,CMP-16,NL,190,4,1.83
2023-01-13,CMP-16,PL,841,16,6.66
2023-01-13,CMP-16,SE,4801,93,37.01
2023-01-13,CMP-16,US,29880,604,267.86
2023-01-13,CMP-19,CA,196,7,4.37
2023-01-13,CMP-19,DE,722,26,14.16
2023-01-13,CMP-19,ES,1525,53,32.46
2023-01-13,CMP-19,FR,7067,236,143.57
2023-01-13,CMP-19,GB,1890,65,39.99
2023-01-13,CMP-19,IT,522,17,9.6
2023-01-13,CMP-19,NL,115,4,2.52
2023-01-13,CMP-19,PL,456,16,8.73
2023-01-13,CMP-19,SE,2871,99,62.54
2023-01-13,CMP-19,US,18144,638,379.98
2023-01-13,CMP-21,CA,245,3,0.86
2023-01-13,CMP-21,DE,1635,18,5.29
2023-01-13,CMP-21,ES,1883,23,6.65
2023-01-13,CMP-21,FR,13929,174,52.02
2023-01-13,CMP-21,GB,3187,35,10.81
2023-01-13,CMP-21,IT,835,10,3.51
2023-01-13,CMP-21,NL,89,1,0.29
2023-01-13,CMP-21,PL,1072,13,4.47
2023-01-13,CMP-21,SE,4418,51,16.35
2023-01-13,CMP-21,US,28172,347,106.81
2023-01-13,CMP-23,CA,199,6,0.76
2023-01-13,CMP-23,DE,327,9,1.02
2023-01-13,CMP-23,ES,972,27,3.13
2023-01-13,CMP-23,FR,5753,184,21.25
2023-01-13,CMP-23,GB,1179,34,4.43
2023-01-13,CMP-23,IT,283,9,1.1
2023-01-13,CMP-23,NL,110,3,0.35
2023-01-13,CMP-23,PL,250,8,0.92
2023-01-13,CMP-23,SE,2162,71,8.51
2023-01-13,CMP-23,US,15088,420,50.24
2023-01-14,CMP-01,CA,343,11,3.36
2023-01-14,CMP-01,DE,1008,36,12.56
2023-01-14,CMP-01,ES,1215,42,13.64
2023-01-14,CMP-01,FR,11874,382,114.47
2023-01-14,CMP-01,GB,2356,81,26.57
2023-01-14,CMP-01,IT,591,22,7.46
2023-01-14,CMP-01,NL,141,5,1.5
2023-01-14,CMP-01,PL,445,16,5.24
2023-01-14,CMP-01,SE,3719,126,38.42
2023-01-14,CMP-01,US,24755,853,256.32
2023-01-14,CMP-02,CA,391,13,9.88
2023-01-14,CMP-02,DE,1768,64,43.66
2023-01-14,CMP-02,ES,1426,54,35.19
2023-01-14,CMP-02,FR,12867,438,315.41
2023-01-14,CMP-02,GB,2861,94,65.75
2023-01-14,CMP-02,IT,449,16,10.94
2023-01-14,CMP-02,NL,225,8,5.74
2023-01-14,CMP-02,PL,750,24,16.07
2023-01-14,CMP-02,SE,4307,149,110.48
2023-01-14,CMP-02,US,30688,1037,740.58
2023-01-14,CMP-03,CA,260,9,4.6
2023-01-14,CMP-03,DE,683,22,10.9
2023-01-14,CMP-03,ES,1199,39,21.04
2023-01-14,CMP-03,FR,10978,411,209.75
2023-01-14,CMP-03,GB,2041,67,37.97
2023-01-14,CMP-03,IT,557,20,11.82
2023-01-14,CMP-03,NL,130,5,2.54
2023-01-14,CMP-03,PL,243,8,4.2
2023-01-14,CMP-03,SE,3889,134,73.19
2023-01-14,CMP-03,US,23686,832,471.29
2023-01-14,CMP-04,GB,769,25,18.5
2023-01-14,CMP-07,CA,1215,14,4.15
2023-01-14,CMP-07,DE,2579,33,10.54
2023-01-14,CMP-07,ES,3097,39,10.97
2023-01-14,CMP-07,FR,29855,392,128.13
2023-01-14,CMP-07,GB,5845,73,21.69
2023-01-14,CMP-07,IT,1920,25,8.0
2023-01-14,CMP-07,NL,833,10,2.98
2023-01-14,CMP-07,PL,1420,16,5.06
2023-01-14,CMP-07,SE,11090,124,33.85
2023-01-14,CMP-07,US,75421,849,252.41
2023-01-14,CMP-08,CA,993,12,3.1
2023-01-14,CMP-08,DE,2431,27,6.02
2023-01-14,CMP-08,ES,3735,42,10.71
2023-01-14,CMP-08,FR,23227,257,64.2
2023-01-14,CMP-08,GB,4561,53,12.74
2023-01-14,CMP-08,IT,1302,16,3.46
2023-01-14,CMP-08,NL,326,4,0.99
2023-01-14,CMP-08,PL,976,13,2.96
2023-01-14,CMP-08,SE,6474,86,19.94
2023-01-14,CMP-08,US,47256,580,147.89
2023-01-14,CMP-09,DE,507,6,2.13
2023-01-14,CMP-12,CA,370,12,1.42
2023-01-14,CMP-12,DE,1013,30,4.12
2023-01-14,CMP-12,ES,1635,45,6.07
2023-01-14,CMP-12,FR,11098,303,38.13
2023-01-14,CMP-12,GB,2436,74,8.89
2023-01-14,CMP-12,IT,358,10,1.35
2023-01-14,CMP-12,NL,245,7,0.92
2023-01-14,CMP-12,PL,421,12,1.54
2023-01-14,CMP-12,SE,3191,97,12.58
2023-01-14,CMP-12,US,21558,667,91.66
2023-01-14,CMP-13,CA,130,4,0.5
2023-01-14,CMP-13,DE,452,13,1.65
2023-01-14,CMP-13,ES,741,24,2.76
2023-01-14,CMP-13,FR,5209,172,23.5
2023-01-14,CMP-13,GB,1421,40,4.81
2023-01-14,CMP-13,IT,259,8,1.04
2023-01-14,CMP-13,NL,33,1,0.12
2023-01-14,CMP-13,PL,345,11,1.35
2023-01-14,CMP-13,SE,1654,49,5.61
2023-01-14,CMP-13,US,12528,359,48.58
2023-01-14,CMP-16,CA,162,3,1.14
2023-01-14,CMP-16,DE,961,19,7.81
2023-01-14,CMP-16,ES,2744,51,22.85
2023-01-14,CMP-16,FR,16122,341,135.98
2023-01-14,CMP-16,GB,3839,70,29.73
2023-01-14,CMP-16,IT,1047,22,9.45
2023-01-14,CMP-16,NL,373,7,2.83
2023-01-14,CMP-16,PL,864,18,7.79
2023-01-14,CMP-16,SE,6351,125,54.34
2023-01-14,CMP-16,US,37525,826,377.96
2023-01-14,CMP-19,CA,370,14,8.84
2023-01-14,CMP-19,DE,1264,43,27.29
2023-01-14,CMP-19,ES,1966,65,35.54
2023-01-14,CMP-19,FR,10457,377,232.21
2023-01-14,CMP-19,GB,1834,66,36.58
2023-01-14,CMP-19,IT,615,22,11.8
2023-01-14,CMP-19,NL,231,8,4.95
2023-01-14,CMP-19,PL,505,17,10.57
2023-01-14,CMP-19,SE,4106,139,86.84
2023-01-14,CMP-19,US,22137,855,494.65
2023-01-14,CMP-21,CA,686,9,2.74
2023-01-14,CMP-21,DE,1351,16,5.52
2023-01-14,CMP-21,ES,3266,38,12.99
2023-01-14,CMP-21,FR,18878,206,67.64
2023-01-14,CMP-21,GB,4203,49,15.28
2023-01-14,CMP-21,IT,1366,17,5.31
2023-01-14,CMP-21,NL,78,1,0.35
2023-01-14,CMP-21,PL,1036,12,3.81
2023-01-14,CMP-21,SE,5358,71,21.55
2023-01-14,CMP-21,US,42137,476,155.04
2023-01-14,CMP-23,CA,232,7,0.94
2023-01-14,CMP-23,DE,731,21,2.69
2023-01-14,CMP-23,ES,1057,35,4.59
2023-01-14,CMP-23,FR,7839,223,28.37
2023-01-14,CMP-23,GB,1750,48,5.69
2023-01-14,CMP-23,IT,761,21,2.44
2023-01-14,CMP-23,NL,68,2,0.26
2023-01-14,CMP-23,PL,354,10,1.2
2023-01-14,CMP-23,SE,2607,76,10.55
2023-01-14,CMP-23,US,18952,529,68.81
2023-01-15,CMP-01,CA,292,11,3.59
2023-01-15,CMP-01,DE,1217,39,12.12
2023-01-15,CMP-01,ES,1796,64,20.82
2023-01-15,CMP-01,FR,12290,394,124.8
2023-01-15,CMP-01,GB,1458,52,16.31
2023-01-15,CMP-01,IT,496,17,5.33
2023-01-15,CMP-01,NL,61,2,0.61
2023-01-15,CMP-01,PL,472,18,6.16
2023-01-15,CMP-01,SE,3563,114,35.1
2023-01-15,CMP-01,US,21502,818,260.16
2023-01-15,CMP-02,CA,289,10,7.63
2023-01-15,CMP-02,DE,1352,48,34.91
2023-01-15,CMP-02,ES,2226,85,59.72
2023-01-15,CMP-02,FR,12139,460,302.19
2023-01-15,CMP-02,GB,2223,86,63.06
2023-01-15,CMP-02,IT,842,28,20.68
2023-01-15,CMP-02,NL,133,5,3.55
2023-01-15,CMP-02,PL,918,31,20.27
2023-01-15,CMP-02,SE,4938,169,128.91
2023-01-15,CMP-02,US,30069,1011,728.92
2023-01-15,CMP-03,CA,386,13,6.54
2023-01-15,CMP-03,DE,779,28,13.98
2023-01-15,CMP-03,ES,1120,41,22.16
2023-01-15,CMP-03,FR,11619,373,195.26
2023-01-15,CMP-03,GB,2460,81,40.63
2023-01-15,CMP-03,IT,605,21,11.88
2023-01-15,CMP-03,NL,62,2,1.04
2023-01-15,CMP-03,PL,709,23,12.73
2023-01-15,CMP-03,SE,4163,141,76.63
2023-01-15,CMP-03,US,21813,844,483.21
2023-01-15,CMP-04,GB,670,26,19.35
2023-01-15,CMP-07,CA,1031,12,3.85
2023-01-15,CMP-07,DE,3077,34,11.31
2023-01-15,CMP-07,ES,4761,60,17.39
2023-01-15,CMP-07,FR,33380,379,105.74
2023-01-15,CMP-07,GB,5204,62,18.83
2023-01-15,CMP-07,IT,2428,31,8.46
2023-01-15,CMP-07,NL,653,8,2.5
2023-01-15,CMP-07,PL,956,11,3.49
2023-01-15,CMP-07,SE,9589,125,36.29
2023-01-15,CMP-07,US,75167,853,258.85
2023-01-15,CMP-08,CA,438,5,1.27
2023-01-15,CMP-08,DE,1570,19,4.87
2023-01-15,CMP-08,ES,3800,43,9.65
2023-01-15,CMP-08,FR,22610,276,68.59
2023-01-15,CMP-08,GB,4681,55,14.04
2023-01-15,CMP-08,IT,1232,16,4.02
2023-01-15,CMP-08,NL,604,7,1.81
2023-01-15,CMP-08,PL,653,8,1.84
2023-01-15,CMP-08,SE,7603,96,23.85
2023-01-15,CMP-08,US,53079,589,125.92
2023-01-15,CMP-09,DE,573,7,2.31
2023-01-15,CMP-12,CA,262,8,0.93
2023-01-15,CMP-12,DE,761,22,2.77
2023-01-15,CMP-12,ES,1367,38,4.99
2023-01-15,CMP-12,FR,8860,281,34.12
2023-01-15,CMP-12,GB,1797,56,7.45
2023-01-15,CMP-12,IT,477,14,1.62
2023-01-15,CMP-12,NL,247,8,1.08
2023-01-15,CMP-12,PL,372,11,1.49
2023-01-15,CMP-12,SE,3896,109,12.63
2023-01-15,CMP-12,US,23327,701,95.65
2023-01-15,CMP-13,CA,138,4,0.51
2023-01-15,CMP-13,DE,528,15,1.75
2023-01-15,CMP-13,ES,998,30,3.76
2023-01-15,CMP-13,FR,5436,153,19.99
2023-01-15,CMP-13,GB,1146,37,4.68
2023-01-15,CMP-13,IT,293,8,0.99
2023-01-15,CMP-13,NL,66,2,0.24
2023-01-15,CMP-13,PL,352,10,1.32
2023-01-15,CMP-13,SE,1848,58,8.04
2023-01-15,CMP-13,US,11536,380,47.24
2023-01-15,CMP-16,CA,431,8,3.58
2023-01-15,CMP-16,DE,2057,40,17.24
2023-01-15,CMP-16,ES,2617,52,23.12
2023-01-15,CMP-16,FR,19169,355,161.95
2023-01-15,CMP-16,GB,3933,79,30.68
2023-01-15,CMP-16,IT,912,18,7.47
2023-01-15,CMP-16,NL,255,5,1.94
2023-01-15,CMP-16,PL,818,15,5.89
2023-01-15,CMP-16,SE,7023,134,51.63
2023-01-15,CMP-16,US,34522,734,322.05
2023-01-15,CMP-19,CA,424,14,7.35
2023-01-15,CMP-19,DE,953,33,18.09
2023-01-15,CMP-19,ES,1590,57,32.15
2023-01-15,CMP-19,FR,11151,395,224.99
2023-01-15,CMP-19,GB,1889,67,37.35
2023-01-15,CMP-19,IT,376,14,8.55
2023-01-15,CMP-19,NL,111,4,2.18
2023-01-15,CMP-19,PL,757,29,15.92
2023-01-15,CMP-19,SE,3429,119,75.47
2023-01-15,CMP-19,US,24370,894,505.54
2023-01-15,CMP-21,CA,551,7,2.26
2023-01-15,CMP-21,DE,1228,16,5.55
2023-01-15,CMP-21,ES,3126,39,13.36
2023-01-15,CMP-21,FR,16127,215,72.26
2023-01-15,CMP-21,GB,3723,44,14.26
2023-01-15,CMP-21,IT,1270,15,5.2
2023-01-15,CMP-21,NL,376,5,1.74
2023-01-15,CMP-21,PL,746,9,2.62
2023-01-15,CMP-21,SE,6254,76,22.13
2023-01-15,CMP-21,US,41473,475,157.8
2023-01-15,CMP-23,CA,199,6,0.73
2023-01-15,CMP-23,DE,932,29,4.0
2023-01-15,CMP-23,ES,1397,39,5.25
2023-01-15,CMP-23,FR,7589,244,29.98
2023-01-15,CMP-23,GB,1203,40,4.86
2023-01-15,CMP-23,IT,374,11,1.33
2023-01-15,CMP-23,NL,144,4,0.53
2023-01-15,CMP-23,PL,549,15,2.06
2023-01-15,CMP-23,SE,3180,99,12.11
2023-01-15,CMP-23,US,18260,525,69.37
2023-01-16,CMP-01,CA,229,8,2.32
2023-01-16,CMP-01,DE,722,25,8.16
2023-01-16,CMP-01,ES,1265,43,13.98
2023-01-16,CMP-01,FR,9114,305,96.37
2023-01-16,CMP-01,GB,1589,52,16.07
2023-01-16,CMP-01,IT,536,20,6.66
2023-01-16,CMP-01,NL,117,4,1.4
2023-01-16,CMP-01,PL,399,15,4.84
2023-01-16,CMP-01,SE,2265,84,26.99
2023-01-16,CMP-01,US,17160,620,198.06
2023-01-16,CMP-02,CA,407,14,10.65
2023-01-16,CMP-02,DE,1130,36,23.53
2023-01-16,CMP-02,ES,1786,65,48.62
2023-01-16,CMP-02,FR,9962,360,239.87
2023-01-16,CMP-02,GB,2074,68,49.24
2023-01-16,CMP-02,IT,528,19,13.59
2023-01-16,CMP-02,NL,171,6,4.49
2023-01-16,CMP-02,PL,522,20,14.16
2023-01-16,CMP-02,SE,3563,116,82.37
2023-01-16,CMP-02,US,21113,715,464.8
2023-01-16,CMP-03,CA,220,7,3.73
2023-01-16,CMP-03,DE,567,20,10.9
2023-01-16,CMP-03,ES,861,31,16.79
2023-01-16,CMP-03,FR,6408,249,135.28
2023-01-16,CMP-03,GB,1651,59,30.65
2023-01-16,CMP-03,IT,631,21,10.82
2023-01-16,CMP-03,NL,172,6,3.4
2023-01-16,CMP-03,PL,347,13,7.15
2023-01-16,CMP-03,SE,2867,96,49.24
2023-01-16,CMP-03,US,19440,639,357.2
2023-01-16,CMP-04,GB,702,25,20.21
2023-01-16,CMP-07,CA,533,7,2.11
2023-01-16,CMP-07,DE,1781,22,7.01
2023-01-16,CMP-07,ES,4422,49,13.8
2023-01-16,CMP-07,FR,25143,285,83.14
2023-01-16,CMP-07,GB,5546,62,19.13
2023-01-16,CMP-07,IT,1650,19,5.22
2023-01-16,CMP-07,NL,249,3,0.85
2023-01-16,CMP-07,PL,979,13,4.04
2023-01-16,CMP-07,SE,8232,105,34.12
2023-01-16,CMP-07,US,53071,625,201.49
2023-01-16,CMP-08,CA,455,5,1.2
2023-01-16,CMP-08,DE,1325,15,3.56
2023-01-16,CMP-08,ES,2018,26,5.69
2023-01-16,CMP-08,FR,19391,212,53.55
2023-01-16,CMP-08,GB,3178,37,8.98
2023-01-16,CMP-08,IT,969,11,2.65
2023-01-16,CMP-08,NL,171,2,0.45
2023-01-16,CMP-08,PL,530,7,1.7
2023-01-16,CMP-08,SE,5087,64,15.16
2023-01-16,CMP-08,US,38911,459,97.92
2023-01-16,CMP-09,DE,630,7,2.35
2023-01-16,CMP-12,CA,183,5,0.61
2023-01-16,CMP-12,DE,797,23,2.77
2023-01-16,CMP-12,ES,1043,30,3.72
2023-01-16,CMP-12,FR,7943,229,30.4
2023-01-16,CMP-12,GB,1647,50,6.78
2023-01-16,CMP-12,IT,529,15,1.98
2023-01-16,CMP-12,NL,70,2,0.27
2023-01-16,CMP-12,PL,515,16,1.97
2023-01-16,CMP-12,SE,2289,69,8.05
2023-01-16,CMP-12,US,18819,517,68.94
2023-01-16,CMP-13,CA,150,5,0.6
2023-01-16,CMP-13,DE,256,7,0.83
2023-01-16,CMP-13,ES,669,20,2.31
2023-01-16,CMP-13,FR,4503,139,19.24
2023-01-16,CMP-13,GB,913,27,3.11
2023-01-16,CMP-13,IT,364,12,1.47
2023-01-16,CMP-13,NL,65,2,0.23
2023-01-16,CMP-13,PL,218,6,0.74
2023-01-16,CMP-13,SE,1649,49,6.72
2023-01-16,CMP-13,US,10029,277,35.34
2023-01-16,CMP-16,CA,483,9,4.09
2023-01-16,CMP-16,DE,1018,22,10.03
2023-01-16,CMP-16,ES,2514,48,21.03
2023-01-16,CMP-16,FR,13441,266,112.59
2023-01-16,CMP-16,GB,2528,55,21.27
2023-01-16,CMP-16,IT,604,13,5.4
2023-01-16,CMP-16,NL,376,7,3.05
2023-01-16,CMP-16,PL,783,17,7.37
2023-01-16,CMP-16,SE,4332,96,40.51
2023-01-16,CMP-16,US,31561,634,273.12
2023-01-16,CMP-19,CA,305,10,6.03
2023-01-16,CMP-19,DE,389,14,8.47
2023-01-16,CMP-19,ES,1200,39,24.51
2023-01-16,CMP-19,FR,7065,267,143.47
2023-01-16,CMP-19,GB,1600,60,33.02
2023-01-16,CMP-19,IT,810,30,15.81
2023-01-16,CMP-19,NL,81,3,1.73
2023-01-16,CMP-19,PL,378,13,7.47
2023-01-16,CMP-19,SE,3143,104,63.89
2023-01-16,CMP-19,US,20406,687,387.0
2023-01-16,CMP-21,CA,161,2,0.7
2023-01-16,CMP-21,DE,1262,14,4.58
2023-01-16,CMP-21,ES,2473,28,8.97
2023-01-16,CMP-21,FR,12014,143,42.06
2023-01-16,CMP-21,GB,2589,33,10.45
2023-01-16,CMP-21,IT,1040,12,4.14
2023-01-16,CMP-21,NL,85,1,0.35
2023-01-16,CMP-21,PL,258,3,0.93
2023-01-16,CMP-21,SE,3913,48,13.99
2023-01-16,CMP-21,US,31140,375,121.31
2023-01-16,CMP-23,CA,226,7,0.93
2023-01-16,CMP-23,DE,653,18,2.44
2023-01-16,CMP-23,ES,626,18,2.47
2023-01-16,CMP-23,FR,6593,200,25.14
2023-01-16,CMP-23,GB,1098,30,3.89
2023-01-16,CMP-23,IT,310,9,1.18
2023-01-16,CMP-23,NL,30,1,0.12
2023-01-16,CMP-23,PL,386,11,1.42
2023-01-16,CMP-23,SE,2043,60,6.95
2023-01-16,CMP-23,US,13587,427,56.96
2023-01-17,CMP-01,CA,86,3,0.88
2023-01-17,CMP-01,DE,933,34,10.46
2023-01-17,CMP-01,ES,908,34,10.92
2023-01-17,CMP-01,FR,7282,283,88.16
2023-01-17,CMP-01,GB,1489,50,17.27
2023-01-17,CMP-01,IT,650,21,6.41
2023-01-17,CMP-01,NL,150,5,1.43
2023-01-17,CMP-01,PL,368,13,3.89
2023-01-17,CMP-01,SE,2780,105,34.87
2023-01-17,CMP-01,US,18866,705,217.42
2023-01-17,CMP-02,CA,183,7,5.09
2023-01-17,CMP-02,DE,748,27,20.16
2023-01-17,CMP-02,ES,1622,54,40.74
2023-01-17,CMP-02,FR,10246,332,216.31
2023-01-17,CMP-02,GB,1689,61,38.26
2023-01-17,CMP-02,IT,598,20,14.8
2023-01-17,CMP-02,NL,119,4,2.9
2023-01-17,CMP-02,PL,422,15,10.08
2023-01-17,CMP-02,SE,3857,127,81.26
2023-01-17,CMP-02,US,23072,764,573.43
2023-01-17,CMP-03,CA,175,6,3.41
2023-01-17,CMP-03,DE,796,26,14.15
2023-01-17,CMP-03,ES,1069,38,21.55
2023-01-17,CMP-03,FR,8470,289,144.02
2023-01-17,CMP-03,GB,1537,49,28.57
2023-01-17,CMP-03,IT,311,12,6.41
2023-01-17,CMP-03,NL,79,3,1.74
2023-01-17,CMP-03,PL,371,13,7.4
2023-01-17,CMP-03,SE,3016,101,50.6
2023-01-17,CMP-03,US,18481,595,338.77
2023-01-17,CMP-04,GB,748,25,18.9
2023-01-17,CMP-07,CA,911,12,3.9
2023-01-17,CMP-07,DE,2875,33,9.77
2023-01-17,CMP-07,ES,4971,63,17.22
2023-01-17,CMP-07,FR,34875,428,142.62
2023-01-17,CMP-07,GB,5662,73,20.31
2023-01-17,CMP-07,IT,1828,20,5.9
2023-01-17,CMP-07,NL,721,8,2.55
2023-01-17,CMP-07,PL,1615,21,6.68
2023-01-17,CMP-07,SE,10547,126,40.5
2023-01-17,CMP-07,US,79635,875,281.5
2023-01-17,CMP-08,CA,478,6,1.47
2023-01-17,CMP-08,DE,1349,17,3.77
2023-01-17,CMP-08,ES,3321,38,9.21
2023-01-17,CMP-08,FR,24173,264,58.14
2023-01-17,CMP-08,GB,5733,64,15.2
2023-01-17,CMP-08,IT,1004,13,3.3
2023-01-17,CMP-08,NL,268,3,0.73
2023-01-17,CMP-08,PL,1069,12,2.56
2023-01-17,CMP-08,SE,6487,81,19.41
2023-01-17,CMP-08,US,47030,590,150.22
2023-01-17,CMP-09,DE,761,9,3.27
2023-01-17,CMP-12,CA,276,9,1.25
2023-01-17,CMP-12,DE,1041,34,3.88
2023-01-17,CMP-12,ES,1345,42,4.95
2023-01-17,CMP-12,FR,11922,359,45.26
2023-01-17,CMP-12,GB,2545,76,10.08
2023-01-17,CMP-12,IT,899,25,3.28
2023-01-17,CMP-12,NL,182,5,0.61
2023-01-17,CMP-12,PL,489,15,2.07
2023-01-17,CMP-12,SE,4797,139,19.3
2023-01-17,CMP-12,US,29104,819,102.27
2023-01-17,CMP-13,CA,128,4,0.51
2023-01-17,CMP-13,DE,399,11,1.31
2023-01-17,CMP-13,ES,918,26,3.48
2023-01-17,CMP-13,FR,6427,191,22.35
2023-01-17,CMP-13,GB,1569,43,5.77
2023-01-17,CMP-13,IT,611,19,2.24
2023-01-17,CMP-13,PL,310,9,1.05
2023-01-17,CMP-13,SE,2242,73,9.59
2023-01-17,CMP-13,US,13341,417,52.34
2023-01-17,CMP-16,CA,479,9,4.11
2023-01-17,CMP-16,DE,1362,26,10.24
2023-01-17,CMP-16,ES,2812,52,22.3
2023-01-17,CMP-16,FR,13466,283,116.9
2023-01-17,CMP-16,GB,2413,48,21.52
2023-01-17,CMP-16,IT,770,16,6.74
2023-01-17,CMP-16,NL,253,5,2.17
2023-01-17,CMP-16,PL,690,15,6.94
2023-01-17,CMP-16,SE,4149,84,38.48
2023-01-17,CMP-16,US,28504,614,237.91
2023-01-17,CMP-19,CA,187,6,3.26
2023-01-17,CMP-19,DE,911,34,18.61
2023-01-17,CMP-19,ES,1064,41,22.81
2023-01-17,CMP-19,FR,8228,291,175.61
2023-01-17,CMP-19,GB,1744,57,34.37
2023-01-17,CMP-19,IT,364,13,7.32
2023-01-17,CMP-19,NL,133,5,2.86
2023-01-17,CMP-19,PL,525,17,9.98
2023-01-17,CMP-19,SE,3406,128,69.94
2023-01-17,CMP-19,US,16340,620,349.95
2023-01-18,CMP-01,CA,122,4,1.39
2023-01-18,CMP-01,DE,756,29,10.08
2023-01-18,CMP-01,ES,1219,43,14.99
2023-01-18,CMP-01,FR,7482,269,81.87
2023-01-18,CMP-01,GB,1227,40,13.14
2023-01-18,CMP-01,IT,339,13,4.42
2023-01-18,CMP-01,NL,61,2,0.6
2023-01-18,CMP-01,PL,404,13,4.27
2023-01-18,CMP-01,SE,2334,90,26.33
2023-01-18,CMP-01,US,17702,648,198.7
2023-01-18,CMP-02,CA,177,6,4.15
2023-01-18,CMP-02,DE,833,27,17.93
2023-01-18,CMP-02,ES,1353,46,31.03
2023-01-18,CMP-02,FR,11018,359,241.44
2023-01-18,CMP-02,GB,2036,72,54.8
2023-01-18,CMP-02,IT,525,18,12.15
2023-01-18,CMP-02,NL,273,10,7.52
2023-01-18,CMP-02,PL,188,7,5.22
2023-01-18,CMP-02,SE,3857,125,93.87
2023-01-18,CMP-02,US,22213,772,483.92
2023-01-18,CMP-03,CA,386,13,7.1
2023-01-18,CMP-03,DE,711,23,11.85
2023-01-18,CMP-03,ES,1003,38,22.91
2023-01-18,CMP-03,FR,7986,277,167.62
2023-01-18,CMP-03,GB,1580,61,32.49
2023-01-18,CMP-03,IT,463,16,9.68
2023-01-18,CMP-03,NL,89,3,1.78
2023-01-18,CMP-03,PL,477,16,8.54
2023-01-18,CMP-03,SE,2441,88,48.8
2023-01-18,CMP-03,US,18109,680,379.33
2023-01-18,CMP-04,GB,370,13,9.84
2023-01-18,CMP-07,CA,768,10,3.31
2023-01-18,CMP-07,DE,2626,32,9.29
2023-01-18,CMP-07,ES,4729,57,17.43
2023-01-18,CMP-07,FR,28787,355,106.31
2023-01-18,CMP-07,GB,6105,75,21.38
2023-01-18,CMP-07,IT,1152,13,3.86
2023-01-18,CMP-07,NL,271,3,0.87
2023-01-18,CMP-07,PL,1628,20,5.78
2023-01-18,CMP-07,SE,9089,120,34.62
2023-01-18,CMP-07,US,65883,810,242.03
2023-01-18,CMP-08,CA,534,7,1.64
2023-01-18,CMP-08,DE,1526,19,4.52
2023-01-18,CMP-08,ES,3975,47,12.17
2023-01-18,CMP-08,FR,20774,275,60.49
2023-01-18,CMP-08,GB,5344,64,15.38
2023-01-18,CMP-08,IT,1464,16,3.69
2023-01-18,CMP-08,NL,366,4,0.95
2023-01-18,CMP-08,PL,1059,12,3.11
2023-01-18,CMP-08,SE,8929,100,21.84
2023-01-18,CMP-08,US,53270,594,130.49
2023-01-18,CMP-09,DE,833,11,4.01
2023-01-18,CMP-12,CA,403,12,1.48
2023-01-18,CMP-12,DE,1117,34,4.12
2023-01-18,CMP-12,ES,1716,50,5.77
2023-01-18,CMP-12,FR,11442,342,43.25
2023-01-18,CMP-12,GB,2350,65,8.33
2023-01-18,CMP-12,IT,801,25,3.15
2023-01-18,CMP-12,NL,103,3,0.36
2023-01-18,CMP-12,PL,552,18,2.48
2023-01-18,CMP-12,SE,4057,119,15.88
2023-01-18,CMP-12,US,27602,767,94.77
2023-01-18,CMP-13,CA,99,3,0.38
2023-01-18,CMP-13,DE,409,12,1.5
2023-01-18,CMP-13,ES,1139,35,4.62
2023-01-18,CMP-13,FR,5930,191,21.79
2023-01-18,CMP-13,GB,1047,34,3.89
2023-01-18,CMP-13,IT,393,13,1.75
2023-01-18,CMP-13,PL,470,13,1.62
2023-01-18,CMP-13,SE,2834,79,10.76
2023-01-18,CMP-13,US,13184,379,48.05
2023-01-18,CMP-16,CA,338,7,2.97
2023-01-18,CMP-16,DE,1562,29,12.73
2023-01-18,CMP-16,ES,2117,43,19.87
2023-01-18,CMP-16,FR,12801,267,103.94
2023-01-18,CMP-16,GB,2733,52,20.28
2023-01-18,CMP-16,IT,628,12,5.24
2023-01-18,CMP-16,NL,142,3,1.16
2023-01-18,CMP-16,PL,716,15,6.41
2023-01-18,CMP-16,SE,5105,104,43.08
2023-01-18,CMP-16,US,28201,601,248.33
2023-01-18,CMP-19,CA,352,12,6.78
2023-01-18,CMP-19,DE,897,29,16.98
2023-01-18,CMP-19,ES,1066,35,21.73
2023-01-18,CMP-19,FR,8390,275,168.85
2023-01-18,CMP-19,GB,1141,39,22.83
2023-01-18,CMP-19,IT,650,22,11.53
2023-01-18,CMP-19,NL,205,7,4.0
2023-01-18,CMP-19,PL,213,8,4.69
2023-01-18,CMP-19,SE,3677,123,66.58
2023-01-18,CMP-19,US,17984,622,372.53
2023-01-19,CMP-01,CA,187,7,2.04
2023-01-19,CMP-01,DE,825,30,10.25
2023-01-19,CMP-01,ES,1288,48,15.99
2023-01-19,CMP-01,FR,8440,279,92.73
2023-01-19,CMP-01,GB,1560,58,20.06
2023-01-19,CMP-01,IT,565,18,5.66
2023-01-19,CMP-01,NL,150,5,1.65
2023-01-19,CMP-01,PL,504,19,5.45
2023-01-19,CMP-01,SE,3219,103,32.08
2023-01-19,CMP-01,US,16733,648,210.74
2023-01-19,CMP-02,CA,302,10,6.53
2023-01-19,CMP-02,DE,1020,39,29.73
2023-01-19,CMP-02,ES,1337,46,33.53
2023-01-19,CMP-02,FR,10605,356,226.41
2023-01-19,CMP-02,GB,1948,67,46.01
2023-01-19,CMP-02,IT,663,22,15.19
2023-01-19,CMP-02,NL,239,9,6.39
2023-01-19,CMP-02,PL,431,14,9.69
2023-01-19,CMP-02,SE,3545,119,76.96
2023-01-19,CMP-02,US,21613,717,526.26
2023-01-19,CMP-03,CA,362,12,6.18
2023-01-19,CMP-03,DE,593,22,11.11
2023-01-19,CMP-03,ES,1127,41,22.25
2023-01-19,CMP-03,FR,7954,285,145.33
2023-01-19,CMP-03,GB,1296,48,24.54
2023-01-19,CMP-03,IT,322,12,6.05
2023-01-19,CMP-03,NL,138,5,2.54
2023-01-19,CMP-03,PL,564,20,11.4
2023-01-19,CMP-03,SE,2901,95,54.98
2023-01-19,CMP-03,US,20857,672,375.12
2023-01-19,CMP-04,GB,675,23,16.05
2023-01-19,CMP-07,CA,993,12,3.44
2023-01-19,CMP-07,DE,1723,21,6.28
2023-01-19,CMP-07,ES,5128,59,17.38
2023-01-19,CMP-07,FR,31538,372,117.81
2023-01-19,CMP-07,GB,6807,81,22.73
2023-01-19,CMP-07,IT,1927,25,7.58
2023-01-19,CMP-07,NL,474,6,1.86
2023-01-19,CMP-07,PL,1509,17,4.92
2023-01-19,CMP-07,SE,10576,133,41.46
2023-01-19,CMP-07,US,71659,881,289.77
2023-01-19,CMP-08,CA,627,7,1.77
2023-01-19,CMP-08,DE,1658,22,5.49
2023-01-19,CMP-08,ES,2349,29,6.17
2023-01-19,CMP-08,FR,22901,276,67.96
2023-01-19,CMP-08,GB,5387,59,12.54
2023-01-19,CMP-08,IT,937,12,2.64
2023-01-19,CMP-08,NL,480,6,1.29
2023-01-19,CMP-08,PL,1472,18,4.53
2023-01-19,CMP-08,SE,9427,107,23.58
2023-01-19,CMP-08,US,52803,615,136.1
2023-01-19,CMP-09,DE,448,5,1.64
2023-01-19,CMP-12,CA,214,6,0.74
2023-01-19,CMP-12,DE,923,29,3.51
2023-01-19,CMP-12,ES,1471,45,5.43
2023-01-19,CMP-12,FR,11939,367,49.83
2023-01-19,CMP-12,GB,2184,72,8.88
2023-01-19,CMP-12,IT,651,21,2.9
2023-01-19,CMP-12,NL,274,8,1.06
2023-01-19,CMP-12,PL,815,27,3.51
2023-01-19,CMP-12,SE,4026,123,14.26
2023-01-19,CMP-12,US,24717,783,89.74
2023-01-19,CMP-13,CA,150,5,0.65
2023-01-19,CMP-13,DE,601,17,2.31
2023-01-19,CMP-13,ES,1000,31,3.86
2023-01-19,CMP-13,FR,7026,223,30.06
2023-01-19,CMP-13,GB,1276,40,5.15
2023-01-19,CMP-13,IT,330,10,1.27
2023-01-19,CMP-13,NL,37,1,0.13
2023-01-19,CMP-13,PL,419,12,1.66
2023-01-19,CMP-13,SE,2257,68,8.74
2023-01-19,CMP-13,US,15608,444,53.35
2023-01-19,CMP-16,CA,359,7,3.02
2023-01-19,CMP-16,DE,1848,34,13.28
2023-01-19,CMP-16,ES,1594,33,14.35
2023-01-19,CMP-16,FR,12502,263,100.38
2023-01-19,CMP-16,GB,3047,64,24.75
2023-01-19,CMP-16,IT,924,20,8.47
2023-01-19,CMP-16,NL,241,5,2.25
2023-01-19,CMP-16,PL,475,10,4.46
2023-01-19,CMP-16,SE,4208,84,36.44
2023-01-19,CMP-16,US,32350,643,257.02
2023-01-19,CMP-19,CA,282,10,6.35
2023-01-19,CMP-19,DE,747,27,15.41
2023-01-19,CMP-19,ES,1231,43,22.62
2023-01-19,CMP-19,FR,8600,298,173.74
2023-01-19,CMP-19,GB,1365,52,31.69
2023-01-19,CMP-19,IT,476,16,9.93
2023-01-19,CMP-19,NL,28,1,0.63
2023-01-19,CMP-19,PL,339,13,6.92
2023-01-19,CMP-19,SE,3028,104,63.9
2023-01-19,CMP-19,US,16593,635,390.83
2023-01-20,CMP-01,CA,193,7,2.31
2023-01-20,CMP-01,DE,614,22,6.75
2023-01-20,CMP-01,ES,1351,44,13.46
2023-01-20,CMP-01,FR,7545,251,85.8
2023-01-20,CMP-01,GB,1752,64,18.94
2023-01-20,CMP-01,IT,791,29,8.93
2023-01-20,CMP-01,NL,202,7,2.06
2023-01-20,CMP-01,PL,423,15,4.87
2023-01-20,CMP-01,SE,2577,91,28.76
2023-01-20,CMP-01,US,18041,643,193.37
2023-01-20,CMP-02,CA,55,2,1.35
2023-01-20,CMP-02,DE,576,22,15.88
2023-01-20,CMP-02,ES,2055,72,49.18
2023-01-20,CMP-02,FR,11036,365,272.15
2023-01-20,CMP-02,GB,2467,83,58.35
2023-01-20,CMP-02,IT,425,15,9.88
2023-01-20,CMP-02,NL,244,8,5.73
2023-01-20,CMP-02,PL,382,13,9.19
2023-01-20,CMP-02,SE,3255,125,85.73
2023-01-20,CMP-02,US,20936,705,481.53
2023-01-20,CMP-03,CA,107,4,2.17
2023-01-20,CMP-03,DE,968,33,17.32
2023-01-20,CMP-03,ES,1183,40,21.57
2023-01-20,CMP-03,FR,8692,277,160.68
2023-01-20,CMP-03,GB,1435,46,23.25
2023-01-20,CMP-03,IT,405,15,7.44
2023-01-20,CMP-03,NL,62,2,1.1
2023-01-20,CMP-03,PL,347,13,7.82
2023-01-20,CMP-03,SE,2009,75,41.0
2023-01-20,CMP-03,US,19330,648,340.22
2023-01-20,CMP-04,GB,651,23,17.9
2023-01-20,CMP-07,CA,1039,12,3.92
2023-01-20,CMP-07,DE,2674,35,10.3
2023-01-20,CMP-07,ES,5069,60,17.45
2023-01-20,CMP-07,FR,33642,390,120.14
2023-01-20,CMP-07,GB,6160,82,23.77
2023-01-20,CMP-07,IT,2332,27,7.94
2023-01-20,CMP-07,NL,798,9,2.68
2023-01-20,CMP-07,PL,1322,16,5.26
2023-01-20,CMP-07,SE,12482,137,43.87
2023-01-20,CMP-07,US,61512,772,220.07
2023-01-20,CMP-08,CA,441,5,1.22
2023-01-20,CMP-08,DE,1419,16,4.12
2023-01-20,CMP-08,ES,3083,34,8.09
2023-01-20,CMP-08,FR,20145,255,64.82
2023-01-20,CMP-08,GB,5193,58,14.04
2023-01-20,CMP-08,IT,1470,17,4.04
2023-01-20,CMP-08,NL,614,7,1.53
2023-01-20,CMP-08,PL,759,9,2.31
2023-01-20,CMP-08,SE,7903,87,22.5
2023-01-20,CMP-08,US,50678,560,121.52
2023-01-20,CMP-09,DE,570,7,2.25
2023-01-20,CMP-12,CA,436,14,1.88
2023-01-20,CMP-12,DE,864,28,3.77
2023-01-20,CMP-12,ES,1705,54,6.83
2023-01-20,CMP-12,FR,11618,380,43.71
2023-01-20,CMP-12,GB,1867,59,6.93
2023-01-20,CMP-12,IT,763,21,2.42
2023-01-20,CMP-12,NL,108,3,0.38
2023-01-20,CMP-12,PL,585,16,2.15
2023-01-20,CMP-12,SE,4382,128,15.41
2023-01-20,CMP-12,US,26446,750,102.81
2023-01-20,CMP-13,CA,391,11,1.5
2023-01-20,CMP-13,DE,664,20,2.71
2023-01-20,CMP-13,ES,725,20,2.65
2023-01-20,CMP-13,FR,5518,171,23.65
2023-01-20,CMP-13,GB,1468,43,5.31
2023-01-20,CMP-13,IT,431,13,1.78
2023-01-20,CMP-13,NL,61,2,0.26
2023-01-20,CMP-13,PL,360,10,1.37
2023-01-20,CMP-13,SE,2311,64,8.02
2023-01-20,CMP-13,US,14290,441,56.74
2023-01-20,CMP-16,CA,203,4,1.82
2023-01-20,CMP-16,DE,1467,30,13.0
2023-01-20,CMP-16,ES,2113,43,19.5
2023-01-20,CMP-16,FR,13433,257,97.98
2023-01-20,CMP-16,GB,2543,48,20.13
2023-01-20,CMP-16,IT,824,15,6.2
2023-01-20,CMP-16,NL,230,5,2.21
2023-01-20,CMP-16,PL,980,18,7.08
2023-01-20,CMP-16,SE,4574,91,40.41
2023-01-20,CMP-16,US,30063,583,256.66
2023-01-20,CMP-19,CA,137,5,2.78
2023-01-20,CMP-19,DE,842,31,17.14
2023-01-20,CMP-19,ES,1370,53,33.25
2023-01-20,CMP-19,FR,7569,273,158.29
2023-01-20,CMP-19,GB,1609,52,31.73
2023-01-20,CMP-19,IT,596,20,11.81
2023-01-20,CMP-19,NL,136,5,3.07
2023-01-20,CMP-19,PL,413,16,8.52
2023-01-20,CMP-19,SE,2879,107,60.57
2023-01-20,CMP-19,US,17926,616,378.73
2023-01-21,CMP-01,CA,342,12,3.66
2023-01-21,CMP-01,DE,845,27,8.18
2023-01-21,CMP-01,ES,1576,57,18.91
2023-01-21,CMP-01,FR,10142,346,105.14
2023-01-21,CMP-01,GB,1729,64,19.61
2023-01-21,CMP-01,IT,550,20,6.27
2023-01-21,CMP-01,NL,115,4,1.26
2023-01-21,CMP-01,PL,490,18,5.41
2023-01-21,CMP-01,SE,3923,134,40.47
2023-01-21,CMP-01,US,25247,824,278.63
2023-01-21,CMP-02,CA,364,14,9.21
2023-01-21,CMP-02,DE,1370,47,34.53
2023-01-21,CMP-02,ES,1938,65,44.72
2023-01-21,CMP-02,FR,12078,466,308.43
2023-01-21,CMP-02,GB,2161,73,49.58
2023-01-21,CMP-02,IT,793,30,22.95
2023-01-21,CMP-02,NL,182,7,4.97
2023-01-21,CMP-02,PL,724,25,17.4
2023-01-21,CMP-02,SE,4714,151,111.97
2023-01-21,CMP-02,US,25903,978,676.92
2023-01-21,CMP-03,CA,188,6,3.58
2023-01-21,CMP-03,DE,728,27,15.5
2023-01-21,CMP-03,ES,1448,55,32.71
2023-01-21,CMP-03,FR,9227,335,199.46
2023-01-21,CMP-03,GB,1852,70,38.34
2023-01-21,CMP-03,IT,598,20,10.25
2023-01-21,CMP-03,NL,215,7,3.75
2023-01-21,CMP-03,PL,589,22,13.06
2023-01-21,CMP-03,SE,3420,110,63.49
2023-01-21,CMP-03,US,25801,850,500.91
2023-01-21,CMP-04,GB,849,30,23.63
2023-01-21,CMP-07,CA,1126,15,4.72
2023-01-21,CMP-07,DE,3748,44,12.29
2023-01-21,CMP-07,ES,5494,70,19.93
2023-01-21,CMP-07,FR,40844,514,167.49
2023-01-21,CMP-07,GB,9076,102,30.82
2023-01-21,CMP-07,IT,2039,26,8.47
2023-01-21,CMP-07,NL,820,9,2.63
2023-01-21,CMP-07,PL,2001,26,8.31
2023-01-21,CMP-07,SE,14713,191,53.17
2023-01-21,CMP-07,US,91114,1122,321.96
2023-01-21,CMP-08,CA,548,6,1.35
2023-01-21,CMP-08,DE,3863,46,10.55
2023-01-21,CMP-08,ES,3822,47,11.07
2023-01-21,CMP-08,FR,32051,391,84.33
2023-01-21,CMP-08,GB,6703,80,17.78
2023-01-21,CMP-08,IT,1399,17,4.36
2023-01-21,CMP-08,NL,625,8,2.07
2023-01-21,CMP-08,PL,1365,16,4.02
2023-01-21,CMP-08,SE,10861,128,31.78
2023-01-21,CMP-08,US,59322,766,198.48
2023-01-21,CMP-09,DE,1464,17,5.95
2023-01-21,CMP-12,CA,196,6,0.72
2023-01-21,CMP-12,DE,1416,46,5.45
2023-01-21,CMP-12,ES,2429,68,8.35
2023-01-21,CMP-12,FR,13960,439,56.81
2023-01-21,CMP-12,GB,3153,90,10.33
2023-01-21,CMP-12,IT,747,22,2.94
2023-01-21,CMP-12,NL,215,6,0.79
2023-01-21,CMP-12,PL,557,17,2.22
2023-01-21,CMP-12,SE,4742,153,19.78
2023-01-21,CMP-12,US,33517,992,113.65
2023-01-21,CMP-13,CA,120,4,0.49
2023-01-21,CMP-13,DE,525,17,1.94
2023-01-21,CMP-13,ES,1424,42,5.36
2023-01-21,CMP-13,FR,7851,234,32.0
2023-01-21,CMP-13,GB,1449,42,5.46
2023-01-21,CMP-13,IT,481,14,1.74
2023-01-21,CMP-13,NL,155,5,0.64
2023-01-21,CMP-13,PL,337,11,1.45
2023-01-21,CMP-13,SE,2977,84,10.93
2023-01-21,CMP-13,US,16651,546,66.94
2023-01-21,CMP-16,CA,503,10,4.04
2023-01-21,CMP-16,DE,1394,29,11.62
2023-01-21,CMP-16,ES,2334,48,20.76
2023-01-21,CMP-16,FR,18423,357,150.2
2023-01-21,CMP-16,GB,3265,63,24.03
2023-01-21,CMP-16,IT,931,17,7.63
2023-01-21,CMP-16,NL,209,4,1.77
2023-01-21,CMP-16,PL,697,14,6.08
2023-01-21,CMP-16,SE,6831,133,51.77
2023-01-21,CMP-16,US,34507,729,335.09
2023-01-21,CMP-19,CA,173,6,3.65
2023-01-21,CMP-19,DE,905,33,20.92
2023-01-21,CMP-19,ES,1278,47,29.76
2023-01-21,CMP-19,FR,9679,339,195.84
2023-01-21,CMP-19,GB,2376,82,48.79
2023-01-21,CMP-19,IT,678,26,15.87
2023-01-21,CMP-19,NL,211,8,5.01
2023-01-21,CMP-19,PL,623,22,11.59
2023-01-21,CMP-19,SE,3863,150,90.7
2023-01-21,CMP-19,US,23666,826,521.23
2023-01-22,CMP-01,CA,174,6,1.75
2023-01-22,CMP-01,DE,749,25,7.36
2023-01-22,CMP-01,ES,1659,57,18.99
2023-01-22,CMP-01,FR,11561,372,107.57
2023-01-22,CMP-01,GB,1965,73,22.44
2023-01-22,CMP-01,IT,562,21,6.69
2023-01-22,CMP-01,NL,309,11,3.78
2023-01-22,CMP-01,PL,537,19,5.63
2023-01-22,CMP-01,SE,4073,138,46.3
2023-01-22,CMP-01,US,24896,839,269.17
2023-01-22,CMP-02,CA,377,12,8.09
2023-01-22,CMP-02,DE,747,28,17.97
2023-01-22,CMP-02,ES,1748,58,42.93
2023-01-22,CMP-02,FR,13206,438,332.43
2023-01-22,CMP-02,GB,2290,74,48.85
2023-01-22,CMP-02,IT,770,26,17.69
2023-01-22,CMP-02,NL,189,7,4.49
2023-01-22,CMP-02,PL,718,25,18.81
2023-01-22,CMP-02,SE,3864,142,99.51
2023-01-22,CMP-02,US,28811,975,692.27
2023-01-22,CMP-03,CA,126,4,2.39
2023-01-22,CMP-03,DE,652,24,13.34
2023-01-22,CMP-03,ES,1636,53,29.43
2023-01-22,CMP-03,FR,11282,372,192.97
2023-01-22,CMP-03,GB,1586,61,33.87
2023-01-22,CMP-03,IT,660,25,13.64
2023-01-22,CMP-03,NL,273,9,5.27
2023-01-22,CMP-03,PL,407,13,6.82
2023-01-22,CMP-03,SE,3976,129,76.33
2023-01-22,CMP-03,US,24274,789,417.86
2023-01-22,CMP-04,GB,815,28,22.68
2023-01-22,CMP-07,CA,712,8,2.51
2023-01-22,CMP-07,DE,3924,44,12.87
2023-01-22,CMP-07,ES,5439,72,23.9
2023-01-22,CMP-07,FR,43816,511,152.23
2023-01-22,CMP-07,GB,7531,100,29.49
2023-01-22,CMP-07,IT,3513,43,13.7
2023-01-22,CMP-07,NL,936,11,3.25
2023-01-22,CMP-07,PL,1938,24,6.93
2023-01-22,CMP-07,SE,12432,163,46.62
2023-01-22,CMP-07,US,94394,1094,329.46
2023-01-22,CMP-08,CA,1243,16,3.91
2023-01-22,CMP-08,DE,2358,27,6.97
2023-01-22,CMP-08,ES,4424,49,11.34
2023-01-22,CMP-08,FR,34237,376,88.33
2023-01-22,CMP-08,GB,6218,78,19.28
2023-01-22,CMP-08,IT,1348,16,3.64
2023-01-22,CMP-08,NL,695,8,2.03
2023-01-22,CMP-08,PL,1280,15,3.6
2023-01-22,CMP-08,SE,10086,118,30.24
2023-01-22,CMP-08,US,64467,791,202.27
2023-01-22,CMP-09,DE,959,12,4.45
2023-01-22,CMP-12,CA,562,17,2.18
2023-01-22,CMP-12,DE,1512,49,6.21
2023-01-22,CMP-12,ES,2346,70,8.43
2023-01-22,CMP-12,FR,15769,459,59.08
2023-01-22,CMP-12,GB,3494,101,12.79
2023-01-22,CMP-12,IT,1060,33,4.57
2023-01-22,CMP-12,NL,121,4,0.5
2023-01-22,CMP-12,PL,1065,31,4.1
2023-01-22,CMP-12,SE,5235,159,21.29
2023-01-22,CMP-12,US,35306,999,116.27
2023-01-22,CMP-13,CA,288,8,1.09
2023-01-22,CMP-13,DE,721,23,3.05
2023-01-22,CMP-13,ES,1162,37,4.51
2023-01-22,CMP-13,FR,7756,248,29.04
2023-01-22,CMP-13,GB,1468,45,5.83
2023-01-22,CMP-13,IT,353,10,1.35
2023-01-22,CMP-13,NL,97,3,0.36
2023-01-22,CMP-13,PL,412,12,1.63
2023-01-22,CMP-13,SE,2433,72,9.5
2023-01-22,CMP-13,US,19177,568,65.44
2023-01-22,CMP-16,CA,534,11,5.03
2023-01-22,CMP-16,DE,1912,36,14.5
2023-01-22,CMP-16,ES,1846,40,15.5
2023-01-22,CMP-16,FR,17246,346,152.48
2023-01-22,CMP-16,GB,3201,64,29.35
2023-01-22,CMP-16,IT,1549,31,12.9
2023-01-22,CMP-16,NL,553,11,4.76
2023-01-22,CMP-16,PL,967,20,8.58
2023-01-22,CMP-16,SE,6018,126,55.88
2023-01-22,CMP-16,US,43736,798,347.76
2023-01-22,CMP-19,CA,286,11,6.36
2023-01-22,CMP-19,DE,1103,38,21.3
2023-01-22,CMP-19,ES,1551,50,27.74
2023-01-22,CMP-19,FR,11024,362,210.46
2023-01-22,CMP-19,GB,1838,63,34.9
2023-01-22,CMP-19,IT,640,23,14.45
2023-01-22,CMP-19,NL,141,5,2.91
2023-01-22,CMP-19,PL,911,29,17.35
2023-01-22,CMP-19,SE,3904,125,67.85
2023-01-22,CMP-19,US,25461,850,520.13
2023-01-23,CMP-01,CA,210,7,2.3
2023-01-23,CMP-01,DE,740,25,7.83
2023-01-23,CMP-01,ES,1426,46,13.26
2023-01-23,CMP-01,FR,7005,264,83.77
2023-01-23,CMP-01,GB,1186,40,11.57
2023-01-23,CMP-01,IT,528,18,5.57
2023-01-23,CMP-01,NL,84,3,1.02
2023-01-23,CMP-01,PL,581,20,6.92
2023-01-23,CMP-01,SE,3325,109,34.77
2023-01-23,CMP-01,US,20011,653,198.26
2023-01-23,CMP-02,CA,277,10,7.39
2023-01-23,CMP-02,DE,958,36,25.0
2023-01-23,CMP-02,ES,1256,47,33.11
2023-01-23,CMP-02,FR,10059,339,237.66
2023-01-23,CMP-02,GB,1967,76,54.21
2023-01-23,CMP-02,IT,550,21,14.09
2023-01-23,CMP-02,NL,54,2,1.42
2023-01-23,CMP-02,PL,506,18,12.57
2023-01-23,CMP-02,SE,3998,129,84.91
2023-01-23,CMP-02,US,21395,722,499.53
2023-01-23,CMP-03,CA,304,10,6.01
2023-01-23,CMP-03,DE,530,17,9.0
2023-01-23,CMP-03,ES,1278,41,22.17
2023-01-23,CMP-03,FR,7236,272,148.84
2023-01-23,CMP-03,GB,1904,63,35.72
2023-01-23,CMP-03,IT,385,13,7.56
2023-01-23,CMP-03,NL,122,4,2.36
2023-01-23,CMP-03,PL,622,22,13.08
2023-01-23,CMP-03,SE,2980,102,50.84
2023-01-23,CMP-03,US,17584,577,334.1
2023-01-23,CMP-04,GB,640,23,17.88
2023-01-23,CMP-07,CA,950,11,3.32
2023-01-23,CMP-07,DE,2192,25,8.25
2023-01-23,CMP-07,ES,5358,64,20.64
2023-01-23,CMP-07,FR,28768,378,107.58
2023-01-23,CMP-07,GB,7428,93,25.97
2023-01-23,CMP-07,IT,1860,23,6.39
2023-01-23,CMP-07,NL,529,6,1.83
2023-01-23,CMP-07,PL,1512,17,5.49
2023-01-23,CMP-07,SE,9177,120,39.7
2023-01-23,CMP-07,US,74156,845,234.82
2023-01-23,CMP-08,CA,984,11,2.53
2023-01-23,CMP-08,DE,1427,19,4.68
2023-01-23,CMP-08,ES,3908,44,9.84
2023-01-23,CMP-08,FR,22445,280,71.45
2023-01-23,CMP-08,GB,4202,55,12.84
2023-01-23,CMP-08,IT,1171,15,3.57
2023-01-23,CMP-08,NL,176,2,0.43
2023-01-23,CMP-08,PL,1318,16,3.46
2023-01-23,CMP-08,SE,7997,103,22.33
2023-01-23,CMP-08,US,51902,631,147.44
2023-01-23,CMP-09,DE,761,10,3.27
2023-01-23,CMP-12,CA,154,5,0.66
2023-01-23,CMP-12,DE,1203,37,4.49
2023-01-23,CMP-12,ES,1740,48,5.88
2023-01-23,CMP-12,FR,12380,347,40.59
2023-01-23,CMP-12,GB,2217,62,7.78
2023-01-23,CMP-12,IT,720,24,3.12
2023-01-23,CMP-12,NL,222,7,0.91
2023-01-23,CMP-12,PL,523,15,1.77
2023-01-23,CMP-12,SE,4478,126,16.38
2023-01-23,CMP-12,US,23311,748,85.44
2023-01-23,CMP-13,CA,107,3,0.39
2023-01-23,CMP-13,DE,672,19,2.2
2023-01-23,CMP-13,ES,1153,33,4.46
2023-01-23,CMP-13,FR,6066,188,24.09
2023-01-23,CMP-13,GB,1364,38,4.54
2023-01-23,CMP-13,IT,567,16,2.21
2023-01-23,CMP-13,NL,143,4,0.48
2023-01-23,CMP-13,PL,214,7,0.9
2023-01-23,CMP-13,SE,2267,71,8.62
2023-01-23,CMP-13,US,13004,405,47.94
2023-01-23,CMP-16,CA,477,10,4.2
2023-01-23,CMP-16,DE,1178,23,9.76
2023-01-23,CMP-16,ES,2190,43,17.07
2023-01-23,CMP-16,FR,13619,281,127.77
2023-01-23,CMP-16,GB,2535,56,22.54
2023-01-23,CMP-16,IT,928,17,6.83
2023-01-23,CMP-16,NL,271,5,2.03
2023-01-23,CMP-16,PL,695,15,6.75
2023-01-23,CMP-16,SE,5554,101,44.95
2023-01-23,CMP-16,US,30546,598,226.96
2023-01-23,CMP-19,CA,448,16,9.22
2023-01-23,CMP-19,DE,720,27,16.84
2023-01-23,CMP-19,ES,874,32,17.59
2023-01-23,CMP-19,FR,8664,302,173.41
2023-01-23,CMP-19,GB,1500,54,32.38
2023-01-23,CMP-19,IT,334,12,7.54
2023-01-23,CMP-19,NL,162,6,3.72
2023-01-23,CMP-19,PL,427,16,8.52
2023-01-23,CMP-19,SE,3075,104,58.4
2023-01-23,CMP-19,US,17087,623,342.61
2023-01-24,CMP-01,CA,211,7,2.06
2023-01-24,CMP-01,DE,915,33,10.82
2023-01-24,CMP-01,ES,1363,48,16.76
2023-01-24,CMP-01,FR,8502,300,100.88
2023-01-24,CMP-01,GB,1639,58,20.04
2023-01-24,CMP-01,IT,635,22,6.48
2023-01-24,CMP-01,NL,29,1,0.32
2023-01-24,CMP-01,PL,703,23,7.52
2023-01-24,CMP-01,SE,3223,122,40.61
2023-01-24,CMP-01,US,19303,688,225.05
2023-01-24,CMP-02,CA,182,7,4.65
2023-01-24,CMP-02,DE,934,36,23.99
2023-01-24,CMP-02,ES,1386,45,31.95
2023-01-24,CMP-02,FR,10450,357,224.02
2023-01-24,CMP-02,GB,2211,72,55.08
2023-01-24,CMP-02,IT,722,26,18.39
2023-01-24,CMP-02,NL,27,1,0.76
2023-01-24,CMP-02,PL,492,18,12.01
2023-01-24,CMP-02,SE,3963,127,81.58
2023-01-24,CMP-02,US,20145,764,552.33
2023-01-24,CMP-03,CA,277,10,5.19
2023-01-24,CMP-03,DE,541,18,10.79
2023-01-24,CMP-03,ES,1220,46,23.83
2023-01-24,CMP-03,FR,7779,280,163.65
2023-01-24,CMP-03,GB,1533,53,26.43
2023-01-24,CMP-03,IT,389,15,8.04
2023-01-24,CMP-03,NL,109,4,2.34
2023-01-24,CMP-03,PL,470,16,8.22
2023-01-24,CMP-03,SE,2881,95,48.7
2023-01-24,CMP-03,US,17969,632,357.87
2023-01-24,CMP-04,GB,648,21,15.85
2023-01-24,CMP-07,CA,707,9,2.81
2023-01-24,CMP-07,DE,2235,27,8.03
2023-01-24,CMP-07,ES,4839,56,15.8
2023-01-24,CMP-07,FR,38649,426,134.59
2023-01-24,CMP-07,GB,7132,78,23.33
2023-01-24,CMP-07,IT,2625,29,8.14
2023-01-24,CMP-07,NL,387,5,1.59
2023-01-24,CMP-07,PL,1438,19,6.24
2023-01-24,CMP-07,SE,9963,119,33.25
2023-01-24,CMP-07,US,74226,855,279.28
2023-01-24,CMP-08,CA,634,8,1.98
2023-01-24,CMP-08,DE,1968,23,4.9
2023-01-24,CMP-08,ES,3401,38,8.39
2023-01-24,CMP-08,FR,25287,284,72.04
2023-01-24,CMP-08,GB,3451,44,9.61
2023-01-24,CMP-08,IT,1643,21,5.35
2023-01-24,CMP-08,NL,381,5,1.19
2023-01-24,CMP-08,PL,1282,14,3.19
2023-01-24,CMP-08,SE,8352,107,24.64
2023-01-24,CMP-08,US,50153,591,128.14
2023-01-24,CMP-09,DE,757,9,3.33
2023-01-24,CMP-12,CA,187,6,0.8
2023-01-24,CMP-12,DE,1287,38,4.44
2023-01-24,CMP-12,ES,1507,49,6.52
2023-01-24,CMP-12,FR,12773,355,45.74
2023-01-24,CMP-12,GB,2177,65,8.21
2023-01-24,CMP-12,IT,563,16,1.93
2023-01-24,CMP-12,NL,316,9,1.12
2023-01-24,CMP-12,PL,511,16,1.97
2023-01-24,CMP-12,SE,4309,128,14.61
2023-01-24,CMP-12,US,26053,771,102.31
2023-01-24,CMP-13,CA,140,4,0.55
2023-01-24,CMP-13,DE,487,16,2.19
2023-01-24,CMP-13,ES,954,27,3.42
2023-01-24,CMP-13,FR,7350,205,27.22
2023-01-24,CMP-13,GB,1639,47,6.07
2023-01-24,CMP-13,IT,306,10,1.26
2023-01-24,CMP-13,NL,96,3,0.39
2023-01-24,CMP-13,PL,146,4,0.52
2023-01-24,CMP-13,SE,2698,74,9.15
2023-01-24,CMP-13,US,13756,430,59.39
2023-01-24,CMP-16,CA,325,6,2.44
2023-01-24,CMP-16,DE,1285,28,12.22
2023-01-24,CMP-16,ES,2318,51,21.1
2023-01-24,CMP-16,FR,13805,278,108.69
2023-01-24,CMP-16,GB,3136,62,25.47
2023-01-24,CMP-16,IT,1414,26,10.96
2023-01-24,CMP-16,NL,240,5,2.09
2023-01-24,CMP-16,PL,1004,20,8.45
2023-01-24,CMP-16,SE,4486,98,43.42
2023-01-24,CMP-16,US,27193,593,269.86
2023-01-24,CMP-19,CA,273,9,5.4
2023-01-24,CMP-19,DE,857,30,17.85
2023-01-24,CMP-19,ES,1085,39,21.39
2023-01-24,CMP-19,FR,8268,280,176.99
2023-01-24,CMP-19,GB,1264,49,26.0
2023-01-24,CMP-19,IT,452,16,10.2
2023-01-24,CMP-19,NL,54,2,1.18
2023-01-24,CMP-19,PL,577,21,11.0
2023-01-24,CMP-19,SE,2988,107,62.87
2023-01-24,CMP-19,US,19583,650,413.92
2023-01-25,CMP-01,CA,310,10,3.48
2023-01-25,CMP-01,DE,701,26,8.06
2023-01-25,CMP-01,ES,1141,42,13.28
2023-01-25,CMP-01,FR,8297,288,92.4
2023-01-25,CMP-01,GB,1712,58,16.86
2023-01-25,CMP-01,IT,422,14,4.58
2023-01-25,CMP-01,NL,116,4,1.34
2023-01-25,CMP-01,PL,437,14,4.85
2023-01-25,CMP-01,SE,3158,105,34.4
2023-01-25,CMP-01,US,16185,626,184.48
2023-01-25,CMP-02,CA,173,6,4.4
2023-01-25,CMP-02,DE,930,31,21.15
2023-01-25,CMP-02,ES,1423,52,39.6
2023-01-25,CMP-02,FR,9665,349,224.59
2023-01-25,CMP-02,GB,2264,76,56.31
2023-01-25,CMP-02,IT,471,17,12.93
2023-01-25,CMP-02,NL,203,7,5.31
2023-01-25,CMP-02,PL,479,16,11.8
2023-01-25,CMP-02,SE,2841,106,70.19
2023-01-25,CMP-02,US,22532,781,541.55
2023-01-25,CMP-03,CA,153,5,2.73
2023-01-25,CMP-03,DE,677,25,14.49
2023-01-25,CMP-03,ES,1466,49,27.08
2023-01-25,CMP-03,FR,7814,278,167.64
2023-01-25,CMP-03,GB,1547,54,30.15
2023-01-25,CMP-03,IT,593,22,13.06
2023-01-25,CMP-03,NL,214,7,3.85
2023-01-25,CMP-03,PL,404,14,8.04
2023-01-25,CMP-03,SE,2850,103,60.63
2023-01-25,CMP-03,US,18210,632,318.75
2023-01-25,CMP-04,GB,622,21,15.95
2023-01-25,CMP-07,CA,797,9,2.78
2023-01-25,CMP-07,DE,2555,30,8.27
2023-01-25,CMP-07,ES,5265,62,18.73
2023-01-25,CMP-07,FR,29659,362,99.14
2023-01-25,CMP-07,GB,6516,75,20.95
2023-01-25,CMP-07,IT,1443,19,5.28
2023-01-25,CMP-07,NL,175,2,0.63
2023-01-25,CMP-07,PL,1400,18,5.92
2023-01-25,CMP-07,SE,10958,130,39.2
2023-01-25,CMP-07,US,75734,843,238.65
2023-01-25,CMP-08,CA,533,7,1.66
2023-01-25,CMP-08,DE,1303,15,3.42
2023-01-25,CMP-08,ES,3183,37,8.91
2023-01-25,CMP-08,FR,21197,260,56.01
2023-01-25,CMP-08,GB,4744,60,14.05
2023-01-25,CMP-08,IT,1664,22,5.33
2023-01-25,CMP-08,NL,381,5,1.21
2023-01-25,CMP-08,PL,983,12,2.72
2023-01-25,CMP-08,SE,6624,83,20.99
2023-01-25,CMP-08,US,49217,588,127.75
2023-01-25,CMP-09,DE,562,7,2.2
2023-01-25,CMP-12,CA,425,12,1.61
2023-01-25,CMP-12,DE,971,30,3.94
2023-01-25,CMP-12,ES,1805,55,7.45
2023-01-25,CMP-12,FR,11856,332,41.27
2023-01-25,CMP-12,GB,2353,70,9.05
2023-01-25,CMP-12,IT,513,17,2.3
2023-01-25,CMP-12,NL,90,3,0.39
2023-01-25,CMP-12,PL,534,15,1.79
2023-01-25,CMP-12,SE,3367,111,13.57
2023-01-25,CMP-12,US,28387,829,114.24
2023-01-25,CMP-13,CA,249,7,0.8
2023-01-25,CMP-13,DE,600,20,2.75
2023-01-25,CMP-13,ES,935,27,3.14
2023-01-25,CMP-13,FR,6315,179,24.22
2023-01-25,CMP-13,GB,1081,31,3.81
2023-01-25,CMP-13,IT,318,9,1.03
2023-01-25,CMP-13,NL,155,5,0.63
2023-01-25,CMP-13,PL,281,8,0.96
2023-01-25,CMP-13,SE,2016,65,8.44
2023-01-25,CMP-13,US,14817,442,58.57
2023-01-25,CMP-16,CA,326,6,2.42
2023-01-25,CMP-16,DE,1092,24,10.96
2023-01-25,CMP-16,ES,1990,44,19.98
2023-01-25,CMP-16,FR,14542,290,123.15
2023-01-25,CMP-16,GB,2604,57,25.75
2023-01-25,CMP-16,IT,845,16,6.33
2023-01-25,CMP-16,NL,363,8,3.13
2023-01-25,CMP-16,PL,824,16,6.51
2023-01-25,CMP-16,SE,4295,95,39.86
2023-01-25,CMP-16,US,26648,583,268.27
2023-01-25,CMP-19,CA,283,10,6.14
2023-01-25,CMP-19,DE,567,20,10.78
2023-01-25,CMP-19,ES,931,33,20.28
2023-01-25,CMP-19,FR,8670,303,184.93
2023-01-25,CMP-19,GB,1768,57,30.15
2023-01-25,CMP-19,IT,365,12,6.77
2023-01-25,CMP-19,NL,180,6,3.41
2023-01-25,CMP-19,PL,569,19,11.67
2023-01-25,CMP-19,SE,2981,107,64.05
2023-01-25,CMP-19,US,17380,615,389.29
2023-01-26,CMP-01,CA,355,12,3.81
2023-01-26,CMP-01,DE,760,29,9.43
2023-01-26,CMP-01,ES,1325,46,15.58
2023-01-26,CMP-01,FR,7781,268,79.99
2023-01-26,CMP-01,GB,1449,49,17.04
2023-01-26,CMP-01,IT,721,23,6.76
2023-01-26,CMP-01,NL,78,3,0.94
2023-01-26,CMP-01,PL,506,18,5.73
2023-01-26,CMP-01,SE,3098,113,33.51
2023-01-26,CMP-01,US,18332,623,179.97
2023-01-26,CMP-02,CA,305,10,6.72
2023-01-26,CMP-02,DE,800,26,16.9
2023-01-26,CMP-02,ES,1277,46,34.85
2023-01-26,CMP-02,FR,8947,339,250.47
2023-01-26,CMP-02,GB,1952,70,52.5
2023-01-26,CMP-02,IT,585,22,15.92
2023-01-26,CMP-02,NL,142,5,3.16
2023-01-26,CMP-02,PL,634,23,16.16
2023-01-26,CMP-02,SE,2936,108,73.65
2023-01-26,CMP-02,US,22699,760,494.44
2023-01-26,CMP-03,CA,234,8,4.34
2023-01-26,CMP-03,DE,561,21,12.34
2023-01-26,CMP-03,ES,1277,41,22.04
2023-01-26,CMP-03,FR,7978,310,176.58
2023-01-26,CMP-03,GB,1485,50,27.65
2023-01-26,CMP-03,IT,440,14,8.39
2023-01-26,CMP-03,NL,56,2,1.13
2023-01-26,CMP-03,PL,395,13,6.54
2023-01-26,CMP-03,SE,2884,95,55.3
2023-01-26,CMP-03,US,18740,623,371.34
2023-01-26,CMP-04,GB,524,19,15.15
2023-01-26,CMP-07,CA,1019,13,3.59
2023-01-26,CMP-07,DE,2249,26,8.33
2023-01-26,CMP-07,ES,4059,53,17.19
2023-01-26,CMP-07,FR,27845,347,104.46
2023-01-26,CMP-07,GB,6726,80,23.16
2023-01-26,CMP-07,IT,1295,16,4.81
2023-01-26,CMP-07,NL,913,10,2.93
2023-01-26,CMP-07,PL,2129,25,8.26
2023-01-26,CMP-07,SE,12217,142,44.09
2023-01-26,CMP-07,US,72381,811,246.33
2023-01-26,CMP-08,CA,535,6,1.45
2023-01-26,CMP-08,DE,1974,24,6.02
2023-01-26,CMP-08,ES,3040,35,7.83
2023-01-26,CMP-08,FR,21425,262,63.11
2023-01-26,CMP-08,GB,3684,44,10.22
2023-01-26,CMP-08,IT,1312,17,4.31
2023-01-26,CMP-08,NL,690,9,2.28
2023-01-26,CMP-08,PL,993,12,2.66
2023-01-26,CMP-08,SE,9371,110,25.27
2023-01-26,CMP-08,US,52222,585,130.67
2023-01-26,CMP-09,DE,795,9,3.15
2023-01-26,CMP-12,CA,354,10,1.19
2023-01-26,CMP-12,DE,1249,38,5.06
2023-01-26,CMP-12,ES,1570,43,5.19
2023-01-26,CMP-12,FR,11481,331,45.6
2023-01-26,CMP-12,GB,1907,63,7.77
2023-01-26,CMP-12,IT,771,22,2.83
2023-01-26,CMP-12,NL,175,5,0.69
2023-01-26,CMP-12,PL,311,10,1.32
2023-01-26,CMP-12,SE,4262,125,16.54
2023-01-26,CMP-12,US,25118,732,92.01
2023-01-26,CMP-13,CA,140,4,0.5
2023-01-26,CMP-13,DE,537,16,2.05
2023-01-26,CMP-13,ES,678,19,2.38
2023-01-26,CMP-13,FR,5276,170,20.41
2023-01-26,CMP-13,GB,1536,42,5.75
2023-01-26,CMP-13,IT,462,15,1.74
2023-01-26,CMP-13,NL,102,3,0.37
2023-01-26,CMP-13,PL,249,7,0.88
2023-01-26,CMP-13,SE,2136,67,9.19
2023-01-26,CMP-13,US,15336,448,60.97
2023-01-26,CMP-16,CA,389,8,3.18
2023-01-26,CMP-16,DE,1464,29,11.27
2023-01-26,CMP-16,ES,2138,40,16.85
2023-01-26,CMP-16,FR,13140,249,99.64
2023-01-26,CMP-16,GB,2302,46,19.04
2023-01-26,CMP-16,IT,704,15,6.27
2023-01-26,CMP-16,NL,101,2,0.76
2023-01-26,CMP-16,PL,778,17,6.83
2023-01-26,CMP-16,SE,4663,89,39.43
2023-01-26,CMP-16,US,27150,590,271.48
2023-01-26,CMP-19,CA,243,9,4.73
2023-01-26,CMP-19,DE,757,25,14.25
2023-01-26,CMP-19,ES,1192,44,26.85
2023-01-26,CMP-19,FR,7340,279,167.32
2023-01-26,CMP-19,GB,1759,58,36.71
2023-01-26,CMP-19,IT,362,12,7.5
2023-01-26,CMP-19,NL,112,4,2.39
2023-01-26,CMP-19,PL,476,17,9.3
2023-01-26,CMP-19,SE,2892,111,60.13
2023-01-26,CMP-19,US,15776,594,376.53
2023-01-27,CMP-01,CA,58,2,0.69
2023-01-27,CMP-01,DE,760,27,9.29
2023-01-27,CMP-01,ES,761,29,8.46
2023-01-27,CMP-01,FR,6875,260,86.6
2023-01-27,CMP-01,GB,1229,45,14.85
2023-01-27,CMP-01,IT,471,18,5.65
2023-01-27,CMP-01,NL,91,3,1.05
2023-01-27,CMP-01,PL,237,8,2.5
2023-01-27,CMP-01,SE,2792,100,34.69
2023-01-27,CMP-01,US,17946,609,208.82
2023-01-27,CMP-02,CA,397,13,9.78
2023-01-27,CMP-02,DE,861,29,19.26
2023-01-27,CMP-02,ES,1448,54,37.73
2023-01-27,CMP-02,FR,9015,323,232.56
2023-01-27,CMP-02,GB,1947,72,47.53
2023-01-27,CMP-02,IT,284,10,7.25
2023-01-27,CMP-02,NL,165,6,4.54
2023-01-27,CMP-02,PL,690,26,17.96
2023-01-27,CMP-02,SE,3054,108,72.27
2023-01-27,CMP-02,US,23576,757,554.69
2023-01-27,CMP-03,CA,240,8,4.71
2023-01-27,CMP-03,DE,667,24,13.28
2023-01-27,CMP-03,ES,946,34,17.61
2023-01-27,CMP-03,FR,7503,262,138.85
2023-01-27,CMP-03,GB,1466,53,30.21
2023-01-27,CMP-03,IT,524,20,10.62
2023-01-27,CMP-03,NL,125,4,2.3
2023-01-27,CMP-03,PL,370,14,8.41
2023-01-27,CMP-03,SE,2971,104,58.16
2023-01-27,CMP-03,US,20474,654,384.7
2023-01-27,CMP-04,GB,872,30,23.64
2023-01-27,CMP-07,CA,998,13,4.17
2023-01-27,CMP-07,DE,1755,23,6.72
2023-01-27,CMP-07,ES,4710,57,18.67
2023-01-27,CMP-07,FR,30094,350,99.92
2023-01-27,CMP-07,GB,5478,70,22.83
2023-01-27,CMP-07,IT,2176,24,7.55
2023-01-27,CMP-07,NL,532,7,2.29
2023-01-27,CMP-07,PL,1093,14,4.15
2023-01-27,CMP-07,SE,9294,117,37.78
2023-01-27,CMP-07,US,72957,866,257.37
2023-01-27,CMP-08,CA,456,6,1.39
2023-01-27,CMP-08,DE,1598,18,3.89
2023-01-27,CMP-08,ES,3534,39,10.02
2023-01-27,CMP-08,FR,23327,284,69.55
2023-01-27,CMP-08,GB,5159,58,14.47
2023-01-27,CMP-08,IT,1605,18,4.55
2023-01-27,CMP-08,NL,155,2,0.46
2023-01-27,CMP-08,PL,1465,19,4.72
2023-01-27,CMP-08,SE,7786,89,22.02
2023-01-27,CMP-08,US,47699,578,143.29
2023-01-27,CMP-09,DE,1274,15,5.15
2023-01-27,CMP-12,CA,262,8,0.98
2023-01-27,CMP-12,DE,990,31,3.75
2023-01-27,CMP-12,ES,1611,48,6.03
2023-01-27,CMP-12,FR,11133,360,46.38
2023-01-27,CMP-12,GB,2456,77,8.88
2023-01-27,CMP-12,IT,824,24,3.31
2023-01-27,CMP-12,NL,188,6,0.76
2023-01-27,CMP-12,PL,724,20,2.73
2023-01-27,CMP-12,SE,3287,105,12.88
2023-01-27,CMP-12,US,26117,757,88.12
2023-01-27,CMP-13,CA,309,9,1.04
2023-01-27,CMP-13,DE,473,14,1.68
2023-01-27,CMP-13,ES,730,24,2.99
2023-01-27,CMP-13,FR,7676,210,27.8
2023-01-27,CMP-13,GB,1062,31,3.56
2023-01-27,CMP-13,IT,368,12,1.44
2023-01-27,CMP-13,NL,35,1,0.13
2023-01-27,CMP-13,PL,254,8,0.98
2023-01-27,CMP-13,SE,2483,75,10.01
2023-01-27,CMP-13,US,15122,454,60.98
2023-01-27,CMP-16,CA,447,9,3.7
2023-01-27,CMP-16,DE,1342,27,11.68
2023-01-27,CMP-16,ES,2078,46,21.24
2023-01-27,CMP-16,FR,13592,260,112.91
2023-01-27,CMP-16,GB,3185,60,26.79
2023-01-27,CMP-16,IT,580,11,4.25
2023-01-27,CMP-16,NL,153,3,1.21
2023-01-27,CMP-16,PL,675,15,5.9
2023-01-27,CMP-16,SE,5017,103,39.6
2023-01-27,CMP-16,US,30455,560,258.64
2023-01-27,CMP-19,CA,107,4,2.44
2023-01-27,CMP-19,DE,679,24,13.01
2023-01-27,CMP-19,ES,1084,36,19.06
2023-01-27,CMP-19,FR,7208,258,157.05
2023-01-27,CMP-19,GB,1229,41,25.19
2023-01-27,CMP-19,IT,444,16,8.96
2023-01-27,CMP-19,NL,121,4,2.48
2023-01-27,CMP-19,PL,471,17,9.13
2023-01-27,CMP-19,SE,3208,107,65.18
2023-01-27,CMP-19,US,18842,648,378.25
2023-01-28,CMP-01,CA,295,10,3.19
2023-01-28,CMP-01,DE,1084,40,11.56
2023-01-28,CMP-01,ES,1727,63,19.61
2023-01-28,CMP-01,FR,9938,350,117.38
2023-01-28,CMP-01,GB,2379,80,24.02
2023-01-28,CMP-01,IT,548,18,5.73
2023-01-28,CMP-01,PL,517,20,6.83
2023-01-28,CMP-01,SE,3157,104,36.31
2023-01-28,CMP-01,US,22818,857,268.17
2023-01-28,CMP-02,CA,327,11,7.15
2023-01-28,CMP-02,DE,1222,39,24.58
2023-01-28,CMP-02,ES,1956,67,46.92
2023-01-28,CMP-02,FR,11315,419,320.48
2023-01-28,CMP-02,GB,1996,76,50.8
2023-01-28,CMP-02,IT,1015,38,27.95
2023-01-28,CMP-02,NL,80,3,2.14
2023-01-28,CMP-02,PL,538,20,14.93
2023-01-28,CMP-02,SE,4558,161,118.71
2023-01-28,CMP-02,US,29646,964,657.31
2023-01-28,CMP-03,CA,417,15,8.14
2023-01-28,CMP-03,DE,982,33,17.13
2023-01-28,CMP-03,ES,1726,56,30.2
2023-01-28,CMP-03,FR,9825,364,212.73
2023-01-28,CMP-03,GB,1995,65,34.82
2023-01-28,CMP-03,IT,835,28,16.25
2023-01-28,CMP-03,NL,277,9,5.29
2023-01-28,CMP-03,PL,525,17,10.0
2023-01-28,CMP-03,SE,4213,158,87.96
2023-01-28,CMP-03,US,23185,828,461.45
2023-01-28,CMP-04,GB,702,26,18.23
2023-01-28,CMP-07,CA,1276,14,3.83
2023-01-28,CMP-07,DE,2128,28,8.07
2023-01-28,CMP-07,ES,6263,70,23.25
2023-01-28,CMP-07,FR,39382,471,155.17
2023-01-28,CMP-07,GB,10571,117,34.38
2023-01-28,CMP-07,IT,3368,40,11.7
2023-01-28,CMP-07,NL,375,5,1.61
2023-01-28,CMP-07,PL,1949,24,7.11
2023-01-28,CMP-07,SE,13218,148,42.83
2023-01-28,CMP-07,US,85365,1099,364.84
2023-01-28,CMP-08,CA,812,10,2.14
2023-01-28,CMP-08,DE,2225,26,5.6
2023-01-28,CMP-08,ES,3911,43,9.41
2023-01-28,CMP-08,FR,29809,373,80.96
2023-01-28,CMP-08,GB,6343,78,16.79
2023-01-28,CMP-08,IT,1175,15,3.52
2023-01-28,CMP-08,NL,589,7,1.6
2023-01-28,CMP-08,PL,1593,18,3.83
2023-01-28,CMP-08,SE,11367,136,28.99
2023-01-28,CMP-08,US,67259,790,191.48
2023-01-28,CMP-09,DE,875,11,3.94
2023-01-28,CMP-12,CA,558,16,1.98
2023-01-28,CMP-12,DE,1096,35,4.38
2023-01-28,CMP-12,ES,1999,57,7.27
2023-01-28,CMP-12,FR,16370,496,68.05
2023-01-28,CMP-12,GB,2874,89,10.44
2023-01-28,CMP-12,IT,660,20,2.72
2023-01-28,CMP-12,NL,254,7,0.9
2023-01-28,CMP-12,PL,565,18,2.48
2023-01-28,CMP-12,SE,4709,150,18.92
2023-01-28,CMP-12,US,29911,978,127.6
2023-01-28,CMP-13,CA,249,7,0.82
2023-01-28,CMP-13,DE,879,25,2.87
2023-01-28,CMP-13,ES,1650,46,5.91
2023-01-28,CMP-13,FR,9048,256,31.23
2023-01-28,CMP-13,GB,1787,50,6.45
2023-01-28,CMP-13,IT,508,15,1.89
2023-01-28,CMP-13,NL,69,2,0.27
2023-01-28,CMP-13,PL,441,14,1.66
2023-01-28,CMP-13,SE,3386,103,14.04
2023-01-28,CMP-13,US,18618,541,71.28
2023-01-28,CMP-16,CA,429,8,3.66
2023-01-28,CMP-16,DE,2227,45,20.26
2023-01-28,CMP-16,ES,2184,47,21.06
2023-01-28,CMP-16,FR,18113,385,157.34
2023-01-28,CMP-16,GB,4055,75,33.69
2023-01-28,CMP-16,IT,1343,26,11.4
2023-01-28,CMP-16,NL,298,6,2.65
2023-01-28,CMP-16,PL,999,22,10.2
2023-01-28,CMP-16,SE,6288,126,49.93
2023-01-28,CMP-16,US,39669,734,327.33
2023-01-28,CMP-19,CA,197,7,4.37
2023-01-28,CMP-19,DE,1022,37,21.75
2023-01-28,CMP-19,ES,1576,51,31.76
2023-01-28,CMP-19,FR,10297,384,212.31
2023-01-28,CMP-19,GB,2039,75,47.0
2023-01-28,CMP-19,IT,747,25,15.55
2023-01-28,CMP-19,NL,133,5,2.98
2023-01-28,CMP-19,PL,785,27,16.93
2023-01-28,CMP-19,SE,3625,128,74.49
2023-01-28,CMP-19,US,24191,851,448.95
2023-01-29,CMP-01,CA,221,8,2.66
2023-01-29,CMP-01,DE,523,18,6.0
2023-01-29,CMP-01,ES,1446,53,15.28
2023-01-29,CMP-01,FR,10166,347,102.79
2023-01-29,CMP-01,GB,1360,50,15.66
2023-01-29,CMP-01,IT,600,21,7.3
2023-01-29,CMP-01,NL,301,10,3.11
2023-01-29,CMP-01,PL,450,17,5.26
2023-01-29,CMP-01,SE,3972,147,49.93
2023-01-29,CMP-01,US,22891,838,285.39
2023-01-29,CMP-02,CA,308,11,8.25
2023-01-29,CMP-02,DE,1268,42,32.05
2023-01-29,CMP-02,ES,1743,62,42.27
2023-01-29,CMP-02,FR,14205,452,304.82
2023-01-29,CMP-02,GB,1645,61,40.41
2023-01-29,CMP-02,IT,621,23,14.64
2023-01-29,CMP-02,NL,90,3,2.0
2023-01-29,CMP-02,PL,775,25,18.27
2023-01-29,CMP-02,SE,4069,146,97.64
2023-01-29,CMP-02,US,25336,957,650.69
2023-01-29,CMP-03,CA,294,11,5.59
2023-01-29,CMP-03,DE,1033,38,19.81
2023-01-29,CMP-03,ES,1377,50,29.13
2023-01-29,CMP-03,FR,10529,388,203.27
2023-01-29,CMP-03,GB,1879,65,32.84
2023-01-29,CMP-03,IT,467,15,8.98
2023-01-29,CMP-03,NL,169,6,3.09
2023-01-29,CMP-03,PL,499,17,9.53
2023-01-29,CMP-03,SE,3543,116,68.22
2023-01-29,CMP-03,US,21406,777,447.43
2023-01-29,CMP-04,GB,748,24,17.78
2023-01-29,CMP-07,CA,897,11,3.64
2023-01-29,CMP-07,DE,3505,42,11.84
2023-01-29,CMP-07,ES,7277,97,31.53
2023-01-29,CMP-07,FR,44176,486,149.73
2023-01-29,CMP-07,GB,8897,99,29.59
2023-01-29,CMP-07,IT,1472,19,6.2
2023-01-29,CMP-07,NL,533,6,1.86
2023-01-29,CMP-07,PL,1967,23,6.4
2023-01-29,CMP-07,SE,15235,191,54.42
2023-01-29,CMP-07,US,92095,1184,339.3
2023-01-29,CMP-08,CA,394,5,1.23
2023-01-29,CMP-08,DE,1906,22,4.85
2023-01-29,CMP-08,ES,4705,52,12.08
2023-01-29,CMP-08,FR,27547,361,81.86
2023-01-29,CMP-08,GB,5302,61,15.84
2023-01-29,CMP-08,IT,1107,14,3.17
2023-01-29,CMP-08,NL,539,6,1.36
2023-01-29,CMP-08,PL,2267,27,6.22
2023-01-29,CMP-08,SE,10020,129,29.71
2023-01-29,CMP-08,US,64338,733,159.4
2023-01-29,CMP-09,DE,898,10,3.36
2023-01-29,CMP-12,CA,404,12,1.4
2023-01-29,CMP-12,DE,1486,43,5.29
2023-01-29,CMP-12,ES,2458,68,9.39
2023-01-29,CMP-12,FR,15164,464,56.75
2023-01-29,CMP-12,GB,2891,82,10.67
2023-01-29,CMP-12,IT,1034,29,3.7
2023-01-29,CMP-12,NL,316,10,1.22
2023-01-29,CMP-12,PL,995,30,3.59
2023-01-29,CMP-12,SE,4935,156,18.04
2023-01-29,CMP-12,US,31759,1003,134.88
2023-01-29,CMP-13,CA,388,11,1.29
2023-01-29,CMP-13,DE,595,17,1.94
2023-01-29,CMP-13,ES,1310,37,4.93
2023-01-29,CMP-13,FR,8966,267,32.25
2023-01-29,CMP-13,GB,2283,66,8.97
2023-01-29,CMP-13,IT,346,10,1.14
2023-01-29,CMP-13,NL,71,2,0.25
2023-01-29,CMP-13,PL,400,11,1.39
2023-01-29,CMP-13,SE,3155,87,10.98
2023-01-29,CMP-13,US,20077,575,67.96
2023-01-29,CMP-16,CA,347,7,3.12
2023-01-29,CMP-16,DE,1684,37,15.53
2023-01-29,CMP-16,ES,2353,45,19.73
2023-01-29,CMP-16,FR,18518,341,144.35
2023-01-29,CMP-16,GB,2963,64,26.65
2023-01-29,CMP-16,IT,800,17,6.96
2023-01-29,CMP-16,NL,338,7,3.25
2023-01-29,CMP-16,PL,1049,21,8.02
2023-01-29,CMP-16,SE,7540,145,66.63
2023-01-29,CMP-16,US,35307,756,299.16
2023-01-29,CMP-19,CA,247,8,5.03
2023-01-29,CMP-19,DE,1062,40,21.96
2023-01-29,CMP-19,ES,1526,55,30.51
2023-01-29,CMP-19,FR,11391,370,221.65
2023-01-29,CMP-19,GB,1794,65,40.58
2023-01-29,CMP-19,IT,723,24,13.87
2023-01-29,CMP-19,NL,302,10,5.27
2023-01-29,CMP-19,PL,641,23,13.18
2023-01-29,CMP-19,SE,3376,110,62.85
2023-01-29,CMP-19,US,22311,803,447.85
2023-01-30,CMP-01,CA,116,4,1.3
2023-01-30,CMP-01,DE,522,19,5.94
2023-01-30,CMP-01,ES,1210,45,13.19
2023-01-30,CMP-01,FR,7668,276,80.36
2023-01-30,CMP-01,GB,1598,59,19.81
2023-01-30,CMP-01,IT,473,17,5.09
2023-01-30,CMP-01,NL,145,5,1.46
2023-01-30,CMP-01,PL,577,19,5.98
2023-01-30,CMP-01,SE,2931,97,28.71
2023-01-30,CMP-01,US,18670,620,181.38
2023-01-30,CMP-02,CA,221,8,6.08
2023-01-30,CMP-02,DE,551,20,14.45
2023-01-30,CMP-02,ES,1364,52,34.0
2023-01-30,CMP-02,FR,9076,338,229.96
2023-01-30,CMP-02,GB,2191,82,54.17
2023-01-30,CMP-02,IT,592,20,14.92
2023-01-30,CMP-02,NL,116,4,2.67
2023-01-30,CMP-02,PL,890,29,19.57
2023-01-30,CMP-02,SE,3891,127,86.37
2023-01-30,CMP-02,US,20938,791,605.64
2023-01-30,CMP-03,CA,251,8,4.24
2023-01-30,CMP-03,DE,743,27,15.56
2023-01-30,CMP-03,ES,1148,38,22.55
2023-01-30,CMP-03,FR,7554,270,157.43
2023-01-30,CMP-03,GB,1385,51,30.31
2023-01-30,CMP-03,IT,620,20,11.31
2023-01-30,CMP-03,NL,110,4,2.32
2023-01-30,CMP-03,PL,489,17,8.54
2023-01-30,CMP-03,SE,2646,101,58.0
2023-01-30,CMP-03,US,18569,652,355.28
2023-01-30,CMP-04,GB,785,27,22.4
2023-01-30,CMP-07,CA,606,8,2.32
2023-01-30,CMP-07,DE,2312,26,7.5
2023-01-30,CMP-07,ES,5443,64,20.06
2023-01-30,CMP-07,FR,31617,381,112.35
2023-01-30,CMP-07,GB,6919,84,23.99
2023-01-30,CMP-07,IT,2147,25,7.19
2023-01-30,CMP-07,NL,757,9,2.55
2023-01-30,CMP-07,PL,1927,22,6.4
2023-01-30,CMP-07,SE,11513,150,42.28
2023-01-30,CMP-07,US,65591,836,256.91
2023-01-30,CMP-08,CA,802,10,2.2
2023-01-30,CMP-08,DE,1720,22,5.55
2023-01-30,CMP-08,ES,3797,46,11.4
2023-01-30,CMP-08,FR,25417,290,73.42
2023-01-30,CMP-08,GB,3691,47,10.53
2023-01-30,CMP-08,IT,2104,24,5.6
2023-01-30,CMP-08,NL,699,9,2.05
2023-01-30,CMP-08,PL,1257,14,3.47
2023-01-30,CMP-08,SE,7778,100,22.04
2023-01-30,CMP-08,US,51173,652,154.52
2023-01-30,CMP-09,DE,546,6,1.86
2023-01-30,CMP-12,CA,342,11,1.39
2023-01-30,CMP-12,DE,1435,44,6.04
2023-01-30,CMP-12,ES,1369,43,5.74
2023-01-30,CMP-12,FR,11266,357,41.23
2023-01-30,CMP-12,GB,2432,79,9.62
2023-01-30,CMP-12,IT,642,21,2.49
2023-01-30,CMP-12,NL,212,7,0.97
2023-01-30,CMP-12,PL,632,18,2.17
2023-01-30,CMP-12,SE,5055,138,19.01
2023-01-30,CMP-12,US,24960,790,102.74
2023-01-30,CMP-13,CA,175,5,0.64
2023-01-30,CMP-13,DE,633,20,2.31
2023-01-30,CMP-13,ES,688,22,2.69
2023-01-30,CMP-13,FR,6060,200,27.09
2023-01-30,CMP-13,GB,1501,42,5.32
2023-01-30,CMP-13,IT,357,11,1.52
2023-01-30,CMP-13,NL,34,1,0.12
2023-01-30,CMP-13,PL,273,9,1.03
2023-01-30,CMP-13,SE,2271,71,9.24
2023-01-30,CMP-13,US,15653,431,59.56
2023-01-30,CMP-16,CA,211,4,1.75
2023-01-30,CMP-16,DE,1662,31,13.67
2023-01-30,CMP-16,ES,2148,44,17.08
2023-01-30,CMP-16,FR,15140,311,122.65
2023-01-30,CMP-16,GB,2213,49,21.11
2023-01-30,CMP-16,IT,771,15,6.83
2023-01-30,CMP-16,NL,191,4,1.8
2023-01-30,CMP-16,PL,725,14,6.38
2023-01-30,CMP-16,SE,3904,75,29.1
2023-01-30,CMP-16,US,31948,645,248.25
2023-01-30,CMP-19,CA,218,8,4.89
2023-01-30,CMP-19,DE,882,33,20.57
2023-01-30,CMP-19,ES,984,35,21.37
2023-01-30,CMP-19,FR,8422,324,204.92
2023-01-30,CMP-19,GB,1561,50,29.81
2023-01-30,CMP-19,IT,473,17,10.37
2023-01-30,CMP-19,NL,55,2,1.17
2023-01-30,CMP-19,PL,296,11,6.01
2023-01-30,CMP-19,SE,2309,88,54.61
2023-01-30,CMP-19,US,17309,637,377.79
2023-01-31,CMP-01,CA,218,8,2.7
2023-01-31,CMP-01,DE,918,35,10.14
2023-01-31,CMP-01,ES,1263,45,13.79
2023-01-31,CMP-01,FR,6871,262,88.46
2023-01-31,CMP-01,GB,1636,55,19.17
2023-01-31,CMP-01,IT,312,12,3.73
2023-01-31,CMP-01,NL,159,6,2.02
2023-01-31,CMP-01,PL,339,12,3.56
2023-01-31,CMP-01,SE,2823,95,30.83
2023-01-31,CMP-01,US,17970,629,188.49
2023-01-31,CMP-02,CA,121,4,2.95
2023-01-31,CMP-02,DE,807,28,20.42
2023-01-31,CMP-02,ES,1414,49,36.37
2023-01-31,CMP-02,FR,10194,383,273.24
2023-01-31,CMP-02,GB,1507,58,41.03
2023-01-31,CMP-02,IT,851,29,20.01
2023-01-31,CMP-02,NL,185,6,3.83
2023-01-31,CMP-02,PL,141,5,3.21
2023-01-31,CMP-02,SE,3227,122,83.19
2023-01-31,CMP-02,US,23031,806,572.93
2023-01-31,CMP-03,CA,189,7,3.68
2023-01-31,CMP-03,DE,827,28,14.57
2023-01-31,CMP-03,ES,1165,41,22.24
2023-01-31,CMP-03,FR,8225,299,150.63
2023-01-31,CMP-03,GB,1218,47,27.42
2023-01-31,CMP-03,IT,554,19,10.65
2023-01-31,CMP-03,NL,31,1,0.58
2023-01-31,CMP-03,PL,235,9,4.55
2023-01-31,CMP-03,SE,3182,110,65.28
2023-01-31,CMP-03,US,19961,650,332.64
2023-01-31,CMP-04,GB,283,10,7.56
2023-01-31,CMP-07,CA,864,10,2.9
2023-01-31,CMP-07,DE,1863,21,6.1
2023-01-31,CMP-07,ES,5306,69,22.78
2023-01-31,CMP-07,FR,33955,381,123.1
2023-01-31,CMP-07,GB,6259,81,26.27
2023-01-31,CMP-07,IT,2114,26,8.69
2023-01-31,CMP-07,NL,855,11,3.41
2023-01-31,CMP-07,PL,1496,19,6.02
2023-01-31,CMP-07,SE,12374,142,46.1
2023-01-31,CMP-07,US,78123,870,244.1
2023-01-31,CMP-08,CA,1032,12,2.79
2023-01-31,CMP-08,DE,1424,17,3.81
2023-01-31,CMP-08,ES,3046,35,7.54
2023-01-31,CMP-08,FR,22818,251,60.34
2023-01-31,CMP-08,GB,5792,73,15.98
2023-01-31,CMP-08,IT,1562,20,4.49
2023-01-31,CMP-08,NL,165,2,0.45
2023-01-31,CMP-08,PL,1024,12,2.62
2023-01-31,CMP-08,SE,7258,94,22.06
2023-01-31,CMP-08,US,47747,606,147.55
2023-01-31,CMP-09,DE,179,2,0.7
2023-01-31,CMP-12,CA,338,11,1.33
2023-01-31,CMP-12,DE,1221,34,4.48
2023-01-31,CMP-12,ES,1497,42,5.44
2023-01-31,CMP-12,FR,12349,355,40.87
2023-01-31,CMP-12,GB,1973,65,7.58
2023-01-31,CMP-12,IT,1160,35,4.12
2023-01-31,CMP-12,NL,180,6,0.8
2023-01-31,CMP-12,PL,526,16,1.88
2023-01-31,CMP-12,SE,4204,121,16.07
2023-01-31,CMP-12,US,23820,730,88.21
2023-01-31,CMP-13,CA,33,1,0.14
2023-01-31,CMP-13,DE,467,14,1.76
2023-01-31,CMP-13,ES,1286,38,4.58
2023-01-31,CMP-13,FR,5282,163,19.84
2023-01-31,CMP-13,GB,1340,42,5.28
2023-01-31,CMP-13,IT,218,6,0.75
2023-01-31,CMP-13,NL,139,4,0.47
2023-01-31,CMP-13,PL,366,10,1.33
2023-01-31,CMP-13,SE,2266,70,9.69
2023-01-31,CMP-13,US,11770,392,54.49
2023-01-31,CMP-16,CA,505,11,4.55
2023-01-31,CMP-16,DE,1337,25,11.31
2023-01-31,CMP-16,ES,1702,32,12.62
2023-01-31,CMP-16,FR,13606,279,127.19
2023-01-31,CMP-16,GB,2754,60,23.3
2023-01-31,CMP-16,IT,1263,24,11.01
2023-01-31,CMP-16,NL,102,2,0.77
2023-01-31,CMP-16,PL,732,15,5.91
2023-01-31,CMP-16,SE,3890,86,35.85
2023-01-31,CMP-16,US,30179,635,294.62
2023-01-31,CMP-19,CA,248,8,4.28
2023-01-31,CMP-19,DE,788,30,18.54
2023-01-31,CMP-19,ES,1243,47,29.5
2023-01-31,CMP-19,FR,7386,273,154.53
2023-01-31,CMP-19,GB,1751,61,37.76
2023-01-31,CMP-19,IT,603,23,12.47
2023-01-31,CMP-19,PL,351,12,7.21
2023-01-31,CMP-19,SE,3008,100,59.97
2023-01-31,CMP-19,US,17685,617,346.83
2024-01-01,CMP-01,CA,342,13,4.38
2024-01-01,CMP-01,DE,847,31,9.81
2024-01-01,CMP-01,ES,1201,41,12.72
2024-01-01,CMP-01,FR,8231,271,95.74
2024-01-01,CMP-01,GB,1658,63,22.14
2024-01-01,CMP-01,IT,669,25,8.27
2024-01-01,CMP-01,NL,107,4,1.38
2024-01-01,CMP-01,PL,489,17,5.32
2024-01-01,CMP-01,SE,2071,80,28.2
2024-01-01,CMP-01,US,16828,620,209.87
2024-01-01,CMP-02,CA,270,9,6.21
2024-01-01,CMP-02,DE,937,35,26.6
2024-01-01,CMP-02,ES,1834,60,46.87
2024-01-01,CMP-02,FR,9392,344,265.27
2024-01-01,CMP-02,GB,1929,71,49.17
2024-01-01,CMP-02,IT,622,22,15.95
2024-01-01,CMP-02,NL,173,6,4.25
2024-01-01,CMP-02,PL,559,21,16.88
2024-01-01,CMP-02,SE,3937,134,91.03
2024-01-01,CMP-02,US,23425,762,514.45
2024-01-01,CMP-03,CA,122,4,2.26
2024-01-01,CMP-03,DE,843,32,17.44
2024-01-01,CMP-03,ES,1163,44,25.73
2024-01-01,CMP-03,FR,8106,298,166.48
2024-01-01,CMP-03,GB,1359,51,27.36
2024-01-01,CMP-03,IT,654,23,13.99
2024-01-01,CMP-03,NL,77,3,1.65
2024-01-01,CMP-03,PL,398,14,7.98
2024-01-01,CMP-03,SE,2281,88,53.84
2024-01-01,CMP-03,US,17456,648,385.14
2024-01-01,CMP-04,GB,749,25,19.68
2024-01-01,CMP-07,CA,377,5,1.58
2024-01-01,CMP-07,DE,1627,18,5.7
2024-01-01,CMP-07,ES,3224,36,12.47
2024-01-01,CMP-07,FR,17087,209,72.11
2024-01-01,CMP-07,GB,3526,46,13.44
2024-01-01,CMP-07,IT,1254,15,5.1
2024-01-01,CMP-07,NL,183,2,0.66
2024-01-01,CMP-07,PL,906,11,3.5
2024-01-01,CMP-07,SE,5797,77,23.01
2024-01-01,CMP-07,US,40755,469,152.37
2024-01-01,CMP-08,CA,250,3,0.73
2024-01-01,CMP-08,DE,843,10,2.69
2024-01-01,CMP-08,ES,3001,34,8.34
2024-01-01,CMP-08,FR,14489,163,44.43
2024-01-01,CMP-08,GB,1987,22,5.68
2024-01-01,CMP-08,IT,655,8,2.12
2024-01-01,CMP-08,NL,157,2,0.48
2024-01-01,CMP-08,PL,641,7,1.83
2024-01-01,CMP-08,SE,5217,63,14.55
2024-01-01,CMP-08,US,28878,371,84.97
2024-01-01,CMP-09,DE,725,8,2.92
2024-01-01,CMP-11,CA,534,7,2.45
2024-01-01,CMP-11,DE,726,9,2.93
2024-01-01,CMP-11,ES,1788,23,8.28
2024-01-01,CMP-11,FR,10269,128,44.59
2024-01-01,CMP-11,GB,1430,18,6.37
2024-01-01,CMP-11,IT,601,8,2.57
2024-01-01,CMP-11,NL,425,5,1.72
2024-01-01,CMP-11,PL,795,10,3.12
2024-01-01,CMP-11,SE,3822,46,16.86
2024-01-01,CMP-11,US,25754,291,89.83
2024-01-01,CMP-12,CA,299,9,1.12
2024-01-01,CMP-12,DE,866,27,3.49
2024-01-01,CMP-12,ES,1554,50,7.13
2024-01-01,CMP-12,FR,10734,295,38.73
2024-01-01,CMP-12,GB,1659,49,6.85
2024-01-01,CMP-12,IT,517,15,1.96
2024-01-01,CMP-12,NL,294,9,1.27
2024-01-01,CMP-12,PL,274,8,1.12
2024-01-01,CMP-12,SE,3616,104,14.46
2024-01-01,CMP-12,US,18576,572,70.39
2024-01-01,CMP-13,CA,72,2,0.27
2024-01-01,CMP-13,DE,464,15,2.02
2024-01-01,CMP-13,ES,917,27,3.86
2024-01-01,CMP-13,FR,4811,133,17.72
2024-01-01,CMP-13,GB,1043,30,4.38
2024-01-01,CMP-13,IT,386,12,1.68
2024-01-01,CMP-13,NL,63,2,0.27
2024-01-01,CMP-13,PL,228,7,0.9
2024-01-01,CMP-13,SE,2076,57,8.32
2024-01-01,CMP-13,US,12515,364,52.7
2024-01-01,CMP-16,CA,265,5,2.42
2024-01-01,CMP-16,DE,901,17,8.09
2024-01-01,CMP-16,ES,1660,35,14.48
2024-01-01,CMP-16,FR,9332,189,77.75
2024-01-01,CMP-16,GB,2487,49,20.27
2024-01-01,CMP-16,IT,535,10,4.43
2024-01-01,CMP-16,NL,181,4,1.64
2024-01-01,CMP-16,PL,439,9,4.05
2024-01-01,CMP-16,SE,4145,76,36.42
2024-01-01,CMP-16,US,23397,472,193.17
2024-01-02,CMP-01,CA,159,6,2.07
2024-01-02,CMP-01,DE,655,21,7.27
2024-01-02,CMP-01,ES,954,36,12.16
2024-01-02,CMP-01,FR,6559,214,67.74
2024-01-02,CMP-01,GB,1211,39,13.39
2024-01-02,CMP-01,IT,509,19,5.84
2024-01-02,CMP-01,NL,29,1,0.3
2024-01-02,CMP-01,PL,292,10,3.22
2024-01-02,CMP-01,SE,2166,80,28.94
2024-01-02,CMP-01,US,15363,492,159.14
2024-01-02,CMP-02,CA,260,10,7.12
2024-01-02,CMP-02,DE,648,25,17.23
2024-01-02,CMP-02,ES,971,35,24.61
2024-01-02,CMP-02,FR,7552,254,190.11
2024-01-02,CMP-02,GB,1342,45,32.69
2024-01-02,CMP-02,IT,413,14,9.58
2024-01-02,CMP-02,PL,486,17,12.84
2024-01-02,CMP-02,SE,2743,93,67.77
2024-01-02,CMP-02,US,18653,614,461.39
2024-01-02,CMP-03,CA,216,7,4.46
2024-01-02,CMP-03,DE,776,26,15.18
2024-01-02,CMP-03,ES,745,26,15.93
2024-01-02,CMP-03,FR,7054,232,135.4
2024-01-02,CMP-03,GB,1230,42,22.14
2024-01-02,CMP-03,IT,417,16,8.51
2024-01-02,CMP-03,NL,92,3,1.71
2024-01-02,CMP-03,PL,117,4,2.26
2024-01-02,CMP-03,SE,2445,78,42.47
2024-01-02,CMP-03,US,12513,464,261.96
2024-01-02,CMP-04,GB,558,19,15.74
2024-01-02,CMP-06,CA,312,12,8.04
2024-01-02,CMP-06,DE,471,18,11.11
2024-01-02,CMP-06,ES,703,26,15.43
2024-01-02,CMP-06,FR,6348,213,133.49
2024-01-02,CMP-06,GB,1198,40,23.47
2024-01-02,CMP-06,IT,350,12,7.26
2024-01-02,CMP-06,NL,162,6,3.47
2024-01-02,CMP-06,PL,450,16,10.58
2024-01-02,CMP-06,SE,2036,72,47.61
2024-01-02,CMP-06,US,13577,506,329.35
2024-01-02,CMP-07,CA,459,6,1.86
2024-01-02,CMP-07,DE,1217,14,4.78
2024-01-02,CMP-07,ES,3057,36,11.33
2024-01-02,CMP-07,FR,13493,179,60.98
2024-01-02,CMP-07,GB,3153,38,12.43
2024-01-02,CMP-07,IT,1257,14,4.35
2024-01-02,CMP-07,NL,318,4,1.23
2024-01-02,CMP-07,PL,753,9,2.68
2024-01-02,CMP-07,SE,6041,68,20.17
2024-01-02,CMP-07,US,39361,504,164.84
2024-01-02,CMP-08,CA,345,4,1.05
2024-01-02,CMP-08,DE,908,10,2.37
2024-01-02,CMP-08,ES,2168,24,5.8
2024-01-02,CMP-08,FR,13276,150,38.52
2024-01-02,CMP-08,GB,1981,25,5.79
2024-01-02,CMP-08,IT,353,4,0.93
2024-01-02,CMP-08,NL,181,2,0.5
2024-01-02,CMP-08,PL,885,11,2.95
2024-01-02,CMP-08,SE,3941,47,11.46
2024-01-02,CMP-08,US,28133,338,86.45
2024-01-02,CMP-09,DE,1042,12,4.13
2024-01-02,CMP-11,CA,384,5,1.55
2024-01-02,CMP-11,DE,838,10,3.14
2024-01-02,CMP-11,ES,1277,14,4.43
2024-01-02,CMP-11,FR,9790,123,42.86
2024-01-02,CMP-11,GB,2134,28,8.65
2024-01-02,CMP-11,IT,703,9,2.8
2024-01-02,CMP-11,NL,389,5,1.85
2024-01-02,CMP-11,PL,380,5,1.61
2024-01-02,CMP-11,SE,3984,53,16.17
2024-01-02,CMP-11,US,22243,282,88.54
2024-01-02,CMP-12,CA,108,3,0.4
2024-01-02,CMP-12,DE,613,18,2.23
2024-01-02,CMP-12,ES,766,24,2.93
2024-01-02,CMP-12,FR,6506,187,26.23
2024-01-02,CMP-12,GB,1171,34,4.73
2024-01-02,CMP-12,IT,369,12,1.65
2024-01-02,CMP-12,NL,109,3,0.37
2024-01-02,CMP-12,PL,274,8,0.97
2024-01-02,CMP-12,SE,1924,60,8.5
2024-01-02,CMP-12,US,14629,418,56.28
2024-01-02,CMP-13,CA,32,1,0.12
2024-01-02,CMP-13,DE,323,10,1.4
2024-01-02,CMP-13,ES,685,22,2.72
2024-01-02,CMP-13,FR,3535,97,13.92
2024-01-02,CMP-13,GB,916,26,3.72
2024-01-02,CMP-13,IT,109,3,0.36
2024-01-02,CMP-13,PL,211,6,0.76
2024-01-02,CMP-13,SE,981,31,4.09
2024-01-02,CMP-13,US,7856,234,29.83
2024-01-02,CMP-15,CA,97,3,0.4
2024-01-02,CMP-15,DE,433,13,1.73
2024-01-02,CMP-15,ES,683,19,2.64
2024-01-02,CMP-15,FR,4904,162,20.08
2024-01-02,CMP-15,GB,1171,33,4.32
2024-01-02,CMP-15,IT,286,9,1.18
2024-01-02,CMP-15,NL,97,3,0.39
2024-01-02,CMP-15,PL,199,6,0.75
2024-01-02,CMP-15,SE,1760,54,6.87
2024-01-02,CMP-15,US,9351,309,41.27
2024-01-02,CMP-16,CA,485,9,4.23
2024-01-02,CMP-16,DE,1075,21,8.43
2024-01-02,CMP-16,ES,1370,25,11.85
2024-01-02,CMP-16,FR,10730,207,88.02
2024-01-02,CMP-16,GB,2480,47,18.81
2024-01-02,CMP-16,IT,827,18,7.48
2024-01-02,CMP-16,PL,668,13,5.86
2024-01-02,CMP-16,SE,2603,52,25.3
2024-01-02,CMP-16,US,21765,478,191.75
2024-01-03,CMP-01,CA,92,3,0.93
2024-01-03,CMP-01,DE,632,21,7.06
2024-01-03,CMP-01,ES,611,20,7.15
2024-01-03,CMP-01,FR,6836,230,79.8
2024-01-03,CMP-01,GB,1240,47,14.83
2024-01-03,CMP-01,IT,561,19,6.3
2024-01-03,CMP-01,NL,27,1,0.34
2024-01-03,CMP-01,PL,408,14,4.76
2024-01-03,CMP-01,SE,2076,76,24.85
2024-01-03,CMP-01,US,14844,508,174.99
2024-01-03,CMP-02,CA,321,12,8.07
2024-01-03,CMP-02,DE,636,23,18.12
2024-01-03,CMP-02,ES,1068,37,25.05
2024-01-03,CMP-02,FR,8243,272,204.53
2024-01-03,CMP-02,GB,1128,43,30.48
2024-01-03,CMP-02,IT,449,17,11.78
2024-01-03,CMP-02,NL,144,5,3.78
2024-01-03,CMP-02,PL,453,16,11.09
2024-01-03,CMP-02,SE,2438,88,66.55
2024-01-03,CMP-02,US,18404,598,407.62
2024-01-03,CMP-03,CA,122,4,2.24
2024-01-03,CMP-03,DE,555,18,10.37
2024-01-03,CMP-03,ES,648,25,15.16
2024-01-03,CMP-03,FR,6941,232,132.36
2024-01-03,CMP-03,GB,1121,38,22.55
2024-01-03,CMP-03,IT,185,7,3.72
2024-01-03,CMP-03,NL,61,2,1.11
2024-01-03,CMP-03,PL,441,16,9.83
2024-01-03,CMP-03,SE,1757,65,40.5
2024-01-03,CMP-03,US,13189,441,237.51
2024-01-03,CMP-04,GB,336,13,10.51
2024-01-03,CMP-06,CA,28,1,0.57
2024-01-03,CMP-06,DE,375,14,8.88
2024-01-03,CMP-06,ES,816,28,16.25
2024-01-03,CMP-06,FR,6302,227,133.9
2024-01-03,CMP-06,GB,1162,40,26.84
2024-01-03,CMP-06,IT,442,17,10.64
2024-01-03,CMP-06,NL,55,2,1.34
2024-01-03,CMP-06,PL,304,10,6.6
2024-01-03,CMP-06,SE,2345,87,53.09
2024-01-03,CMP-06,US,13227,503,301.66
2024-01-03,CMP-07,CA,591,7,2.19
2024-01-03,CMP-07,DE,1546,18,6.05
2024-01-03,CMP-07,ES,1983,26,7.66
2024-01-03,CMP-07,FR,19260,212,73.49
2024-01-03,CMP-07,GB,4083,51,17.87
2024-01-03,CMP-07,IT,979,11,3.62
2024-01-03,CMP-07,NL,345,4,1.36
2024-01-03,CMP-07,PL,1214,15,5.04
2024-01-03,CMP-07,SE,6366,78,26.49
2024-01-03,CMP-07,US,44202,497,171.0
2024-01-03,CMP-08,CA,357,4,0.93
2024-01-03,CMP-08,DE,1151,14,3.41
2024-01-03,CMP-08,ES,1527,20,5.31
2024-01-03,CMP-08,FR,12221,154,41.76
2024-01-03,CMP-08,GB,2385,30,7.72
2024-01-03,CMP-08,IT,718,9,2.43
2024-01-03,CMP-08,NL,231,3,0.77
2024-01-03,CMP-08,PL,609,8,2.13
2024-01-03,CMP-08,SE,4850,59,16.12
2024-01-03,CMP-08,US,29657,358,95.26
2024-01-03,CMP-09,DE,629,8,3.12
2024-01-03,CMP-11,CA,444,5,1.85
2024-01-03,CMP-11,DE,512,6,1.88
2024-01-03,CMP-11,ES,1277,16,5.28
2024-01-03,CMP-11,FR,10169,111,39.66
2024-01-03,CMP-11,GB,2245,29,9.97
2024-01-03,CMP-11,IT,347,4,1.37
2024-01-03,CMP-11,PL,794,10,3.1
2024-01-03,CMP-11,SE,3083,39,13.61
2024-01-03,CMP-11,US,21880,289,100.3
2024-01-03,CMP-12,CA,206,6,0.76
2024-01-03,CMP-12,DE,548,18,2.54
2024-01-03,CMP-12,ES,545,15,2.19
2024-01-03,CMP-12,FR,5969,190,23.23
2024-01-03,CMP-12,GB,1707,48,6.59
2024-01-03,CMP-12,IT,523,15,1.81
2024-01-03,CMP-12,NL,163,5,0.66
2024-01-03,CMP-12,PL,273,9,1.31
2024-01-03,CMP-12,SE,2027,61,8.11
2024-01-03,CMP-12,US,14350,409,51.75
2024-01-03,CMP-13,CA,69,2,0.26
2024-01-03,CMP-13,DE,278,9,1.12
2024-01-03,CMP-13,ES,487,16,1.94
2024-01-03,CMP-13,FR,3876,114,14.72
2024-01-03,CMP-13,GB,905,29,3.71
2024-01-03,CMP-13,IT,183,6,0.79
2024-01-03,CMP-13,NL,96,3,0.4
2024-01-03,CMP-13,PL,219,6,0.81
2024-01-03,CMP-13,SE,1289,36,4.7
2024-01-03,CMP-13,US,6431,211,26.74
2024-01-03,CMP-15,CA,99,3,0.4
2024-01-03,CMP-15,DE,362,10,1.24
2024-01-03,CMP-15,ES,753,23,2.96
2024-01-03,CMP-15,FR,3931,118,15.1
2024-01-03,CMP-15,GB,1022,28,3.82
2024-01-03,CMP-15,IT,399,13,1.6
2024-01-03,CMP-15,NL,64,2,0.29
2024-01-03,CMP-15,PL,375,12,1.69
2024-01-03,CMP-15,SE,1648,46,5.77
2024-01-03,CMP-15,US,10177,294,41.84
2024-01-03,CMP-16,CA,406,8,3.57
2024-01-03,CMP-16,DE,1203,24,11.68
2024-01-03,CMP-16,ES,1618,35,14.46
2024-01-03,CMP-16,FR,11357,208,85.15
2024-01-03,CMP-16,GB,1993,38,16.68
2024-01-03,CMP-16,IT,561,11,5.25
2024-01-03,CMP-16,NL,138,3,1.33
2024-01-03,CMP-16,PL,646,14,5.94
2024-01-03,CMP-16,SE,3966,87,36.54
2024-01-03,CMP-16,US,22614,448,201.93
2024-01-04,CMP-01,CA,62,2,0.65
2024-01-04,CMP-01,DE,476,16,4.87
2024-01-04,CMP-01,ES,1524,49,15.8
2024-01-04,CMP-01,FR,6595,251,77.62
2024-01-04,CMP-01,GB,772,26,8.75
2024-01-04,CMP-01,IT,402,13,4.45
2024-01-04,CMP-01,NL,108,4,1.27
2024-01-04,CMP-01,PL,422,16,5.78
2024-01-04,CMP-01,SE,2238,77,24.97
2024-01-04,CMP-01,US,13036,468,148.39
2024-01-04,CMP-02,CA,181,7,5.5
2024-01-04,CMP-02,DE,831,27,19.68
2024-01-04,CMP-02,ES,1040,36,24.55
2024-01-04,CMP-02,FR,7294,245,197.35
2024-01-04,CMP-02,GB,1342,49,36.37
2024-01-04,CMP-02,IT,491,19,13.6
2024-01-04,CMP-02,NL,105,4,3.21
2024-01-04,CMP-02,PL,511,17,12.15
2024-01-04,CMP-02,SE,2725,93,70.5
2024-01-04,CMP-02,US,18331,610,481.02
2024-01-04,CMP-03,CA,171,6,3.24
2024-01-04,CMP-03,DE,755,27,17.05
2024-01-04,CMP-03,ES,1105,40,23.8
2024-01-04,CMP-03,FR,7123,254,142.69
2024-01-04,CMP-03,GB,954,33,20.02
2024-01-04,CMP-03,IT,282,9,5.48
2024-01-04,CMP-03,NL,150,5,2.77
2024-01-04,CMP-03,PL,236,8,4.28
2024-01-04,CMP-03,SE,2269,81,45.69
2024-01-04,CMP-03,US,13521,480,266.21
2024-01-04,CMP-04,GB,614,20,17.12
2024-01-04,CMP-06,CA,121,4,2.3
2024-01-04,CMP-06,DE,506,19,12.31
2024-01-04,CMP-06,ES,1024,33,19.3
2024-01-04,CMP-06,FR,6091,212,139.36
2024-01-04,CMP-06,GB,1251,41,26.19
2024-01-04,CMP-06,IT,392,14,8.75
2024-01-04,CMP-06,NL,27,1,0.59
2024-01-04,CMP-06,PL,322,12,7.83
2024-01-04,CMP-06,SE,2022,78,43.09
2024-01-04,CMP-06,US,12652,477,314.39
2024-01-04,CMP-07,CA,517,6,2.11
2024-01-04,CMP-07,DE,1769,22,7.44
2024-01-04,CMP-07,ES,2321,28,8.25
2024-01-04,CMP-07,FR,20350,241,78.87
2024-01-04,CMP-07,GB,3925,44,13.55
2024-01-04,CMP-07,IT,848,10,3.38
2024-01-04,CMP-07,NL,430,5,1.61
2024-01-04,CMP-07,PL,1144,13,4.33
2024-01-04,CMP-07,SE,5198,69,23.35
2024-01-04,CMP-07,US,44897,493,152.91
2024-01-04,CMP-08,CA,229,3,0.73
2024-01-04,CMP-08,DE,749,9,2.44
2024-01-04,CMP-08,ES,1808,22,5.74
2024-01-04,CMP-08,FR,13330,152,34.6
2024-01-04,CMP-08,GB,2935,34,9.07
2024-01-04,CMP-08,IT,319,4,1.07
2024-01-04,CMP-08,NL,338,4,1.0
2024-01-04,CMP-08,PL,851,10,2.66
2024-01-04,CMP-08,SE,6445,71,17.23
2024-01-04,CMP-08,US,31762,358,88.28
2024-01-04,CMP-09,DE,874,10,3.45
2024-01-04,CMP-11,CA,702,8,2.55
2024-01-04,CMP-11,DE,724,8,2.59
2024-01-04,CMP-11,ES,1055,12,4.13
2024-01-04,CMP-11,FR,10930,136,42.8
2024-01-04,CMP-11,GB,1183,15,4.71
2024-01-04,CMP-11,IT,685,8,2.82
2024-01-04,CMP-11,PL,458,6,1.97
2024-01-04,CMP-11,SE,4844,54,16.94
2024-01-04,CMP-11,US,25169,307,96.33
2024-01-04,CMP-12,CA,125,4,0.51
2024-01-04,CMP-12,DE,552,17,2.17
2024-01-04,CMP-12,ES,543,18,2.61
2024-01-04,CMP-12,FR,5272,167,21.92
2024-01-04,CMP-12,GB,1103,31,4.15
2024-01-04,CMP-12,IT,409,12,1.7
2024-01-04,CMP-12,NL,65,2,0.26
2024-01-04,CMP-12,PL,298,9,1.09
2024-01-04,CMP-12,SE,2116,63,8.04
2024-01-04,CMP-12,US,12738,394,56.72
2024-01-04,CMP-13,CA,98,3,0.38
2024-01-04,CMP-13,DE,270,8,0.97
2024-01-04,CMP-13,ES,724,20,2.7
2024-01-04,CMP-13,FR,2422,78,9.77
2024-01-04,CMP-13,GB,687,22,2.77
2024-01-04,CMP-13,IT,197,6,0.75
2024-01-04,CMP-13,NL,66,2,0.25
2024-01-04,CMP-13,PL,218,6,0.75
2024-01-04,CMP-13,SE,894,28,3.43
2024-01-04,CMP-13,US,7643,238,30.54
2024-01-04,CMP-15,CA,107,3,0.42
2024-01-04,CMP-15,DE,572,16,2.01
2024-01-04,CMP-15,ES,593,19,2.39
2024-01-04,CMP-15,FR,4189,135,16.92
2024-01-04,CMP-15,GB,1052,31,4.24
2024-01-04,CMP-15,IT,95,3,0.4
2024-01-04,CMP-15,NL,175,5,0.66
2024-01-04,CMP-15,PL,183,6,0.87
2024-01-04,CMP-15,SE,1926,60,7.59
2024-01-04,CMP-15,US,10323,343,42.66
2024-01-04,CMP-16,CA,320,7,3.11
2024-01-04,CMP-16,DE,910,20,9.45
2024-01-04,CMP-16,ES,1709,32,13.21
2024-01-04,CMP-16,FR,11107,215,101.14
2024-01-04,CMP-16,GB,2739,57,23.92
2024-01-04,CMP-16,IT,582,11,4.76
2024-01-04,CMP-16,NL,91,2,0.85
2024-01-04,CMP-16,PL,710,14,6.05
2024-01-04,CMP-16,SE,4088,76,32.69
2024-01-04,CMP-16,US,26635,491,239.19
2024-01-05,CMP-01,CA,195,7,2.4
2024-01-05,CMP-01,DE,688,23,7.91
2024-01-05,CMP-01,ES,934,36,11.95
2024-01-05,CMP-01,FR,5843,227,73.9
2024-01-05,CMP-01,GB,1021,36,12.48
2024-01-05,CMP-01,IT,265,9,3.29
2024-01-05,CMP-01,NL,79,3,1.09
2024-01-05,CMP-01,PL,205,7,2.48
2024-01-05,CMP-01,SE,2443,95,30.79
2024-01-05,CMP-01,US,12917,459,157.69
2024-01-05,CMP-02,CA,309,10,7.78
2024-01-05,CMP-02,DE,606,20,13.84
2024-01-05,CMP-02,ES,1191,43,29.72
2024-01-05,CMP-02,FR,8188,273,185.91
2024-01-05,CMP-02,GB,1438,52,41.78
2024-01-05,CMP-02,IT,369,12,9.04
2024-01-05,CMP-02,NL,60,2,1.45
2024-01-05,CMP-02,PL,422,15,10.3
2024-01-05,CMP-02,SE,2300,85,56.54
2024-01-05,CMP-02,US,16578,554,379.03
2024-01-05,CMP-03,CA,94,3,1.86
2024-01-05,CMP-03,DE,501,19,11.73
2024-01-05,CMP-03,ES,1046,38,23.23
2024-01-05,CMP-03,FR,6089,213,127.26
2024-01-05,CMP-03,GB,1183,45,23.67
2024-01-05,CMP-03,IT,400,13,8.0
2024-01-05,CMP-03,NL,174,6,3.67
2024-01-05,CMP-03,PL,445,16,8.4
2024-01-05,CMP-03,SE,1932,69,40.91
2024-01-05,CMP-03,US,12108,470,268.07
2024-01-05,CMP-04,GB,490,16,12.6
2024-01-05,CMP-06,CA,189,7,4.54
2024-01-05,CMP-06,DE,723,28,16.53
2024-01-05,CMP-06,ES,817,29,16.37
2024-01-05,CMP-06,FR,6082,220,141.4
2024-01-05,CMP-06,GB,1256,43,25.58
2024-01-05,CMP-06,IT,292,11,6.73
2024-01-05,CMP-06,NL,144,5,2.91
2024-01-05,CMP-06,PL,305,10,6.51
2024-01-05,CMP-06,SE,2564,88,48.97
2024-01-05,CMP-06,US,14776,495,327.4
2024-01-05,CMP-07,CA,342,4,1.22
2024-01-05,CMP-07,DE,970,12,3.51
2024-01-05,CMP-07,ES,2700,35,11.88
2024-01-05,CMP-07,FR,18504,233,69.3
2024-01-05,CMP-07,GB,4174,46,15.16
2024-01-05,CMP-07,IT,688,8,2.61
2024-01-05,CMP-07,NL,270,3,0.86
2024-01-05,CMP-07,PL,1292,16,4.9
2024-01-05,CMP-07,SE,6950,86,26.12
2024-01-05,CMP-07,US,42591,497,167.79
2024-01-05,CMP-08,CA,169,2,0.46
2024-01-05,CMP-08,DE,1438,17,4.43
2024-01-05,CMP-08,ES,1939,24,5.93
2024-01-05,CMP-08,FR,12345,141,38.47
2024-01-05,CMP-08,GB,2556,31,8.02
2024-01-05,CMP-08,IT,1224,16,3.95
2024-01-05,CMP-08,NL,340,4,0.99
2024-01-05,CMP-08,PL,546,7,1.8
2024-01-05,CMP-08,SE,4478,57,15.31
2024-01-05,CMP-08,US,31903,373,97.76
2024-01-05,CMP-09,DE,576,7,2.73
2024-01-05,CMP-11,CA,418,5,1.58
2024-01-05,CMP-11,DE,966,12,4.4
2024-01-05,CMP-11,ES,1478,18,6.45
2024-01-05,CMP-11,FR,10524,139,51.29
2024-01-05,CMP-11,GB,2750,32,11.31
2024-01-05,CMP-11,IT,455,6,2.02
2024-01-05,CMP-11,PL,601,8,2.46
2024-01-05,CMP-11,SE,4289,51,15.55
2024-01-05,CMP-11,US,22763,303,105.02
2024-01-05,CMP-12,CA,61,2,0.27
2024-01-05,CMP-12,DE,730,23,3.27
2024-01-05,CMP-12,ES,874,25,3.52
2024-01-05,CMP-12,FR,6043,179,23.65
2024-01-05,CMP-12,GB,1493,41,5.44
2024-01-05,CMP-12,IT,519,15,1.87
2024-01-05,CMP-12,NL,92,3,0.39
2024-01-05,CMP-12,PL,319,10,1.39
2024-01-05,CMP-12,SE,2173,62,8.22
2024-01-05,CMP-12,US,13620,417,54.07
2024-01-05,CMP-13,CA,31,1,0.12
2024-01-05,CMP-13,DE,346,10,1.34
2024-01-05,CMP-13,ES,337,10,1.32
2024-01-05,CMP-13,FR,3245,96,11.69
2024-01-05,CMP-13,GB,574,19,2.73
2024-01-05,CMP-13,IT,234,7,0.88
2024-01-05,CMP-13,PL,211,6,0.77
2024-01-05,CMP-13,SE,1180,33,4.84
2024-01-05,CMP-13,US,8119,235,29.0
2024-01-05,CMP-15,CA,166,5,0.67
2024-01-05,CMP-15,DE,498,14,1.81
2024-01-05,CMP-15,ES,971,27,3.61
2024-01-05,CMP-15,FR,4770,150,21.85
2024-01-05,CMP-15,GB,979,27,3.85
2024-01-05,CMP-15,IT,265,8,1.16
2024-01-05,CMP-15,NL,164,5,0.73
2024-01-05,CMP-15,PL,181,6,0.83
2024-01-05,CMP-15,SE,2147,59,7.85
2024-01-05,CMP-15,US,10032,299,39.15
2024-01-05,CMP-16,CA,144,3,1.34
2024-01-05,CMP-16,DE,916,18,7.27
2024-01-05,CMP-16,ES,1757,34,15.82
2024-01-05,CMP-16,FR,10551,203,81.37
2024-01-05,CMP-16,GB,2467,50,23.01
2024-01-05,CMP-16,IT,696,14,6.4
2024-01-05,CMP-16,NL,260,5,2.13
2024-01-05,CMP-16,PL,837,16,7.64
2024-01-05,CMP-16,SE,4206,87,41.42
2024-01-05,CMP-16,US,27728,506,233.06
2024-01-06,CMP-01,CA,299,11,3.95
2024-01-06,CMP-01,DE,993,37,12.67
2024-01-06,CMP-01,ES,1958,75,23.79
2024-01-06,CMP-01,FR,13101,467,167.85
2024-01-06,CMP-01,GB,2194,73,23.31
2024-01-06,CMP-01,IT,972,32,10.73
2024-01-06,CMP-01,NL,222,8,2.6
2024-01-06,CMP-01,PL,473,18,6.13
2024-01-06,CMP-01,SE,4957,167,51.11
2024-01-06,CMP-01,US,34118,1123,388.47
2024-01-06,CMP-02,CA,599,20,15.87
2024-01-06,CMP-02,DE,1381,52,40.75
2024-01-06,CMP-02,ES,2104,76,52.04
2024-01-06,CMP-02,FR,14015,534,395.31
2024-01-06,CMP-02,GB,3044,115,92.44
2024-01-06,CMP-02,IT,972,37,26.48
2024-01-06,CMP-02,NL,246,9,6.22
2024-01-06,CMP-02,PL,1118,37,25.69
2024-01-06,CMP-02,SE,5444,208,160.3
2024-01-06,CMP-02,US,36689,1309,887.44
2024-01-06,CMP-03,CA,379,14,7.51
2024-01-06,CMP-03,DE,1443,48,25.97
2024-01-06,CMP-03,ES,1936,68,35.62
2024-01-06,CMP-03,FR,13894,451,284.22
2024-01-06,CMP-03,GB,2669,92,56.89
2024-01-06,CMP-03,IT,559,20,12.53
2024-01-06,CMP-03,NL,238,8,4.4
2024-01-06,CMP-03,PL,651,24,14.42
2024-01-06,CMP-03,SE,5096,174,105.29
2024-01-06,CMP-03,US,27909,1082,571.52
2024-01-06,CMP-04,GB,1078,37,29.73
2024-01-06,CMP-06,CA,424,15,9.3
2024-01-06,CMP-06,DE,1285,44,25.91
2024-01-06,CMP-06,ES,1757,67,44.06
2024-01-06,CMP-06,FR,11914,450,264.63
2024-01-06,CMP-06,GB,2053,75,45.77
2024-01-06,CMP-06,IT,657,22,14.43
2024-01-06,CMP-06,NL,424,14,8.75
2024-01-06,CMP-06,PL,518,17,10.21
2024-01-06,CMP-06,SE,4611,164,104.43
2024-01-06,CMP-06,US,29690,1057,688.63
2024-01-06,CMP-07,CA,785,9,3.08
2024-01-06,CMP-07,DE,2727,30,10.27
2024-01-06,CMP-07,ES,6930,80,25.06
2024-01-06,CMP-07,FR,38901,457,160.61
2024-01-06,CMP-07,GB,7174,81,24.68
2024-01-06,CMP-07,IT,2244,25,7.53
2024-01-06,CMP-07,NL,468,6,1.76
2024-01-06,CMP-07,PL,2069,26,7.91
2024-01-06,CMP-07,SE,14603,172,55.21
2024-01-06,CMP-07,US,94381,1033,344.21
2024-01-06,CMP-08,CA,1202,14,3.38
2024-01-06,CMP-08,DE,1894,21,4.98
2024-01-06,CMP-08,ES,4008,53,13.8
2024-01-06,CMP-08,FR,29547,326,79.63
2024-01-06,CMP-08,GB,5754,63,14.27
2024-01-06,CMP-08,IT,1487,18,4.47
2024-01-06,CMP-08,NL,443,5,1.18
2024-01-06,CMP-08,PL,2022,26,6.72
2024-01-06,CMP-08,SE,9078,100,24.77
2024-01-06,CMP-08,US,56538,736,184.92
2024-01-06,CMP-09,DE,1195,14,5.24
2024-01-06,CMP-11,CA,507,6,1.88
2024-01-06,CMP-11,DE,3269,36,13.19
2024-01-06,CMP-11,ES,2509,28,9.89
2024-01-06,CMP-11,FR,21065,274,88.76
2024-01-06,CMP-11,GB,6134,70,21.93
2024-01-06,CMP-11,IT,920,12,4.44
2024-01-06,CMP-11,NL,617,8,2.94
2024-01-06,CMP-11,PL,1353,15,4.71
2024-01-06,CMP-11,SE,7563,99,33.81
2024-01-06,CMP-11,US,58648,651,236.75
2024-01-06,CMP-12,CA,400,11,1.39
2024-01-06,CMP-12,DE,1054,30,3.88
2024-01-06,CMP-12,ES,1606,45,5.67
2024-01-06,CMP-12,FR,14134,409,58.92
2024-01-06,CMP-12,GB,2499,76,9.91
2024-01-06,CMP-12,IT,1131,32,4.45
2024-01-06,CMP-12,NL,127,4,0.53
2024-01-06,CMP-12,PL,580,18,2.24
2024-01-06,CMP-12,SE,4760,154,21.01
2024-01-06,CMP-12,US,31851,879,110.89
2024-01-06,CMP-13,CA,249,7,0.87
2024-01-06,CMP-13,DE,525,17,2.14
2024-01-06,CMP-13,ES,1244,36,4.69
2024-01-06,CMP-13,FR,6149,203,26.21
2024-01-06,CMP-13,GB,1288,36,4.56
2024-01-06,CMP-13,IT,415,12,1.7
2024-01-06,CMP-13,NL,218,7,0.85
2024-01-06,CMP-13,PL,340,11,1.53
2024-01-06,CMP-13,SE,2633,81,10.96
2024-01-06,CMP-13,US,16245,467,59.51
2024-01-06,CMP-15,CA,160,5,0.68
2024-01-06,CMP-15,DE,811,23,3.35
2024-01-06,CMP-15,ES,1633,48,6.53
2024-01-06,CMP-15,FR,11598,319,40.94
2024-01-06,CMP-15,GB,2364,71,10.27
2024-01-06,CMP-15,IT,891,27,3.35
2024-01-06,CMP-15,NL,190,6,0.72
2024-01-06,CMP-15,PL,449,13,1.88
2024-01-06,CMP-15,SE,3192,100,12.82
2024-01-06,CMP-15,US,24094,708,97.58
2024-01-06,CMP-16,CA,482,10,4.4
2024-01-06,CMP-16,DE,2877,56,24.19
2024-01-06,CMP-16,ES,3218,70,29.23
2024-01-06,CMP-16,FR,21774,471,200.23
2024-01-06,CMP-16,GB,4394,81,37.72
2024-01-06,CMP-16,IT,1479,27,12.66
2024-01-06,CMP-16,NL,442,9,3.94
2024-01-06,CMP-16,PL,1211,23,9.28
2024-01-06,CMP-16,SE,9618,179,86.97
2024-01-06,CMP-16,US,52516,1001,401.33
2024-01-07,CMP-01,CA,594,20,6.79
2024-01-07,CMP-01,DE,1263,44,15.61
2024-01-07,CMP-01,ES,1631,55,19.51
2024-01-07,CMP-01,FR,12319,446,140.25
2024-01-07,CMP-01,GB,2616,88,27.86
2024-01-07,CMP-01,IT,620,24,7.96
2024-01-07,CMP-01,NL,168,6,1.86
2024-01-07,CMP-01,PL,701,24,8.15
2024-01-07,CMP-01,SE,4882,170,59.55
2024-01-07,CMP-01,US,32802,1111,341.83
2024-01-07,CMP-02,CA,281,10,7.03
2024-01-07,CMP-02,DE,1877,66,47.07
2024-01-07,CMP-02,ES,2316,81,63.08
2024-01-07,CMP-02,FR,17155,556,370.16
2024-01-07,CMP-02,GB,3449,115,88.83
2024-01-07,CMP-02,IT,972,31,24.24
2024-01-07,CMP-02,NL,175,6,4.53
2024-01-07,CMP-02,PL,862,31,23.6
2024-01-07,CMP-02,SE,5812,207,149.57
2024-01-07,CMP-02,US,37774,1308,1014.02
2024-01-07,CMP-03,CA,209,7,3.81
2024-01-07,CMP-03,DE,1435,47,24.83
2024-01-07,CMP-03,ES,1976,72,39.67
2024-01-07,CMP-03,FR,14795,473,300.49
2024-01-07,CMP-03,GB,2220,78,45.42
2024-01-07,CMP-03,IT,798,28,14.96
2024-01-07,CMP-03,NL,299,10,5.42
2024-01-07,CMP-03,PL,783,28,15.31
2024-01-07,CMP-03,SE,4226,162,85.35
2024-01-07,CMP-03,US,29422,1059,620.39
2024-01-07,CMP-04,GB,697,27,19.44
2024-01-07,CMP-06,CA,431,15,9.14
2024-01-07,CMP-06,DE,1488,51,28.35
2024-01-07,CMP-06,ES,1662,60,33.51
2024-01-07,CMP-06,FR,14351,509,334.46
2024-01-07,CMP-06,GB,2284,86,48.78
2024-01-07,CMP-06,IT,1049,36,21.52
2024-01-07,CMP-06,NL,265,10,5.85
2024-01-07,CMP-06,PL,799,28,18.55
2024-01-07,CMP-06,SE,5403,172,104.45
2024-01-07,CMP-06,US,31742,1030,575.9
2024-01-07,CMP-07,CA,952,12,4.14
2024-01-07,CMP-07,DE,2751,35,11.15
2024-01-07,CMP-07,ES,5452,68,21.65
2024-01-07,CMP-07,FR,37173,446,142.98
2024-01-07,CMP-07,GB,10129,116,33.91
2024-01-07,CMP-07,IT,2290,27,9.37
2024-01-07,CMP-07,NL,516,6,2.08
2024-01-07,CMP-07,PL,1378,17,5.59
2024-01-07,CMP-07,SE,14950,177,56.73
2024-01-07,CMP-07,US,79383,1021,358.36
2024-01-07,CMP-08,CA,793,9,2.17
2024-01-07,CMP-08,DE,2675,35,9.2
2024-01-07,CMP-08,ES,4325,55,14.36
2024-01-07,CMP-08,FR,27631,351,83.17
2024-01-07,CMP-08,GB,5551,65,17.65
2024-01-07,CMP-08,IT,1948,23,5.6
2024-01-07,CMP-08,NL,313,4,1.04
2024-01-07,CMP-08,PL,1604,21,5.19
2024-01-07,CMP-08,SE,10110,127,31.63
2024-01-07,CMP-08,US,70054,800,210.9
2024-01-07,CMP-09,DE,1773,20,7.76
2024-01-07,CMP-11,CA,595,7,2.35
2024-01-07,CMP-11,DE,1493,17,6.14
2024-01-07,CMP-11,ES,2720,34,12.61
2024-01-07,CMP-11,FR,21876,284,89.21
2024-01-07,CMP-11,GB,4558,51,15.69
2024-01-07,CMP-11,IT,1059,12,3.95
2024-01-07,CMP-11,NL,515,6,2.15
2024-01-07,CMP-11,PL,1225,14,4.56
2024-01-07,CMP-11,SE,6159,75,24.81
2024-01-07,CMP-11,US,55070,609,201.2
2024-01-07,CMP-12,CA,507,14,1.68
2024-01-07,CMP-12,DE,1115,34,4.48
2024-01-07,CMP-12,ES,2164,61,7.91
2024-01-07,CMP-12,FR,14112,399,52.08
2024-01-07,CMP-12,GB,2290,72,9.51
2024-01-07,CMP-12,IT,935,30,3.67
2024-01-07,CMP-12,NL,135,4,0.57
2024-01-07,CMP-12,PL,693,23,2.92
2024-01-07,CMP-12,SE,4343,134,18.18
2024-01-07,CMP-12,US,26734,873,119.68
2024-01-07,CMP-13,CA,436,13,1.79
2024-01-07,CMP-13,DE,781,24,3.51
2024-01-07,CMP-13,ES,821,25,3.02
2024-01-07,CMP-13,FR,6922,202,28.26
2024-01-07,CMP-13,GB,2013,55,6.61
2024-01-07,CMP-13,IT,578,17,2.18
2024-01-07,CMP-13,NL,224,7,0.93
2024-01-07,CMP-13,PL,500,15,2.13
2024-01-07,CMP-13,SE,3180,92,12.02
2024-01-07,CMP-13,US,15619,479,62.32
2024-01-07,CMP-15,CA,248,7,0.87
2024-01-07,CMP-15,DE,809,25,3.39
2024-01-07,CMP-15,ES,1426,42,5.71
2024-01-07,CMP-15,FR,9525,304,41.0
2024-01-07,CMP-15,GB,2440,78,9.48
2024-01-07,CMP-15,IT,438,13,1.72
2024-01-07,CMP-15,NL,162,5,0.72
2024-01-07,CMP-15,PL,382,12,1.72
2024-01-07,CMP-15,SE,3307,106,14.26
2024-01-07,CMP-15,US,21364,712,92.67
2024-01-07,CMP-16,CA,922,17,7.86
2024-01-07,CMP-16,DE,1752,38,15.93
2024-01-07,CMP-16,ES,3204,60,27.12
2024-01-07,CMP-16,FR,20355,448,218.73
2024-01-07,CMP-16,GB,4834,104,45.07
2024-01-07,CMP-16,IT,1544,30,14.18
2024-01-07,CMP-16,NL,234,5,2.09
2024-01-07,CMP-16,PL,1180,22,9.46
2024-01-07,CMP-16,SE,8867,174,84.02
2024-01-07,CMP-16,US,54554,1031,502.27
2024-01-08,CMP-01,CA,406,15,5.33
2024-01-08,CMP-01,DE,688,26,8.55
2024-01-08,CMP-01,ES,1443,56,17.45
2024-01-08,CMP-01,FR,11488,386,142.37
2024-01-08,CMP-01,GB,1851,71,25.11
2024-01-08,CMP-01,IT,700,23,8.51
2024-01-08,CMP-01,NL,240,8,2.89
2024-01-08,CMP-01,PL,404,15,5.17
2024-01-08,CMP-01,SE,3545,118,36.25
2024-01-08,CMP-01,US,24386,857,294.8
2024-01-08,CMP-02,CA,343,13,9.24
2024-01-08,CMP-02,DE,1105,42,30.47
2024-01-08,CMP-02,ES,2042,69,46.75
2024-01-08,CMP-02,FR,12024,412,314.57
2024-01-08,CMP-02,GB,2846,93,72.48
2024-01-08,CMP-02,IT,725,26,17.89
2024-01-08,CMP-02,NL,181,6,4.2
2024-01-08,CMP-02,PL,637,21,16.0
2024-01-08,CMP-02,SE,4765,161,129.65
2024-01-08,CMP-02,US,26845,964,718.72
2024-01-08,CMP-03,CA,329,12,7.38
2024-01-08,CMP-03,DE,1057,35,21.45
2024-01-08,CMP-03,ES,1295,45,23.96
2024-01-08,CMP-03,FR,11162,370,201.86
2024-01-08,CMP-03,GB,2301,74,40.08
2024-01-08,CMP-03,IT,672,23,13.26
2024-01-08,CMP-03,NL,212,7,4.31
2024-01-08,CMP-03,PL,575,21,12.69
2024-01-08,CMP-03,SE,3392,118,63.25
2024-01-08,CMP-03,US,24112,836,503.46
2024-01-08,CMP-04,GB,796,26,21.8
2024-01-08,CMP-06,CA,367,13,8.73
2024-01-08,CMP-06,DE,1044,35,20.73
2024-01-08,CMP-06,ES,2012,66,37.08
2024-01-08,CMP-06,FR,9282,345,190.79
2024-01-08,CMP-06,GB,1941,71,39.12
2024-01-08,CMP-06,IT,783,28,18.65
2024-01-08,CMP-06,NL,132,5,3.02
2024-01-08,CMP-06,PL,440,14,8.31
2024-01-08,CMP-06,SE,4432,165,104.52
2024-01-08,CMP-06,US,22009,831,496.81
2024-01-08,CMP-07,CA,1006,11,3.62
2024-01-08,CMP-07,DE,3193,39,12.54
2024-01-08,CMP-07,ES,3995,44,12.68
2024-01-08,CMP-07,FR,27697,361,119.41
2024-01-08,CMP-07,GB,6531,80,25.16
2024-01-08,CMP-07,IT,1698,19,6.62
2024-01-08,CMP-07,NL,444,5,1.75
2024-01-08,CMP-07,PL,1862,24,8.31
2024-01-08,CMP-07,SE,9629,120,41.0
2024-01-08,CMP-07,US,68672,795,276.92
2024-01-08,CMP-08,CA,180,2,0.5
2024-01-08,CMP-08,DE,2364,26,5.87
2024-01-08,CMP-08,ES,3160,38,10.27
2024-01-08,CMP-08,FR,22468,257,68.44
2024-01-08,CMP-08,GB,4408,51,13.67
2024-01-08,CMP-08,IT,1676,19,4.79
2024-01-08,CMP-08,NL,407,5,1.17
2024-01-08,CMP-08,PL,990,13,3.26
2024-01-08,CMP-08,SE,7649,93,23.37
2024-01-08,CMP-08,US,49262,589,143.84
2024-01-08,CMP-09,DE,1005,11,4.28
2024-01-08,CMP-11,CA,663,8,2.84
2024-01-08,CMP-11,DE,1580,20,6.21
2024-01-08,CMP-11,ES,2952,35,10.73
2024-01-08,CMP-11,FR,16130,196,67.89
2024-01-08,CMP-11,GB,3687,46,14.05
2024-01-08,CMP-11,IT,1162,13,4.7
2024-01-08,CMP-11,NL,378,5,1.82
2024-01-08,CMP-11,PL,473,6,2.13
2024-01-08,CMP-11,SE,5826,65,23.48
2024-01-08,CMP-11,US,37706,445,145.77
2024-01-08,CMP-12,CA,167,5,0.66
2024-01-08,CMP-12,DE,782,26,3.4
2024-01-08,CMP-12,ES,1287,41,5.74
2024-01-08,CMP-12,FR,11623,318,42.79
2024-01-08,CMP-12,GB,1674,53,6.89
2024-01-08,CMP-12,IT,332,11,1.38
2024-01-08,CMP-12,NL,160,5,0.63
2024-01-08,CMP-12,PL,521,16,1.98
2024-01-08,CMP-12,SE,3762,106,13.81
2024-01-08,CMP-12,US,23325,692,92.84
2024-01-08,CMP-13,DE,691,22,2.89
2024-01-08,CMP-13,ES,825,25,3.42
2024-01-08,CMP-13,FR,5718,156,22.84
2024-01-08,CMP-13,GB,966,32,4.6
2024-01-08,CMP-13,IT,389,11,1.45
2024-01-08,CMP-13,NL,33,1,0.13
2024-01-08,CMP-13,PL,400,11,1.36
2024-01-08,CMP-13,SE,1377,45,5.54
2024-01-08,CMP-13,US,12148,360,43.85
2024-01-08,CMP-15,CA,214,7,0.87
2024-01-08,CMP-15,DE,1068,30,4.18
2024-01-08,CMP-15,ES,1213,39,5.5
2024-01-08,CMP-15,FR,8595,243,31.57
2024-01-08,CMP-15,GB,1416,41,5.81
2024-01-08,CMP-15,IT,343,10,1.39
2024-01-08,CMP-15,NL,92,3,0.43
2024-01-08,CMP-15,PL,421,13,1.59
2024-01-08,CMP-15,SE,3152,93,13.59
2024-01-08,CMP-15,US,15471,513,66.13
2024-01-08,CMP-16,CA,596,11,4.93
2024-01-08,CMP-16,DE,1523,28,12.11
2024-01-08,CMP-16,ES,3252,63,25.3
2024-01-08,CMP-16,FR,21219,387,166.38
2024-01-08,CMP-16,GB,3657,79,34.51
2024-01-08,CMP-16,IT,768,15,6.9
2024-01-08,CMP-16,NL,226,5,2.29
2024-01-08,CMP-16,PL,696,15,6.1
2024-01-08,CMP-16,SE,6718,134,63.49
2024-01-08,CMP-16,US,39873,760,335.16
2024-01-09,CMP-01,CA,188,6,1.93
2024-01-09,CMP-01,DE,846,27,9.04
2024-01-09,CMP-01,ES,1553,51,16.07
2024-01-09,CMP-01,FR,10837,345,106.91
2024-01-09,CMP-01,GB,1926,74,23.58
2024-01-09,CMP-01,IT,934,30,10.13
2024-01-09,CMP-01,NL,58,2,0.66
2024-01-09,CMP-01,PL,399,15,5.14
2024-01-09,CMP-01,SE,4635,148,51.24
2024-01-09,CMP-01,US,22837,777,285.89
2024-01-09,CMP-02,CA,440,16,12.37
2024-01-09,CMP-02,DE,1056,41,29.74
2024-01-09,CMP-02,ES,1660,56,45.16
2024-01-09,CMP-02,FR,11812,443,354.51
2024-01-09,CMP-02,GB,1933,74,58.93
2024-01-09,CMP-02,IT,662,24,15.94
2024-01-09,CMP-02,NL,297,11,8.61
2024-01-09,CMP-02,PL,875,29,20.63
2024-01-09,CMP-02,SE,4945,163,129.26
2024-01-09,CMP-02,US,29425,967,689.14
2024-01-09,CMP-03,CA,123,4,2.44
2024-01-09,CMP-03,DE,857,28,16.67
2024-01-09,CMP-03,ES,1948,62,36.44
2024-01-09,CMP-03,FR,11183,373,233.37
2024-01-09,CMP-03,GB,2189,76,40.1
2024-01-09,CMP-03,IT,460,17,10.6
2024-01-09,CMP-03,NL,125,4,2.49
2024-01-09,CMP-03,PL,526,19,11.12
2024-01-09,CMP-03,SE,3467,116,64.24
2024-01-09,CMP-03,US,23695,820,443.69
2024-01-09,CMP-04,GB,638,23,18.71
2024-01-09,CMP-06,CA,270,9,5.2
2024-01-09,CMP-06,DE,1148,39,25.7
2024-01-09,CMP-06,ES,1372,50,29.59
2024-01-09,CMP-06,FR,10187,388,219.59
2024-01-09,CMP-06,GB,2219,72,40.61
2024-01-09,CMP-06,IT,551,21,11.93
2024-01-09,CMP-06,NL,153,5,3.05
2024-01-09,CMP-06,PL,359,13,8.02
2024-01-09,CMP-06,SE,3164,119,65.83
2024-01-09,CMP-06,US,23534,823,467.99
2024-01-09,CMP-07,CA,715,8,2.73
2024-01-09,CMP-07,DE,1934,22,7.03
2024-01-09,CMP-07,ES,4132,48,16.74
2024-01-09,CMP-07,FR,32054,395,128.71
2024-01-09,CMP-07,GB,5734,63,21.14
2024-01-09,CMP-07,IT,2026,26,9.08
2024-01-09,CMP-07,NL,365,4,1.3
2024-01-09,CMP-07,PL,1500,17,5.05
2024-01-09,CMP-07,SE,10283,125,40.03
2024-01-09,CMP-07,US,75897,868,255.16
2024-01-09,CMP-08,CA,565,7,1.64
2024-01-09,CMP-08,DE,2124,27,6.74
2024-01-09,CMP-08,ES,2812,35,8.25
2024-01-09,CMP-08,FR,21774,267,66.62
2024-01-09,CMP-08,GB,4919,55,12.95
2024-01-09,CMP-08,IT,1253,15,3.9
2024-01-09,CMP-08,NL,256,3,0.79
2024-01-09,CMP-08,PL,1140,14,3.29
2024-01-09,CMP-08,SE,6746,85,19.76
2024-01-09,CMP-08,US,45326,559,152.9
2024-01-09,CMP-09,DE,1072,14,4.91
2024-01-09,CMP-11,CA,722,9,2.8
2024-01-09,CMP-11,DE,2090,25,9.28
2024-01-09,CMP-11,ES,3299,40,14.08
2024-01-09,CMP-11,FR,18128,224,72.64
2024-01-09,CMP-11,GB,3621,41,14.16
2024-01-09,CMP-11,IT,1385,17,5.96
2024-01-09,CMP-11,NL,542,6,1.96
2024-01-09,CMP-11,PL,825,10,3.52
2024-01-09,CMP-11,SE,6203,70,25.97
2024-01-09,CMP-11,US,37170,473,173.56
2024-01-09,CMP-12,CA,344,10,1.36
2024-01-09,CMP-12,DE,1042,33,4.59
2024-01-09,CMP-12,ES,1338,43,5.21
2024-01-09,CMP-12,FR,9770,316,46.2
2024-01-09,CMP-12,GB,1833,53,7.12
2024-01-09,CMP-12,IT,468,14,2.01
2024-01-09,CMP-12,NL,64,2,0.28
2024-01-09,CMP-12,PL,589,17,2.08
2024-01-09,CMP-12,SE,3567,102,14.08
2024-01-09,CMP-12,US,20173,636,78.46
2024-01-09,CMP-13,CA,105,3,0.4
2024-01-09,CMP-13,DE,424,13,1.89
2024-01-09,CMP-13,ES,805,22,2.66
2024-01-09,CMP-13,FR,5421,159,21.82
2024-01-09,CMP-13,GB,1019,28,3.6
2024-01-09,CMP-13,IT,371,12,1.49
2024-01-09,CMP-13,NL,62,2,0.25
2024-01-09,CMP-13,PL,272,9,1.24
2024-01-09,CMP-13,SE,1949,63,8.88
2024-01-09,CMP-13,US,11151,343,45.94
2024-01-09,CMP-15,CA,609,18,2.48
2024-01-09,CMP-15,DE,997,28,4.07
2024-01-09,CMP-15,ES,1457,41,5.81
2024-01-09,CMP-15,FR,7678,230,33.53
2024-01-09,CMP-15,GB,1658,50,6.53
2024-01-09,CMP-15,IT,471,15,2.19
2024-01-09,CMP-15,NL,62,2,0.28
2024-01-09,CMP-15,PL,463,14,1.87
2024-01-09,CMP-15,SE,2722,86,10.49
2024-01-09,CMP-15,US,16086,512,68.94
2024-01-09,CMP-16,CA,383,7,3.36
2024-01-09,CMP-16,DE,1514,29,13.28
2024-01-09,CMP-16,ES,2794,56,25.36
2024-01-09,CMP-16,FR,16247,332,141.99
2024-01-09,CMP-16,GB,3835,71,28.65
2024-01-09,CMP-16,IT,618,13,5.37
2024-01-09,CMP-16,NL,278,6,2.87
2024-01-09,CMP-16,PL,1112,23,9.93
2024-01-09,CMP-16,SE,6626,125,51.33
2024-01-09,CMP-16,US,37488,791,317.88
2024-01-10,CMP-01,CA,294,10,3.44
2024-01-10,CMP-01,DE,1039,35,11.65
2024-01-10,CMP-01,ES,1819,59,18.93
2024-01-10,CMP-01,FR,10746,348,126.9
2024-01-10,CMP-01,GB,1887,62,21.96
2024-01-10,CMP-01,IT,387,13,3.99
2024-01-10,CMP-01,NL,86,3,1.02
2024-01-10,CMP-01,PL,596,19,6.35
2024-01-10,CMP-01,SE,3433,124,38.55
2024-01-10,CMP-01,US,21702,824,295.87
2024-01-10,CMP-02,CA,204,7,4.73
2024-01-10,CMP-02,DE,1154,41,29.31
2024-01-10,CMP-02,ES,1749,58,41.2
2024-01-10,CMP-02,FR,12732,434,303.23
2024-01-10,CMP-02,GB,2013,75,55.92
2024-01-10,CMP-02,IT,907,35,23.72
2024-01-10,CMP-02,NL,233,8,5.97
2024-01-10,CMP-02,PL,679,24,16.81
2024-01-10,CMP-02,SE,4937,159,126.7
2024-01-10,CMP-02,US,26307,1012,802.51
2024-01-10,CMP-03,CA,218,7,4.27
2024-01-10,CMP-03,DE,850,32,19.85
2024-01-10,CMP-03,ES,1424,52,29.69
2024-01-10,CMP-03,FR,10064,378,224.82
2024-01-10,CMP-03,GB,2118,76,42.78
2024-01-10,CMP-03,IT,532,20,12.74
2024-01-10,CMP-03,NL,118,4,2.32
2024-01-10,CMP-03,PL,612,20,11.46
2024-01-10,CMP-03,SE,3708,138,84.82
2024-01-10,CMP-03,US,21984,787,477.06
2024-01-10,CMP-04,GB,895,32,26.12
2024-01-10,CMP-06,CA,276,10,5.59
2024-01-10,CMP-06,DE,1637,53,35.17
2024-01-10,CMP-06,ES,1689,62,37.23
2024-01-10,CMP-06,FR,10197,340,200.27
2024-01-10,CMP-06,GB,1981,67,37.54
2024-01-10,CMP-06,IT,736,24,14.27
2024-01-10,CMP-06,NL,56,2,1.33
2024-01-10,CMP-06,PL,522,17,9.52
2024-01-10,CMP-06,SE,3483,128,82.77
2024-01-10,CMP-06,US,21550,825,483.43
2024-01-10,CMP-07,CA,955,12,3.9
2024-01-10,CMP-07,DE,1616,21,6.22
2024-01-10,CMP-07,ES,4465,54,16.96
2024-01-10,CMP-07,FR,33799,383,133.12
2024-01-10,CMP-07,GB,5957,75,21.69
2024-01-10,CMP-07,IT,2317,27,8.73
2024-01-10,CMP-07,NL,525,6,2.07
2024-01-10,CMP-07,PL,1811,20,6.47
2024-01-10,CMP-07,SE,10898,128,38.55
2024-01-10,CMP-07,US,71312,844,245.4
2024-01-10,CMP-08,CA,461,6,1.48
2024-01-10,CMP-08,DE,865,11,2.51
2024-01-10,CMP-08,ES,2382,31,7.36
2024-01-10,CMP-08,FR,23413,291,65.91
2024-01-10,CMP-08,GB,4874,55,14.37
2024-01-10,CMP-08,IT,1678,20,4.75
2024-01-10,CMP-08,NL,453,5,1.31
2024-01-10,CMP-08,PL,1261,15,3.69
2024-01-10,CMP-08,SE,7397,85,20.13
2024-01-10,CMP-08,US,54662,663,161.19
2024-01-10,CMP-09,DE,943,12,3.89
2024-01-10,CMP-11,CA,301,4,1.4
2024-01-10,CMP-11,DE,1217,15,5.36
2024-01-10,CMP-11,ES,2608,31,9.86
2024-01-10,CMP-11,FR,16766,210,74.13
2024-01-10,CMP-11,GB,3290,40,14.84
2024-01-10,CMP-11,IT,1136,13,4.12
2024-01-10,CMP-11,NL,340,4,1.31
2024-01-10,CMP-11,PL,860,11,3.6
2024-01-10,CMP-11,SE,7737,85,28.02
2024-01-10,CMP-11,US,39032,437,155.25
2024-01-10,CMP-12,CA,268,8,0.99
2024-01-10,CMP-12,DE,1190,35,4.64
2024-01-10,CMP-12,ES,1621,47,5.73
2024-01-10,CMP-12,FR,11003,303,44.15
2024-01-10,CMP-12,GB,2569,79,9.76
2024-01-10,CMP-12,IT,380,11,1.46
2024-01-10,CMP-12,NL,103,3,0.44
2024-01-10,CMP-12,PL,452,13,1.73
2024-01-10,CMP-12,SE,3588,98,12.55
2024-01-10,CMP-12,US,22867,660,84.63
2024-01-10,CMP-13,CA,125,4,0.52
2024-01-10,CMP-13,DE,306,9,1.2
2024-01-10,CMP-13,ES,687,19,2.52
2024-01-10,CMP-13,FR,4639,149,18.74
2024-01-10,CMP-13,GB,1493,41,5.71
2024-01-10,CMP-13,IT,372,11,1.43
2024-01-10,CMP-13,NL,101,3,0.41
2024-01-10,CMP-13,PL,285,9,1.15
2024-01-10,CMP-13,SE,2102,66,8.98
2024-01-10,CMP-13,US,11812,364,47.17
2024-01-10,CMP-15,CA,139,4,0.55
2024-01-10,CMP-15,DE,726,21,2.85
2024-01-10,CMP-15,ES,1095,32,4.65
2024-01-10,CMP-15,FR,7627,229,28.42
2024-01-10,CMP-15,GB,1236,35,5.13
2024-01-10,CMP-15,IT,318,10,1.4
2024-01-10,CMP-15,NL,70,2,0.25
2024-01-10,CMP-15,PL,302,9,1.27
2024-01-10,CMP-15,SE,2549,84,10.92
2024-01-10,CMP-15,US,17148,511,67.46
2024-01-10,CMP-16,CA,581,12,5.03
2024-01-10,CMP-16,DE,2225,42,17.52
2024-01-10,CMP-16,ES,2159,46,20.11
2024-01-10,CMP-16,FR,15878,346,153.16
2024-01-10,CMP-16,GB,3792,71,32.97
2024-01-10,CMP-16,IT,1281,28,13.58
2024-01-10,CMP-16,NL,206,4,1.76
2024-01-10,CMP-16,PL,1619,30,12.05
2024-01-10,CMP-16,SE,5178,112,50.3
2024-01-10,CMP-16,US,41340,787,379.27
2024-01-11,CMP-01,CA,406,13,4.33
2024-01-11,CMP-01,DE,682,24,8.73
2024-01-11,CMP-01,ES,1116,39,13.89
2024-01-11,CMP-01,FR,12039,423,138.41
2024-01-11,CMP-01,GB,1967,69,22.82
2024-01-11,CMP-01,IT,876,30,10.24
2024-01-11,CMP-01,NL,225,8,2.63
2024-01-11,CMP-01,PL,442,17,6.27
2024-01-11,CMP-01,SE,4178,140,47.27
2024-01-11,CMP-01,US,22983,853,275.64
2024-01-11,CMP-02,CA,223,8,5.93
2024-01-11,CMP-02,DE,1162,41,29.13
2024-01-11,CMP-02,ES,1990,72,50.33
2024-01-11,CMP-02,FR,12904,485,324.97
2024-01-11,CMP-02,GB,2186,72,53.39
2024-01-11,CMP-02,IT,898,29,22.62
2024-01-11,CMP-02,NL,155,5,3.97
2024-01-11,CMP-02,PL,748,27,20.8
2024-01-11,CMP-02,SE,4190,153,122.39
2024-01-11,CMP-02,US,26119,964,722.08
2024-01-11,CMP-03,CA,370,14,7.4
2024-01-11,CMP-03,DE,1094,41,24.92
2024-01-11,CMP-03,ES,1533,56,31.08
2024-01-11,CMP-03,FR,11444,382,233.39
2024-01-11,CMP-03,GB,1728,66,39.44
2024-01-11,CMP-03,IT,834,29,17.51
2024-01-11,CMP-03,NL,133,5,2.62
2024-01-11,CMP-03,PL,408,15,8.27
2024-01-11,CMP-03,SE,4039,146,88.39
2024-01-11,CMP-03,US,25497,818,439.31
2024-01-11,CMP-04,GB,561,20,15.44
2024-01-11,CMP-06,CA,233,8,5.27
2024-01-11,CMP-06,DE,1127,37,21.22
2024-01-11,CMP-06,ES,1141,38,24.69
2024-01-11,CMP-06,FR,11440,374,225.22
2024-01-11,CMP-06,GB,1368,46,30.4
2024-01-11,CMP-06,IT,635,22,13.59
2024-01-11,CMP-06,NL,115,4,2.29
2024-01-11,CMP-06,PL,580,19,11.76
2024-01-11,CMP-06,SE,3357,130,82.29
2024-01-11,CMP-06,US,23293,829,493.4
2024-01-11,CMP-07,CA,320,4,1.32
2024-01-11,CMP-07,DE,3151,36,12.67
2024-01-11,CMP-07,ES,5665,66,20.54
2024-01-11,CMP-07,FR,32088,363,113.41
2024-01-11,CMP-07,GB,7416,85,24.76
2024-01-11,CMP-07,IT,1672,19,6.45
2024-01-11,CMP-07,NL,271,3,0.87
2024-01-11,CMP-07,PL,1098,13,4.19
2024-01-11,CMP-07,SE,10408,138,47.85
2024-01-11,CMP-07,US,78918,888,311.79
2024-01-11,CMP-08,CA,398,5,1.35
2024-01-11,CMP-08,DE,2142,24,5.61
2024-01-11,CMP-08,ES,2521,30,7.96
2024-01-11,CMP-08,FR,20138,261,65.37
2024-01-11,CMP-08,GB,4086,54,13.66
2024-01-11,CMP-08,IT,2089,24,6.38
2024-01-11,CMP-08,NL,162,2,0.49
2024-01-11,CMP-08,PL,1332,16,3.74
2024-01-11,CMP-08,SE,7366,88,20.15
2024-01-11,CMP-08,US,42784,566,144.99
2024-01-11,CMP-09,DE,1022,12,4.56
2024-01-11,CMP-11,CA,429,5,1.6
2024-01-11,CMP-11,DE,1484,19,6.16
2024-01-11,CMP-11,ES,2150,25,9.15
2024-01-11,CMP-11,FR,18572,212,67.86
2024-01-11,CMP-11,GB,3701,43,15.49
2024-01-11,CMP-11,IT,622,8,2.89
2024-01-11,CMP-11,NL,310,4,1.33
2024-01-11,CMP-11,PL,936,12,4.37
2024-01-11,CMP-11,SE,6004,70,22.51
2024-01-11,CMP-11,US,39050,449,144.68
2024-01-11,CMP-12,CA,353,10,1.46
2024-01-11,CMP-12,DE,1131,33,4.24
2024-01-11,CMP-12,ES,1453,47,6.06
2024-01-11,CMP-12,FR,10969,311,39.98
2024-01-11,CMP-12,GB,2522,69,8.61
2024-01-11,CMP-12,IT,585,17,2.38
2024-01-11,CMP-12,NL,142,4,0.59
2024-01-11,CMP-12,PL,616,17,2.39
2024-01-11,CMP-12,SE,4084,117,16.36
2024-01-11,CMP-12,US,20946,672,96.24
2024-01-11,CMP-13,CA,62,2,0.29
2024-01-11,CMP-13,DE,816,26,3.18
2024-01-11,CMP-13,ES,795,22,3.02
2024-01-11,CMP-13,FR,5891,165,20.79
2024-01-11,CMP-13,GB,1086,35,4.27
2024-01-11,CMP-13,IT,210,6,0.81
2024-01-11,CMP-13,NL,63,2,0.25
2024-01-11,CMP-13,PL,275,8,1.0
2024-01-11,CMP-13,SE,1675,49,6.88
2024-01-11,CMP-13,US,10966,347,46.63
2024-01-11,CMP-15,CA,63,2,0.28
2024-01-11,CMP-15,DE,622,20,2.61
2024-01-11,CMP-15,ES,1015,33,4.61
2024-01-11,CMP-15,FR,9067,254,35.12
2024-01-11,CMP-15,GB,1217,40,4.9
2024-01-11,CMP-15,IT,423,14,1.69
2024-01-11,CMP-15,NL,127,4,0.55
2024-01-11,CMP-15,PL,136,4,0.49
2024-01-11,CMP-15,SE,2650,77,10.87
2024-01-11,CMP-15,US,16888,507,69.22
2024-01-11,CMP-16,CA,414,8,3.69
2024-01-11,CMP-16,DE,1461,31,12.94
2024-01-11,CMP-16,ES,3053,56,25.91
2024-01-11,CMP-16,FR,18088,356,145.24
2024-01-11,CMP-16,GB,3627,72,29.33
2024-01-11,CMP-16,IT,1038,20,8.63
2024-01-11,CMP-16,NL,182,4,1.67
2024-01-11,CMP-16,PL,457,10,4.77
2024-01-11,CMP-16,SE,6656,124,53.3
2024-01-11,CMP-16,US,45390,845,340.29
2024-01-12,CMP-01,CA,227,8,2.73
2024-01-12,CMP-01,DE,945,32,10.35
2024-01-12,CMP-01,ES,1346,47,14.52
2024-01-12,CMP-01,FR,11446,381,115.83
2024-01-12,CMP-01,GB,1695,63,23.22
2024-01-12,CMP-01,IT,904,31,11.22
2024-01-12,CMP-01,NL,136,5,1.77
2024-01-12,CMP-01,PL,527,19,6.41
2024-01-12,CMP-01,SE,3952,134,45.04
2024-01-12,CMP-01,US,23364,828,267.24
2024-01-12,CMP-02,CA,241,8,5.82
2024-01-12,CMP-02,DE,1396,49,33.59
2024-01-12,CMP-02,ES,1425,54,42.19
2024-01-12,CMP-02,FR,10854,414,292.96
2024-01-12,CMP-02,GB,3175,102,78.72
2024-01-12,CMP-02,IT,593,20,13.4
2024-01-12,CMP-02,NL,112,4,2.79
2024-01-12,CMP-02,PL,536,18,13.77
2024-01-12,CMP-02,SE,4324,165,132.08
2024-01-12,CMP-02,US,27596,1013,761.69
2024-01-12,CMP-03,CA,311,10,5.68
2024-01-12,CMP-03,DE,990,32,17.46
2024-01-12,CMP-03,ES,1963,63,33.78
2024-01-12,CMP-03,FR,10592,368,204.99
2024-01-12,CMP-03,GB,1887,67,35.13
2024-01-12,CMP-03,IT,600,22,12.08
2024-01-12,CMP-03,NL,287,10,6.37
2024-01-12,CMP-03,PL,471,16,8.95
2024-01-12,CMP-03,SE,3744,142,78.35
2024-01-12,CMP-03,US,26101,863,515.57
2024-01-12,CMP-04,GB,533,19,15.25
2024-01-12,CMP-06,CA,318,11,6.77
2024-01-12,CMP-06,DE,1073,35,21.18
2024-01-12,CMP-06,ES,1382,52,29.89
2024-01-12,CMP-06,FR,10684,375,226.53
2024-01-12,CMP-06,GB,2301,75,48.75
2024-01-12,CMP-06,IT,561,18,12.0
2024-01-12,CMP-06,NL,178,6,3.31
2024-01-12,CMP-06,PL,687,22,12.42
2024-01-12,CMP-06,SE,4462,147,85.75
2024-01-12,CMP-06,US,24955,799,520.64
2024-01-12,CMP-07,CA,1183,13,4.21
2024-01-12,CMP-07,DE,3061,34,10.5
2024-01-12,CMP-07,ES,3529,47,15.19
2024-01-12,CMP-07,FR,30346,340,104.89
2024-01-12,CMP-07,GB,5784,74,25.25
2024-01-12,CMP-07,IT,1761,23,7.66
2024-01-12,CMP-07,NL,475,6,1.86
2024-01-12,CMP-07,PL,1477,17,5.58
2024-01-12,CMP-07,SE,8841,115,38.33
2024-01-12,CMP-07,US,60974,805,266.18
2024-01-12,CMP-08,CA,992,13,3.4
2024-01-12,CMP-08,DE,1716,20,5.12
2024-01-12,CMP-08,ES,3496,42,9.92
2024-01-12,CMP-08,FR,21367,253,64.78
2024-01-12,CMP-08,GB,3844,48,11.75
2024-01-12,CMP-08,IT,1387,17,4.04
2024-01-12,CMP-08,NL,246,3,0.73
2024-01-12,CMP-08,PL,1318,15,3.53
2024-01-12,CMP-08,SE,7838,96,23.42
2024-01-12,CMP-08,US,52892,600,138.47
2024-01-12,CMP-09,DE,803,10,3.34
2024-01-12,CMP-11,CA,760,10,3.54
2024-01-12,CMP-11,DE,1443,18,6.05
2024-01-12,CMP-11,ES,1688,20,7.04
2024-01-12,CMP-11,FR,16594,196,60.25
2024-01-12,CMP-11,GB,4150,53,17.2
2024-01-12,CMP-11,IT,1051,14,5.08
2024-01-12,CMP-11,NL,337,4,1.35
2024-01-12,CMP-11,PL,961,11,3.88
2024-01-12,CMP-11,SE,5028,61,19.24
2024-01-12,CMP-11,US,35806,464,169.32
2024-01-12,CMP-12,CA,344,11,1.54
2024-01-12,CMP-12,DE,930,31,4.24
2024-01-12,CMP-12,ES,1354,44,5.74
2024-01-12,CMP-12,FR,10602,321,46.04
2024-01-12,CMP-12,GB,2541,70,10.05
2024-01-12,CMP-12,IT,741,24,3.39
2024-01-12,CMP-12,NL,92,3,0.36
2024-01-12,CMP-12,PL,430,13,1.81
2024-01-12,CMP-12,SE,4029,118,15.16
2024-01-12,CMP-12,US,20175,668,86.81
2024-01-12,CMP-13,CA,139,4,0.52
2024-01-12,CMP-13,DE,503,14,1.96
2024-01-12,CMP-13,ES,832,24,3.44
2024-01-12,CMP-13,FR,6293,188,25.26
2024-01-12,CMP-13,GB,1237,38,4.57
2024-01-12,CMP-13,IT,513,14,1.85
2024-01-12,CMP-13,NL,281,8,1.09
2024-01-12,CMP-13,PL,283,8,1.05
2024-01-12,CMP-13,SE,1684,55,7.37
2024-01-12,CMP-13,US,12018,368,52.53
2024-01-12,CMP-15,CA,182,5,0.65
2024-01-12,CMP-15,DE,598,19,2.44
2024-01-12,CMP-15,ES,1617,48,6.94
2024-01-12,CMP-15,FR,8892,264,32.44
2024-01-12,CMP-15,GB,1377,41,5.9
2024-01-12,CMP-15,IT,533,16,2.29
2024-01-12,CMP-15,PL,381,12,1.49
2024-01-12,CMP-15,SE,2486,69,8.61
2024-01-12,CMP-15,US,15406,486,59.32
2024-01-12,CMP-16,CA,548,11,5.3
2024-01-12,CMP-16,DE,1870,39,18.29
2024-01-12,CMP-16,ES,3015,56,24.61
2024-01-12,CMP-16,FR,19348,358,147.36
2024-01-12,CMP-16,GB,4013,73,34.16
2024-01-12,CMP-16,IT,990,19,9.18
2024-01-12,CMP-16,NL,280,6,2.63
2024-01-12,CMP-16,PL,1085,24,9.84
2024-01-12,CMP-16,SE,5985,125,56.5
2024-01-12,CMP-16,US,37788,760,343.84
2024-01-13,CMP-01,CA,518,19,5.95
2024-01-13,CMP-01,DE,1038,37,13.48
2024-01-13,CMP-01,ES,1683,62,20.3
2024-01-13,CMP-01,FR,12281,472,159.31
2024-01-13,CMP-01,GB,2524,98,34.67
2024-01-13,CMP-01,IT,1031,36,12.1
2024-01-13,CMP-01,NL,211,7,2.14
2024-01-13,CMP-01,PL,804,28,9.25
2024-01-13,CMP-01,SE,4384,162,50.26
2024-01-13,CMP-01,US,29633,1040,328.41
2024-01-13,CMP-02,CA,414,16,10.66
2024-01-13,CMP-02,DE,2040,66,45.79
2024-01-13,CMP-02,ES,2533,84,66.28
2024-01-13,CMP-02,FR,15218,564,407.72
2024-01-13,CMP-02,GB,3248,120,86.92
2024-01-13,CMP-02,IT,937,30,23.45
2024-01-13,CMP-02,NL,439,14,9.34
2024-01-13,CMP-02,PL,867,28,22.26
2024-01-13,CMP-02,SE,5781,212,170.17
2024-01-13,CMP-02,US,33022,1225,836.78
2024-01-13,CMP-03,CA,209,7,4.21
2024-01-13,CMP-03,DE,1363,49,29.18
2024-01-13,CMP-03,ES,1916,67,40.24
2024-01-13,CMP-03,FR,12555,483,277.64
2024-01-13,CMP-03,GB,2969,96,58.03
2024-01-13,CMP-03,IT,754,27,14.48
2024-01-13,CMP-03,NL,369,12,6.69
2024-01-13,CMP-03,PL,784,29,16.66
2024-01-13,CMP-03,SE,4076,156,82.34
2024-01-13,CMP-03,US,27377,1029,590.1
2024-01-13,CMP-04,GB,1208,46,34.0
2024-01-13,CMP-06,CA,411,15,9.02
2024-01-13,CMP-06,DE,1465,49,27.76
2024-01-13,CMP-06,ES,1787,68,44.29
2024-01-13,CMP-06,FR,13975,501,328.97
2024-01-13,CMP-06,GB,2583,85,56.66
2024-01-13,CMP-06,IT,931,33,19.57
2024-01-13,CMP-06,NL,352,12,6.9
2024-01-13,CMP-06,PL,897,31,17.68
2024-01-13,CMP-06,SE,4792,186,124.85
2024-01-13,CMP-06,US,31836,1098,610.1
2024-01-13,CMP-07,CA,1236,16,4.84
2024-01-13,CMP-07,DE,3200,36,12.51
2024-01-13,CMP-07,ES,5159,62,19.32
2024-01-13,CMP-07,FR,38608,460,140.24
2024-01-13,CMP-07,GB,6969,88,29.54
2024-01-13,CMP-07,IT,2337,28,8.63
2024-01-13,CMP-07,NL,423,5,1.67
2024-01-13,CMP-07,PL,2382,26,8.28
2024-01-13,CMP-07,SE,12495,144,43.39
2024-01-13,CMP-07,US,90716,1060,346.63
2024-01-13,CMP-08,CA,1000,12,2.89
2024-01-13,CMP-08,DE,2283,27,6.45
2024-01-13,CMP-08,ES,3461,41,10.87
2024-01-13,CMP-08,FR,32987,367,86.69
2024-01-13,CMP-08,GB,5354,63,17.09
2024-01-13,CMP-08,IT,1780,20,5.09
2024-01-13,CMP-08,NL,654,8,1.91
2024-01-13,CMP-08,PL,1045,12,3.21
2024-01-13,CMP-08,SE,10900,132,30.66
2024-01-13,CMP-08,US,60215,732,165.22
2024-01-13,CMP-09,DE,978,12,4.03
2024-01-13,CMP-11,CA,860,10,3.2
2024-01-13,CMP-11,DE,2333,27,8.56
2024-01-13,CMP-11,ES,3830,43,15.26
2024-01-13,CMP-11,FR,23131,269,96.06
2024-01-13,CMP-11,GB,4768,58,19.41
2024-01-13,CMP-11,IT,1368,16,5.94
2024-01-13,CMP-11,NL,75,1,0.33
2024-01-13,CMP-11,PL,1450,17,6.32
2024-01-13,CMP-11,SE,9107,105,34.99
2024-01-13,CMP-11,US,50436,601,184.12
2024-01-13,CMP-12,CA,172,5,0.72
2024-01-13,CMP-12,DE,1407,43,5.51
2024-01-13,CMP-12,ES,1983,55,6.76
2024-01-13,CMP-12,FR,12801,391,48.38
2024-01-13,CMP-12,GB,2635,77,9.31
2024-01-13,CMP-12,IT,730,20,2.57
2024-01-13,CMP-12,NL,238,7,1.01
2024-01-13,CMP-12,PL,482,14,1.75
2024-01-13,CMP-12,SE,5613,155,21.57
2024-01-13,CMP-12,US,27845,896,119.43
2024-01-13,CMP-13,CA,159,5,0.66
2024-01-13,CMP-13,DE,811,23,3.2
2024-01-13,CMP-13,ES,856,24,3.28
2024-01-13,CMP-13,FR,7027,209,29.5
2024-01-13,CMP-13,GB,1656,49,6.7
2024-01-13,CMP-13,IT,653,18,2.58
2024-01-13,CMP-13,PL,457,14,1.98
2024-01-13,CMP-13,SE,2894,82,10.43
2024-01-13,CMP-13,US,15093,448,55.33
2024-01-13,CMP-15,CA,276,8,1.16
2024-01-13,CMP-15,DE,572,17,2.33
2024-01-13,CMP-15,ES,1494,45,5.56
2024-01-13,CMP-15,FR,12004,343,49.43
2024-01-13,CMP-15,GB,1661,48,5.85
2024-01-13,CMP-15,IT,656,19,2.79
2024-01-13,CMP-15,NL,187,6,0.72
2024-01-13,CMP-15,PL,625,18,2.59
2024-01-13,CMP-15,SE,3862,108,14.98
2024-01-13,CMP-15,US,20460,675,91.14
2024-01-13,CMP-16,CA,499,10,4.2
2024-01-13,CMP-16,DE,2593,48,21.87
2024-01-13,CMP-16,ES,3771,70,28.86
2024-01-13,CMP-16,FR,19729,426,186.58
2024-01-13,CMP-16,GB,4763,93,37.94
2024-01-13,CMP-16,IT,1781,39,15.96
2024-01-13,CMP-16,NL,565,11,4.6
2024-01-13,CMP-16,PL,1277,27,12.24
2024-01-13,CMP-16,SE,7440,142,67.49
2024-01-13,CMP-16,US,54882,1035,459.33
2024-01-14,CMP-01,CA,486,17,5.42
2024-01-14,CMP-01,DE,1172,43,15.36
2024-01-14,CMP-01,ES,1620,62,22.16
2024-01-14,CMP-01,FR,13019,479,158.31
2024-01-14,CMP-01,GB,2962,95,32.16
2024-01-14,CMP-01,IT,643,25,9.01
2024-01-14,CMP-01,NL,212,7,2.43
2024-01-14,CMP-01,PL,680,25,8.75
2024-01-14,CMP-01,SE,4871,170,62.66
2024-01-14,CMP-01,US,32427,1130,374.79
2024-01-14,CMP-02,CA,398,13,9.79
2024-01-14,CMP-02,DE,1700,56,45.16
2024-01-14,CMP-02,ES,2154,77,61.72
2024-01-14,CMP-02,FR,15760,573,461.05
2024-01-14,CMP-02,GB,2837,108,81.44
2024-01-14,CMP-02,IT,1034,34,22.57
2024-01-14,CMP-02,NL,247,9,7.21
2024-01-14,CMP-02,PL,928,35,24.93
2024-01-14,CMP-02,SE,6073,219,151.34
2024-01-14,CMP-02,US,36883,1290,966.45
2024-01-14,CMP-03,CA,444,17,9.36
2024-01-14,CMP-03,DE,1377,48,25.62
2024-01-14,CMP-03,ES,1929,73,41.58
2024-01-14,CMP-03,FR,12821,465,296.72
2024-01-14,CMP-03,GB,2592,88,49.62
2024-01-14,CMP-03,IT,795,27,16.39
2024-01-14,CMP-03,NL,79,3,1.6
2024-01-14,CMP-03,PL,497,18,9.65
2024-01-14,CMP-03,SE,4805,159,84.01
2024-01-14,CMP-03,US,32077,1104,636.08
2024-01-14,CMP-04,GB,1139,42,33.64
2024-01-14,CMP-06,CA,394,15,9.19
2024-01-14,CMP-06,DE,1841,64,41.47
2024-01-14,CMP-06,ES,2341,80,49.03
2024-01-14,CMP-06,FR,14824,490,305.87
2024-01-14,CMP-06,GB,2688,102,60.95
2024-01-14,CMP-06,IT,719,23,13.65
2024-01-14,CMP-06,NL,248,9,5.85
2024-01-14,CMP-06,PL,745,24,14.31
2024-01-14,CMP-06,SE,4790,160,98.32
2024-01-14,CMP-06,US,27124,1022,622.15
2024-01-14,CMP-07,CA,1065,14,4.45
2024-01-14,CMP-07,DE,3449,40,13.96
2024-01-14,CMP-07,ES,5004,64,20.76
2024-01-14,CMP-07,FR,38492,488,152.62
2024-01-14,CMP-07,GB,8553,100,30.25
2024-01-14,CMP-07,IT,2109,24,6.99
2024-01-14,CMP-07,NL,389,5,1.69
2024-01-14,CMP-07,PL,3031,35,11.79
2024-01-14,CMP-07,SE,13739,167,51.15
2024-01-14,CMP-07,US,87473,1082,363.05
2024-01-14,CMP-08,CA,796,9,2.05
2024-01-14,CMP-08,DE,2526,32,8.49
2024-01-14,CMP-08,ES,3516,44,11.79
2024-01-14,CMP-08,FR,28396,335,90.64
2024-01-14,CMP-08,GB,6361,73,17.84
2024-01-14,CMP-08,IT,1592,21,5.17
2024-01-14,CMP-08,NL,548,6,1.37
2024-01-14,CMP-08,PL,1003,13,3.06
2024-01-14,CMP-08,SE,9882,126,31.93
2024-01-14,CMP-08,US,55406,693,176.65
2024-01-14,CMP-09,DE,1334,16,5.44
2024-01-14,CMP-11,CA,314,4,1.29
2024-01-14,CMP-11,DE,2222,28,10.15
2024-01-14,CMP-11,ES,2816,34,12.55
2024-01-14,CMP-11,FR,20079,254,89.77
2024-01-14,CMP-11,GB,4787,57,21.11
2024-01-14,CMP-11,IT,1483,17,5.38
2024-01-14,CMP-11,NL,592,7,2.23
2024-01-14,CMP-11,PL,505,6,2.04
2024-01-14,CMP-11,SE,8208,100,36.34
2024-01-14,CMP-11,US,53845,604,215.08
2024-01-14,CMP-12,CA,352,11,1.43
2024-01-14,CMP-12,DE,943,31,4.55
2024-01-14,CMP-12,ES,2048,60,7.93
2024-01-14,CMP-12,FR,12992,411,58.76
2024-01-14,CMP-12,GB,2631,85,11.96
2024-01-14,CMP-12,IT,621,17,2.16
2024-01-14,CMP-12,NL,211,6,0.8
2024-01-14,CMP-12,PL,769,23,3.14
2024-01-14,CMP-12,SE,4347,140,19.06
2024-01-14,CMP-12,US,33368,938,137.56
2024-01-14,CMP-13,CA,293,8,1.05
2024-01-14,CMP-13,DE,634,21,2.87
2024-01-14,CMP-13,ES,1128,37,4.85
2024-01-14,CMP-13,FR,7351,203,24.99
2024-01-14,CMP-13,GB,1416,40,5.08
2024-01-14,CMP-13,IT,486,16,1.99
2024-01-14,CMP-13,NL,121,4,0.55
2024-01-14,CMP-13,PL,443,14,1.7
2024-01-14,CMP-13,SE,2338,69,8.93
2024-01-14,CMP-13,US,17017,474,62.97
2024-01-14,CMP-15,CA,355,10,1.32
2024-01-14,CMP-15,DE,1063,33,4.22
2024-01-14,CMP-15,ES,1603,45,5.7
2024-01-14,CMP-15,FR,10328,289,36.36
2024-01-14,CMP-15,GB,1787,55,7.59
2024-01-14,CMP-15,IT,372,12,1.59
2024-01-14,CMP-15,NL,379,11,1.58
2024-01-14,CMP-15,PL,419,12,1.62
2024-01-14,CMP-15,SE,3086,93,12.38
2024-01-14,CMP-15,US,23202,701,94.48
2024-01-14,CMP-16,CA,755,14,5.78
2024-01-14,CMP-16,DE,2324,47,22.52
2024-01-14,CMP-16,ES,3839,79,32.36
2024-01-14,CMP-16,FR,21008,427,183.95
2024-01-14,CMP-16,GB,4542,83,36.67
2024-01-14,CMP-16,IT,781,15,7.05
2024-01-14,CMP-16,NL,508,10,4.88
2024-01-14,CMP-16,PL,1424,26,11.52
2024-01-14,CMP-16,SE,6761,138,64.78
2024-01-14,CMP-16,US,47157,979,461.31
2024-01-15,CMP-01,CA,365,12,4.32
2024-01-15,CMP-01,DE,1114,37,12.76
2024-01-15,CMP-01,ES,1210,46,14.52
2024-01-15,CMP-01,FR,10819,367,126.37
2024-01-15,CMP-01,GB,1702,65,23.84
2024-01-15,CMP-01,IT,472,16,5.85
2024-01-15,CMP-01,NL,120,4,1.47
2024-01-15,CMP-01,PL,672,26,9.31
2024-01-15,CMP-01,SE,4182,134,43.7
2024-01-15,CMP-01,US,22765,861,283.64
2024-01-15,CMP-02,CA,237,9,6.63
2024-01-15,CMP-02,DE,1075,36,26.36
2024-01-15,CMP-02,ES,1714,56,40.22
2024-01-15,CMP-02,FR,11594,447,313.42
2024-01-15,CMP-02,GB,2467,86,66.24
2024-01-15,CMP-02,IT,759,25,17.38
2024-01-15,CMP-02,NL,200,7,5.22
2024-01-15,CMP-02,PL,563,21,16.93
2024-01-15,CMP-02,SE,3945,152,119.17
2024-01-15,CMP-02,US,27274,1025,779.57
2024-01-15,CMP-03,CA,344,12,7.03
2024-01-15,CMP-03,DE,926,34,19.64
2024-01-15,CMP-03,ES,1399,46,28.13
2024-01-15,CMP-03,FR,10652,373,224.87
2024-01-15,CMP-03,GB,1734,63,33.69
2024-01-15,CMP-03,IT,628,22,13.79
2024-01-15,CMP-03,NL,111,4,2.25
2024-01-15,CMP-03,PL,558,18,9.9
2024-01-15,CMP-03,SE,3753,137,85.58
2024-01-15,CMP-03,US,24562,813,502.4
2024-01-15,CMP-04,GB,905,35,29.86
2024-01-15,CMP-06,CA,242,9,5.63
2024-01-15,CMP-06,DE,870,30,19.17
2024-01-15,CMP-06,ES,1582,51,30.18
2024-01-15,CMP-06,FR,9936,357,239.21
2024-01-15,CMP-06,GB,2228,74,48.95
2024-01-15,CMP-06,IT,952,34,22.69
2024-01-15,CMP-06,NL,29,1,0.58
2024-01-15,CMP-06,PL,523,20,12.55
2024-01-15,CMP-06,SE,3047,111,70.74
2024-01-15,CMP-06,US,25042,817,526.42
2024-01-15,CMP-07,CA,915,10,3.17
2024-01-15,CMP-07,DE,2045,26,8.77
2024-01-15,CMP-07,ES,3451,43,14.79
2024-01-15,CMP-07,FR,28755,339,110.26
2024-01-15,CMP-07,GB,7940,92,32.36
2024-01-15,CMP-07,IT,1888,22,7.69
2024-01-15,CMP-07,NL,301,4,1.19
2024-01-15,CMP-07,PL,1482,18,5.33
2024-01-15,CMP-07,SE,12341,136,45.66
2024-01-15,CMP-07,US,62185,782,236.39
2024-01-15,CMP-08,CA,539,6,1.49
2024-01-15,CMP-08,DE,1613,21,4.97
2024-01-15,CMP-08,ES,2994,37,8.83
2024-01-15,CMP-08,FR,21333,258,59.19
2024-01-15,CMP-08,GB,3797,47,12.83
2024-01-15,CMP-08,IT,2110,26,5.95
2024-01-15,CMP-08,NL,85,1,0.23
2024-01-15,CMP-08,PL,305,4,0.98
2024-01-15,CMP-08,SE,6711,79,21.44
2024-01-15,CMP-08,US,45220,540,124.11
2024-01-15,CMP-09,DE,1131,13,4.25
2024-01-15,CMP-11,CA,376,5,1.77
2024-01-15,CMP-11,DE,1173,15,5.12
2024-01-15,CMP-11,ES,3567,42,14.72
2024-01-15,CMP-11,FR,20173,231,75.46
2024-01-15,CMP-11,GB,3055,34,12.65
2024-01-15,CMP-11,IT,905,11,3.41
2024-01-15,CMP-11,NL,271,3,0.99
2024-01-15,CMP-11,PL,636,7,2.25
2024-01-15,CMP-11,SE,5416,60,22.19
2024-01-15,CMP-11,US,37401,467,167.74
2024-01-15,CMP-12,CA,343,10,1.29
2024-01-15,CMP-12,DE,609,19,2.49
2024-01-15,CMP-12,ES,1616,47,6.08
2024-01-15,CMP-12,FR,9238,284,36.07
2024-01-15,CMP-12,GB,1815,59,7.99
2024-01-15,CMP-12,IT,551,16,2.28
2024-01-15,CMP-12,NL,126,4,0.58
2024-01-15,CMP-12,PL,532,15,2.18
2024-01-15,CMP-12,SE,3770,106,14.38
2024-01-15,CMP-12,US,22503,628,78.57
2024-01-15,CMP-13,CA,65,2,0.27
2024-01-15,CMP-13,DE,581,16,2.33
2024-01-15,CMP-13,ES,818,27,3.39
2024-01-15,CMP-13,FR,5652,156,21.96
2024-01-15,CMP-13,GB,976,29,3.83
2024-01-15,CMP-13,IT,305,9,1.22
2024-01-15,CMP-13,NL,100,3,0.42
2024-01-15,CMP-13,PL,309,10,1.47
2024-01-15,CMP-13,SE,1826,53,7.28
2024-01-15,CMP-13,US,15083,412,53.83
2024-01-15,CMP-15,CA,290,8,1.15
2024-01-15,CMP-15,DE,1084,31,4.09
2024-01-15,CMP-15,ES,1111,32,4.43
2024-01-15,CMP-15,FR,8374,243,31.31
2024-01-15,CMP-15,GB,1632,46,6.45
2024-01-15,CMP-15,IT,491,15,1.82
2024-01-15,CMP-15,NL,228,7,0.89
2024-01-15,CMP-15,PL,338,11,1.33
2024-01-15,CMP-15,SE,3102,87,11.37
2024-01-15,CMP-15,US,17874,535,66.84
2024-01-15,CMP-16,CA,580,12,5.76
2024-01-15,CMP-16,DE,1668,36,17.31
2024-01-15,CMP-16,ES,2582,49,21.82
2024-01-15,CMP-16,FR,16396,299,144.84
2024-01-15,CMP-16,GB,3561,70,32.76
2024-01-15,CMP-16,IT,918,20,9.26
2024-01-15,CMP-16,NL,141,3,1.43
2024-01-15,CMP-16,PL,991,20,8.85
2024-01-15,CMP-16,SE,6752,123,52.5
2024-01-15,CMP-16,US,39477,723,317.6
2024-01-16,CMP-01,CA,54,2,0.72
2024-01-16,CMP-01,DE,1017,35,11.35
2024-01-16,CMP-01,ES,1690,57,19.77
2024-01-16,CMP-01,FR,10595,361,117.77
2024-01-16,CMP-01,GB,1874,72,22.64
2024-01-16,CMP-01,IT,585,21,7.46
2024-01-16,CMP-01,NL,204,7,2.49
2024-01-16,CMP-01,PL,528,20,7.19
2024-01-16,CMP-01,SE,3410,127,42.49
2024-01-16,CMP-01,US,24484,851,301.44
2024-01-16,CMP-02,CA,374,13,9.67
2024-01-16,CMP-02,DE,915,30,20.68
2024-01-16,CMP-02,ES,1933,66,43.82
2024-01-16,CMP-02,FR,12987,462,341.11
2024-01-16,CMP-02,GB,2168,78,59.13
2024-01-16,CMP-02,IT,634,22,15.1
2024-01-16,CMP-02,NL,138,5,3.65
2024-01-16,CMP-02,PL,792,29,21.76
2024-01-16,CMP-02,SE,4695,162,121.81
2024-01-16,CMP-02,US,28518,975,667.94
2024-01-16,CMP-03,CA,266,10,5.48
2024-01-16,CMP-03,DE,1245,40,24.12
2024-01-16,CMP-03,ES,1986,65,40.66
2024-01-16,CMP-03,FR,11225,374,236.66
2024-01-16,CMP-03,GB,1591,57,32.47
2024-01-16,CMP-03,IT,600,22,13.86
2024-01-16,CMP-03,NL,197,7,4.2
2024-01-16,CMP-03,PL,484,18,10.51
2024-01-16,CMP-03,SE,4031,140,81.6
2024-01-16,CMP-03,US,21096,818,454.46
2024-01-16,CMP-04,GB,725,28,22.11
2024-01-16,CMP-06,CA,233,8,4.72
2024-01-16,CMP-06,DE,1210,39,24.52
2024-01-16,CMP-06,ES,1604,61,34.94
2024-01-16,CMP-06,FR,10860,346,215.28
2024-01-16,CMP-06,GB,1674,54,33.58
2024-01-16,CMP-06,IT,538,19,11.26
2024-01-16,CMP-06,NL,207,8,5.3
2024-01-16,CMP-06,PL,383,14,8.21
2024-01-16,CMP-06,SE,3962,141,80.43
2024-01-16,CMP-06,US,21626,788,472.74
2024-01-16,CMP-07,CA,1097,14,4.93
2024-01-16,CMP-07,DE,3054,39,12.59
2024-01-16,CMP-07,ES,6133,79,26.8
2024-01-16,CMP-07,FR,44990,503,162.09
2024-01-16,CMP-07,GB,7360,91,30.73
2024-01-16,CMP-07,IT,1899,24,8.14
2024-01-16,CMP-07,NL,485,6,1.95
2024-01-16,CMP-07,PL,1617,19,5.68
2024-01-16,CMP-07,SE,14042,162,54.08
2024-01-16,CMP-07,US,96865,1192,368.09
2024-01-16,CMP-08,CA,1247,14,3.23
2024-01-16,CMP-08,DE,2879,37,8.91
2024-01-16,CMP-08,ES,4223,52,12.12
2024-01-16,CMP-08,FR,26799,322,86.16
2024-01-16,CMP-08,GB,5497,67,15.6
2024-01-16,CMP-08,IT,2014,23,5.26
2024-01-16,CMP-08,NL,621,7,1.71
2024-01-16,CMP-08,PL,766,9,2.08
2024-01-16,CMP-08,SE,9859,117,28.78
2024-01-16,CMP-08,US,65665,745,203.18
2024-01-16,CMP-09,DE,1150,15,5.5
2024-01-16,CMP-12,CA,421,12,1.7
2024-01-16,CMP-12,DE,1479,47,6.34
2024-01-16,CMP-12,ES,1850,60,8.46
2024-01-16,CMP-12,FR,14805,441,59.79
2024-01-16,CMP-12,GB,3226,97,13.19
2024-01-16,CMP-12,IT,883,28,3.84
2024-01-16,CMP-12,NL,125,4,0.56
2024-01-16,CMP-12,PL,569,18,2.28
2024-01-16,CMP-12,SE,5772,181,22.91
2024-01-16,CMP-12,US,30771,992,131.27
2024-01-16,CMP-13,CA,155,5,0.62
2024-01-16,CMP-13,DE,634,20,2.85
2024-01-16,CMP-13,ES,1043,34,4.15
2024-01-16,CMP-13,FR,8056,245,32.35
2024-01-16,CMP-13,GB,1720,56,7.69
2024-01-16,CMP-13,IT,401,13,1.78
2024-01-16,CMP-13,NL,176,5,0.73
2024-01-16,CMP-13,PL,418,12,1.63
2024-01-16,CMP-13,SE,2688,81,10.47
2024-01-16,CMP-13,US,18362,516,62.1
2024-01-16,CMP-16,CA,672,13,5.63
2024-01-16,CMP-16,DE,1591,33,13.84
2024-01-16,CMP-16,ES,2697,56,22.61
2024-01-16,CMP-16,FR,20197,369,174.37
2024-01-16,CMP-16,GB,3254,62,26.09
2024-01-16,CMP-16,IT,666,13,6.04
2024-01-16,CMP-16,NL,542,10,4.26
2024-01-16,CMP-16,PL,804,17,8.09
2024-01-16,CMP-16,SE,5585,109,53.07
2024-01-16,CMP-16,US,40296,782,353.25
2024-01-17,CMP-01,CA,301,11,3.95
2024-01-17,CMP-01,DE,952,33,11.7
2024-01-17,CMP-01,ES,1626,60,20.63
2024-01-17,CMP-01,FR,10048,364,110.94
2024-01-17,CMP-01,GB,1981,72,24.81
2024-01-17,CMP-01,IT,456,17,6.02
2024-01-17,CMP-01,NL,167,6,2.06
2024-01-17,CMP-01,PL,614,20,6.85
2024-01-17,CMP-01,SE,3933,135,43.46
2024-01-17,CMP-01,US,23396,831,267.03
2024-01-17,CMP-02,CA,327,12,8.07
2024-01-17,CMP-02,DE,1569,52,35.72
2024-01-17,CMP-02,ES,1666,54,36.57
2024-01-17,CMP-02,FR,12104,450,300.22
2024-01-17,CMP-02,GB,2500,87,68.71
2024-01-17,CMP-02,IT,641,23,17.92
2024-01-17,CMP-02,NL,121,4,3.14
2024-01-17,CMP-02,PL,496,17,13.62
2024-01-17,CMP-02,SE,3942,146,105.93
2024-01-17,CMP-02,US,29259,991,741.98
2024-01-17,CMP-03,CA,309,12,6.46
2024-01-17,CMP-03,DE,1106,41,23.13
2024-01-17,CMP-03,ES,1798,69,38.41
2024-01-17,CMP-03,FR,11248,388,208.77
2024-01-17,CMP-03,GB,1820,68,36.51
2024-01-17,CMP-03,IT,448,16,9.31
2024-01-17,CMP-03,NL,212,7,3.69
2024-01-17,CMP-03,PL,632,22,12.98
2024-01-17,CMP-03,SE,3723,120,73.69
2024-01-17,CMP-03,US,22602,810,491.3
2024-01-17,CMP-04,GB,591,20,16.44
2024-01-17,CMP-06,CA,138,5,3.27
2024-01-17,CMP-06,DE,980,38,22.88
2024-01-17,CMP-06,ES,1569,55,35.75
2024-01-17,CMP-06,FR,9593,360,222.88
2024-01-17,CMP-06,GB,1819,68,40.91
2024-01-17,CMP-06,IT,810,28,15.45
2024-01-17,CMP-06,NL,247,9,5.7
2024-01-17,CMP-06,PL,595,23,14.47
2024-01-17,CMP-06,SE,3491,121,72.6
2024-01-17,CMP-06,US,24659,822,499.01
2024-01-17,CMP-07,CA,539,6,1.99
2024-01-17,CMP-07,DE,3215,42,13.75
2024-01-17,CMP-07,ES,6266,74,25.4
2024-01-17,CMP-07,FR,43341,496,164.11
2024-01-17,CMP-07,GB,8444,102,34.87
2024-01-17,CMP-07,IT,3009,38,11.51
2024-01-17,CMP-07,NL,394,5,1.66
2024-01-17,CMP-07,PL,2186,29,8.47
2024-01-17,CMP-07,SE,14118,161,51.12
2024-01-17,CMP-07,US,90209,1125,378.25
2024-01-17,CMP-08,CA,1074,14,3.77
2024-01-17,CMP-08,DE,2263,26,6.69
2024-01-17,CMP-08,ES,4349,52,12.69
2024-01-17,CMP-08,FR,27445,346,92.64
2024-01-17,CMP-08,GB,6084,75,19.09
2024-01-17,CMP-08,IT,2514,30,7.17
2024-01-17,CMP-08,NL,501,6,1.57
2024-01-17,CMP-08,PL,1570,20,5.29
2024-01-17,CMP-08,SE,8630,106,25.19
2024-01-17,CMP-08,US,60745,802,193.9
2024-01-17,CMP-09,DE,999,11,4.23
2024-01-17,CMP-12,CA,484,15,1.92
2024-01-17,CMP-12,DE,1403,46,6.39
2024-01-17,CMP-12,ES,2443,78,10.09
2024-01-17,CMP-12,FR,14001,449,55.46
2024-01-17,CMP-12,GB,3054,84,11.87
2024-01-17,CMP-12,IT,1050,29,3.96
2024-01-17,CMP-12,NL,134,4,0.52
2024-01-17,CMP-12,PL,753,22,2.68
2024-01-17,CMP-12,SE,5550,156,19.82
2024-01-17,CMP-12,US,31969,980,118.12
2024-01-17,CMP-13,CA,162,5,0.68
2024-01-17,CMP-13,DE,669,22,2.88
2024-01-17,CMP-13,ES,1426,39,4.72
2024-01-17,CMP-13,FR,7794,255,31.22
2024-01-17,CMP-13,GB,1653,54,6.81
2024-01-17,CMP-13,IT,438,12,1.67
2024-01-17,CMP-13,NL,102,3,0.44
2024-01-17,CMP-13,PL,401,13,1.59
2024-01-17,CMP-13,SE,2965,83,11.59
2024-01-17,CMP-13,US,19308,570,78.92
2024-01-17,CMP-16,CA,450,9,4.4
2024-01-17,CMP-16,DE,1320,29,12.91
2024-01-17,CMP-16,ES,2878,56,25.11
2024-01-17,CMP-16,FR,18244,345,139.17
2024-01-17,CMP-16,GB,3641,76,36.82
2024-01-17,CMP-16,IT,995,22,10.63
2024-01-17,CMP-16,NL,345,7,3.24
2024-01-17,CMP-16,PL,981,21,9.63
2024-01-17,CMP-16,SE,6314,122,57.94
2024-01-17,CMP-16,US,40863,770,329.19
2024-01-18,CMP-01,CA,401,14,4.68
2024-01-18,CMP-01,DE,1042,36,11.41
2024-01-18,CMP-01,ES,1806,63,21.71
2024-01-18,CMP-01,FR,11230,371,122.44
2024-01-18,CMP-01,GB,1646,57,19.35
2024-01-18,CMP-01,IT,422,16,5.32
2024-01-18,CMP-01,NL,201,7,2.37
2024-01-18,CMP-01,PL,676,26,8.85
2024-01-18,CMP-01,SE,3675,142,47.69
2024-01-18,CMP-01,US,22381,864,270.8
2024-01-18,CMP-02,CA,477,18,13.03
2024-01-18,CMP-02,DE,1222,39,26.09
2024-01-18,CMP-02,ES,2112,68,53.22
2024-01-18,CMP-02,FR,11505,415,330.92
2024-01-18,CMP-02,GB,2135,78,62.97
2024-01-18,CMP-02,IT,382,14,9.89
2024-01-18,CMP-02,NL,133,5,3.44
2024-01-18,CMP-02,PL,712,24,18.57
2024-01-18,CMP-02,SE,4644,159,118.37
2024-01-18,CMP-02,US,26242,983,739.85
2024-01-18,CMP-03,CA,186,6,3.18
2024-01-18,CMP-03,DE,743,27,15.67
2024-01-18,CMP-03,ES,1289,46,28.58
2024-01-18,CMP-03,FR,10998,391,224.5
2024-01-18,CMP-03,GB,1819,67,41.87
2024-01-18,CMP-03,IT,497,18,10.57
2024-01-18,CMP-03,NL,157,5,3.17
2024-01-18,CMP-03,PL,472,18,9.46
2024-01-18,CMP-03,SE,3653,127,68.15
2024-01-18,CMP-03,US,21757,814,440.26
2024-01-18,CMP-04,GB,923,33,25.55
2024-01-18,CMP-06,CA,525,17,10.26
2024-01-18,CMP-06,DE,926,30,20.18
2024-01-18,CMP-06,ES,1314,43,26.81
2024-01-18,CMP-06,FR,10220,362,209.54
2024-01-18,CMP-06,GB,2398,81,54.5
2024-01-18,CMP-06,IT,861,29,16.08
2024-01-18,CMP-06,NL,110,4,2.37
2024-01-18,CMP-06,PL,561,18,11.99
2024-01-18,CMP-06,SE,3328,108,67.48
2024-01-18,CMP-06,US,22709,831,476.52
2024-01-18,CMP-07,CA,572,7,2.19
2024-01-18,CMP-07,DE,3465,39,12.29
2024-01-18,CMP-07,ES,6516,73,24.18
2024-01-18,CMP-07,FR,41003,452,136.09
2024-01-18,CMP-07,GB,7281,97,30.26
2024-01-18,CMP-07,IT,2564,31,8.98
2024-01-18,CMP-07,NL,722,9,2.88
2024-01-18,CMP-07,PL,2605,30,10.46
2024-01-18,CMP-07,SE,14355,180,52.53
2024-01-18,CMP-07,US,94118,1084,380.87
2024-01-18,CMP-08,CA,554,7,1.73
2024-01-18,CMP-08,DE,2158,26,6.83
2024-01-18,CMP-08,ES,4452,56,13.58
2024-01-18,CMP-08,FR,28707,377,87.54
2024-01-18,CMP-08,GB,6638,78,18.45
2024-01-18,CMP-08,IT,919,12,2.8
2024-01-18,CMP-08,NL,341,4,0.97
2024-01-18,CMP-08,PL,1738,19,4.35
2024-01-18,CMP-08,SE,8421,112,26.94
2024-01-18,CMP-08,US,61937,775,176.34
2024-01-18,CMP-09,DE,1436,16,6.08
2024-01-18,CMP-12,CA,523,15,2.07
2024-01-18,CMP-12,DE,1362,42,5.1
2024-01-18,CMP-12,ES,2208,63,7.72
2024-01-18,CMP-12,FR,14512,423,59.11
2024-01-18,CMP-12,GB,3433,96,11.58
2024-01-18,CMP-12,IT,1092,30,4.17
2024-01-18,CMP-12,NL,125,4,0.5
2024-01-18,CMP-12,PL,717,23,3.01
2024-01-18,CMP-12,SE,5072,167,21.31
2024-01-18,CMP-12,US,37739,1038,150.66
2024-01-18,CMP-13,CA,266,8,1.12
2024-01-18,CMP-13,DE,891,29,3.49
2024-01-18,CMP-13,ES,1346,40,5.18
2024-01-18,CMP-13,FR,8006,243,32.84
2024-01-18,CMP-13,GB,1813,60,8.32
2024-01-18,CMP-13,IT,436,14,1.94
2024-01-18,CMP-13,NL,93,3,0.39
2024-01-18,CMP-13,PL,469,15,2.13
2024-01-18,CMP-13,SE,2478,70,8.89
2024-01-18,CMP-13,US,17440,554,74.45
2024-01-18,CMP-16,CA,484,9,4.09
2024-01-18,CMP-16,DE,1463,28,12.79
2024-01-18,CMP-16,ES,3010,60,27.44
2024-01-18,CMP-16,FR,14055,310,128.39
2024-01-18,CMP-16,GB,3738,78,36.71
2024-01-18,CMP-16,IT,959,19,7.95
2024-01-18,CMP-16,NL,217,4,1.82
2024-01-18,CMP-16,PL,1058,20,9.21
2024-01-18,CMP-16,SE,5825,119,51.07
2024-01-18,CMP-16,US,40110,755,352.68
2024-01-19,CMP-01,CA,336,11,3.62
2024-01-19,CMP-01,DE,1139,37,13.13
2024-01-19,CMP-01,ES,1557,51,16.85
2024-01-19,CMP-01,FR,12606,411,125.7
2024-01-19,CMP-01,GB,1544,58,19.82
2024-01-19,CMP-01,IT,797,28,10.24
2024-01-19,CMP-01,NL,234,9,2.78
2024-01-19,CMP-01,PL,499,17,5.74
2024-01-19,CMP-01,SE,3383,121,37.93
2024-01-19,CMP-01,US,24553,791,261.07
2024-01-19,CMP-02,CA,235,9,6.44
2024-01-19,CMP-02,DE,1197,39,26.56
2024-01-19,CMP-02,ES,1753,59,41.12
2024-01-19,CMP-02,FR,11567,446,322.15
2024-01-19,CMP-02,GB,2227,72,54.49
2024-01-19,CMP-02,IT,563,19,14.76
2024-01-19,CMP-02,NL,117,4,3.18
2024-01-19,CMP-02,PL,655,21,16.6
2024-01-19,CMP-02,SE,4405,159,127.41
2024-01-19,CMP-02,US,28986,979,744.13
2024-01-19,CMP-03,CA,430,15,9.42
2024-01-19,CMP-03,DE,840,29,18.13
2024-01-19,CMP-03,ES,1501,56,32.42
2024-01-19,CMP-03,FR,10826,360,216.8
2024-01-19,CMP-03,GB,1798,66,41.92
2024-01-19,CMP-03,IT,682,25,15.06
2024-01-19,CMP-03,NL,189,7,4.42
2024-01-19,CMP-03,PL,717,25,13.76
2024-01-19,CMP-03,SE,3009,116,65.56
2024-01-19,CMP-03,US,23451,864,470.7
2024-01-19,CMP-04,GB,667,25,21.72
2024-01-19,CMP-06,CA,163,6,4.01
2024-01-19,CMP-06,DE,947,32,20.79
2024-01-19,CMP-06,ES,1472,57,34.3
2024-01-19,CMP-06,FR,9602,351,218.42
2024-01-19,CMP-06,GB,1729,60,34.92
2024-01-19,CMP-06,IT,614,22,12.92
2024-01-19,CMP-06,NL,78,3,1.82
2024-01-19,CMP-06,PL,576,19,11.15
2024-01-19,CMP-06,SE,3046,115,71.01
2024-01-19,CMP-06,US,24649,858,519.32
2024-01-19,CMP-07,CA,1555,17,5.01
2024-01-19,CMP-07,DE,3026,40,11.76
2024-01-19,CMP-07,ES,5232,69,22.63
2024-01-19,CMP-07,FR,38723,512,167.39
2024-01-19,CMP-07,GB,9541,108,36.76
2024-01-19,CMP-07,IT,2178,26,7.98
2024-01-19,CMP-07,NL,320,4,1.37
2024-01-19,CMP-07,PL,2282,29,8.83
2024-01-19,CMP-07,SE,13580,154,52.54
2024-01-19,CMP-07,US,97498,1108,342.93
2024-01-19,CMP-08,CA,881,11,2.48
2024-01-19,CMP-08,DE,2706,33,8.71
2024-01-19,CMP-08,ES,5533,69,16.55
2024-01-19,CMP-08,FR,28257,311,77.33
2024-01-19,CMP-08,GB,6816,78,18.33
2024-01-19,CMP-08,IT,1048,13,3.09
2024-01-19,CMP-08,NL,274,3,0.72
2024-01-19,CMP-08,PL,2045,27,7.17
2024-01-19,CMP-08,SE,9260,117,31.47
2024-01-19,CMP-08,US,64707,798,192.09
2024-01-19,CMP-09,DE,1126,15,4.99
2024-01-19,CMP-12,CA,276,8,1.11
2024-01-19,CMP-12,DE,1581,48,5.83
2024-01-19,CMP-12,ES,2138,61,8.13
2024-01-19,CMP-12,FR,13594,442,54.5
2024-01-19,CMP-12,GB,3154,91,11.12
2024-01-19,CMP-12,IT,846,26,3.18
2024-01-19,CMP-12,NL,281,8,1.04
2024-01-19,CMP-12,PL,1098,32,4.63
2024-01-19,CMP-12,SE,4766,147,19.59
2024-01-19,CMP-12,US,35541,1010,121.48
2024-01-19,CMP-13,CA,402,11,1.36
2024-01-19,CMP-13,DE,822,24,3.46
2024-01-19,CMP-13,ES,1067,32,4.66
2024-01-19,CMP-13,FR,8130,232,28.1
2024-01-19,CMP-13,GB,1322,42,5.29
2024-01-19,CMP-13,IT,371,12,1.56
2024-01-19,CMP-13,NL,72,2,0.28
2024-01-19,CMP-13,PL,422,14,1.9
2024-01-19,CMP-13,SE,3110,98,12.71
2024-01-19,CMP-13,US,18893,535,70.86
2024-01-19,CMP-16,CA,647,12,5.09
2024-01-19,CMP-16,DE,1878,38,18.51
2024-01-19,CMP-16,ES,2720,56,26.88
2024-01-19,CMP-16,FR,15999,353,143.29
2024-01-19,CMP-16,GB,3473,74,33.66
2024-01-19,CMP-16,IT,1029,22,9.8
2024-01-19,CMP-16,NL,407,8,3.78
2024-01-19,CMP-16,PL,876,17,7.7
2024-01-19,CMP-16,SE,4842,105,43.81
2024-01-19,CMP-16,US,38037,783,336.35
2024-01-20,CMP-01,CA,86,3,1.02
2024-01-20,CMP-01,DE,1203,39,12.89
2024-01-20,CMP-01,ES,1937,63,20.86
2024-01-20,CMP-01,FR,13702,494,171.65
2024-01-20,CMP-01,GB,2953,94,29.64
2024-01-20,CMP-01,IT,1024,33,10.98
2024-01-20,CMP-01,NL,161,6,1.83
2024-01-20,CMP-01,PL,857,29,8.86
2024-01-20,CMP-01,SE,4420,164,49.73
2024-01-20,CMP-01,US,31559,1055,337.71
2024-01-20,CMP-02,CA,220,8,5.64
2024-01-20,CMP-02,DE,1620,53,40.79
2024-01-20,CMP-02,ES,1623,58,39.17
2024-01-20,CMP-02,FR,15428,594,461.91
2024-01-20,CMP-02,GB,3669,117,91.25
2024-01-20,CMP-02,IT,937,30,20.36
2024-01-20,CMP-02,NL,239,9,6.93
2024-01-20,CMP-02,PL,983,33,22.18
2024-01-20,CMP-02,SE,6107,211,159.73
2024-01-20,CMP-02,US,40426,1310,881.27
2024-01-20,CMP-03,CA,519,19,10.49
2024-01-20,CMP-03,DE,1135,40,21.24
2024-01-20,CMP-03,ES,2197,79,48.59
2024-01-20,CMP-03,FR,13700,467,267.25
2024-01-20,CMP-03,GB,2821,96,60.97
2024-01-20,CMP-03,IT,560,21,12.41
2024-01-20,CMP-03,NL,192,7,3.88
2024-01-20,CMP-03,PL,597,21,11.59
2024-01-20,CMP-03,SE,5059,185,105.58
2024-01-20,CMP-03,US,33480,1102,583.68
2024-01-20,CMP-04,GB,793,29,22.89
2024-01-20,CMP-06,CA,352,13,7.46
2024-01-20,CMP-06,DE,1270,42,26.63
2024-01-20,CMP-06,ES,1990,64,37.72
2024-01-20,CMP-06,FR,13448,465,284.68
2024-01-20,CMP-06,GB,2977,97,58.93
2024-01-20,CMP-06,IT,829,27,17.62
2024-01-20,CMP-06,NL,309,10,5.8
2024-01-20,CMP-06,PL,799,28,18.6
2024-01-20,CMP-06,SE,6201,198,118.65
2024-01-20,CMP-06,US,28183,994,622.72
2024-01-20,CMP-07,CA,1696,20,5.89
2024-01-20,CMP-07,DE,3327,42,13.3
2024-01-20,CMP-07,ES,8074,98,34.5
2024-01-20,CMP-07,FR,50690,630,210.77
2024-01-20,CMP-07,GB,11826,130,39.33
2024-01-20,CMP-07,IT,3476,42,13.02
2024-01-20,CMP-07,NL,865,11,3.51
2024-01-20,CMP-07,PL,2253,28,8.71
2024-01-20,CMP-07,SE,17997,222,77.74
2024-01-20,CMP-07,US,110437,1434,429.6
2024-01-20,CMP-08,CA,1295,16,4.38
2024-01-20,CMP-08,DE,2962,36,8.45
2024-01-20,CMP-08,ES,6530,72,18.98
2024-01-20,CMP-08,FR,39497,439,111.23
2024-01-20,CMP-08,GB,7798,91,21.12
2024-01-20,CMP-08,IT,2617,31,7.81
2024-01-20,CMP-08,NL,724,8,1.98
2024-01-20,CMP-08,PL,1993,26,6.61
2024-01-20,CMP-08,SE,12932,169,40.6
2024-01-20,CMP-08,US,82212,971,239.54
2024-01-20,CMP-09,DE,1469,17,6.26
2024-01-20,CMP-12,CA,325,10,1.29
2024-01-20,CMP-12,DE,2101,58,7.33
2024-01-20,CMP-12,ES,3268,106,15.27
2024-01-20,CMP-12,FR,19020,608,75.46
2024-01-20,CMP-12,GB,4467,122,16.76
2024-01-20,CMP-12,IT,1125,37,5.26
2024-01-20,CMP-12,NL,275,8,1.08
2024-01-20,CMP-12,PL,1139,33,4.4
2024-01-20,CMP-12,SE,7380,207,27.33
2024-01-20,CMP-12,US,44333,1301,156.93
2024-01-20,CMP-13,CA,299,9,1.15
2024-01-20,CMP-13,DE,1055,30,3.87
2024-01-20,CMP-13,ES,1054,32,4.09
2024-01-20,CMP-13,FR,11400,320,44.89
2024-01-20,CMP-13,GB,1590,53,7.3
2024-01-20,CMP-13,IT,520,16,2.24
2024-01-20,CMP-13,NL,183,6,0.85
2024-01-20,CMP-13,PL,590,17,2.08
2024-01-20,CMP-13,SE,3571,111,16.07
2024-01-20,CMP-13,US,21435,668,91.5
2024-01-20,CMP-16,CA,376,7,3.36
2024-01-20,CMP-16,DE,2374,46,19.35
2024-01-20,CMP-16,ES,2656,55,25.19
2024-01-20,CMP-16,FR,23419,444,200.33
2024-01-20,CMP-16,GB,4224,83,34.87
2024-01-20,CMP-16,IT,1105,23,10.91
2024-01-20,CMP-16,NL,345,7,3.39
2024-01-20,CMP-16,PL,1236,23,9.95
2024-01-20,CMP-16,SE,8182,165,67.12
2024-01-20,CMP-16,US,46605,984,480.31
2024-01-21,CMP-01,CA,624,24,7.97
2024-01-21,CMP-01,DE,1183,40,13.4
2024-01-21,CMP-01,ES,1968,66,21.0
2024-01-21,CMP-01,FR,13495,481,146.02
2024-01-21,CMP-01,GB,2275,84,28.72
2024-01-21,CMP-01,IT,528,19,6.14
2024-01-21,CMP-01,NL,306,10,3.14
2024-01-21,CMP-01,PL,461,16,4.96
2024-01-21,CMP-01,SE,4986,161,52.22
2024-01-21,CMP-01,US,31476,1047,369.2
2024-01-21,CMP-02,CA,605,20,13.75
2024-01-21,CMP-02,DE,1448,56,43.3
2024-01-21,CMP-02,ES,2249,80,54.9
2024-01-21,CMP-02,FR,17190,578,411.07
2024-01-21,CMP-02,GB,3390,115,92.13
2024-01-21,CMP-02,IT,1003,38,27.49
2024-01-21,CMP-02,NL,86,3,2.09
2024-01-21,CMP-02,PL,883,30,21.1
2024-01-21,CMP-02,SE,5497,206,154.4
2024-01-21,CMP-02,US,37784,1288,1023.34
2024-01-21,CMP-03,CA,557,20,12.56
2024-01-21,CMP-03,DE,1020,36,18.87
2024-01-21,CMP-03,ES,2149,72,40.65
2024-01-21,CMP-03,FR,15309,504,300.43
2024-01-21,CMP-03,GB,2328,78,41.9
2024-01-21,CMP-03,IT,741,25,13.73
2024-01-21,CMP-03,NL,84,3,1.84
2024-01-21,CMP-03,PL,685,23,13.82
2024-01-21,CMP-03,SE,3984,153,97.01
2024-01-21,CMP-03,US,32191,1077,649.91
2024-01-21,CMP-04,GB,659,25,20.88
2024-01-21,CMP-06,CA,547,18,9.93
2024-01-21,CMP-06,DE,1562,55,31.73
2024-01-21,CMP-06,ES,2381,76,46.75
2024-01-21,CMP-06,FR,14593,465,281.34
2024-01-21,CMP-06,GB,3334,107,63.13
2024-01-21,CMP-06,IT,955,33,19.64
2024-01-21,CMP-06,NL,92,3,1.74
2024-01-21,CMP-06,PL,706,25,14.85
2024-01-21,CMP-06,SE,4314,159,94.06
2024-01-21,CMP-06,US,34700,1119,668.37
2024-01-21,CMP-07,CA,1722,20,7.01
2024-01-21,CMP-07,DE,3799,44,14.37
2024-01-21,CMP-07,ES,7944,92,30.67
2024-01-21,CMP-07,FR,53311,655,220.45
2024-01-21,CMP-07,GB,11390,133,38.9
2024-01-21,CMP-07,IT,2781,36,12.46
2024-01-21,CMP-07,NL,559,7,2.4
2024-01-21,CMP-07,PL,2090,23,7.11
2024-01-21,CMP-07,SE,21351,245,71.36
2024-01-21,CMP-07,US,125928,1438,477.9
2024-01-21,CMP-08,CA,608,8,2.04
2024-01-21,CMP-08,DE,3057,38,10.34
2024-01-21,CMP-08,ES,6971,82,19.69
2024-01-21,CMP-08,FR,36566,454,121.05
2024-01-21,CMP-08,GB,8211,99,23.81
2024-01-21,CMP-08,IT,2829,35,8.97
2024-01-21,CMP-08,NL,601,7,1.88
2024-01-21,CMP-08,PL,2069,23,5.73
2024-01-21,CMP-08,SE,14905,168,41.69
2024-01-21,CMP-08,US,87456,996,227.47
2024-01-21,CMP-09,DE,1701,21,7.07
2024-01-21,CMP-12,CA,316,10,1.4
2024-01-21,CMP-12,DE,1472,46,6.39
2024-01-21,CMP-12,ES,3114,91,12.94
2024-01-21,CMP-12,FR,17975,584,78.19
2024-01-21,CMP-12,GB,3398,105,15.4
2024-01-21,CMP-12,IT,1148,38,5.12
2024-01-21,CMP-12,NL,211,7,0.92
2024-01-21,CMP-12,PL,1203,34,4.93
2024-01-21,CMP-12,SE,6692,199,27.81
2024-01-21,CMP-12,US,39393,1290,166.69
2024-01-21,CMP-13,CA,272,8,1.05
2024-01-21,CMP-13,DE,1271,35,4.4
2024-01-21,CMP-13,ES,1386,41,5.69
2024-01-21,CMP-13,FR,12159,336,41.54
2024-01-21,CMP-13,GB,2394,78,10.11
2024-01-21,CMP-13,IT,528,17,2.27
2024-01-21,CMP-13,NL,214,6,0.76
2024-01-21,CMP-13,PL,571,17,2.05
2024-01-21,CMP-13,SE,4184,134,16.59
2024-01-21,CMP-13,US,24292,715,104.01
2024-01-21,CMP-16,CA,452,9,4.12
2024-01-21,CMP-16,DE,1953,41,16.45
2024-01-21,CMP-16,ES,2948,61,25.76
2024-01-21,CMP-16,FR,23409,455,221.69
2024-01-21,CMP-16,GB,3558,69,28.94
2024-01-21,CMP-16,IT,1917,36,16.16
2024-01-21,CMP-16,NL,467,9,4.07
2024-01-21,CMP-16,PL,951,21,9.58
2024-01-21,CMP-16,SE,6863,139,61.83
2024-01-21,CMP-16,US,53050,1018,456.95
2024-01-22,CMP-01,CA,321,11,3.81
2024-01-22,CMP-01,DE,1191,39,12.71
2024-01-22,CMP-01,ES,1511,52,16.23
2024-01-22,CMP-01,FR,11217,377,137.33
2024-01-22,CMP-01,GB,2591,86,31.79
2024-01-22,CMP-01,IT,723,24,8.3
2024-01-22,CMP-01,NL,59,2,0.71
2024-01-22,CMP-01,PL,337,11,3.53
2024-01-22,CMP-01,SE,3995,133,49.0
2024-01-22,CMP-01,US,24539,798,262.4
2024-01-22,CMP-02,CA,467,17,12.04
2024-01-22,CMP-02,DE,1186,42,28.6
2024-01-22,CMP-02,ES,1892,71,47.61
2024-01-22,CMP-02,FR,11618,432,325.17
2024-01-22,CMP-02,GB,2364,83,65.75
2024-01-22,CMP-02,IT,909,30,23.51
2024-01-22,CMP-02,NL,233,8,5.75
2024-01-22,CMP-02,PL,571,22,16.97
2024-01-22,CMP-02,SE,4973,165,110.47
2024-01-22,CMP-02,US,30028,999,779.71
2024-01-22,CMP-03,CA,160,6,3.63
2024-01-22,CMP-03,DE,748,29,17.06
2024-01-22,CMP-03,ES,1346,48,28.22
2024-01-22,CMP-03,FR,10230,370,196.83
2024-01-22,CMP-03,GB,1799,59,35.02
2024-01-22,CMP-03,IT,580,21,12.22
2024-01-22,CMP-03,NL,220,7,4.47
2024-01-22,CMP-03,PL,677,22,11.94
2024-01-22,CMP-03,SE,3811,135,71.46
2024-01-22,CMP-03,US,23330,789,455.29
2024-01-22,CMP-04,GB,893,32,23.69
2024-01-22,CMP-06,CA,347,12,7.29
2024-01-22,CMP-06,DE,940,30,17.59
2024-01-22,CMP-06,ES,1445,49,31.88
2024-01-22,CMP-06,FR,9980,341,194.67
2024-01-22,CMP-06,GB,1912,66,39.15
2024-01-22,CMP-06,IT,783,29,16.86
2024-01-22,CMP-06,NL,134,5,3.01
2024-01-22,CMP-06,PL,631,21,13.21
2024-01-22,CMP-06,SE,3277,117,74.62
2024-01-22,CMP-06,US,21843,833,547.19
2024-01-22,CMP-07,CA,1191,15,4.99
2024-01-22,CMP-07,DE,3572,43,13.41
2024-01-22,CMP-07,ES,5744,71,20.53
2024-01-22,CMP-07,FR,42718,500,150.49
2024-01-22,CMP-07,GB,7096,92,27.2
2024-01-22,CMP-07,IT,2528,28,8.15
2024-01-22,CMP-07,NL,495,6,2.08
2024-01-22,CMP-07,PL,1991,22,6.59
2024-01-22,CMP-07,SE,13851,169,55.03
2024-01-22,CMP-07,US,87143,1046,365.72
2024-01-22,CMP-08,CA,915,10,2.71
2024-01-22,CMP-08,DE,1734,21,4.93
2024-01-22,CMP-08,ES,3651,47,10.59
2024-01-22,CMP-08,FR,28786,321,79.16
2024-01-22,CMP-08,GB,5979,66,15.51
2024-01-22,CMP-08,IT,1598,20,4.76
2024-01-22,CMP-08,NL,412,5,1.19
2024-01-22,CMP-08,PL,1503,18,4.79
2024-01-22,CMP-08,SE,10998,130,32.48
2024-01-22,CMP-08,US,63153,733,173.5
2024-01-22,CMP-09,DE,946,12,4.15
2024-01-22,CMP-12,CA,512,14,1.81
2024-01-22,CMP-12,DE,1395,40,5.79
2024-01-22,CMP-12,ES,2049,65,9.18
2024-01-22,CMP-12,FR,14990,427,57.22
2024-01-22,CMP-12,GB,3135,89,11.65
2024-01-22,CMP-12,IT,991,30,3.98
2024-01-22,CMP-12,NL,162,5,0.64
2024-01-22,CMP-12,PL,602,18,2.28
2024-01-22,CMP-12,SE,5696,171,23.26
2024-01-22,CMP-12,US,31546,1035,125.68
2024-01-22,CMP-13,CA,275,8,1.03
2024-01-22,CMP-13,DE,571,17,2.41
2024-01-22,CMP-13,ES,1292,38,4.69
2024-01-22,CMP-13,FR,8811,285,40.5
2024-01-22,CMP-13,GB,1356,43,5.86
2024-01-22,CMP-13,IT,583,17,2.09
2024-01-22,CMP-13,NL,95,3,0.43
2024-01-22,CMP-13,PL,340,11,1.35
2024-01-22,CMP-13,SE,3006,98,12.15
2024-01-22,CMP-13,US,19540,603,80.53
2024-01-22,CMP-16,CA,651,12,4.98
2024-01-22,CMP-16,DE,1896,36,15.24
2024-01-22,CMP-16,ES,2007,39,17.21
2024-01-22,CMP-16,FR,16669,334,143.6
2024-01-22,CMP-16,GB,3245,72,34.59
2024-01-22,CMP-16,IT,1261,25,10.98
2024-01-22,CMP-16,NL,464,9,4.09
2024-01-22,CMP-16,PL,357,7,2.97
2024-01-22,CMP-16,SE,6910,134,53.78
2024-01-22,CMP-16,US,42203,769,313.48
2024-01-23,CMP-01,CA,339,12,4.12
2024-01-23,CMP-01,DE,1071,35,11.17
2024-01-23,CMP-01,ES,1427,51,17.79
2024-01-23,CMP-01,FR,10282,354,111.06
2024-01-23,CMP-01,GB,1920,62,19.34
2024-01-23,CMP-01,IT,682,22,6.88
2024-01-23,CMP-01,NL,212,7,2.27
2024-01-23,CMP-01,PL,535,18,5.59
2024-01-23,CMP-01,SE,3448,128,47.42
2024-01-23,CMP-01,US,23711,783,282.18
2024-01-23,CMP-02,CA,446,15,10.4
2024-01-23,CMP-02,DE,1197,45,33.78
2024-01-23,CMP-02,ES,1811,69,45.74
2024-01-23,CMP-02,FR,11675,426,319.64
2024-01-23,CMP-02,GB,2527,87,69.28
2024-01-23,CMP-02,IT,673,25,17.26
2024-01-23,CMP-02,NL,193,7,4.79
2024-01-23,CMP-02,PL,754,25,18.01
2024-01-23,CMP-02,SE,4382,166,120.51
2024-01-23,CMP-02,US,30396,975,757.75
2024-01-23,CMP-03,CA,212,7,3.93
2024-01-23,CMP-03,DE,838,32,20.1
2024-01-23,CMP-03,ES,1511,58,36.05
2024-01-23,CMP-03,FR,9614,359,193.88
2024-01-23,CMP-03,GB,2413,80,42.0
2024-01-23,CMP-03,IT,573,22,13.57
2024-01-23,CMP-03,NL,299,10,6.07
2024-01-23,CMP-03,PL,495,17,10.01
2024-01-23,CMP-03,SE,4297,150,95.33
2024-01-23,CMP-03,US,25998,851,489.45
2024-01-23,CMP-04,GB,1200,40,30.39
2024-01-23,CMP-06,CA,359,13,8.76
2024-01-23,CMP-06,DE,915,30,19.72
2024-01-23,CMP-06,ES,2006,78,46.81
2024-01-23,CMP-06,FR,9451,345,195.84
2024-01-23,CMP-06,GB,2004,75,47.68
2024-01-23,CMP-06,IT,673,23,13.26
2024-01-23,CMP-06,NL,161,6,3.76
2024-01-23,CMP-06,PL,367,13,7.69
2024-01-23,CMP-06,SE,3755,141,92.1
2024-01-23,CMP-06,US,23140,816,539.87
2024-01-23,CMP-07,CA,1324,17,5.69
2024-01-23,CMP-07,DE,2724,32,9.3
2024-01-23,CMP-07,ES,4925,64,18.98
2024-01-23,CMP-07,FR,40383,521,167.49
2024-01-23,CMP-07,GB,8685,103,30.57
2024-01-23,CMP-07,IT,2582,30,8.74
2024-01-23,CMP-07,NL,807,9,2.97
2024-01-23,CMP-07,PL,2224,26,8.56
2024-01-23,CMP-07,SE,14600,184,62.17
2024-01-23,CMP-07,US,87712,1087,377.18
2024-01-23,CMP-08,CA,684,8,2.18
2024-01-23,CMP-08,DE,1991,26,6.02
2024-01-23,CMP-08,ES,4648,51,13.21
2024-01-23,CMP-08,FR,32833,366,82.84
2024-01-23,CMP-08,GB,5674,64,14.59
2024-01-23,CMP-08,IT,1648,21,5.0
2024-01-23,CMP-08,NL,728,8,2.19
2024-01-23,CMP-08,PL,1466,18,4.87
2024-01-23,CMP-08,SE,9871,124,30.9
2024-01-23,CMP-08,US,63530,764,188.71
2024-01-23,CMP-09,DE,690,9,3.07
2024-01-23,CMP-12,CA,334,10,1.41
2024-01-23,CMP-12,DE,1538,44,6.2
2024-01-23,CMP-12,ES,2946,81,9.92
2024-01-23,CMP-12,FR,16522,481,58.38
2024-01-23,CMP-12,GB,2984,91,11.55
2024-01-23,CMP-12,IT,774,24,3.21
2024-01-23,CMP-12,NL,381,12,1.68
2024-01-23,CMP-12,PL,611,18,2.46
2024-01-23,CMP-12,SE,5775,176,22.63
2024-01-23,CMP-12,US,36847,1052,149.12
2024-01-23,CMP-13,CA,66,2,0.28
2024-01-23,CMP-13,DE,731,21,2.71
2024-01-23,CMP-13,ES,1468,41,5.02
2024-01-23,CMP-13,FR,9140,258,32.07
2024-01-23,CMP-13,GB,2238,65,8.5
2024-01-23,CMP-13,IT,629,20,2.49
2024-01-23,CMP-13,NL,109,3,0.37
2024-01-23,CMP-13,PL,447,14,1.78
2024-01-23,CMP-13,SE,2260,72,10.06
2024-01-23,CMP-13,US,19119,560,82.1
2024-01-23,CMP-16,CA,434,8,3.83
2024-01-23,CMP-16,DE,1457,29,13.61
2024-01-23,CMP-16,ES,3479,65,31.06
2024-01-23,CMP-16,FR,19376,368,173.1
2024-01-23,CMP-16,GB,3547,70,28.5
2024-01-23,CMP-16,IT,1010,19,9.14
2024-01-23,CMP-16,NL,341,7,3.22
2024-01-23,CMP-16,PL,1061,21,9.8
2024-01-23,CMP-16,SE,7184,142,61.08
2024-01-23,CMP-16,US,39527,729,292.75
2024-01-24,CMP-01,CA,396,15,5.4
2024-01-24,CMP-01,DE,1080,41,13.52
2024-01-24,CMP-01,ES,1890,65,23.98
2024-01-24,CMP-01,FR,11026,375,131.89
2024-01-24,CMP-01,GB,1993,69,21.71
2024-01-24,CMP-01,IT,438,17,5.24
2024-01-24,CMP-01,NL,157,6,1.94
2024-01-24,CMP-01,PL,589,21,7.69
2024-01-24,CMP-01,SE,3467,131,45.32
2024-01-24,CMP-01,US,21582,779,281.9
2024-01-24,CMP-02,CA,469,16,10.64
2024-01-24,CMP-02,DE,1259,44,29.64
2024-01-24,CMP-02,ES,1743,66,51.76
2024-01-24,CMP-02,FR,11187,429,319.02
2024-01-24,CMP-02,GB,2311,87,58.66
2024-01-24,CMP-02,IT,671,22,17.77
2024-01-24,CMP-02,NL,231,8,6.37
2024-01-24,CMP-02,PL,881,30,20.86
2024-01-24,CMP-02,SE,4673,152,109.3
2024-01-24,CMP-02,US,25955,990,683.95
2024-01-24,CMP-03,CA,215,8,4.44
2024-01-24,CMP-03,DE,937,30,18.7
2024-01-24,CMP-03,ES,1513,53,32.18
2024-01-24,CMP-03,FR,10332,381,221.3
2024-01-24,CMP-03,GB,1838,71,43.52
2024-01-24,CMP-03,IT,952,33,20.91
2024-01-24,CMP-03,NL,235,8,5.11
2024-01-24,CMP-03,PL,531,19,10.18
2024-01-24,CMP-03,SE,3930,135,81.33
2024-01-24,CMP-03,US,23072,796,471.51
2024-01-24,CMP-04,GB,760,26,22.63
2024-01-24,CMP-06,CA,91,3,1.68
2024-01-24,CMP-06,DE,967,33,19.08
2024-01-24,CMP-06,ES,1384,52,29.12
2024-01-24,CMP-06,FR,10066,375,240.17
2024-01-24,CMP-06,GB,2216,73,49.14
2024-01-24,CMP-06,IT,548,21,12.12
2024-01-24,CMP-06,NL,246,9,5.97
2024-01-24,CMP-06,PL,356,12,7.0
2024-01-24,CMP-06,SE,3407,110,61.63
2024-01-24,CMP-06,US,23765,761,477.88
2024-01-24,CMP-07,CA,1003,11,3.54
2024-01-24,CMP-07,DE,3451,43,14.08
2024-01-24,CMP-07,ES,7030,77,23.28
2024-01-24,CMP-07,FR,35976,470,147.52
2024-01-24,CMP-07,GB,9688,106,36.94
2024-01-24,CMP-07,IT,2279,26,8.58
2024-01-24,CMP-07,NL,684,8,2.52
2024-01-24,CMP-07,PL,3194,36,11.3
2024-01-24,CMP-07,SE,13506,174,52.21
2024-01-24,CMP-07,US,81571,1078,372.39
2024-01-24,CMP-08,CA,475,6,1.48
2024-01-24,CMP-08,DE,2219,29,6.85
2024-01-24,CMP-08,ES,3832,44,10.21
2024-01-24,CMP-08,FR,30155,366,97.55
2024-01-24,CMP-08,GB,5644,65,14.77
2024-01-24,CMP-08,IT,1586,19,4.85
2024-01-24,CMP-08,NL,358,4,0.99
2024-01-24,CMP-08,PL,1140,14,3.59
2024-01-24,CMP-08,SE,10516,128,33.53
2024-01-24,CMP-08,US,65585,791,209.68
2024-01-24,CMP-09,DE,815,9,3.47
2024-01-24,CMP-12,CA,422,12,1.47
2024-01-24,CMP-12,DE,1284,40,5.4
2024-01-24,CMP-12,ES,2061,66,9.58
2024-01-24,CMP-12,FR,15033,459,59.89
2024-01-24,CMP-12,GB,3620,103,12.71
2024-01-24,CMP-12,IT,983,31,3.77
2024-01-24,CMP-12,NL,130,4,0.51
2024-01-24,CMP-12,PL,674,19,2.54
2024-01-24,CMP-12,SE,5710,165,21.21
2024-01-24,CMP-12,US,32872,1027,133.11
2024-01-24,CMP-13,CA,285,8,0.98
2024-01-24,CMP-13,DE,706,20,2.58
2024-01-24,CMP-13,ES,1091,30,4.26
2024-01-24,CMP-13,FR,9451,258,32.13
2024-01-24,CMP-13,GB,1956,59,7.3
2024-01-24,CMP-13,IT,536,17,2.45
2024-01-24,CMP-13,NL,164,5,0.63
2024-01-24,CMP-13,PL,404,12,1.76
2024-01-24,CMP-13,SE,2622,83,11.69
2024-01-24,CMP-13,US,19730,575,80.34
2024-01-24,CMP-16,CA,545,10,4.74
2024-01-24,CMP-16,DE,1515,31,14.93
2024-01-24,CMP-16,ES,2685,54,22.77
2024-01-24,CMP-16,FR,17736,338,160.27
2024-01-24,CMP-16,GB,3170,69,31.2
2024-01-24,CMP-16,IT,1391,27,11.45
2024-01-24,CMP-16,NL,424,8,3.81
2024-01-24,CMP-16,PL,1182,22,10.48
2024-01-24,CMP-16,SE,6191,136,61.78
2024-01-24,CMP-16,US,41132,770,367.18
2024-01-25,CMP-01,CA,267,9,2.99
2024-01-25,CMP-01,DE,756,28,9.58
2024-01-25,CMP-01,ES,1331,50,17.68
2024-01-25,CMP-01,FR,10643,376,131.97
2024-01-25,CMP-01,GB,2391,77,26.3
2024-01-25,CMP-01,IT,399,15,4.8
2024-01-25,CMP-01,NL,182,6,2.08
2024-01-25,CMP-01,PL,474,18,5.48
2024-01-25,CMP-01,SE,3506,119,40.83
2024-01-25,CMP-01,US,24510,795,262.45
2024-01-25,CMP-02,CA,136,5,3.8
2024-01-25,CMP-02,DE,972,37,26.86
2024-01-25,CMP-02,ES,1898,66,45.21
2024-01-25,CMP-02,FR,12718,474,345.67
2024-01-25,CMP-02,GB,1997,76,50.46
2024-01-25,CMP-02,IT,663,22,15.66
2024-01-25,CMP-02,NL,192,7,5.55
2024-01-25,CMP-02,PL,986,34,24.49
2024-01-25,CMP-02,SE,4277,141,97.26
2024-01-25,CMP-02,US,28234,1009,758.99
2024-01-25,CMP-03,CA,362,13,7.52
2024-01-25,CMP-03,DE,744,26,15.05
2024-01-25,CMP-03,ES,1562,50,29.3
2024-01-25,CMP-03,FR,10417,385,206.93
2024-01-25,CMP-03,GB,1705,64,38.92
2024-01-25,CMP-03,IT,866,30,18.54
2024-01-25,CMP-03,NL,155,5,3.13
2024-01-25,CMP-03,PL,387,15,8.07
2024-01-25,CMP-03,SE,3871,142,77.55
2024-01-25,CMP-03,US,24798,812,431.6
2024-01-25,CMP-04,GB,902,33,28.11
2024-01-25,CMP-06,CA,296,10,5.84
2024-01-25,CMP-06,DE,843,27,15.82
2024-01-25,CMP-06,ES,1791,60,37.02
2024-01-25,CMP-06,FR,9728,358,234.69
2024-01-25,CMP-06,GB,2116,79,51.18
2024-01-25,CMP-06,IT,634,24,13.64
2024-01-25,CMP-06,NL,228,8,4.57
2024-01-25,CMP-06,PL,382,13,7.56
2024-01-25,CMP-06,SE,4006,131,73.22
2024-01-25,CMP-06,US,25358,858,577.48
2024-01-25,CMP-07,CA,331,4,1.31
2024-01-25,CMP-07,DE,2061,26,8.76
2024-01-25,CMP-07,ES,5067,67,22.6
2024-01-25,CMP-07,FR,39331,489,144.36
2024-01-25,CMP-07,GB,8382,106,32.92
2024-01-25,CMP-07,IT,2453,30,9.47
2024-01-25,CMP-07,NL,724,8,2.43
2024-01-25,CMP-07,PL,2781,32,10.78
2024-01-25,CMP-07,SE,13866,155,54.11
2024-01-25,CMP-07,US,88943,1074,359.08
2024-01-25,CMP-08,CA,697,8,1.98
2024-01-25,CMP-08,DE,2138,27,6.59
2024-01-25,CMP-08,ES,4872,56,13.15
2024-01-25,CMP-08,FR,31871,354,80.95
2024-01-25,CMP-08,GB,6298,79,21.62
2024-01-25,CMP-08,IT,1635,19,4.41
2024-01-25,CMP-08,NL,342,4,0.92
2024-01-25,CMP-08,PL,1336,17,4.56
2024-01-25,CMP-08,SE,9880,118,32.16
2024-01-25,CMP-08,US,64664,778,179.61
2024-01-25,CMP-09,DE,782,10,3.28
2024-01-25,CMP-12,CA,515,15,2.02
2024-01-25,CMP-12,DE,1351,39,5.56
2024-01-25,CMP-12,ES,2709,82,11.78
2024-01-25,CMP-12,FR,15323,444,61.96
2024-01-25,CMP-12,GB,2766,88,10.74
2024-01-25,CMP-12,IT,1009,31,3.75
2024-01-25,CMP-12,NL,325,9,1.27
2024-01-25,CMP-12,PL,639,21,3.02
2024-01-25,CMP-12,SE,4931,144,19.22
2024-01-25,CMP-12,US,33355,1010,134.6
2024-01-25,CMP-13,CA,231,7,0.93
2024-01-25,CMP-13,DE,928,26,3.13
2024-01-25,CMP-13,ES,1230,39,5.31
2024-01-25,CMP-13,FR,8068,248,34.76
2024-01-25,CMP-13,GB,1465,46,6.65
2024-01-25,CMP-13,IT,607,17,2.32
2024-01-25,CMP-13,NL,152,5,0.6
2024-01-25,CMP-13,PL,341,11,1.59
2024-01-25,CMP-13,SE,3132,91,12.45
2024-01-25,CMP-13,US,18318,509,64.86
2024-01-25,CMP-16,CA,491,10,4.8
2024-01-25,CMP-16,DE,2205,43,18.93
2024-01-25,CMP-16,ES,2098,45,20.95
2024-01-25,CMP-16,FR,18803,342,144.28
2024-01-25,CMP-16,GB,3564,74,33.41
2024-01-25,CMP-16,IT,1139,22,10.08
2024-01-25,CMP-16,NL,202,4,1.85
2024-01-25,CMP-16,PL,466,9,3.86
2024-01-25,CMP-16,SE,6306,118,55.44
2024-01-25,CMP-16,US,38659,773,365.67
2024-01-26,CMP-01,CA,323,11,3.54
2024-01-26,CMP-01,DE,1085,35,12.66
2024-01-26,CMP-01,ES,1556,51,17.18
2024-01-26,CMP-01,FR,11569,371,123.49
2024-01-26,CMP-01,GB,1894,70,23.28
2024-01-26,CMP-01,IT,961,32,10.01
2024-01-26,CMP-01,NL,152,5,1.65
2024-01-26,CMP-01,PL,577,22,7.01
2024-01-26,CMP-01,SE,4393,142,47.62
2024-01-26,CMP-01,US,25529,830,302.9
2024-01-26,CMP-02,CA,490,18,12.22
2024-01-26,CMP-02,DE,1384,49,32.55
2024-01-26,CMP-02,ES,1784,65,51.67
2024-01-26,CMP-02,FR,12191,430,303.42
2024-01-26,CMP-02,GB,2294,76,60.16
2024-01-26,CMP-02,IT,795,27,20.72
2024-01-26,CMP-02,NL,131,5,3.4
2024-01-26,CMP-02,PL,552,19,14.28
2024-01-26,CMP-02,SE,5217,170,114.17
2024-01-26,CMP-02,US,24215,930,745.21
2024-01-26,CMP-03,CA,131,5,2.77
2024-01-26,CMP-03,DE,1562,50,31.61
2024-01-26,CMP-03,ES,1516,52,28.02
2024-01-26,CMP-03,FR,10031,385,245.77
2024-01-26,CMP-03,GB,2309,75,46.15
2024-01-26,CMP-03,IT,486,16,9.97
2024-01-26,CMP-03,NL,84,3,1.62
2024-01-26,CMP-03,PL,708,24,13.04
2024-01-26,CMP-03,SE,3848,129,68.34
2024-01-26,CMP-03,US,25148,836,447.21
2024-01-26,CMP-04,GB,717,24,17.6
2024-01-26,CMP-06,CA,340,12,7.75
2024-01-26,CMP-06,DE,819,30,16.55
2024-01-26,CMP-06,ES,1607,56,34.11
2024-01-26,CMP-06,FR,10400,350,222.99
2024-01-26,CMP-06,GB,1586,61,35.83
2024-01-26,CMP-06,IT,390,14,8.54
2024-01-26,CMP-06,NL,141,5,3.17
2024-01-26,CMP-06,PL,653,24,15.36
2024-01-26,CMP-06,SE,4790,155,100.89
2024-01-26,CMP-06,US,22908,827,481.65
2024-01-26,CMP-07,CA,1359,15,5.05
2024-01-26,CMP-07,DE,3170,40,13.38
2024-01-26,CMP-07,ES,5546,71,21.25
2024-01-26,CMP-07,FR,43187,488,154.79
2024-01-26,CMP-07,GB,7895,98,34.4
2024-01-26,CMP-07,IT,2670,30,9.11
2024-01-26,CMP-07,NL,659,8,2.71
2024-01-26,CMP-07,PL,2641,30,8.7
2024-01-26,CMP-07,SE,14756,167,54.17
2024-01-26,CMP-07,US,81469,1068,354.09
2024-01-26,CMP-08,CA,611,8,2.05
2024-01-26,CMP-08,DE,2463,27,7.15
2024-01-26,CMP-08,ES,4228,52,13.22
2024-01-26,CMP-08,FR,28484,335,82.53
2024-01-26,CMP-08,GB,6752,78,20.35
2024-01-26,CMP-08,IT,2035,23,6.1
2024-01-26,CMP-08,NL,469,6,1.58
2024-01-26,CMP-08,PL,1597,18,4.2
2024-01-26,CMP-08,SE,9174,121,30.55
2024-01-26,CMP-08,US,57604,768,176.26
2024-01-26,CMP-09,DE,1056,12,3.9
2024-01-26,CMP-12,CA,433,12,1.6
2024-01-26,CMP-12,DE,1281,38,4.79
2024-01-26,CMP-12,ES,2091,68,8.5
2024-01-26,CMP-12,FR,16510,460,57.44
2024-01-26,CMP-12,GB,3550,103,14.6
2024-01-26,CMP-12,IT,767,25,3.27
2024-01-26,CMP-12,NL,266,8,1.07
2024-01-26,CMP-12,PL,941,27,3.29
2024-01-26,CMP-12,SE,4865,160,22.51
2024-01-26,CMP-12,US,35172,1009,131.27
2024-01-26,CMP-13,CA,151,5,0.66
2024-01-26,CMP-13,DE,657,18,2.21
2024-01-26,CMP-13,ES,1388,44,5.48
2024-01-26,CMP-13,FR,9014,269,37.25
2024-01-26,CMP-13,GB,1785,49,6.78
2024-01-26,CMP-13,IT,481,14,1.76
2024-01-26,CMP-13,NL,102,3,0.42
2024-01-26,CMP-13,PL,548,18,2.53
2024-01-26,CMP-13,SE,2488,81,11.8
2024-01-26,CMP-13,US,18984,581,73.52
2024-01-26,CMP-16,CA,568,11,4.71
2024-01-26,CMP-16,DE,1680,34,15.64
2024-01-26,CMP-16,ES,1937,37,15.9
2024-01-26,CMP-16,FR,16731,357,162.73
2024-01-26,CMP-16,GB,3936,81,39.64
2024-01-26,CMP-16,IT,1015,19,8.1
2024-01-26,CMP-16,NL,146,3,1.35
2024-01-26,CMP-16,PL,786,15,6.34
2024-01-26,CMP-16,SE,5838,124,52.36
2024-01-26,CMP-16,US,34416,730,296.58
2024-01-27,CMP-01,CA,466,15,5.26
2024-01-27,CMP-01,DE,1072,35,10.98
2024-01-27,CMP-01,ES,2443,80,26.7
2024-01-27,CMP-01,FR,12557,464,165.04
2024-01-27,CMP-01,GB,2598,89,27.94
2024-01-27,CMP-01,IT,764,26,8.11
2024-01-27,CMP-01,NL,188,6,2.02
2024-01-27,CMP-01,PL,500,16,5.76
2024-01-27,CMP-01,SE,5438,184,62.54
2024-01-27,CMP-01,US,25126,967,332.6
2024-01-27,CMP-02,CA,489,16,12.48
2024-01-27,CMP-02,DE,1430,55,37.35
2024-01-27,CMP-02,ES,2125,79,59.82
2024-01-27,CMP-02,FR,16247,590,425.1
2024-01-27,CMP-02,GB,2715,95,73.02
2024-01-27,CMP-02,IT,866,31,23.68
2024-01-27,CMP-02,NL,180,6,4.39
2024-01-27,CMP-02,PL,847,30,22.45
2024-01-27,CMP-02,SE,5785,188,137.79
2024-01-27,CMP-02,US,33798,1312,882.65
2024-01-27,CMP-03,CA,352,12,7.56
2024-01-27,CMP-03,DE,1022,33,18.87
2024-01-27,CMP-03,ES,1992,75,41.5
2024-01-27,CMP-03,FR,15431,497,283.57
2024-01-27,CMP-03,GB,2401,87,46.82
2024-01-27,CMP-03,IT,1041,35,21.53
2024-01-27,CMP-03,NL,353,12,6.44
2024-01-27,CMP-03,PL,734,24,13.01
2024-01-27,CMP-03,SE,4982,184,103.45
2024-01-27,CMP-03,US,27997,1020,651.24
2024-01-27,CMP-04,GB,995,38,32.52
2024-01-27,CMP-06,CA,232,8,4.63
2024-01-27,CMP-06,DE,1112,43,24.24
2024-01-27,CMP-06,ES,1936,67,44.12
2024-01-27,CMP-06,FR,15388,503,307.58
2024-01-27,CMP-06,GB,2420,91,58.17
2024-01-27,CMP-06,IT,841,29,17.31
2024-01-27,CMP-06,NL,212,8,4.7
2024-01-27,CMP-06,PL,653,22,13.59
2024-01-27,CMP-06,SE,4989,166,105.22
2024-01-27,CMP-06,US,29184,1117,618.76
2024-01-27,CMP-07,CA,2330,26,8.51
2024-01-27,CMP-07,DE,4959,57,16.86
2024-01-27,CMP-07,ES,6231,78,23.47
2024-01-27,CMP-07,FR,50143,606,186.19
2024-01-27,CMP-07,GB,9147,117,36.99
2024-01-27,CMP-07,IT,2859,37,13.04
2024-01-27,CMP-07,NL,498,6,1.76
2024-01-27,CMP-07,PL,2039,25,7.53
2024-01-27,CMP-07,SE,17387,218,75.43
2024-01-27,CMP-07,US,120427,1401,458.93
2024-01-27,CMP-08,CA,1353,16,4.18
2024-01-27,CMP-08,DE,2957,33,8.1
2024-01-27,CMP-08,ES,5811,71,19.33
2024-01-27,CMP-08,FR,40730,463,104.64
2024-01-27,CMP-08,GB,9023,102,25.15
2024-01-27,CMP-08,IT,3047,36,8.93
2024-01-27,CMP-08,NL,459,6,1.36
2024-01-27,CMP-08,PL,2299,26,6.38
2024-01-27,CMP-08,SE,14189,173,43.7
2024-01-27,CMP-08,US,86031,1015,236.43
2024-01-27,CMP-09,DE,1278,17,6.52
2024-01-27,CMP-12,CA,497,16,2.34
2024-01-27,CMP-12,DE,1791,50,6.52
2024-01-27,CMP-12,ES,2778,76,9.26
2024-01-27,CMP-12,FR,20651,614,76.72
2024-01-27,CMP-12,GB,4149,127,17.63
2024-01-27,CMP-12,IT,1003,28,3.62
2024-01-27,CMP-12,NL,345,10,1.26
2024-01-27,CMP-12,PL,1599,44,6.11
2024-01-27,CMP-12,SE,5844,192,26.93
2024-01-27,CMP-12,US,39778,1320,188.12
2024-01-27,CMP-13,CA,275,9,1.09
2024-01-27,CMP-13,DE,1010,29,3.56
2024-01-27,CMP-13,ES,1481,47,6.16
2024-01-27,CMP-13,FR,11387,328,39.65
2024-01-27,CMP-13,GB,2132,65,9.1
2024-01-27,CMP-13,IT,446,14,1.96
2024-01-27,CMP-13,NL,145,4,0.57
2024-01-27,CMP-13,PL,926,28,3.75
2024-01-27,CMP-13,SE,5052,146,20.62
2024-01-27,CMP-13,US,23627,765,95.25
2024-01-27,CMP-16,CA,284,6,2.5
2024-01-27,CMP-16,DE,1879,41,16.6
2024-01-27,CMP-16,ES,3152,62,28.93
2024-01-27,CMP-16,FR,24123,486,225.2
2024-01-27,CMP-16,GB,4189,90,36.52
2024-01-27,CMP-16,IT,1217,23,9.97
2024-01-27,CMP-16,NL,214,4,1.69
2024-01-27,CMP-16,PL,809,17,7.97
2024-01-27,CMP-16,SE,7885,154,66.87
2024-01-27,CMP-16,US,51339,1040,503.97
2024-01-28,CMP-01,CA,312,12,3.71
2024-01-28,CMP-01,DE,1337,43,14.14
2024-01-28,CMP-01,ES,2109,74,27.23
2024-01-28,CMP-01,FR,14271,508,174.58
2024-01-28,CMP-01,GB,2445,94,32.75
2024-01-28,CMP-01,IT,787,28,10.03
2024-01-28,CMP-01,NL,192,7,2.47
2024-01-28,CMP-01,PL,753,25,8.74
2024-01-28,CMP-01,SE,4894,169,58.17
2024-01-28,CMP-01,US,31111,1046,323.13
2024-01-28,CMP-02,CA,362,12,8.04
2024-01-28,CMP-02,DE,1251,47,31.29
2024-01-28,CMP-02,ES,2050,73,48.52
2024-01-28,CMP-02,FR,19039,617,472.26
2024-01-28,CMP-02,GB,3055,101,75.67
2024-01-28,CMP-02,IT,796,30,22.86
2024-01-28,CMP-02,NL,188,7,5.02
2024-01-28,CMP-02,PL,735,26,19.11
2024-01-28,CMP-02,SE,5507,207,148.5
2024-01-28,CMP-02,US,38654,1246,868.27
2024-01-28,CMP-03,CA,326,11,6.0
2024-01-28,CMP-03,DE,1275,45,26.12
2024-01-28,CMP-03,ES,1915,74,42.17
2024-01-28,CMP-03,FR,14807,499,296.21
2024-01-28,CMP-03,GB,2885,99,61.21
2024-01-28,CMP-03,IT,1014,34,19.61
2024-01-28,CMP-03,NL,115,4,2.37
2024-01-28,CMP-03,PL,758,28,16.78
2024-01-28,CMP-03,SE,5430,176,100.05
2024-01-28,CMP-03,US,31081,1036,657.03
2024-01-28,CMP-04,GB,1037,37,28.97
2024-01-28,CMP-06,CA,221,8,4.85
2024-01-28,CMP-06,DE,1249,44,26.31
2024-01-28,CMP-06,ES,2163,75,41.83
2024-01-28,CMP-06,FR,12068,464,279.58
2024-01-28,CMP-06,GB,2984,97,62.82
2024-01-28,CMP-06,IT,615,21,12.23
2024-01-28,CMP-06,NL,117,4,2.36
2024-01-28,CMP-06,PL,814,26,14.56
2024-01-28,CMP-06,SE,4372,141,87.95
2024-01-28,CMP-06,US,28475,1041,682.89
2024-01-28,CMP-07,CA,2081,24,7.21
2024-01-28,CMP-07,DE,4678,55,17.21
2024-01-28,CMP-07,ES,8306,95,31.43
2024-01-28,CMP-07,FR,50914,593,182.47
2024-01-28,CMP-07,GB,10775,139,40.37
2024-01-28,CMP-07,IT,3350,38,13.1
2024-01-28,CMP-07,NL,905,11,3.56
2024-01-28,CMP-07,PL,2553,31,9.12
2024-01-28,CMP-07,SE,16954,221,75.76
2024-01-28,CMP-07,US,120768,1429,469.78
2024-01-28,CMP-08,CA,1015,12,2.82
2024-01-28,CMP-08,DE,3234,42,10.21
2024-01-28,CMP-08,ES,6698,75,17.55
2024-01-28,CMP-08,FR,38801,467,123.26
2024-01-28,CMP-08,GB,7614,86,21.25
2024-01-28,CMP-08,IT,2541,30,6.89
2024-01-28,CMP-08,NL,542,7,1.7
2024-01-28,CMP-08,PL,1761,23,5.34
2024-01-28,CMP-08,SE,13506,174,43.0
2024-01-28,CMP-08,US,92499,1016,234.9
2024-01-28,CMP-09,DE,1331,17,6.21
2024-01-28,CMP-12,CA,475,15,2.21
2024-01-28,CMP-12,DE,2042,63,8.0
2024-01-28,CMP-12,ES,3724,111,14.55
2024-01-28,CMP-12,FR,20298,581,77.89
2024-01-28,CMP-12,GB,4567,125,15.68
2024-01-28,CMP-12,IT,1173,36,4.83
2024-01-28,CMP-12,NL,102,3,0.41
2024-01-28,CMP-12,PL,1061,29,3.98
2024-01-28,CMP-12,SE,6204,192,24.63
2024-01-28,CMP-12,US,47362,1331,166.49
2024-01-28,CMP-13,CA,156,5,0.62
2024-01-28,CMP-13,DE,1292,38,4.93
2024-01-28,CMP-13,ES,2089,58,8.39
2024-01-28,CMP-13,FR,10744,310,41.65
2024-01-28,CMP-13,GB,1944,58,8.04
2024-01-28,CMP-13,IT,761,21,2.76
2024-01-28,CMP-13,NL,67,2,0.27
2024-01-28,CMP-13,PL,1012,29,4.0
2024-01-28,CMP-13,SE,3630,102,14.05
2024-01-28,CMP-13,US,22923,711,97.0
2024-01-28,CMP-16,CA,724,15,6.43
2024-01-28,CMP-16,DE,2039,45,19.05
2024-01-28,CMP-16,ES,3286,65,30.0
2024-01-28,CMP-16,FR,24196,462,214.53
2024-01-28,CMP-16,GB,4151,91,41.07
2024-01-28,CMP-16,IT,1650,33,14.93
2024-01-28,CMP-16,NL,270,5,2.34
2024-01-28,CMP-16,PL,1028,22,10.52
2024-01-28,CMP-16,SE,8448,168,69.32
2024-01-28,CMP-16,US,54819,1011,459.61
2024-01-29,CMP-01,CA,442,17,5.62
2024-01-29,CMP-01,DE,920,31,10.75
2024-01-29,CMP-01,ES,1888,68,24.61
2024-01-29,CMP-01,FR,10288,370,136.57
2024-01-29,CMP-01,GB,1830,64,20.52
2024-01-29,CMP-01,IT,727,24,7.44
2024-01-29,CMP-01,NL,133,5,1.59
2024-01-29,CMP-01,PL,442,15,4.57
2024-01-29,CMP-01,SE,3187,117,41.07
2024-01-29,CMP-01,US,25364,830,292.91
2024-01-29,CMP-02,CA,319,11,7.93
2024-01-29,CMP-02,DE,1513,49,34.09
2024-01-29,CMP-02,ES,1885,69,49.51
2024-01-29,CMP-02,FR,13124,467,375.57
2024-01-29,CMP-02,GB,2415,88,67.57
2024-01-29,CMP-02,IT,913,31,21.51
2024-01-29,CMP-02,NL,137,5,3.37
2024-01-29,CMP-02,PL,574,20,14.15
2024-01-29,CMP-02,SE,4493,165,115.36
2024-01-29,CMP-02,US,27354,975,756.87
2024-01-29,CMP-03,CA,475,16,9.04
2024-01-29,CMP-03,DE,893,33,19.48
2024-01-29,CMP-03,ES,1838,59,34.5
2024-01-29,CMP-03,FR,12366,419,219.68
2024-01-29,CMP-03,GB,1605,59,31.7
2024-01-29,CMP-03,IT,769,27,17.02
2024-01-29,CMP-03,NL,186,6,3.32
2024-01-29,CMP-03,PL,649,22,11.65
2024-01-29,CMP-03,SE,4345,155,96.48
2024-01-29,CMP-03,US,22705,829,472.95
2024-01-29,CMP-04,GB,769,26,20.3
2024-01-29,CMP-06,CA,441,15,8.46
2024-01-29,CMP-06,DE,887,32,18.03
2024-01-29,CMP-06,ES,1461,51,28.5
2024-01-29,CMP-06,FR,9717,353,202.47
2024-01-29,CMP-06,GB,1760,57,36.74
2024-01-29,CMP-06,IT,413,14,8.5
2024-01-29,CMP-06,NL,165,6,3.39
2024-01-29,CMP-06,PL,493,18,11.69
2024-01-29,CMP-06,SE,3813,125,70.13
2024-01-29,CMP-06,US,25958,853,526.62
2024-01-29,CMP-07,CA,755,9,2.88
2024-01-29,CMP-07,DE,2809,36,11.41
2024-01-29,CMP-07,ES,4455,59,20.46
2024-01-29,CMP-07,FR,38594,471,154.32
2024-01-29,CMP-07,GB,8961,114,35.95
2024-01-29,CMP-07,IT,2642,32,9.95
2024-01-29,CMP-07,NL,468,6,1.83
2024-01-29,CMP-07,PL,1675,22,6.67
2024-01-29,CMP-07,SE,12117,141,44.46
2024-01-29,CMP-07,US,107370,1185,370.86
2024-01-29,CMP-08,CA,1007,12,2.83
2024-01-29,CMP-08,DE,2201,26,7.13
2024-01-29,CMP-08,ES,4296,54,12.9
2024-01-29,CMP-08,FR,30794,393,106.15
2024-01-29,CMP-08,GB,6313,71,18.8
2024-01-29,CMP-08,IT,2284,25,6.49
2024-01-29,CMP-08,NL,394,5,1.25
2024-01-29,CMP-08,PL,790,10,2.7
2024-01-29,CMP-08,SE,11568,135,34.93
2024-01-29,CMP-08,US,62591,791,187.45
2024-01-29,CMP-09,DE,1140,14,5.48
2024-01-29,CMP-12,CA,253,8,1.02
2024-01-29,CMP-12,DE,1229,35,4.27
2024-01-29,CMP-12,ES,1981,60,7.86
2024-01-29,CMP-12,FR,14819,447,61.18
2024-01-29,CMP-12,GB,2780,85,11.65
2024-01-29,CMP-12,IT,896,26,3.49
2024-01-29,CMP-12,NL,195,6,0.74
2024-01-29,CMP-12,PL,697,21,2.64
2024-01-29,CMP-12,SE,5457,157,20.67
2024-01-29,CMP-12,US,37732,1033,124.71
2024-01-29,CMP-13,CA,404,13,1.77
2024-01-29,CMP-13,DE,694,19,2.31
2024-01-29,CMP-13,ES,870,29,4.23
2024-01-29,CMP-13,FR,9234,257,32.93
2024-01-29,CMP-13,GB,1774,56,6.98
2024-01-29,CMP-13,IT,675,19,2.79
2024-01-29,CMP-13,NL,125,4,0.5
2024-01-29,CMP-13,PL,412,12,1.62
2024-01-29,CMP-13,SE,3267,96,12.21
2024-01-29,CMP-13,US,17188,563,70.8
2024-01-29,CMP-16,CA,309,6,2.44
2024-01-29,CMP-16,DE,1758,34,16.21
2024-01-29,CMP-16,ES,3780,72,31.09
2024-01-29,CMP-16,FR,17739,361,160.53
2024-01-29,CMP-16,GB,3578,74,33.88
2024-01-29,CMP-16,IT,1011,19,8.08
2024-01-29,CMP-16,NL,293,6,2.93
2024-01-29,CMP-16,PL,870,18,8.65
2024-01-29,CMP-16,SE,6533,141,57.51
2024-01-29,CMP-16,US,43161,822,374.57
2024-01-30,CMP-01,CA,225,8,2.48
2024-01-30,CMP-01,DE,765,29,10.4
2024-01-30,CMP-01,ES,1347,47,15.5
2024-01-30,CMP-01,FR,10329,364,111.45
2024-01-30,CMP-01,GB,2017,69,23.78
2024-01-30,CMP-01,IT,610,21,6.46
2024-01-30,CMP-01,NL,214,7,2.43
2024-01-30,CMP-01,PL,633,24,8.03
2024-01-30,CMP-01,SE,3151,121,43.18
2024-01-30,CMP-01,US,22148,854,295.1
2024-01-30,CMP-02,CA,439,14,9.47
2024-01-30,CMP-02,DE,965,31,21.71
2024-01-30,CMP-02,ES,2070,68,49.87
2024-01-30,CMP-02,FR,12903,435,350.77
2024-01-30,CMP-02,GB,2357,79,56.28
2024-01-30,CMP-02,IT,1062,36,28.37
2024-01-30,CMP-02,NL,207,7,5.52
2024-01-30,CMP-02,PL,649,22,17.38
2024-01-30,CMP-02,SE,4158,143,100.24
2024-01-30,CMP-02,US,27149,954,751.83
2024-01-30,CMP-03,CA,191,7,4.03
2024-01-30,CMP-03,DE,861,28,15.33
2024-01-30,CMP-03,ES,1160,45,26.37
2024-01-30,CMP-03,FR,10218,376,200.02
2024-01-30,CMP-03,GB,2288,77,46.48
2024-01-30,CMP-03,IT,555,18,10.58
2024-01-30,CMP-03,NL,177,6,3.62
2024-01-30,CMP-03,PL,584,20,11.86
2024-01-30,CMP-03,SE,3156,119,66.0
2024-01-30,CMP-03,US,20652,788,498.89
2024-01-30,CMP-04,GB,658,22,18.02
2024-01-30,CMP-06,CA,374,13,8.39
2024-01-30,CMP-06,DE,915,34,19.61
2024-01-30,CMP-06,ES,1634,55,31.53
2024-01-30,CMP-06,FR,8540,328,203.88
2024-01-30,CMP-06,GB,2190,80,50.58
2024-01-30,CMP-06,IT,608,20,12.45
2024-01-30,CMP-06,NL,221,8,4.66
2024-01-30,CMP-06,PL,432,14,7.75
2024-01-30,CMP-06,SE,3823,129,76.89
2024-01-30,CMP-06,US,25783,837,481.7
2024-01-30,CMP-07,CA,1208,15,4.93
2024-01-30,CMP-07,DE,2016,26,9.17
2024-01-30,CMP-07,ES,4413,57,18.3
2024-01-30,CMP-07,FR,37106,484,155.1
2024-01-30,CMP-07,GB,10787,119,38.22
2024-01-30,CMP-07,IT,2855,35,10.51
2024-01-30,CMP-07,NL,748,9,2.81
2024-01-30,CMP-07,PL,1934,25,8.55
2024-01-30,CMP-07,SE,15715,184,56.56
2024-01-30,CMP-07,US,100719,1113,372.92
2024-01-30,CMP-08,CA,851,11,2.63
2024-01-30,CMP-08,DE,2449,31,7.76
2024-01-30,CMP-08,ES,4995,65,16.07
2024-01-30,CMP-08,FR,26743,327,80.12
2024-01-30,CMP-08,GB,5426,69,16.56
2024-01-30,CMP-08,IT,2113,24,5.84
2024-01-30,CMP-08,NL,381,5,1.19
2024-01-30,CMP-08,PL,1444,18,4.35
2024-01-30,CMP-08,SE,11313,130,33.2
2024-01-30,CMP-08,US,63291,842,230.5
2024-01-30,CMP-09,DE,305,4,1.34
2024-01-30,CMP-12,CA,350,11,1.51
2024-01-30,CMP-12,DE,1304,42,5.21
2024-01-30,CMP-12,ES,1917,60,8.47
2024-01-30,CMP-12,FR,15302,444,64.55
2024-01-30,CMP-12,GB,3592,105,15.19
2024-01-30,CMP-12,IT,1080,30,4.37
2024-01-30,CMP-12,NL,184,6,0.81
2024-01-30,CMP-12,PL,747,21,2.56
2024-01-30,CMP-12,SE,4946,154,20.84
2024-01-30,CMP-12,US,32539,1000,133.04
2024-01-30,CMP-13,CA,312,9,1.26
2024-01-30,CMP-13,DE,797,23,3.34
2024-01-30,CMP-13,ES,1389,40,5.18
2024-01-30,CMP-13,FR,8717,259,32.83
2024-01-30,CMP-13,GB,1904,54,7.71
2024-01-30,CMP-13,IT,708,21,2.74
2024-01-30,CMP-13,NL,121,4,0.49
2024-01-30,CMP-13,PL,350,10,1.36
2024-01-30,CMP-13,SE,2366,75,9.36
2024-01-30,CMP-13,US,18598,576,82.77
2024-01-30,CMP-16,CA,499,11,5.21
2024-01-30,CMP-16,DE,1651,33,14.79
2024-01-30,CMP-16,ES,2493,52,23.21
2024-01-30,CMP-16,FR,19040,366,156.18
2024-01-30,CMP-16,GB,3646,75,33.72
2024-01-30,CMP-16,IT,904,19,9.16
2024-01-30,CMP-16,NL,196,4,1.9
2024-01-30,CMP-16,PL,896,17,7.1
2024-01-30,CMP-16,SE,7063,134,54.4
2024-01-30,CMP-16,US,34446,746,348.72
2024-01-31,CMP-01,CA,336,12,3.9
2024-01-31,CMP-01,DE,970,34,11.99
2024-01-31,CMP-01,ES,1541,57,18.83
2024-01-31,CMP-01,FR,9861,382,131.97
2024-01-31,CMP-01,GB,1970,71,24.22
2024-01-31,CMP-01,IT,514,18,5.99
2024-01-31,CMP-01,NL,129,5,1.74
2024-01-31,CMP-01,PL,463,17,6.2
2024-01-31,CMP-01,SE,3461,120,42.3
2024-01-31,CMP-01,US,20027,778,264.54
2024-01-31,CMP-02,CA,184,7,4.66
2024-01-31,CMP-02,DE,1187,40,26.99
2024-01-31,CMP-02,ES,1536,58,40.6
2024-01-31,CMP-02,FR,13871,455,357.95
2024-01-31,CMP-02,GB,2709,90,63.43
2024-01-31,CMP-02,IT,685,26,20.81
2024-01-31,CMP-02,NL,152,5,3.68
2024-01-31,CMP-02,PL,673,24,17.33
2024-01-31,CMP-02,SE,4220,149,111.6
2024-01-31,CMP-02,US,28269,995,785.54
2024-01-31,CMP-03,CA,272,10,5.32
2024-01-31,CMP-03,DE,1182,45,26.55
2024-01-31,CMP-03,ES,1600,56,29.94
2024-01-31,CMP-03,FR,9906,371,217.76
2024-01-31,CMP-03,GB,2143,70,42.16
2024-01-31,CMP-03,IT,685,22,12.43
2024-01-31,CMP-03,NL,115,4,2.33
2024-01-31,CMP-03,PL,334,13,7.99
2024-01-31,CMP-03,SE,3403,124,67.62
2024-01-31,CMP-03,US,23162,766,428.49
2024-01-31,CMP-04,GB,1015,33,24.47
2024-01-31,CMP-06,CA,368,14,8.09
2024-01-31,CMP-06,DE,902,32,20.38
2024-01-31,CMP-06,ES,1487,55,31.18
2024-01-31,CMP-06,FR,10657,349,200.69
2024-01-31,CMP-06,GB,2152,73,45.25
2024-01-31,CMP-06,IT,754,26,15.64
2024-01-31,CMP-06,NL,103,4,2.65
2024-01-31,CMP-06,PL,510,17,9.69
2024-01-31,CMP-06,SE,3874,125,83.53
2024-01-31,CMP-06,US,25033,823,540.57
2024-01-31,CMP-07,CA,329,4,1.28
2024-01-31,CMP-07,DE,3652,46,15.72
2024-01-31,CMP-07,ES,6279,82,23.97
2024-01-31,CMP-07,FR,36433,485,148.48
2024-01-31,CMP-07,GB,7507,98,29.1
2024-01-31,CMP-07,IT,3597,41,12.49
2024-01-31,CMP-07,NL,638,7,2.08
2024-01-31,CMP-07,PL,2211,27,8.6
2024-01-31,CMP-07,SE,14487,182,59.37
2024-01-31,CMP-07,US,92516,1092,323.5
2024-01-31,CMP-08,CA,1008,12,2.97
2024-01-31,CMP-08,DE,1964,24,6.41
2024-01-31,CMP-08,ES,4461,56,13.76
2024-01-31,CMP-08,FR,29125,350,81.22
2024-01-31,CMP-08,GB,6580,77,18.78
2024-01-31,CMP-08,IT,1342,17,4.33
2024-01-31,CMP-08,NL,671,8,1.84
2024-01-31,CMP-08,PL,1335,15,4.07
2024-01-31,CMP-08,SE,11180,136,31.55
2024-01-31,CMP-08,US,61907,760,208.07
2024-01-31,CMP-09,DE,1250,14,4.75
2024-01-31,CMP-12,CA,343,10,1.43
2024-01-31,CMP-12,DE,966,28,3.67
2024-01-31,CMP-12,ES,2511,79,10.78
2024-01-31,CMP-12,FR,13745,444,64.17
2024-01-31,CMP-12,GB,3143,94,11.48
2024-01-31,CMP-12,IT,748,24,2.97
2024-01-31,CMP-12,NL,180,5,0.66
2024-01-31,CMP-12,PL,710,22,2.69
2024-01-31,CMP-12,SE,4543,150,21.23
2024-01-31,CMP-12,US,32701,1049,143.08
2024-01-31,CMP-13,CA,217,6,0.84
2024-01-31,CMP-13,DE,947,27,3.65
2024-01-31,CMP-13,ES,1136,36,5.14
2024-01-31,CMP-13,FR,8950,251,36.65
2024-01-31,CMP-13,GB,1243,40,5.66
2024-01-31,CMP-13,IT,620,17,2.33
2024-01-31,CMP-13,NL,219,6,0.85
2024-01-31,CMP-13,PL,726,21,2.91
2024-01-31,CMP-13,SE,2797,83,10.61
2024-01-31,CMP-13,US,18338,564,72.91
2024-01-31,CMP-16,CA,364,7,3.32
2024-01-31,CMP-16,DE,1906,39,18.65
2024-01-31,CMP-16,ES,2772,52,25.2
2024-01-31,CMP-16,FR,17061,333,149.98
2024-01-31,CMP-16,GB,2792,62,29.83
2024-01-31,CMP-16,IT,1380,28,12.73
2024-01-31,CMP-16,NL,237,5,2.17
2024-01-31,CMP-16,PL,951,18,8.56
2024-01-31,CMP-16,SE,6748,144,68.18
2024-01-31,CMP-16,US,34519,734,337.29
