product_id,inventory_date,units_on_hand_end,units_demand,units_unfulfilled,units_received,units_ordered_from_supplier,units_on_order_end,stockout_flag
1072276,2022-03-01,28,0,0,0,0,0,0
1072276,2022-03-02,28,0,0,0,0,0,0
1072276,2022-03-03,28,0,0,0,0,0,0
1072276,2022-03-04,28,0,0,0,0,0,0
1072276,2022-03-05,27,1,0,0,0,0,0
1072276,2022-03-06,26,1,0,0,0,0,0
1072276,2022-03-07,26,0,0,0,0,0,0
1072276,2022-03-08,26,0,0,0,0,0,0
1072276,2022-03-09,26,0,0,0,0,0,0
1072276,2022-03-10,25,1,0,0,0,0,0
1072276,2022-03-11,24,1,0,0,0,0,0
1072276,2022-03-12,24,0,0,0,0,0,0
1072276,2022-03-13,23,1,0,0,0,0,0
1072276,2022-03-14,23,0,0,0,0,0,0
1072276,2022-03-15,22,1,0,0,0,0,0
1072276,2022-03-16,20,2,0,0,0,0,0
1072276,2022-03-17,19,1,0,0,0,0,0
1072276,2022-03-18,19,0,0,0,0,0,0
1072276,2022-03-19,19,0,0,0,0,0,0
1072276,2022-03-20,18,1,0,0,0,0,0
1072276,2022-03-21,18,0,0,0,0,0,0
1072276,2022-03-22,17,1,0,0,0,0,0
1072276,2022-03-23,15,2,0,0,0,0,0
1072276,2022-03-24,15,0,0,0,29,29,0
1072276,2022-03-25,15,0,0,0,0,29,0
1072276,2022-03-26,14,1,0,0,0,29,0
1072276,2022-03-27,14,0,0,0,0,29,0
1072276,2022-03-28,14,0,0,0,0,29,0
1072276,2022-03-29,14,0,0,0,0,29,0
1072276,2022-03-30,14,0,0,0,0,29,0
1072276,2022-03-31,13,1,0,0,0,29,0
1072276,2022-04-01,13,0,0,0,0,29,0
1072276,2022-04-02,12,1,0,0,0,29,0
1072276,2022-04-03,11,1,0,0,0,29,0
1072276,2022-04-04,11,0,0,0,0,29,0
1072276,2022-04-05,11,0,0,0,0,29,0
1072276,2022-04-06,10,1,0,0,0,29,0
1072276,2022-04-07,10,0,0,0,0,29,0
1072276,2022-04-08,8,2,0,0,0,29,0
1072276,2022-04-09,7,1,0,0,0,29,0
1072276,2022-04-10,7,0,0,0,0,29,0
1072276,2022-04-11,6,1,0,0,0,29,0
1072276,2022-04-12,5,1,0,0,0,29,0
1072276,2022-04-13,4,1,0,0,0,29,0
1072276,2022-04-14,33,0,0,29,0,0,0
1072276,2022-04-15,32,1,0,0,0,0,0
1072276,2022-04-16,32,0,0,0,0,0,0
1072276,2022-04-17,32,0,0,0,0,0,0
1072276,2022-04-18,31,1,0,0,0,0,0
1072276,2022-04-19,30,1,0,0,0,0,0
1072276,2022-04-20,28,2,0,0,0,0,0
1072276,2022-04-21,27,1,0,0,0,0,0
1072276,2022-04-22,25,2,0,0,0,0,0
1072276,2022-04-23,24,1,0,0,0,0,0
1072276,2022-04-24,24,0,0,0,0,0,0
1072276,2022-04-25,21,3,0,0,0,0,0
1072276,2022-04-26,21,0,0,0,0,0,0
1072276,2022-04-27,21,0,0,0,0,0,0
1072276,2022-04-28,21,0,0,0,0,0,0
1072276,2022-04-29,21,0,0,0,0,0,0
1072276,2022-04-30,20,1,0,0,0,0,0
1072276,2022-05-01,19,1,0,0,0,0,0
1072276,2022-05-02,19,0,0,0,0,0,0
1072276,2022-05-03,19,0,0,0,0,0,0
1072276,2022-05-04,17,2,0,0,32,32,0
1072276,2022-05-05,17,0,0,0,0,32,0
1072276,2022-05-06,16,1,0,0,0,32,0
1072276,2022-05-07,15,1,0,0,0,32,0
1072276,2022-05-08,15,0,0,0,0,32,0
1072276,2022-05-09,15,0,0,0,0,32,0
1072276,2022-05-10,14,1,0,0,0,32,0
1072276,2022-05-11,14,0,0,0,0,32,0
1072276,2022-05-12,14,0,0,0,0,32,0
1072276,2022-05-13,14,0,0,0,0,32,0
1072276,2022-05-14,13,1,0,0,0,32,0
1072276,2022-05-15,13,0,0,0,0,32,0
1072276,2022-05-16,13,0,0,0,0,32,0
1072276,2022-05-17,13,0,0,0,0,32,0
1072276,2022-05-18,13,0,0,0,0,32,0
1072276,2022-05-19,13,0,0,0,0,32,0
1072276,2022-05-20,13,0,0,0,0,32,0
1072276,2022-05-21,11,2,0,0,0,32,0
1072276,2022-05-22,11,0,0,0,0,32,0
1072276,2022-05-23,10,1,0,0,0,32,0
1072276,2022-05-24,7,3,0,0,0,32,0
1072276,2022-05-25,38,1,0,32,0,0,0
1072276,2022-05-26,38,0,0,0,0,0,0
1072276,2022-05-27,38,0,0,0,0,0,0
1072276,2022-05-28,36,2,0,0,0,0,0
1072276,2022-05-29,34,2,0,0,0,0,0
1072276,2022-05-30,33,1,0,0,0,0,0
1072276,2022-05-31,33,0,0,0,0,0,0
1072276,2022-06-01,33,0,0,0,0,0,0
1072276,2022-06-02,33,0,0,0,0,0,0
1072276,2022-06-03,33,0,0,0,0,0,0
1072276,2022-06-04,32,1,0,0,0,0,0
1072276,2022-06-05,29,3,0,0,0,0,0
1072276,2022-06-06,28,1,0,0,0,0,0
1072276,2022-06-07,27,1,0,0,0,0,0
1072276,2022-06-08,26,1,0,0,0,0,0
1072276,2022-06-09,26,0,0,0,0,0,0
1072276,2022-06-10,26,0,0,0,0,0,0
1072276,2022-06-11,23,3,0,0,0,0,0
1072276,2022-06-12,23,0,0,0,0,0,0
1072276,2022-06-13,22,1,0,0,0,0,0
1072276,2022-06-14,22,0,0,0,0,0,0
1072276,2022-06-15,22,0,0,0,0,0,0
1072276,2022-06-16,22,0,0,0,0,0,0
1072276,2022-06-17,20,2,0,0,0,0,0
1072276,2022-06-18,20,0,0,0,0,0,0
1072276,2022-06-19,20,0,0,0,0,0,0
1072276,2022-06-20,20,0,0,0,0,0,0
1072276,2022-06-21,20,0,0,0,0,0,0
1072276,2022-06-22,17,3,0,0,0,0,0
1072276,2022-06-23,17,0,0,0,32,32,0
1072276,2022-06-24,17,0,0,0,0,32,0
1072276,2022-06-25,16,1,0,0,0,32,0
1072276,2022-06-26,16,0,0,0,0,32,0
1072276,2022-06-27,16,0,0,0,0,32,0
1072276,2022-06-28,15,1,0,0,0,32,0
1072276,2022-06-29,14,1,0,0,0,32,0
1072276,2022-06-30,14,0,0,0,0,32,0
1072276,2022-07-01,14,0,0,0,0,32,0
1072276,2022-07-02,14,0,0,0,0,32,0
1072276,2022-07-03,14,0,0,0,0,32,0
1072276,2022-07-04,14,0,0,0,0,32,0
1072276,2022-07-05,14,0,0,0,0,32,0
1072276,2022-07-06,14,0,0,0,0,32,0
1072276,2022-07-07,14,0,0,0,0,32,0
1072276,2022-07-08,13,1,0,0,0,32,0
1072276,2022-07-09,13,0,0,0,0,32,0
1072276,2022-07-10,11,2,0,0,0,32,0
1072276,2022-07-11,11,0,0,0,0,32,0
1072276,2022-07-12,10,1,0,0,0,32,0
1072276,2022-07-13,10,0,0,0,0,32,0
1072276,2022-07-14,41,1,0,32,0,0,0
1072276,2022-07-15,41,0,0,0,0,0,0
1072276,2022-07-16,40,1,0,0,0,0,0
1072276,2022-07-17,39,1,0,0,0,0,0
1072276,2022-07-18,39,0,0,0,0,0,0
1072276,2022-07-19,39,0,0,0,0,0,0
1072276,2022-07-20,37,2,0,0,0,0,0
1072276,2022-07-21,37,0,0,0,0,0,0
1072276,2022-07-22,37,0,0,0,0,0,0
1072276,2022-07-23,37,0,0,0,0,0,0
1072276,2022-07-24,37,0,0,0,0,0,0
1072276,2022-07-25,35,2,0,0,0,0,0
1072276,2022-07-26,35,0,0,0,0,0,0
1072276,2022-07-27,34,1,0,0,0,0,0
1072276,2022-07-28,34,0,0,0,0,0,0
1072276,2022-07-29,34,0,0,0,0,0,0
1072276,2022-07-30,31,3,0,0,0,0,0
1072276,2022-07-31,29,2,0,0,0,0,0
1072276,2022-08-01,29,0,0,0,0,0,0
1072276,2022-08-02,29,0,0,0,0,0,0
1072276,2022-08-03,29,0,0,0,0,0,0
1072276,2022-08-04,29,0,0,0,0,0,0
1072276,2022-08-05,29,0,0,0,0,0,0
1072276,2022-08-06,29,0,0,0,0,0,0
1072276,2022-08-07,29,0,0,0,0,0,0
1072276,2022-08-08,27,2,0,0,0,0,0
1072276,2022-08-09,27,0,0,0,0,0,0
1072276,2022-08-10,25,2,0,0,0,0,0
1072276,2022-08-11,25,0,0,0,0,0,0
1072276,2022-08-12,25,0,0,0,0,0,0
1072276,2022-08-13,25,0,0,0,0,0,0
1072276,2022-08-14,25,0,0,0,0,0,0
1072276,2022-08-15,24,1,0,0,0,0,0
1072276,2022-08-16,23,1,0,0,0,0,0
1072276,2022-08-17,21,2,0,0,0,0,0
1072276,2022-08-18,21,0,0,0,0,0,0
1072276,2022-08-19,20,1,0,0,0,0,0
1072276,2022-08-20,20,0,0,0,0,0,0
1072276,2022-08-21,20,0,0,0,0,0,0
1072276,2022-08-22,20,0,0,0,0,0,0
1072276,2022-08-23,20,0,0,0,0,0,0
1072276,2022-08-24,19,1,0,0,0,0,0
1072276,2022-08-25,19,0,0,0,0,0,0
1072276,2022-08-26,18,1,0,0,0,0,0
1072276,2022-08-27,18,0,0,0,0,0,0
1072276,2022-08-28,17,1,0,0,0,0,0
1072276,2022-08-29,17,0,0,0,0,0,0
1072276,2022-08-30,17,0,0,0,0,0,0
1072276,2022-08-31,16,1,0,0,0,0,0
1072276,2022-09-01,16,0,0,0,0,0,0
1072276,2022-09-02,16,0,0,0,0,0,0
1072276,2022-09-03,14,2,0,0,27,27,0
1072276,2022-09-04,14,0,0,0,0,27,0
1072276,2022-09-05,13,1,0,0,0,27,0
1072276,2022-09-06,13,0,0,0,0,27,0
1072276,2022-09-07,12,1,0,0,0,27,0
1072276,2022-09-08,12,0,0,0,0,27,0
1072276,2022-09-09,10,2,0,0,0,27,0
1072276,2022-09-10,10,0,0,0,0,27,0
1072276,2022-09-11,9,1,0,0,0,27,0
1072276,2022-09-12,9,0,0,0,0,27,0
1072276,2022-09-13,9,0,0,0,0,27,0
1072276,2022-09-14,7,2,0,0,0,27,0
1072276,2022-09-15,6,1,0,0,0,27,0
1072276,2022-09-16,5,1,0,0,0,27,0
1072276,2022-09-17,4,1,0,0,0,27,0
1072276,2022-09-18,4,0,0,0,0,27,0
1072276,2022-09-19,3,1,0,0,0,27,0
1072276,2022-09-20,1,2,0,0,0,27,0
1072276,2022-09-21,1,0,0,0,0,27,0
1072276,2022-09-22,1,0,0,0,0,27,0
1072276,2022-09-23,1,0,0,0,0,27,0
1072276,2022-09-24,27,1,0,27,0,0,0
1072276,2022-09-25,26,1,0,0,0,0,0
1072276,2022-09-26,26,0,0,0,0,0,0
1072276,2022-09-27,24,2,0,0,0,0,0
1072276,2022-09-28,24,0,0,0,0,0,0
1072276,2022-09-29,23,1,0,0,0,0,0
1072276,2022-09-30,23,0,0,0,0,0,0
1072276,2022-10-01,20,3,0,0,0,0,0
1072276,2022-10-02,18,2,0,0,0,0,0
1072276,2022-10-03,17,1,0,0,34,34,0
1072276,2022-10-04,16,1,0,0,0,34,0
1072276,2022-10-05,16,0,0,0,0,34,0
1072276,2022-10-06,13,3,0,0,0,34,0
1072276,2022-10-07,13,0,0,0,0,34,0
1072276,2022-10-08,12,1,0,0,0,34,0
1072276,2022-10-09,12,0,0,0,0,34,0
1072276,2022-10-10,11,1,0,0,0,34,0
1072276,2022-10-11,11,0,0,0,0,34,0
1072276,2022-10-12,10,1,0,0,0,34,0
1072276,2022-10-13,8,2,0,0,0,34,0
1072276,2022-10-14,8,0,0,0,0,34,0
1072276,2022-10-15,6,2,0,0,0,34,0
1072276,2022-10-16,4,2,0,0,0,34,0
1072276,2022-10-17,3,1,0,0,0,34,0
1072276,2022-10-18,2,1,0,0,0,34,0
1072276,2022-10-19,2,0,0,0,0,34,0
1072276,2022-10-20,2,0,0,0,0,34,0
1072276,2022-10-21,1,1,0,0,0,34,0
1072276,2022-10-22,1,0,0,0,0,34,0
1072276,2022-10-23,1,0,0,0,0,34,0
1072276,2022-10-24,35,0,0,34,0,0,0
1072276,2022-10-25,33,2,0,0,0,0,0
1072276,2022-10-26,33,0,0,0,0,0,0
1072276,2022-10-27,31,2,0,0,0,0,0
1072276,2022-10-28,31,0,0,0,0,0,0
1072276,2022-10-29,30,1,0,0,0,0,0
1072276,2022-10-30,29,1,0,0,0,0,0
1072276,2022-10-31,29,0,0,0,0,0,0
1072276,2022-11-01,28,1,0,0,0,0,0
1072276,2022-11-02,28,0,0,0,0,0,0
1072276,2022-11-03,28,0,0,0,0,0,0
1072276,2022-11-04,28,0,0,0,0,0,0
1072276,2022-11-05,28,0,0,0,0,0,0
1072276,2022-11-06,28,0,0,0,0,0,0
1072276,2022-11-07,27,1,0,0,0,0,0
1072276,2022-11-08,26,1,0,0,0,0,0
1072276,2022-11-09,26,0,0,0,0,0,0
1072276,2022-11-10,25,1,0,0,0,0,0
1072276,2022-11-11,25,0,0,0,0,0,0
1072276,2022-11-12,24,1,0,0,0,0,0
1072276,2022-11-13,23,1,0,0,0,0,0
1072276,2022-11-14,23,0,0,0,0,0,0
1072276,2022-11-15,22,1,0,0,0,0,0
1072276,2022-11-16,22,0,0,0,0,0,0
1072276,2022-11-17,22,0,0,0,0,0,0
1072276,2022-11-18,22,0,0,0,0,0,0
1072276,2022-11-19,20,2,0,0,0,0,0
1072276,2022-11-20,20,0,0,0,0,0,0
1072276,2022-11-21,20,0,0,0,0,0,0
1072276,2022-11-22,20,0,0,0,0,0,0
1072276,2022-11-23,20,0,0,0,0,0,0
1072276,2022-11-24,17,3,0,0,34,34,0
1072276,2022-11-25,17,0,0,0,0,34,0
1072276,2022-11-26,13,4,0,0,0,34,0
1072276,2022-11-27,10,3,0,0,0,34,0
1072276,2022-11-28,10,0,0,0,0,34,0
1072276,2022-11-29,8,2,0,0,0,34,0
1072276,2022-11-30,7,1,0,0,0,34,0
1072276,2022-12-01,5,2,0,0,0,34,0
1072276,2022-12-02,5,0,0,0,0,34,0
1072276,2022-12-03,4,1,0,0,0,34,0
1072276,2022-12-04,4,0,0,0,0,34,0
1072276,2022-12-05,4,0,0,0,0,34,0
1072276,2022-12-06,2,2,0,0,0,34,0
1072276,2022-12-07,2,0,0,0,0,34,0
1072276,2022-12-08,1,1,0,0,0,34,0
1072276,2022-12-09,1,0,0,0,0,34,0
1072276,2022-12-10,1,0,0,0,0,34,0
1072276,2022-12-11,1,0,0,0,0,34,0
1072276,2022-12-12,1,0,0,0,0,34,0
1072276,2022-12-13,1,0,0,0,0,34,0
1072276,2022-12-14,1,0,0,0,0,34,0
1072276,2022-12-15,35,0,0,34,0,0,0
1072276,2022-12-16,35,0,0,0,0,0,0
1072276,2022-12-17,34,1,0,0,0,0,0
1072276,2022-12-18,32,2,0,0,0,0,0
1072276,2022-12-19,31,1,0,0,0,0,0
1072276,2022-12-20,31,0,0,0,0,0,0
1072276,2022-12-21,30,1,0,0,0,0,0
1072276,2022-12-22,30,0,0,0,0,0,0
1072276,2022-12-23,30,0,0,0,0,0,0
1072276,2022-12-24,28,2,0,0,0,0,0
1072276,2022-12-25,28,0,0,0,0,0,0
1072276,2022-12-26,28,0,0,0,0,0,0
1072276,2022-12-27,27,1,0,0,0,0,0
1072276,2022-12-28,26,1,0,0,0,0,0
1072276,2022-12-29,26,0,0,0,0,0,0
1072276,2022-12-30,26,0,0,0,0,0,0
1072276,2022-12-31,26,0,0,0,0,0,0
1072276,2023-01-01,26,0,0,0,0,0,0
1072276,2023-01-02,26,0,0,0,0,0,0
1072276,2023-01-03,25,1,0,0,0,0,0
1072276,2023-01-04,24,1,0,0,0,0,0
1072276,2023-01-05,24,0,0,0,0,0,0
1072276,2023-01-06,23,1,0,0,0,0,0
1072276,2023-01-07,21,2,0,0,0,0,0
1072276,2023-01-08,21,0,0,0,0,0,0
1072276,2023-01-09,20,1,0,0,0,0,0
1072276,2023-01-10,20,0,0,0,0,0,0
1072276,2023-01-11,19,1,0,0,0,0,0
1072276,2023-01-12,19,0,0,0,0,0,0
1072276,2023-01-13,19,0,0,0,0,0,0
1072276,2023-01-14,17,2,0,0,33,33,0
1072276,2023-01-15,17,0,0,0,0,33,0
1072276,2023-01-16,16,1,0,0,0,33,0
1072276,2023-01-17,16,0,0,0,0,33,0
1072276,2023-01-18,16,0,0,0,0,33,0
1072276,2023-01-19,14,2,0,0,0,33,0
1072276,2023-01-20,14,0,0,0,0,33,0
1072276,2023-01-21,13,1,0,0,0,33,0
1072276,2023-01-22,12,1,0,0,0,33,0
1072276,2023-01-23,12,0,0,0,0,33,0
1072276,2023-01-24,11,1,0,0,0,33,0
1072276,2023-01-25,11,0,0,0,0,33,0
1072276,2023-01-26,11,0,0,0,0,33,0
1072276,2023-01-27,9,2,0,0,0,33,0
1072276,2023-01-28,8,1,0,0,0,33,0
1072276,2023-01-29,7,1,0,0,0,33,0
1072276,2023-01-30,6,1,0,0,0,33,0
1072276,2023-01-31,6,0,0,0,0,33,0
1072276,2023-02-01,5,1,0,0,0,33,0
1072276,2023-02-02,5,0,0,0,0,33,0
1072276,2023-02-03,5,0,0,0,0,33,0
1072276,2023-02-04,37,1,0,33,0,0,0
1072276,2023-02-05,36,1,0,0,0,0,0
1072276,2023-02-06,35,1,0,0,0,0,0
1072276,2023-02-07,35,0,0,0,0,0,0
1072276,2023-02-08,35,0,0,0,0,0,0
1072276,2023-02-09,34,1,0,0,0,0,0
1072276,2023-02-10,34,0,0,0,0,0,0
1072276,2023-02-11,34,0,0,0,0,0,0
1072276,2023-02-12,32,2,0,0,0,0,0
1072276,2023-02-13,32,0,0,0,0,0,0
1072276,2023-02-14,31,1,0,0,0,0,0
1072276,2023-02-15,29,2,0,0,0,0,0
1072276,2023-02-16,29,0,0,0,0,0,0
1072276,2023-02-17,26,3,0,0,0,0,0
1072276,2023-02-18,26,0,0,0,0,0,0
1072276,2023-02-19,26,0,0,0,0,0,0
1072276,2023-02-20,25,1,0,0,0,0,0
1072276,2023-02-21,25,0,0,0,0,0,0
1072276,2023-02-22,25,0,0,0,0,0,0
1072276,2023-02-23,25,0,0,0,0,0,0
1072276,2023-02-24,24,1,0,0,0,0,0
1072276,2023-02-25,24,0,0,0,0,0,0
1072276,2023-02-26,22,2,0,0,0,0,0
1072276,2023-02-27,21,1,0,0,0,0,0
1072276,2023-02-28,20,1,0,0,0,0,0
1072276,2023-03-01,20,0,0,0,0,0,0
1072276,2023-03-02,19,1,0,0,0,0,0
1072276,2023-03-03,19,0,0,0,0,0,0
1072276,2023-03-04,18,1,0,0,0,0,0
1072276,2023-03-05,16,2,0,0,32,32,0
1072276,2023-03-06,16,0,0,0,0,32,0
1072276,2023-03-07,16,0,0,0,0,32,0
1072276,2023-03-08,14,2,0,0,0,32,0
1072276,2023-03-09,14,0,0,0,0,32,0
1072276,2023-03-10,14,0,0,0,0,32,0
1072276,2023-03-11,14,0,0,0,0,32,0
1072276,2023-03-12,14,0,0,0,0,32,0
1072276,2023-03-13,13,1,0,0,0,32,0
1072276,2023-03-14,12,1,0,0,0,32,0
1072276,2023-03-15,12,0,0,0,0,32,0
1072276,2023-03-16,12,0,0,0,0,32,0
1072276,2023-03-17,11,1,0,0,0,32,0
1072276,2023-03-18,9,2,0,0,0,32,0
1072276,2023-03-19,7,2,0,0,0,32,0
1072276,2023-03-20,6,1,0,0,0,32,0
1072276,2023-03-21,5,1,0,0,0,32,0
1072276,2023-03-22,5,0,0,0,0,32,0
1072276,2023-03-23,2,3,0,0,0,32,0
1072276,2023-03-24,2,0,0,0,0,32,0
1072276,2023-03-25,2,0,0,0,0,32,0
1072276,2023-03-26,31,3,0,32,0,0,0
1072276,2023-03-27,30,1,0,0,0,0,0
1072276,2023-03-28,28,2,0,0,0,0,0
1072276,2023-03-29,28,0,0,0,0,0,0
1072276,2023-03-30,28,0,0,0,0,0,0
1072276,2023-03-31,28,0,0,0,0,0,0
1072276,2023-04-01,27,1,0,0,0,0,0
1072276,2023-04-02,25,2,0,0,0,0,0
1072276,2023-04-03,25,0,0,0,0,0,0
1072276,2023-04-04,24,1,0,0,0,0,0
1072276,2023-04-05,24,0,0,0,0,0,0
1072276,2023-04-06,23,1,0,0,0,0,0
1072276,2023-04-07,21,2,0,0,0,0,0
1072276,2023-04-08,21,0,0,0,0,0,0
1072276,2023-04-09,21,0,0,0,0,0,0
1072276,2023-04-10,21,0,0,0,0,0,0
1072276,2023-04-11,21,0,0,0,0,0,0
1072276,2023-04-12,19,2,0,0,37,37,0
1072276,2023-04-13,18,1,0,0,0,37,0
1072276,2023-04-14,17,1,0,0,0,37,0
1072276,2023-04-15,15,2,0,0,0,37,0
1072276,2023-04-16,15,0,0,0,0,37,0
1072276,2023-04-17,14,1,0,0,0,37,0
1072276,2023-04-18,14,0,0,0,0,37,0
1072276,2023-04-19,13,1,0,0,0,37,0
1072276,2023-04-20,11,2,0,0,0,37,0
1072276,2023-04-21,11,0,0,0,0,37,0
1072276,2023-04-22,11,0,0,0,0,37,0
1072276,2023-04-23,9,2,0,0,0,37,0
1072276,2023-04-24,9,0,0,0,0,37,0
1072276,2023-04-25,8,1,0,0,0,37,0
1072276,2023-04-26,7,1,0,0,0,37,0
1072276,2023-04-27,7,0,0,0,0,37,0
1072276,2023-04-28,5,2,0,0,0,37,0
1072276,2023-04-29,5,0,0,0,0,37,0
1072276,2023-04-30,5,0,0,0,0,37,0
1072276,2023-05-01,4,1,0,0,0,37,0
1072276,2023-05-02,4,0,0,0,0,37,0
1072276,2023-05-03,39,2,0,37,0,0,0
1072276,2023-05-04,38,1,0,0,0,0,0
1072276,2023-05-05,38,0,0,0,0,0,0
1072276,2023-05-06,37,1,0,0,0,0,0
1072276,2023-05-07,37,0,0,0,0,0,0
1072276,2023-05-08,37,0,0,0,0,0,0
1072276,2023-05-09,37,0,0,0,0,0,0
1072276,2023-05-10,35,2,0,0,0,0,0
1072276,2023-05-11,34,1,0,0,0,0,0
1072276,2023-05-12,34,0,0,0,0,0,0
1072276,2023-05-13,32,2,0,0,0,0,0
1072276,2023-05-14,29,3,0,0,0,0,0
1072276,2023-05-15,28,1,0,0,0,0,0
1072276,2023-05-16,27,1,0,0,0,0,0
1072276,2023-05-17,26,1,0,0,0,0,0
1072276,2023-05-18,26,0,0,0,0,0,0
1072276,2023-05-19,26,0,0,0,0,0,0
1072276,2023-05-20,26,0,0,0,0,0,0
1072276,2023-05-21,26,0,0,0,0,0,0
1072276,2023-05-22,26,0,0,0,0,0,0
1072276,2023-05-23,26,0,0,0,0,0,0
1072276,2023-05-24,25,1,0,0,0,0,0
1072276,2023-05-25,23,2,0,0,0,0,0
1072276,2023-05-26,22,1,0,0,0,0,0
1072276,2023-05-27,22,0,0,0,0,0,0
1072276,2023-05-28,21,1,0,0,0,0,0
1072276,2023-05-29,21,0,0,0,0,0,0
1072276,2023-05-30,21,0,0,0,0,0,0
1072276,2023-05-31,19,2,0,0,0,0,0
1072276,2023-06-01,19,0,0,0,37,37,0
1072276,2023-06-02,17,2,0,0,0,37,0
1072276,2023-06-03,15,2,0,0,0,37,0
1072276,2023-06-04,15,0,0,0,0,37,0
1072276,2023-06-05,11,4,0,0,0,37,0
1072276,2023-06-06,10,1,0,0,0,37,0
1072276,2023-06-07,9,1,0,0,0,37,0
1072276,2023-06-08,9,0,0,0,0,37,0
1072276,2023-06-09,6,3,0,0,0,37,0
1072276,2023-06-10,6,0,0,0,0,37,0
1072276,2023-06-11,4,2,0,0,0,37,0
1072276,2023-06-12,4,0,0,0,0,37,0
1072276,2023-06-13,4,0,0,0,0,37,0
1072276,2023-06-14,3,1,0,0,0,37,0
1072276,2023-06-15,1,2,0,0,0,37,0
1072276,2023-06-16,0,1,0,0,0,37,0
1072276,2023-06-17,0,0,0,0,0,37,0
1072276,2023-06-18,0,0,0,0,0,37,0
1072276,2023-06-18,0,0,0,0,0,37,0
1072276,2023-06-19,0,3,3,0,0,37,1
1072276,2023-06-20,0,0,0,0,0,37,0
1072276,2023-06-21,0,1,1,0,0,37,1
1072276,2023-06-22,37,0,0,37,0,0,0
1072276,2023-06-23,36,1,0,0,0,0,0
1072276,2023-06-24,36,0,0,0,0,0,0
1072276,2023-06-25,34,2,0,0,0,0,0
1072276,2023-06-26,32,2,0,0,0,0,0
1072276,2023-06-27,32,0,0,0,0,0,0
1072276,2023-06-28,31,1,0,0,0,0,0
1072276,2023-06-29,28,3,0,0,0,0,0
1072276,2023-06-30,27,1,0,0,0,0,0
1072276,2023-07-01,25,2,0,0,0,0,0
1072276,2023-07-02,24,1,0,0,0,0,0
1072276,2023-07-03,23,1,0,0,47,47,0
1072276,2023-07-04,22,1,0,0,0,47,0
1072276,2023-07-05,22,0,0,0,0,47,0
1072276,2023-07-06,21,1,0,0,0,47,0
1072276,2023-07-07,21,0,0,0,0,47,0
1072276,2023-07-08,20,1,0,0,0,47,0
1072276,2023-07-09,19,1,0,0,0,47,0
1072276,2023-07-10,18,1,0,0,0,47,0
1072276,2023-07-11,17,1,0,0,0,47,0
1072276,2023-07-12,17,0,0,0,0,47,0
1072276,2023-07-13,17,0,0,0,0,47,0
1072276,2023-07-14,16,1,0,0,0,47,0
1072276,2023-07-15,14,2,0,0,0,47,0
1072276,2023-07-16,13,1,0,0,0,47,0
1072276,2023-07-17,13,0,0,0,0,47,0
1072276,2023-07-18,12,1,0,0,0,47,0
1072276,2023-07-19,12,0,0,0,0,47,0
1072276,2023-07-20,11,1,0,0,0,47,0
1072276,2023-07-21,11,0,0,0,0,47,0
1072276,2023-07-22,11,0,0,0,0,47,0
1072276,2023-07-23,11,0,0,0,0,47,0
1072276,2023-07-24,57,1,0,47,0,0,0
1072276,2023-07-25,53,4,0,0,0,0,0
1072276,2023-07-26,53,0,0,0,0,0,0
1072276,2023-07-27,53,0,0,0,0,0,0
1072276,2023-07-28,53,0,0,0,0,0,0
1072276,2023-07-29,51,2,0,0,0,0,0
1072276,2023-07-30,50,1,0,0,0,0,0
1072276,2023-07-31,49,1,0,0,0,0,0
1072276,2023-08-01,48,1,0,0,0,0,0
1072276,2023-08-02,48,0,0,0,0,0,0
1072276,2023-08-03,48,0,0,0,0,0,0
1072276,2023-08-04,46,2,0,0,0,0,0
1072276,2023-08-05,46,0,0,0,0,0,0
1072276,2023-08-06,46,0,0,0,0,0,0
1072276,2023-08-07,46,0,0,0,0,0,0
1072276,2023-08-08,46,0,0,0,0,0,0
1072276,2023-08-09,46,0,0,0,0,0,0
1072276,2023-08-10,42,4,0,0,0,0,0
1072276,2023-08-11,42,0,0,0,0,0,0
1072276,2023-08-12,42,0,0,0,0,0,0
1072276,2023-08-13,42,0,0,0,0,0,0
1072276,2023-08-14,41,1,0,0,0,0,0
1072276,2023-08-15,39,2,0,0,0,0,0
1072276,2023-08-16,37,2,0,0,0,0,0
1072276,2023-08-17,36,1,0,0,0,0,0
1072276,2023-08-18,36,0,0,0,0,0,0
1072276,2023-08-19,34,2,0,0,0,0,0
1072276,2023-08-20,34,0,0,0,0,0,0
1072276,2023-08-21,32,2,0,0,0,0,0
1072276,2023-08-22,31,1,0,0,0,0,0
1072276,2023-08-23,30,1,0,0,0,0,0
1072276,2023-08-24,28,2,0,0,0,0,0
1072276,2023-08-25,24,4,0,0,0,0,0
1072276,2023-08-26,23,1,0,0,0,0,0
1072276,2023-08-27,19,4,0,0,43,43,0
1072276,2023-08-28,16,3,0,0,0,43,0
1072276,2023-08-29,15,1,0,0,0,43,0
1072276,2023-08-30,15,0,0,0,0,43,0
1072276,2023-08-31,14,1,0,0,0,43,0
1072276,2023-09-01,14,0,0,0,0,43,0
1072276,2023-09-02,11,3,0,0,0,43,0
1072276,2023-09-03,9,2,0,0,0,43,0
1072276,2023-09-04,6,3,0,0,0,43,0
1072276,2023-09-05,6,0,0,0,0,43,0
1072276,2023-09-06,6,0,0,0,0,43,0
1072276,2023-09-07,6,0,0,0,0,43,0
1072276,2023-09-08,3,3,0,0,0,43,0
1072276,2023-09-09,1,2,0,0,0,43,0
1072276,2023-09-10,1,0,0,0,0,43,0
1072276,2023-09-11,0,1,0,0,0,43,0
1072276,2023-09-12,0,2,2,0,0,43,1
1072276,2023-09-13,0,2,2,0,0,43,1
1072276,2023-09-14,0,0,0,0,0,43,0
1072276,2023-09-15,0,1,1,0,0,43,1
1072276,2023-09-16,0,0,0,0,0,43,0
1072276,2023-09-17,41,2,0,43,0,0,0
1072276,2023-09-18,38,3,0,0,0,0,0
1072276,2023-09-19,36,2,0,0,0,0,0
1072276,2023-09-20,35,1,0,0,0,0,0
1072276,2023-09-21,33,2,0,0,0,0,0
1072276,2023-09-22,32,1,0,0,0,0,0
1072276,2023-09-23,32,0,0,0,0,0,0
1072276,2023-09-24,31,1,0,0,0,0,0
1072276,2023-09-25,31,0,0,0,0,0,0
1072276,2023-09-26,31,0,0,0,0,0,0
1072276,2023-09-27,30,1,0,0,0,0,0
1072276,2023-09-28,27,3,0,0,57,57,0
1072276,2023-09-29,27,0,0,0,0,57,0
1072276,2023-09-30,27,0,0,0,0,57,0
1072276,2023-10-01,27,0,0,0,0,57,0
1072276,2023-10-02,27,0,0,0,0,57,0
1072276,2023-10-03,26,1,0,0,0,57,0
1072276,2023-10-04,26,0,0,0,0,57,0
1072276,2023-10-05,25,1,0,0,0,57,0
1072276,2023-10-06,25,0,0,0,0,57,0
1072276,2023-10-07,25,0,0,0,0,57,0
1072276,2023-10-08,25,0,0,0,0,57,0
1072276,2023-10-09,25,0,0,0,0,57,0
1072276,2023-10-10,23,2,0,0,0,57,0
1072276,2023-10-11,21,2,0,0,0,57,0
1072276,2023-10-12,21,0,0,0,0,57,0
1072276,2023-10-13,20,1,0,0,0,57,0
1072276,2023-10-14,19,1,0,0,0,57,0
1072276,2023-10-15,19,0,0,0,0,57,0
1072276,2023-10-16,19,0,0,0,0,57,0
1072276,2023-10-17,18,1,0,0,0,57,0
1072276,2023-10-18,17,1,0,0,0,57,0
1072276,2023-10-19,74,0,0,57,0,0,0
1072276,2023-10-20,74,0,0,0,0,0,0
1072276,2023-10-21,74,0,0,0,0,0,0
1072276,2023-10-22,74,0,0,0,0,0,0
1072276,2023-10-23,73,1,0,0,0,0,0
1072276,2023-10-24,72,1,0,0,0,0,0
1072276,2023-10-25,71,1,0,0,0,0,0
1072276,2023-10-26,70,1,0,0,0,0,0
1072276,2023-10-27,68,2,0,0,0,0,0
1072276,2023-10-28,68,0,0,0,0,0,0
1072276,2023-10-29,65,3,0,0,0,0,0
1072276,2023-10-30,65,0,0,0,0,0,0
1072276,2023-10-31,65,0,0,0,0,0,0
1072276,2023-11-01,64,1,0,0,0,0,0
1072276,2023-11-02,63,1,0,0,0,0,0
1072276,2023-11-03,63,0,0,0,0,0,0
1072276,2023-11-04,63,0,0,0,0,0,0
1072276,2023-11-05,63,0,0,0,0,0,0
1072276,2023-11-06,62,1,0,0,0,0,0
1072276,2023-11-07,61,1,0,0,0,0,0
1072276,2023-11-08,61,0,0,0,0,0,0
1072276,2023-11-09,61,0,0,0,0,0,0
1072276,2023-11-10,61,0,0,0,0,0,0
1072276,2023-11-11,61,0,0,0,0,0,0
1072276,2023-11-12,60,1,0,0,0,0,0
1072276,2023-11-13,59,1,0,0,0,0,0
1072276,2023-11-14,59,0,0,0,0,0,0
1072276,2023-11-15,58,1,0,0,0,0,0
1072276,2023-11-16,58,0,0,0,0,0,0
1072276,2023-11-17,57,1,0,0,0,0,0
1072276,2023-11-18,55,2,0,0,0,0,0
1072276,2023-11-19,52,3,0,0,0,0,0
1072276,2023-11-20,52,0,0,0,0,0,0
1072276,2023-11-21,51,1,0,0,0,0,0
1072276,2023-11-22,50,1,0,0,0,0,0
1072276,2023-11-23,48,2,0,0,0,0,0
1072276,2023-11-24,46,2,0,0,0,0,0
1072276,2023-11-25,45,1,0,0,0,0,0
1072276,2023-11-26,36,9,0,0,0,0,0
1072276,2023-11-27,36,0,0,0,0,0,0
1072276,2023-11-28,34,2,0,0,0,0,0
1072276,2023-11-29,33,1,0,0,0,0,0
1072276,2023-11-30,32,1,0,0,0,0,0
1072276,2023-12-01,31,1,0,0,0,0,0
1072276,2023-12-02,30,1,0,0,0,0,0
1072276,2023-12-03,30,0,0,0,0,0,0
1072276,2023-12-04,30,0,0,0,0,0,0
1072276,2023-12-05,29,1,0,0,0,0,0
1072276,2023-12-06,27,2,0,0,0,0,0
1072276,2023-12-07,26,1,0,0,0,0,0
1072276,2023-12-08,25,1,0,0,0,0,0
1072276,2023-12-09,23,2,0,0,45,45,0
1072276,2023-12-10,22,1,0,0,0,45,0
1072276,2023-12-11,21,1,0,0,0,45,0
1072276,2023-12-12,21,0,0,0,0,45,0
1072276,2023-12-13,20,1,0,0,0,45,0
1072276,2023-12-14,18,2,0,0,0,45,0
1072276,2023-12-15,17,1,0,0,0,45,0
1072276,2023-12-16,17,0,0,0,0,45,0
1072276,2023-12-17,13,4,0,0,0,45,0
1072276,2023-12-18,12,1,0,0,0,45,0
1072276,2023-12-19,10,2,0,0,0,45,0
1072276,2023-12-20,9,1,0,0,0,45,0
1072276,2023-12-21,9,0,0,0,0,45,0
1072276,2023-12-22,7,2,0,0,0,45,0
1072276,2023-12-23,5,2,0,0,0,45,0
1072276,2023-12-24,3,2,0,0,0,45,0
1072276,2023-12-25,2,1,0,0,0,45,0
1072276,2023-12-26,1,1,0,0,0,45,0
1072276,2023-12-27,0,1,0,0,0,45,0
1072276,2023-12-28,0,1,1,0,0,45,1
1072276,2023-12-29,0,0,0,0,0,45,0
1072276,2023-12-30,45,0,0,45,0,0,0
1072276,2023-12-31,42,3,0,0,0,0,0
1072276,2024-01-01,42,0,0,0,0,0,0
1072276,2024-01-02,41,1,0,0,0,0,0
1072276,2024-01-03,40,1,0,0,0,0,0
1072276,2024-01-04,40,0,0,0,0,0,0
1072276,2024-01-05,39,1,0,0,0,0,0
1072276,2024-01-06,37,2,0,0,0,0,0
1072276,2024-01-07,36,1,0,0,0,0,0
1072276,2024-01-08,33,3,0,0,0,0,0
1072276,2024-01-09,32,1,0,0,0,0,0
1072276,2024-01-10,29,3,0,0,62,62,0
1072276,2024-01-11,27,2,0,0,0,62,0
1072276,2024-01-12,26,1,0,0,0,62,0
1072276,2024-01-13,25,1,0,0,0,62,0
1072276,2024-01-14,25,0,0,0,0,62,0
1072276,2024-01-15,24,1,0,0,0,62,0
1072276,2024-01-16,24,0,0,0,0,62,0
1072276,2024-01-17,23,1,0,0,0,62,0
1072276,2024-01-18,23,0,0,0,0,62,0
1072276,2024-01-19,22,1,0,0,0,62,0
1072276,2024-01-20,22,0,0,0,0,62,0
1072276,2024-01-21,22,0,0,0,0,62,0
1072276,2024-01-22,19,3,0,0,0,62,0
1072276,2024-01-23,18,1,0,0,0,62,0
1072276,2024-01-24,17,1,0,0,0,62,0
1072276,2024-01-25,16,1,0,0,0,62,0
1072276,2024-01-26,15,1,0,0,0,62,0
1072276,2024-01-27,12,3,0,0,0,62,0
1072276,2024-01-28,11,1,0,0,0,62,0
1072276,2024-01-29,11,0,0,0,0,62,0
1072276,2024-01-30,11,0,0,0,0,62,0
1072276,2024-01-31,72,1,0,62,0,0,0
1072276,2024-02-01,72,0,0,0,0,0,0
1072276,2024-02-02,71,1,0,0,0,0,0
1072276,2024-02-03,69,2,0,0,0,0,0
1072276,2024-02-04,69,0,0,0,0,0,0
1072276,2024-02-05,68,1,0,0,0,0,0
1072276,2024-02-06,66,2,0,0,0,0,0
1072276,2024-02-07,66,0,0,0,0,0,0
1072276,2024-02-08,66,0,0,0,0,0,0
1072276,2024-02-09,65,1,0,0,0,0,0
1072276,2024-02-10,64,1,0,0,0,0,0
1072276,2024-02-11,63,1,0,0,0,0,0
1072276,2024-02-12,63,0,0,0,0,0,0
1072276,2024-02-13,63,0,0,0,0,0,0
1072276,2024-02-14,63,0,0,0,0,0,0
1072276,2024-02-15,63,0,0,0,0,0,0
1072276,2024-02-16,63,0,0,0,0,0,0
1072276,2024-02-17,63,0,0,0,0,0,0
1072276,2024-02-18,63,0,0,0,0,0,0
1072276,2024-02-19,61,2,0,0,0,0,0
1072276,2024-02-20,60,1,0,0,0,0,0
1072276,2024-02-21,60,0,0,0,0,0,0
1072276,2024-02-22,60,0,0,0,0,0,0
1072276,2024-02-23,60,0,0,0,0,0,0
1072276,2024-02-24,57,3,0,0,0,0,0
1072276,2024-02-25,56,1,0,0,0,0,0
1072276,2024-02-26,55,1,0,0,0,0,0
1072276,2024-02-27,54,1,0,0,0,0,0
1072276,2024-02-28,54,0,0,0,0,0,0
1072276,2024-02-29,50,4,0,0,0,0,0
1079923,2022-03-01,68,0,0,0,0,0,0
1079923,2022-03-02,68,0,0,0,0,0,0
1079923,2022-03-03,64,4,0,0,0,0,0
1079923,2022-03-04,63,1,0,0,0,0,0
1079923,2022-03-05,63,0,0,0,0,0,0
1079923,2022-03-06,62,1,0,0,0,0,0
1079923,2022-03-07,61,1,0,0,0,0,0
1079923,2022-03-08,59,2,0,0,0,0,0
1079923,2022-03-09,57,2,0,0,0,0,0
1079923,2022-03-10,54,3,0,0,0,0,0
1079923,2022-03-11,54,0,0,0,0,0,0
1079923,2022-03-12,50,4,0,0,0,0,0
1079923,2022-03-13,48,2,0,0,0,0,0
1079923,2022-03-14,47,1,0,0,0,0,0
1079923,2022-03-15,45,2,0,0,0,0,0
1079923,2022-03-16,44,1,0,0,0,0,0
1079923,2022-03-17,42,2,0,0,0,0,0
1079923,2022-03-18,42,0,0,0,0,0,0
1079923,2022-03-19,42,0,0,0,0,0,0
1079923,2022-03-20,40,2,0,0,0,0,0
1079923,2022-03-21,39,1,0,0,0,0,0
1079923,2022-03-22,38,1,0,0,0,0,0
1079923,2022-03-23,38,0,0,0,0,0,0
1079923,2022-03-24,38,0,0,0,0,0,0
1079923,2022-03-25,38,0,0,0,0,0,0
1079923,2022-03-26,35,3,0,0,0,0,0
1079923,2022-03-27,32,3,0,0,0,0,0
1079923,2022-03-28,29,3,0,0,63,63,0
1079923,2022-03-29,29,0,0,0,0,63,0
1079923,2022-03-30,26,3,0,0,0,63,0
1079923,2022-03-31,25,1,0,0,0,63,0
1079923,2022-04-01,21,4,0,0,0,63,0
1079923,2022-04-02,18,3,0,0,0,63,0
1079923,2022-04-03,18,0,0,0,0,63,0
1079923,2022-04-04,17,1,0,0,0,63,0
1079923,2022-04-05,14,3,0,0,0,63,0
1079923,2022-04-06,13,1,0,0,0,63,0
1079923,2022-04-07,13,0,0,0,0,63,0
1079923,2022-04-08,12,1,0,0,0,63,0
1079923,2022-04-09,10,2,0,0,0,63,0
1079923,2022-04-10,5,5,0,0,0,63,0
1079923,2022-04-11,3,2,0,0,0,63,0
1079923,2022-04-12,1,2,0,0,0,63,0
1079923,2022-04-13,0,2,1,0,0,63,1
1079923,2022-04-14,0,1,1,0,0,63,1
1079923,2022-04-15,0,2,2,0,0,63,1
1079923,2022-04-16,0,0,0,0,0,63,0
1079923,2022-04-17,0,2,2,0,0,63,1
1079923,2022-04-18,61,2,0,63,0,0,0
1079923,2022-04-19,61,0,0,0,0,0,0
1079923,2022-04-20,60,1,0,0,0,0,0
1079923,2022-04-21,58,2,0,0,0,0,0
1079923,2022-04-22,57,1,0,0,0,0,0
1079923,2022-04-23,56,1,0,0,0,0,0
1079923,2022-04-24,55,1,0,0,0,0,0
1079923,2022-04-25,53,2,0,0,0,0,0
1079923,2022-04-26,52,1,0,0,0,0,0
1079923,2022-04-27,52,0,0,0,0,0,0
1079923,2022-04-28,49,3,0,0,0,0,0
1079923,2022-04-29,48,1,0,0,0,0,0
1079923,2022-04-30,44,4,0,0,0,0,0
1079923,2022-05-01,44,0,0,0,0,0,0
1079923,2022-05-02,43,1,0,0,0,0,0
1079923,2022-05-03,41,2,0,0,0,0,0
1079923,2022-05-04,39,2,0,0,0,0,0
1079923,2022-05-05,38,1,0,0,0,0,0
1079923,2022-05-06,37,1,0,0,0,0,0
1079923,2022-05-07,36,1,0,0,73,73,0
1079923,2022-05-08,34,2,0,0,0,73,0
1079923,2022-05-09,31,3,0,0,0,73,0
1079923,2022-05-10,31,0,0,0,0,73,0
1079923,2022-05-11,28,3,0,0,0,73,0
1079923,2022-05-12,26,2,0,0,0,73,0
1079923,2022-05-13,25,1,0,0,0,73,0
1079923,2022-05-14,24,1,0,0,0,73,0
1079923,2022-05-15,21,3,0,0,0,73,0
1079923,2022-05-16,21,0,0,0,0,73,0
1079923,2022-05-17,20,1,0,0,0,73,0
1079923,2022-05-18,18,2,0,0,0,73,0
1079923,2022-05-19,17,1,0,0,0,73,0
1079923,2022-05-19,17,1,0,0,0,73,0
1079923,2022-05-20,16,1,0,0,0,73,0
1079923,2022-05-21,15,1,0,0,0,73,0
1079923,2022-05-22,15,0,0,0,0,73,0
1079923,2022-05-23,14,1,0,0,0,73,0
1079923,2022-05-24,14,0,0,0,0,73,0
1079923,2022-05-25,11,3,0,0,0,73,0
1079923,2022-05-26,9,2,0,0,0,73,0
1079923,2022-05-27,8,1,0,0,0,73,0
1079923,2022-05-28,81,0,0,73,0,0,0
1079923,2022-05-29,79,2,0,0,0,0,0
1079923,2022-05-30,77,2,0,0,0,0,0
1079923,2022-05-31,72,5,0,0,0,0,0
1079923,2022-06-01,72,0,0,0,0,0,0
1079923,2022-06-02,69,3,0,0,0,0,0
1079923,2022-06-03,68,1,0,0,0,0,0
1079923,2022-06-04,67,1,0,0,0,0,0
1079923,2022-06-05,66,1,0,0,0,0,0
1079923,2022-06-06,64,2,0,0,0,0,0
1079923,2022-06-07,63,1,0,0,0,0,0
1079923,2022-06-08,62,1,0,0,0,0,0
1079923,2022-06-09,61,1,0,0,0,0,0
1079923,2022-06-10,59,2,0,0,0,0,0
1079923,2022-06-11,58,1,0,0,0,0,0
1079923,2022-06-12,58,0,0,0,0,0,0
1079923,2022-06-13,57,1,0,0,0,0,0
1079923,2022-06-14,57,0,0,0,0,0,0
1079923,2022-06-15,56,1,0,0,0,0,0
1079923,2022-06-16,55,1,0,0,0,0,0
1079923,2022-06-17,52,3,0,0,0,0,0
1079923,2022-06-18,51,1,0,0,0,0,0
1079923,2022-06-19,51,0,0,0,0,0,0
1079923,2022-06-20,50,1,0,0,0,0,0
1079923,2022-06-21,47,3,0,0,0,0,0
1079923,2022-06-22,46,1,0,0,0,0,0
1079923,2022-06-23,44,2,0,0,0,0,0
1079923,2022-06-24,42,2,0,0,0,0,0
1079923,2022-06-25,40,2,0,0,0,0,0
1079923,2022-06-26,39,1,0,0,0,0,0
1079923,2022-06-27,36,3,0,0,0,0,0
1079923,2022-06-28,34,2,0,0,68,68,0
1079923,2022-06-29,32,2,0,0,0,68,0
1079923,2022-06-30,31,1,0,0,0,68,0
1079923,2022-07-01,28,3,0,0,0,68,0
1079923,2022-07-02,21,7,0,0,0,68,0
1079923,2022-07-03,18,3,0,0,0,68,0
1079923,2022-07-04,17,1,0,0,0,68,0
1079923,2022-07-05,16,1,0,0,0,68,0
1079923,2022-07-06,16,0,0,0,0,68,0
1079923,2022-07-07,14,2,0,0,0,68,0
1079923,2022-07-08,12,2,0,0,0,68,0
1079923,2022-07-09,10,2,0,0,0,68,0
1079923,2022-07-10,9,1,0,0,0,68,0
1079923,2022-07-11,7,2,0,0,0,68,0
1079923,2022-07-12,6,1,0,0,0,68,0
1079923,2022-07-13,3,3,0,0,0,68,0
1079923,2022-07-14,2,1,0,0,0,68,0
1079923,2022-07-15,2,0,0,0,0,68,0
1079923,2022-07-16,1,1,0,0,0,68,0
1079923,2022-07-17,0,3,2,0,0,68,1
1079923,2022-07-18,0,1,1,0,0,68,1
1079923,2022-07-19,67,1,0,68,0,0,0
1079923,2022-07-20,66,1,0,0,0,0,0
1079923,2022-07-21,65,1,0,0,0,0,0
1079923,2022-07-22,65,0,0,0,0,0,0
1079923,2022-07-23,64,1,0,0,0,0,0
1079923,2022-07-24,64,0,0,0,0,0,0
1079923,2022-07-25,63,1,0,0,0,0,0
1079923,2022-07-26,62,1,0,0,0,0,0
1079923,2022-07-27,59,3,0,0,0,0,0
1079923,2022-07-28,57,2,0,0,0,0,0
1079923,2022-07-29,56,1,0,0,0,0,0
1079923,2022-07-30,54,2,0,0,0,0,0
1079923,2022-07-31,54,0,0,0,0,0,0
1079923,2022-08-01,49,5,0,0,0,0,0
1079923,2022-08-02,48,1,0,0,0,0,0
1079923,2022-08-03,47,1,0,0,0,0,0
1079923,2022-08-04,45,2,0,0,0,0,0
1079923,2022-08-05,43,2,0,0,0,0,0
1079923,2022-08-06,42,1,0,0,0,0,0
1079923,2022-08-07,39,3,0,0,0,0,0
1079923,2022-08-08,37,2,0,0,76,76,0
1079923,2022-08-09,34,3,0,0,0,76,0
1079923,2022-08-10,32,2,0,0,0,76,0
1079923,2022-08-11,32,0,0,0,0,76,0
1079923,2022-08-12,31,1,0,0,0,76,0
1079923,2022-08-13,28,3,0,0,0,76,0
1079923,2022-08-14,24,4,0,0,0,76,0
1079923,2022-08-15,22,2,0,0,0,76,0
1079923,2022-08-16,22,0,0,0,0,76,0
1079923,2022-08-17,21,1,0,0,0,76,0
1079923,2022-08-18,21,0,0,0,0,76,0
1079923,2022-08-19,21,0,0,0,0,76,0
1079923,2022-08-20,20,1,0,0,0,76,0
1079923,2022-08-21,18,2,0,0,0,76,0
1079923,2022-08-22,18,0,0,0,0,76,0
1079923,2022-08-23,18,0,0,0,0,76,0
1079923,2022-08-24,18,0,0,0,0,76,0
1079923,2022-08-25,17,1,0,0,0,76,0
1079923,2022-08-26,15,2,0,0,0,76,0
1079923,2022-08-27,13,2,0,0,0,76,0
1079923,2022-08-28,10,3,0,0,0,76,0
1079923,2022-08-29,82,4,0,76,0,0,0
1079923,2022-08-30,82,0,0,0,0,0,0
1079923,2022-08-31,80,2,0,0,0,0,0
1079923,2022-09-01,79,1,0,0,0,0,0
1079923,2022-09-02,79,0,0,0,0,0,0
1079923,2022-09-03,76,3,0,0,0,0,0
1079923,2022-09-04,74,2,0,0,0,0,0
1079923,2022-09-05,72,2,0,0,0,0,0
1079923,2022-09-06,70,2,0,0,0,0,0
1079923,2022-09-07,68,2,0,0,0,0,0
1079923,2022-09-08,68,0,0,0,0,0,0
1079923,2022-09-09,67,1,0,0,0,0,0
1079923,2022-09-10,67,0,0,0,0,0,0
1079923,2022-09-11,64,3,0,0,0,0,0
1079923,2022-09-12,64,0,0,0,0,0,0
1079923,2022-09-13,64,0,0,0,0,0,0
1079923,2022-09-14,61,3,0,0,0,0,0
1079923,2022-09-15,60,1,0,0,0,0,0
1079923,2022-09-16,60,0,0,0,0,0,0
1079923,2022-09-17,58,2,0,0,0,0,0
1079923,2022-09-18,54,4,0,0,0,0,0
1079923,2022-09-19,51,3,0,0,0,0,0
1079923,2022-09-20,51,0,0,0,0,0,0
1079923,2022-09-21,49,2,0,0,0,0,0
1079923,2022-09-22,46,3,0,0,0,0,0
1079923,2022-09-23,45,1,0,0,0,0,0
1079923,2022-09-24,42,3,0,0,0,0,0
1079923,2022-09-25,40,2,0,0,0,0,0
1079923,2022-09-26,39,1,0,0,0,0,0
1079923,2022-09-27,38,1,0,0,0,0,0
1079923,2022-09-28,37,1,0,0,0,0,0
1079923,2022-09-29,37,0,0,0,0,0,0
1079923,2022-09-30,36,1,0,0,0,0,0
1079923,2022-10-01,34,2,0,0,70,70,0
1079923,2022-10-02,33,1,0,0,0,70,0
1079923,2022-10-03,30,3,0,0,0,70,0
1079923,2022-10-04,29,1,0,0,0,70,0
1079923,2022-10-05,27,2,0,0,0,70,0
1079923,2022-10-06,23,4,0,0,0,70,0
1079923,2022-10-07,21,2,0,0,0,70,0
1079923,2022-10-08,20,1,0,0,0,70,0
1079923,2022-10-09,20,0,0,0,0,70,0
1079923,2022-10-10,18,2,0,0,0,70,0
1079923,2022-10-11,16,2,0,0,0,70,0
1079923,2022-10-12,14,2,0,0,0,70,0
1079923,2022-10-13,14,0,0,0,0,70,0
1079923,2022-10-14,12,2,0,0,0,70,0
1079923,2022-10-15,10,2,0,0,0,70,0
1079923,2022-10-16,6,4,0,0,0,70,0
1079923,2022-10-17,3,3,0,0,0,70,0
1079923,2022-10-18,1,2,0,0,0,70,0
1079923,2022-10-19,1,0,0,0,0,70,0
1079923,2022-10-20,1,0,0,0,0,70,0
1079923,2022-10-21,0,2,1,0,0,70,1
1079923,2022-10-22,68,2,0,70,0,0,0
1079923,2022-10-23,67,1,0,0,0,0,0
1079923,2022-10-24,63,4,0,0,0,0,0
1079923,2022-10-25,61,2,0,0,0,0,0
1079923,2022-10-26,61,0,0,0,0,0,0
1079923,2022-10-27,59,2,0,0,0,0,0
1079923,2022-10-28,57,2,0,0,0,0,0
1079923,2022-10-29,57,0,0,0,0,0,0
1079923,2022-10-30,55,2,0,0,0,0,0
1079923,2022-10-31,55,0,0,0,0,0,0
1079923,2022-11-01,54,1,0,0,0,0,0
1079923,2022-11-02,54,0,0,0,0,0,0
1079923,2022-11-03,52,2,0,0,0,0,0
1079923,2022-11-04,50,2,0,0,0,0,0
1079923,2022-11-05,48,2,0,0,0,0,0
1079923,2022-11-06,47,1,0,0,0,0,0
1079923,2022-11-07,47,0,0,0,0,0,0
1079923,2022-11-08,47,0,0,0,0,0,0
1079923,2022-11-09,44,3,0,0,0,0,0
1079923,2022-11-10,42,2,0,0,0,0,0
1079923,2022-11-11,40,2,0,0,0,0,0
1079923,2022-11-12,40,0,0,0,0,0,0
1079923,2022-11-13,38,2,0,0,0,0,0
1079923,2022-11-14,37,1,0,0,0,0,0
1079923,2022-11-15,37,0,0,0,0,0,0
1079923,2022-11-16,36,1,0,0,72,72,0
1079923,2022-11-17,36,0,0,0,0,72,0
1079923,2022-11-18,36,0,0,0,0,72,0
1079923,2022-11-19,34,2,0,0,0,72,0
1079923,2022-11-20,34,0,0,0,0,72,0
1079923,2022-11-21,34,0,0,0,0,72,0
1079923,2022-11-22,32,2,0,0,0,72,0
1079923,2022-11-23,31,1,0,0,0,72,0
1079923,2022-11-24,26,5,0,0,0,72,0
1079923,2022-11-25,21,5,0,0,0,72,0
1079923,2022-11-26,17,4,0,0,0,72,0
1079923,2022-11-27,6,11,0,0,0,72,0
1079923,2022-11-28,4,2,0,0,0,72,0
1079923,2022-11-29,4,0,0,0,0,72,0
1079923,2022-11-30,2,2,0,0,0,72,0
1079923,2022-12-01,2,0,0,0,0,72,0
1079923,2022-12-02,2,0,0,0,0,72,0
1079923,2022-12-03,0,2,0,0,0,72,0
1079923,2022-12-04,0,1,1,0,0,72,1
1079923,2022-12-05,0,3,3,0,0,72,1
1079923,2022-12-06,0,2,2,0,0,72,1
1079923,2022-12-07,72,0,0,72,0,0,0
1079923,2022-12-08,71,1,0,0,0,0,0
1079923,2022-12-09,71,0,0,0,0,0,0
1079923,2022-12-10,67,4,0,0,0,0,0
1079923,2022-12-11,64,3,0,0,0,0,0
1079923,2022-12-12,64,0,0,0,0,0,0
1079923,2022-12-13,62,2,0,0,0,0,0
1079923,2022-12-14,61,1,0,0,0,0,0
1079923,2022-12-15,60,1,0,0,0,0,0
1079923,2022-12-16,55,5,0,0,0,0,0
1079923,2022-12-17,54,1,0,0,0,0,0
1079923,2022-12-18,54,0,0,0,0,0,0
1079923,2022-12-19,54,0,0,0,0,0,0
1079923,2022-12-20,53,1,0,0,0,0,0
1079923,2022-12-21,51,2,0,0,0,0,0
1079923,2022-12-22,51,0,0,0,0,0,0
1079923,2022-12-23,51,0,0,0,0,0,0
1079923,2022-12-24,47,4,0,0,0,0,0
1079923,2022-12-25,47,0,0,0,0,0,0
1079923,2022-12-26,47,0,0,0,0,0,0
1079923,2022-12-27,46,1,0,0,0,0,0
1079923,2022-12-28,44,2,0,0,0,0,0
1079923,2022-12-29,44,0,0,0,0,0,0
1079923,2022-12-30,43,1,0,0,0,0,0
1079923,2022-12-31,40,3,0,0,0,0,0
1079923,2023-01-01,39,1,0,0,0,0,0
1079923,2023-01-02,38,1,0,0,0,0,0
1079923,2023-01-03,38,0,0,0,0,0,0
1079923,2023-01-04,37,1,0,0,0,0,0
1079923,2023-01-05,37,0,0,0,0,0,0
1079923,2023-01-06,36,1,0,0,0,0,0
1079923,2023-01-07,34,2,0,0,69,69,0
1079923,2023-01-08,33,1,0,0,0,69,0
1079923,2023-01-09,32,1,0,0,0,69,0
1079923,2023-01-10,31,1,0,0,0,69,0
1079923,2023-01-11,28,3,0,0,0,69,0
1079923,2023-01-12,25,3,0,0,0,69,0
1079923,2023-01-13,24,1,0,0,0,69,0
1079923,2023-01-14,23,1,0,0,0,69,0
1079923,2023-01-15,18,5,0,0,0,69,0
1079923,2023-01-16,17,1,0,0,0,69,0
1079923,2023-01-17,15,2,0,0,0,69,0
1079923,2023-01-18,12,3,0,0,0,69,0
1079923,2023-01-19,9,3,0,0,0,69,0
1079923,2023-01-20,7,2,0,0,0,69,0
1079923,2023-01-21,6,1,0,0,0,69,0
1079923,2023-01-22,5,1,0,0,0,69,0
1079923,2023-01-23,5,0,0,0,0,69,0
1079923,2023-01-24,5,0,0,0,0,69,0
1079923,2023-01-25,1,4,0,0,0,69,0
1079923,2023-01-26,0,2,1,0,0,69,1
1079923,2023-01-27,0,3,3,0,0,69,1
1079923,2023-01-28,68,1,0,69,0,0,0
1079923,2023-01-29,66,2,0,0,0,0,0
1079923,2023-01-30,65,1,0,0,0,0,0
1079923,2023-01-31,63,2,0,0,0,0,0
1079923,2023-02-01,60,3,0,0,0,0,0
1079923,2023-02-02,58,2,0,0,0,0,0
1079923,2023-02-03,56,2,0,0,0,0,0
1079923,2023-02-03,56,2,0,0,0,0,0
1079923,2023-02-04,50,6,0,0,0,0,0
1079923,2023-02-05,49,1,0,0,0,0,0
1079923,2023-02-06,49,0,0,0,0,0,0
1079923,2023-02-07,48,1,0,0,0,0,0
1079923,2023-02-08,47,1,0,0,0,0,0
1079923,2023-02-09,47,0,0,0,0,0,0
1079923,2023-02-10,45,2,0,0,0,0,0
1079923,2023-02-11,40,5,0,0,0,0,0
1079923,2023-02-12,39,1,0,0,0,0,0
1079923,2023-02-13,37,2,0,0,74,74,0
1079923,2023-02-14,36,1,0,0,0,74,0
1079923,2023-02-15,35,1,0,0,0,74,0
1079923,2023-02-16,34,1,0,0,0,74,0
1079923,2023-02-17,32,2,0,0,0,74,0
1079923,2023-02-18,30,2,0,0,0,74,0
1079923,2023-02-19,27,3,0,0,0,74,0
1079923,2023-02-20,25,2,0,0,0,74,0
1079923,2023-02-21,23,2,0,0,0,74,0
1079923,2023-02-22,22,1,0,0,0,74,0
1079923,2023-02-23,22,0,0,0,0,74,0
1079923,2023-02-24,22,0,0,0,0,74,0
1079923,2023-02-25,22,0,0,0,0,74,0
1079923,2023-02-26,19,3,0,0,0,74,0
1079923,2023-02-27,16,3,0,0,0,74,0
1079923,2023-02-28,13,3,0,0,0,74,0
1079923,2023-03-01,9,4,0,0,0,74,0
1079923,2023-03-02,8,1,0,0,0,74,0
1079923,2023-03-03,5,3,0,0,0,74,0
1079923,2023-03-04,2,3,0,0,0,74,0
1079923,2023-03-05,0,3,1,0,0,74,1
1079923,2023-03-06,72,2,0,74,0,0,0
1079923,2023-03-07,70,2,0,0,0,0,0
1079923,2023-03-08,69,1,0,0,0,0,0
1079923,2023-03-09,65,4,0,0,0,0,0
1079923,2023-03-10,61,4,0,0,0,0,0
1079923,2023-03-11,58,3,0,0,0,0,0
1079923,2023-03-12,53,5,0,0,0,0,0
1079923,2023-03-13,52,1,0,0,0,0,0
1079923,2023-03-14,52,0,0,0,0,0,0
1079923,2023-03-15,50,2,0,0,0,0,0
1079923,2023-03-16,49,1,0,0,0,0,0
1079923,2023-03-17,47,2,0,0,0,0,0
1079923,2023-03-18,44,3,0,0,90,90,0
1079923,2023-03-19,42,2,0,0,0,90,0
1079923,2023-03-20,41,1,0,0,0,90,0
1079923,2023-03-21,40,1,0,0,0,90,0
1079923,2023-03-22,40,0,0,0,0,90,0
1079923,2023-03-23,39,1,0,0,0,90,0
1079923,2023-03-24,37,2,0,0,0,90,0
1079923,2023-03-25,33,4,0,0,0,90,0
1079923,2023-03-26,32,1,0,0,0,90,0
1079923,2023-03-27,30,2,0,0,0,90,0
1079923,2023-03-28,28,2,0,0,0,90,0
1079923,2023-03-29,25,3,0,0,0,90,0
1079923,2023-03-30,25,0,0,0,0,90,0
1079923,2023-03-31,25,0,0,0,0,90,0
1079923,2023-04-01,20,5,0,0,0,90,0
1079923,2023-04-02,18,2,0,0,0,90,0
1079923,2023-04-03,16,2,0,0,0,90,0
1079923,2023-04-04,13,3,0,0,0,90,0
1079923,2023-04-05,13,0,0,0,0,90,0
1079923,2023-04-06,10,3,0,0,0,90,0
1079923,2023-04-07,8,2,0,0,0,90,0
1079923,2023-04-08,94,4,0,90,0,0,0
1079923,2023-04-09,93,1,0,0,0,0,0
1079923,2023-04-10,90,3,0,0,0,0,0
1079923,2023-04-11,88,2,0,0,0,0,0
1079923,2023-04-12,86,2,0,0,0,0,0
1079923,2023-04-13,83,3,0,0,0,0,0
1079923,2023-04-14,82,1,0,0,0,0,0
1079923,2023-04-15,79,3,0,0,0,0,0
1079923,2023-04-16,76,3,0,0,0,0,0
1079923,2023-04-17,75,1,0,0,0,0,0
1079923,2023-04-18,74,1,0,0,0,0,0
1079923,2023-04-19,68,6,0,0,0,0,0
1079923,2023-04-20,67,1,0,0,0,0,0
1079923,2023-04-21,66,1,0,0,0,0,0
1079923,2023-04-22,66,0,0,0,0,0,0
1079923,2023-04-23,65,1,0,0,0,0,0
1079923,2023-04-24,62,3,0,0,0,0,0
1079923,2023-04-25,60,2,0,0,0,0,0
1079923,2023-04-26,59,1,0,0,0,0,0
1079923,2023-04-27,56,3,0,0,0,0,0
1079923,2023-04-28,53,3,0,0,0,0,0
1079923,2023-04-29,53,0,0,0,0,0,0
1079923,2023-04-30,52,1,0,0,0,0,0
1079923,2023-05-01,52,0,0,0,0,0,0
1079923,2023-05-02,51,1,0,0,0,0,0
1079923,2023-05-03,47,4,0,0,0,0,0
1079923,2023-05-04,46,1,0,0,93,93,0
1079923,2023-05-05,45,1,0,0,0,93,0
1079923,2023-05-06,45,0,0,0,0,93,0
1079923,2023-05-07,43,2,0,0,0,93,0
1079923,2023-05-08,41,2,0,0,0,93,0
1079923,2023-05-09,40,1,0,0,0,93,0
1079923,2023-05-10,38,2,0,0,0,93,0
1079923,2023-05-11,36,2,0,0,0,93,0
1079923,2023-05-12,34,2,0,0,0,93,0
1079923,2023-05-13,32,2,0,0,0,93,0
1079923,2023-05-14,29,3,0,0,0,93,0
1079923,2023-05-15,26,3,0,0,0,93,0
1079923,2023-05-16,26,0,0,0,0,93,0
1079923,2023-05-17,25,1,0,0,0,93,0
1079923,2023-05-18,21,4,0,0,0,93,0
1079923,2023-05-19,20,1,0,0,0,93,0
1079923,2023-05-20,16,4,0,0,0,93,0
1079923,2023-05-21,13,3,0,0,0,93,0
1079923,2023-05-22,11,2,0,0,0,93,0
1079923,2023-05-23,9,2,0,0,0,93,0
1079923,2023-05-24,7,2,0,0,0,93,0
1079923,2023-05-25,97,3,0,93,0,0,0
1079923,2023-05-26,95,2,0,0,0,0,0
1079923,2023-05-27,95,0,0,0,0,0,0
1079923,2023-05-28,94,1,0,0,0,0,0
1079923,2023-05-29,93,1,0,0,0,0,0
1079923,2023-05-30,92,1,0,0,0,0,0
1079923,2023-05-31,90,2,0,0,0,0,0
1079923,2023-06-01,86,4,0,0,0,0,0
1079923,2023-06-02,85,1,0,0,0,0,0
1079923,2023-06-03,84,1,0,0,0,0,0
1079923,2023-06-04,82,2,0,0,0,0,0
1079923,2023-06-05,81,1,0,0,0,0,0
1079923,2023-06-06,81,0,0,0,0,0,0
1079923,2023-06-07,80,1,0,0,0,0,0
1079923,2023-06-08,79,1,0,0,0,0,0
1079923,2023-06-09,77,2,0,0,0,0,0
1079923,2023-06-10,76,1,0,0,0,0,0
1079923,2023-06-11,75,1,0,0,0,0,0
1079923,2023-06-12,72,3,0,0,0,0,0
1079923,2023-06-13,71,1,0,0,0,0,0
1079923,2023-06-14,71,0,0,0,0,0,0
1079923,2023-06-15,71,0,0,0,0,0,0
1079923,2023-06-16,70,1,0,0,0,0,0
1079923,2023-06-17,67,3,0,0,0,0,0
1079923,2023-06-18,63,4,0,0,0,0,0
1079923,2023-06-19,62,1,0,0,0,0,0
1079923,2023-06-20,61,1,0,0,0,0,0
1079923,2023-06-21,59,2,0,0,0,0,0
1079923,2023-06-22,56,3,0,0,0,0,0
1079923,2023-06-23,52,4,0,0,0,0,0
1079923,2023-06-24,52,0,0,0,0,0,0
1079923,2023-06-25,52,0,0,0,0,0,0
1079923,2023-06-26,50,2,0,0,0,0,0
1079923,2023-06-27,48,2,0,0,0,0,0
1079923,2023-06-28,46,2,0,0,0,0,0
1079923,2023-06-29,45,1,0,0,0,0,0
1079923,2023-06-30,44,1,0,0,0,0,0
1079923,2023-07-01,44,0,0,0,0,0,0
1079923,2023-07-02,42,2,0,0,0,0,0
1079923,2023-07-03,40,2,0,0,0,0,0
1079923,2023-07-04,40,0,0,0,0,0,0
1079923,2023-07-05,38,2,0,0,78,78,0
1079923,2023-07-06,36,2,0,0,0,78,0
1079923,2023-07-07,32,4,0,0,0,78,0
1079923,2023-07-08,32,0,0,0,0,78,0
1079923,2023-07-09,26,6,0,0,0,78,0
1079923,2023-07-10,23,3,0,0,0,78,0
1079923,2023-07-11,18,5,0,0,0,78,0
1079923,2023-07-12,16,2,0,0,0,78,0
1079923,2023-07-13,13,3,0,0,0,78,0
1079923,2023-07-14,11,2,0,0,0,78,0
1079923,2023-07-15,7,4,0,0,0,78,0
1079923,2023-07-16,2,5,0,0,0,78,0
1079923,2023-07-17,2,0,0,0,0,78,0
1079923,2023-07-18,0,2,0,0,0,78,0
1079923,2023-07-19,0,2,2,0,0,78,1
1079923,2023-07-20,0,0,0,0,0,78,0
1079923,2023-07-21,0,1,1,0,0,78,1
1079923,2023-07-22,0,1,1,0,0,78,1
1079923,2023-07-23,0,0,0,0,0,78,0
1079923,2023-07-24,0,2,2,0,0,78,1
1079923,2023-07-25,0,2,2,0,0,78,1
1079923,2023-07-26,0,3,3,0,0,78,1
1079923,2023-07-27,0,0,0,0,0,78,0
1079923,2023-07-28,0,0,0,0,0,78,0
1079923,2023-07-29,0,1,1,0,0,78,1
1079923,2023-07-30,74,4,0,78,0,0,0
1079923,2023-07-31,74,0,0,0,0,0,0
1079923,2023-08-01,71,3,0,0,0,0,0
1079923,2023-08-02,69,2,0,0,0,0,0
1079923,2023-08-03,67,2,0,0,0,0,0
1079923,2023-08-04,67,0,0,0,0,0,0
1079923,2023-08-05,65,2,0,0,0,0,0
1079923,2023-08-06,60,5,0,0,0,0,0
1079923,2023-08-07,57,3,0,0,0,0,0
1079923,2023-08-08,56,1,0,0,0,0,0
1079923,2023-08-09,55,1,0,0,0,0,0
1079923,2023-08-10,54,1,0,0,0,0,0
1079923,2023-08-11,51,3,0,0,0,0,0
1079923,2023-08-12,49,2,0,0,0,0,0
1079923,2023-08-13,47,2,0,0,0,0,0
1079923,2023-08-14,44,3,0,0,89,89,0
1079923,2023-08-15,41,3,0,0,0,89,0
1079923,2023-08-16,40,1,0,0,0,89,0
1079923,2023-08-17,39,1,0,0,0,89,0
1079923,2023-08-18,37,2,0,0,0,89,0
1079923,2023-08-19,37,0,0,0,0,89,0
1079923,2023-08-20,35,2,0,0,0,89,0
1079923,2023-08-21,35,0,0,0,0,89,0
1079923,2023-08-22,35,0,0,0,0,89,0
1079923,2023-08-23,35,0,0,0,0,89,0
1079923,2023-08-24,35,0,0,0,0,89,0
1079923,2023-08-25,30,5,0,0,0,89,0
1079923,2023-08-26,25,5,0,0,0,89,0
1079923,2023-08-27,22,3,0,0,0,89,0
1079923,2023-08-28,18,4,0,0,0,89,0
1079923,2023-08-29,17,1,0,0,0,89,0
1079923,2023-08-30,17,0,0,0,0,89,0
1079923,2023-08-31,15,2,0,0,0,89,0
1079923,2023-09-01,15,0,0,0,0,89,0
1079923,2023-09-02,10,5,0,0,0,89,0
1079923,2023-09-03,8,2,0,0,0,89,0
1079923,2023-09-04,95,2,0,89,0,0,0
1079923,2023-09-05,94,1,0,0,0,0,0
1079923,2023-09-06,90,4,0,0,0,0,0
1079923,2023-09-07,89,1,0,0,0,0,0
1079923,2023-09-08,86,3,0,0,0,0,0
1079923,2023-09-09,82,4,0,0,0,0,0
1079923,2023-09-10,78,4,0,0,0,0,0
1079923,2023-09-11,74,4,0,0,0,0,0
1079923,2023-09-12,73,1,0,0,0,0,0
1079923,2023-09-13,73,0,0,0,0,0,0
1079923,2023-09-14,71,2,0,0,0,0,0
1079923,2023-09-15,69,2,0,0,0,0,0
1079923,2023-09-16,66,3,0,0,0,0,0
1079923,2023-09-17,62,4,0,0,0,0,0
1079923,2023-09-18,61,1,0,0,0,0,0
1079923,2023-09-19,57,4,0,0,0,0,0
1079923,2023-09-20,54,3,0,0,0,0,0
1079923,2023-09-21,50,4,0,0,0,0,0
1079923,2023-09-22,50,0,0,0,0,0,0
1079923,2023-09-23,49,1,0,0,0,0,0
1079923,2023-09-24,47,2,0,0,98,98,0
1079923,2023-09-25,46,1,0,0,0,98,0
1079923,2023-09-26,45,1,0,0,0,98,0
1079923,2023-09-27,42,3,0,0,0,98,0
1079923,2023-09-28,38,4,0,0,0,98,0
1079923,2023-09-29,36,2,0,0,0,98,0
1079923,2023-09-30,31,5,0,0,0,98,0
1079923,2023-10-01,27,4,0,0,0,98,0
1079923,2023-10-02,27,0,0,0,0,98,0
1079923,2023-10-03,27,0,0,0,0,98,0
1079923,2023-10-04,27,0,0,0,0,98,0
1079923,2023-10-05,26,1,0,0,0,98,0
1079923,2023-10-06,25,1,0,0,0,98,0
1079923,2023-10-07,20,5,0,0,0,98,0
1079923,2023-10-08,19,1,0,0,0,98,0
1079923,2023-10-09,17,2,0,0,0,98,0
1079923,2023-10-10,16,1,0,0,0,98,0
1079923,2023-10-11,14,2,0,0,0,98,0
1079923,2023-10-12,12,2,0,0,0,98,0
1079923,2023-10-13,11,1,0,0,0,98,0
1079923,2023-10-14,10,1,0,0,0,98,0
1079923,2023-10-15,106,2,0,98,0,0,0
1079923,2023-10-16,105,1,0,0,0,0,0
1079923,2023-10-17,102,3,0,0,0,0,0
1079923,2023-10-18,99,3,0,0,0,0,0
1079923,2023-10-19,98,1,0,0,0,0,0
1079923,2023-10-20,98,0,0,0,0,0,0
1079923,2023-10-21,97,1,0,0,0,0,0
1079923,2023-10-22,95,2,0,0,0,0,0
1079923,2023-10-23,94,1,0,0,0,0,0
1079923,2023-10-24,93,1,0,0,0,0,0
1079923,2023-10-25,93,0,0,0,0,0,0
1079923,2023-10-26,90,3,0,0,0,0,0
1079923,2023-10-27,88,2,0,0,0,0,0
1079923,2023-10-28,86,2,0,0,0,0,0
1079923,2023-10-29,84,2,0,0,0,0,0
1079923,2023-10-30,81,3,0,0,0,0,0
1079923,2023-10-31,80,1,0,0,0,0,0
1079923,2023-11-01,78,2,0,0,0,0,0
1079923,2023-11-02,78,0,0,0,0,0,0
1079923,2023-11-03,75,3,0,0,0,0,0
1079923,2023-11-04,75,0,0,0,0,0,0
1079923,2023-11-05,74,1,0,0,0,0,0
1079923,2023-11-06,71,3,0,0,0,0,0
1079923,2023-11-07,69,2,0,0,0,0,0
1079923,2023-11-08,69,0,0,0,0,0,0
1079923,2023-11-09,69,0,0,0,0,0,0
1079923,2023-11-10,66,3,0,0,0,0,0
1079923,2023-11-11,63,3,0,0,0,0,0
1079923,2023-11-12,62,1,0,0,0,0,0
1079923,2023-11-13,59,3,0,0,0,0,0
1079923,2023-11-14,57,2,0,0,0,0,0
1079923,2023-11-15,54,3,0,0,0,0,0
1079923,2023-11-16,53,1,0,0,0,0,0
1079923,2023-11-17,52,1,0,0,0,0,0
1079923,2023-11-18,50,2,0,0,0,0,0
1079923,2023-11-19,48,2,0,0,0,0,0
1079923,2023-11-20,46,2,0,0,0,0,0
1079923,2023-11-21,45,1,0,0,0,0,0
1079923,2023-11-22,41,4,0,0,0,0,0
1079923,2023-11-23,38,3,0,0,83,83,0
1079923,2023-11-24,33,5,0,0,0,83,0
1079923,2023-11-25,23,10,0,0,0,83,0
1079923,2023-11-26,13,10,0,0,0,83,0
1079923,2023-11-27,10,3,0,0,0,83,0
1079923,2023-11-28,10,0,0,0,0,83,0
1079923,2023-11-29,8,2,0,0,0,83,0
1079923,2023-11-30,7,1,0,0,0,83,0
1079923,2023-12-01,7,0,0,0,0,83,0
1079923,2023-12-02,4,3,0,0,0,83,0
1079923,2023-12-03,2,2,0,0,0,83,0
1079923,2023-12-04,0,2,0,0,0,83,0
1079923,2023-12-05,0,0,0,0,0,83,0
1079923,2023-12-06,0,1,1,0,0,83,1
1079923,2023-12-07,0,2,2,0,0,83,1
1079923,2023-12-08,0,2,2,0,0,83,1
1079923,2023-12-09,0,7,7,0,0,83,1
1079923,2023-12-10,0,3,3,0,0,83,1
1079923,2023-12-11,0,1,1,0,0,83,1
1079923,2023-12-12,0,1,1,0,0,83,1
1079923,2023-12-13,0,0,0,0,0,83,0
1079923,2023-12-14,79,4,0,83,0,0,0
1079923,2023-12-15,76,3,0,0,0,0,0
1079923,2023-12-16,71,5,0,0,0,0,0
1079923,2023-12-17,70,1,0,0,0,0,0
1079923,2023-12-18,67,3,0,0,0,0,0
1079923,2023-12-19,64,3,0,0,0,0,0
1079923,2023-12-20,62,2,0,0,0,0,0
1079923,2023-12-21,60,2,0,0,0,0,0
1079923,2023-12-22,58,2,0,0,0,0,0
1079923,2023-12-23,56,2,0,0,0,0,0
1079923,2023-12-24,55,1,0,0,0,0,0
1079923,2023-12-25,53,2,0,0,0,0,0
1079923,2023-12-26,52,1,0,0,106,106,0
1079923,2023-12-27,51,1,0,0,0,106,0
1079923,2023-12-28,51,0,0,0,0,106,0
1079923,2023-12-29,49,2,0,0,0,106,0
1079923,2023-12-30,49,0,0,0,0,106,0
1079923,2023-12-31,47,2,0,0,0,106,0
1079923,2024-01-01,46,1,0,0,0,106,0
1079923,2024-01-02,46,0,0,0,0,106,0
1079923,2024-01-03,44,2,0,0,0,106,0
1079923,2024-01-04,43,1,0,0,0,106,0
1079923,2024-01-05,42,1,0,0,0,106,0
1079923,2024-01-06,38,4,0,0,0,106,0
1079923,2024-01-07,36,2,0,0,0,106,0
1079923,2024-01-08,34,2,0,0,0,106,0
1079923,2024-01-09,34,0,0,0,0,106,0
1079923,2024-01-10,31,3,0,0,0,106,0
1079923,2024-01-11,29,2,0,0,0,106,0
1079923,2024-01-12,23,6,0,0,0,106,0
1079923,2024-01-13,22,1,0,0,0,106,0
1079923,2024-01-14,21,1,0,0,0,106,0
1079923,2024-01-15,21,0,0,0,0,106,0
1079923,2024-01-16,126,1,0,106,0,0,0
1079923,2024-01-17,124,2,0,0,0,0,0
1079923,2024-01-18,122,2,0,0,0,0,0
1079923,2024-01-19,116,6,0,0,0,0,0
1079923,2024-01-20,114,2,0,0,0,0,0
1079923,2024-01-21,111,3,0,0,0,0,0
1079923,2024-01-22,110,1,0,0,0,0,0
1079923,2024-01-23,110,0,0,0,0,0,0
1079923,2024-01-24,110,0,0,0,0,0,0
1079923,2024-01-25,107,3,0,0,0,0,0
1079923,2024-01-26,104,3,0,0,0,0,0
1079923,2024-01-27,104,0,0,0,0,0,0
1079923,2024-01-28,99,5,0,0,0,0,0
1079923,2024-01-29,99,0,0,0,0,0,0
1079923,2024-01-30,96,3,0,0,0,0,0
1079923,2024-01-31,93,3,0,0,0,0,0
1079923,2024-02-01,92,1,0,0,0,0,0
1079923,2024-02-02,88,4,0,0,0,0,0
1079923,2024-02-03,87,1,0,0,0,0,0
1079923,2024-02-04,87,0,0,0,0,0,0
1079923,2024-02-05,85,2,0,0,0,0,0
1079923,2024-02-06,83,2,0,0,0,0,0
1079923,2024-02-07,80,3,0,0,0,0,0
1079923,2024-02-08,78,2,0,0,0,0,0
1079923,2024-02-09,76,2,0,0,0,0,0
1079923,2024-02-10,73,3,0,0,0,0,0
1079923,2024-02-11,71,2,0,0,0,0,0
1079923,2024-02-12,70,1,0,0,0,0,0
1079923,2024-02-13,69,1,0,0,0,0,0
1079923,2024-02-14,68,1,0,0,0,0,0
1079923,2024-02-15,65,3,0,0,0,0,0
1079923,2024-02-16,60,5,0,0,0,0,0
1079923,2024-02-17,57,3,0,0,0,0,0
1079923,2024-02-18,51,6,0,0,0,0,0
1079923,2024-02-19,48,3,0,0,0,0,0
1079923,2024-02-20,47,1,0,0,0,0,0
1079923,2024-02-21,44,3,0,0,93,93,0
1079923,2024-02-22,41,3,0,0,0,93,0
1079923,2024-02-23,38,3,0,0,0,93,0
1079923,2024-02-24,34,4,0,0,0,93,0
1079923,2024-02-25,31,3,0,0,0,93,0
1079923,2024-02-26,29,2,0,0,0,93,0
1079923,2024-02-27,28,1,0,0,0,93,0
1079923,2024-02-28,24,4,0,0,0,93,0
1079923,2024-02-29,23,1,0,0,0,93,0
4123600,2022-03-01,91,1,0,0,0,0,0
4123600,2022-03-02,90,1,0,0,0,0,0
4123600,2022-03-03,88,2,0,0,0,0,0
4123600,2022-03-04,87,1,0,0,0,0,0
4123600,2022-03-05,85,2,0,0,0,0,0
4123600,2022-03-06,82,3,0,0,0,0,0
4123600,2022-03-07,80,2,0,0,0,0,0
4123600,2022-03-08,79,1,0,0,0,0,0
4123600,2022-03-09,77,2,0,0,0,0,0
4123600,2022-03-10,73,4,0,0,0,0,0
4123600,2022-03-11,71,2,0,0,0,0,0
4123600,2022-03-12,69,2,0,0,0,0,0
4123600,2022-03-13,65,4,0,0,0,0,0
4123600,2022-03-14,63,2,0,0,0,0,0
4123600,2022-03-15,61,2,0,0,97,97,0
4123600,2022-03-16,61,0,0,0,0,97,0
4123600,2022-03-17,59,2,0,0,0,97,0
4123600,2022-03-18,57,2,0,0,0,97,0
4123600,2022-03-19,57,0,0,0,0,97,0
4123600,2022-03-20,56,1,0,0,0,97,0
4123600,2022-03-21,52,4,0,0,0,97,0
4123600,2022-03-22,50,2,0,0,0,97,0
4123600,2022-03-23,49,1,0,0,0,97,0
4123600,2022-03-24,47,2,0,0,0,97,0
4123600,2022-03-25,45,2,0,0,0,97,0
4123600,2022-03-26,41,4,0,0,0,97,0
4123600,2022-03-27,40,1,0,0,0,97,0
4123600,2022-03-28,38,2,0,0,0,97,0
4123600,2022-03-29,38,0,0,0,0,97,0
4123600,2022-03-30,37,1,0,0,0,97,0
4123600,2022-03-31,36,1,0,0,0,97,0
4123600,2022-04-01,35,1,0,0,0,97,0
4123600,2022-04-02,32,3,0,0,0,97,0
4123600,2022-04-03,29,3,0,0,0,97,0
4123600,2022-04-04,28,1,0,0,0,97,0
4123600,2022-04-05,27,1,0,0,0,97,0
4123600,2022-04-06,24,3,0,0,0,97,0
4123600,2022-04-07,20,4,0,0,0,97,0
4123600,2022-04-08,19,1,0,0,0,97,0
4123600,2022-04-09,18,1,0,0,0,97,0
4123600,2022-04-10,14,4,0,0,0,97,0
4123600,2022-04-11,10,4,0,0,0,97,0
4123600,2022-04-12,8,2,0,0,0,97,0
4123600,2022-04-13,6,2,0,0,0,97,0
4123600,2022-04-14,1,5,0,0,0,97,0
4123600,2022-04-15,0,3,2,0,0,97,1
4123600,2022-04-16,0,4,4,0,0,97,1
4123600,2022-04-17,0,6,6,0,0,97,1
4123600,2022-04-18,0,6,6,0,0,97,1
4123600,2022-04-19,0,6,6,0,0,97,1
4123600,2022-04-20,93,4,0,97,0,0,0
4123600,2022-04-21,92,1,0,0,0,0,0
4123600,2022-04-22,90,2,0,0,0,0,0
4123600,2022-04-23,88,2,0,0,0,0,0
4123600,2022-04-24,87,1,0,0,0,0,0
4123600,2022-04-25,85,2,0,0,0,0,0
4123600,2022-04-26,82,3,0,0,0,0,0
4123600,2022-04-27,81,1,0,0,0,0,0
4123600,2022-04-28,80,1,0,0,0,0,0
4123600,2022-04-29,78,2,0,0,0,0,0
4123600,2022-04-30,77,1,0,0,0,0,0
4123600,2022-05-01,75,2,0,0,0,0,0
4123600,2022-05-02,74,1,0,0,0,0,0
4123600,2022-05-03,73,1,0,0,0,0,0
4123600,2022-05-04,73,0,0,0,0,0,0
4123600,2022-05-05,73,0,0,0,0,0,0
4123600,2022-05-06,71,2,0,0,0,0,0
4123600,2022-05-07,67,4,0,0,101,101,0
4123600,2022-05-08,65,2,0,0,0,101,0
4123600,2022-05-09,62,3,0,0,0,101,0
4123600,2022-05-10,59,3,0,0,0,101,0
4123600,2022-05-11,56,3,0,0,0,101,0
4123600,2022-05-12,54,2,0,0,0,101,0
4123600,2022-05-13,52,2,0,0,0,101,0
4123600,2022-05-14,48,4,0,0,0,101,0
4123600,2022-05-15,41,7,0,0,0,101,0
4123600,2022-05-16,40,1,0,0,0,101,0
4123600,2022-05-17,39,1,0,0,0,101,0
4123600,2022-05-18,34,5,0,0,0,101,0
4123600,2022-05-19,34,0,0,0,0,101,0
4123600,2022-05-20,33,1,0,0,0,101,0
4123600,2022-05-21,31,2,0,0,0,101,0
4123600,2022-05-22,27,4,0,0,0,101,0
4123600,2022-05-23,27,0,0,0,0,101,0
4123600,2022-05-24,24,3,0,0,0,101,0
4123600,2022-05-25,23,1,0,0,0,101,0
4123600,2022-05-26,20,3,0,0,0,101,0
4123600,2022-05-27,20,0,0,0,0,101,0
4123600,2022-05-28,17,3,0,0,0,101,0
4123600,2022-05-29,15,2,0,0,0,101,0
4123600,2022-05-30,13,2,0,0,0,101,0
4123600,2022-05-31,11,2,0,0,0,101,0
4123600,2022-06-01,9,2,0,0,0,101,0
4123600,2022-06-02,8,1,0,0,0,101,0
4123600,2022-06-03,7,1,0,0,0,101,0
4123600,2022-06-04,6,1,0,0,0,101,0
4123600,2022-06-05,3,3,0,0,0,101,0
4123600,2022-06-06,103,1,0,101,0,0,0
4123600,2022-06-07,100,3,0,0,0,0,0
4123600,2022-06-08,97,3,0,0,0,0,0
4123600,2022-06-09,96,1,0,0,0,0,0
4123600,2022-06-10,95,1,0,0,0,0,0
4123600,2022-06-11,91,4,0,0,0,0,0
4123600,2022-06-12,88,3,0,0,0,0,0
4123600,2022-06-13,87,1,0,0,0,0,0
4123600,2022-06-14,87,0,0,0,0,0,0
4123600,2022-06-15,86,1,0,0,0,0,0
4123600,2022-06-16,83,3,0,0,0,0,0
4123600,2022-06-17,83,0,0,0,0,0,0
4123600,2022-06-18,81,2,0,0,0,0,0
4123600,2022-06-19,81,0,0,0,0,0,0
4123600,2022-06-20,76,5,0,0,0,0,0
4123600,2022-06-21,76,0,0,0,0,0,0
4123600,2022-06-22,73,3,0,0,0,0,0
4123600,2022-06-23,73,0,0,0,0,0,0
4123600,2022-06-24,70,3,0,0,0,0,0
4123600,2022-06-25,68,2,0,0,0,0,0
4123600,2022-06-26,67,1,0,0,0,0,0
4123600,2022-06-27,65,2,0,0,0,0,0
4123600,2022-06-28,64,1,0,0,0,0,0
4123600,2022-06-29,62,2,0,0,92,92,0
4123600,2022-06-30,61,1,0,0,0,92,0
4123600,2022-07-01,59,2,0,0,0,92,0
4123600,2022-07-02,59,0,0,0,0,92,0
4123600,2022-07-03,56,3,0,0,0,92,0
4123600,2022-07-04,55,1,0,0,0,92,0
4123600,2022-07-05,50,5,0,0,0,92,0
4123600,2022-07-06,47,3,0,0,0,92,0
4123600,2022-07-07,41,6,0,0,0,92,0
4123600,2022-07-08,38,3,0,0,0,92,0
4123600,2022-07-09,38,0,0,0,0,92,0
4123600,2022-07-10,33,5,0,0,0,92,0
4123600,2022-07-11,28,5,0,0,0,92,0
4123600,2022-07-12,27,1,0,0,0,92,0
4123600,2022-07-13,22,5,0,0,0,92,0
4123600,2022-07-14,21,1,0,0,0,92,0
4123600,2022-07-15,21,0,0,0,0,92,0
4123600,2022-07-16,20,1,0,0,0,92,0
4123600,2022-07-17,17,3,0,0,0,92,0
4123600,2022-07-18,14,3,0,0,0,92,0
4123600,2022-07-19,12,2,0,0,0,92,0
4123600,2022-07-20,6,6,0,0,0,92,0
4123600,2022-07-21,5,1,0,0,0,92,0
4123600,2022-07-22,2,3,0,0,0,92,0
4123600,2022-07-23,1,1,0,0,0,92,0
4123600,2022-07-24,0,3,2,0,0,92,1
4123600,2022-07-25,0,2,2,0,0,92,1
4123600,2022-07-26,0,1,1,0,0,92,1
4123600,2022-07-27,0,3,3,0,0,92,1
4123600,2022-07-28,0,2,2,0,0,92,1
4123600,2022-07-29,0,5,5,0,0,92,1
4123600,2022-07-30,0,4,4,0,0,92,1
4123600,2022-07-31,0,2,2,0,0,92,1
4123600,2022-08-01,0,3,3,0,0,92,1
4123600,2022-08-02,0,4,4,0,0,92,1
4123600,2022-08-03,0,1,1,0,0,92,1
4123600,2022-08-04,0,1,1,0,0,92,1
4123600,2022-08-05,0,2,2,0,0,92,1
4123600,2022-08-06,0,2,2,0,0,92,1
4123600,2022-08-07,0,2,2,0,0,92,1
4123600,2022-08-08,0,2,2,0,0,92,1
4123600,2022-08-09,89,3,0,92,0,0,0
4123600,2022-08-10,88,1,0,0,0,0,0
4123600,2022-08-11,88,0,0,0,0,0,0
4123600,2022-08-12,85,3,0,0,0,0,0
4123600,2022-08-13,85,0,0,0,0,0,0
4123600,2022-08-14,82,3,0,0,0,0,0
4123600,2022-08-15,82,0,0,0,0,0,0
4123600,2022-08-16,81,1,0,0,0,0,0
4123600,2022-08-17,80,1,0,0,0,0,0
4123600,2022-08-18,78,2,0,0,0,0,0
4123600,2022-08-19,74,4,0,0,0,0,0
4123600,2022-08-20,72,2,0,0,105,105,0
4123600,2022-08-21,71,1,0,0,0,105,0
4123600,2022-08-22,71,0,0,0,0,105,0
4123600,2022-08-23,69,2,0,0,0,105,0
4123600,2022-08-24,67,2,0,0,0,105,0
4123600,2022-08-25,65,2,0,0,0,105,0
4123600,2022-08-26,63,2,0,0,0,105,0
4123600,2022-08-27,62,1,0,0,0,105,0
4123600,2022-08-28,60,2,0,0,0,105,0
4123600,2022-08-29,57,3,0,0,0,105,0
4123600,2022-08-30,55,2,0,0,0,105,0
4123600,2022-08-31,53,2,0,0,0,105,0
4123600,2022-09-01,52,1,0,0,0,105,0
4123600,2022-09-02,48,4,0,0,0,105,0
4123600,2022-09-03,43,5,0,0,0,105,0
4123600,2022-09-04,39,4,0,0,0,105,0
4123600,2022-09-05,35,4,0,0,0,105,0
4123600,2022-09-06,32,3,0,0,0,105,0
4123600,2022-09-07,30,2,0,0,0,105,0
4123600,2022-09-08,24,6,0,0,0,105,0
4123600,2022-09-09,19,5,0,0,0,105,0
4123600,2022-09-10,12,7,0,0,0,105,0
4123600,2022-09-11,9,3,0,0,0,105,0
4123600,2022-09-12,8,1,0,0,0,105,0
4123600,2022-09-13,6,2,0,0,0,105,0
4123600,2022-09-14,4,2,0,0,0,105,0
4123600,2022-09-15,0,4,0,0,0,105,0
4123600,2022-09-16,0,0,0,0,0,105,0
4123600,2022-09-17,0,4,4,0,0,105,1
4123600,2022-09-18,0,1,1,0,0,105,1
4123600,2022-09-19,102,3,0,105,0,0,0
4123600,2022-09-20,99,3,0,0,0,0,0
4123600,2022-09-21,98,1,0,0,0,0,0
4123600,2022-09-22,96,2,0,0,0,0,0
4123600,2022-09-23,93,3,0,0,0,0,0
4123600,2022-09-24,88,5,0,0,0,0,0
4123600,2022-09-25,85,3,0,0,0,0,0
4123600,2022-09-26,82,3,0,0,0,0,0
4123600,2022-09-27,80,2,0,0,0,0,0
4123600,2022-09-28,80,0,0,0,0,0,0
4123600,2022-09-29,76,4,0,0,0,0,0
4123600,2022-09-30,74,2,0,0,111,111,0
4123600,2022-10-01,70,4,0,0,0,111,0
4123600,2022-10-02,67,3,0,0,0,111,0
4123600,2022-10-03,62,5,0,0,0,111,0
4123600,2022-10-04,60,2,0,0,0,111,0
4123600,2022-10-05,60,0,0,0,0,111,0
4123600,2022-10-06,55,5,0,0,0,111,0
4123600,2022-10-07,53,2,0,0,0,111,0
4123600,2022-10-08,50,3,0,0,0,111,0
4123600,2022-10-09,48,2,0,0,0,111,0
4123600,2022-10-10,46,2,0,0,0,111,0
4123600,2022-10-11,44,2,0,0,0,111,0
4123600,2022-10-12,43,1,0,0,0,111,0
4123600,2022-10-13,37,6,0,0,0,111,0
4123600,2022-10-14,36,1,0,0,0,111,0
4123600,2022-10-15,31,5,0,0,0,111,0
4123600,2022-10-16,30,1,0,0,0,111,0
4123600,2022-10-17,27,3,0,0,0,111,0
4123600,2022-10-18,25,2,0,0,0,111,0
4123600,2022-10-19,23,2,0,0,0,111,0
4123600,2022-10-20,22,1,0,0,0,111,0
4123600,2022-10-21,21,1,0,0,0,111,0
4123600,2022-10-22,20,1,0,0,0,111,0
4123600,2022-10-23,16,4,0,0,0,111,0
4123600,2022-10-24,13,3,0,0,0,111,0
4123600,2022-10-25,11,2,0,0,0,111,0
4123600,2022-10-26,10,1,0,0,0,111,0
4123600,2022-10-27,3,7,0,0,0,111,0
4123600,2022-10-28,2,1,0,0,0,111,0
4123600,2022-10-29,0,5,3,0,0,111,1
4123600,2022-10-30,0,1,1,0,0,111,1
4123600,2022-10-31,0,2,2,0,0,111,1
4123600,2022-11-01,0,2,2,0,0,111,1
4123600,2022-11-02,0,1,1,0,0,111,1
4123600,2022-11-03,0,2,2,0,0,111,1
4123600,2022-11-04,87,2,0,89,0,0,0
4123600,2022-11-05,83,4,0,0,0,0,0
4123600,2022-11-06,81,2,0,0,0,0,0
4123600,2022-11-07,80,1,0,0,0,0,0
4123600,2022-11-08,79,1,0,0,0,0,0
4123600,2022-11-09,79,0,0,0,0,0,0
4123600,2022-11-10,75,4,0,0,112,112,0
4123600,2022-11-11,74,1,0,0,0,112,0
4123600,2022-11-12,72,2,0,0,0,112,0
4123600,2022-11-13,71,1,0,0,0,112,0
4123600,2022-11-14,68,3,0,0,0,112,0
4123600,2022-11-15,64,4,0,0,0,112,0
4123600,2022-11-16,62,2,0,0,0,112,0
4123600,2022-11-17,60,2,0,0,0,112,0
4123600,2022-11-18,60,0,0,0,0,112,0
4123600,2022-11-19,60,0,0,0,0,112,0
4123600,2022-11-20,59,1,0,0,0,112,0
4123600,2022-11-21,58,1,0,0,0,112,0
4123600,2022-11-22,56,2,0,0,0,112,0
4123600,2022-11-23,55,1,0,0,0,112,0
4123600,2022-11-24,51,4,0,0,0,112,0
4123600,2022-11-25,48,3,0,0,0,112,0
4123600,2022-11-26,41,7,0,0,0,112,0
4123600,2022-11-27,30,11,0,0,0,112,0
4123600,2022-11-28,26,4,0,0,0,112,0
4123600,2022-11-29,24,2,0,0,0,112,0
4123600,2022-11-30,23,1,0,0,0,112,0
4123600,2022-12-01,21,2,0,0,0,112,0
4123600,2022-12-02,18,3,0,0,0,112,0
4123600,2022-12-03,12,6,0,0,0,112,0
4123600,2022-12-04,11,1,0,0,0,112,0
4123600,2022-12-05,8,3,0,0,0,112,0
4123600,2022-12-06,8,0,0,0,0,112,0
4123600,2022-12-07,5,3,0,0,0,112,0
4123600,2022-12-08,3,2,0,0,0,112,0
4123600,2022-12-09,1,2,0,0,0,112,0
4123600,2022-12-10,112,1,0,112,0,0,0
4123600,2022-12-11,110,2,0,0,0,0,0
4123600,2022-12-12,109,1,0,0,0,0,0
4123600,2022-12-13,106,3,0,0,0,0,0
4123600,2022-12-14,106,0,0,0,0,0,0
4123600,2022-12-15,103,3,0,0,0,0,0
4123600,2022-12-16,103,0,0,0,0,0,0
4123600,2022-12-17,101,2,0,0,0,0,0
4123600,2022-12-18,95,6,0,0,0,0,0
4123600,2022-12-19,90,5,0,0,0,0,0
4123600,2022-12-20,87,3,0,0,0,0,0
4123600,2022-12-21,86,1,0,0,0,0,0
4123600,2022-12-22,81,5,0,0,0,0,0
4123600,2022-12-23,80,1,0,0,0,0,0
4123600,2022-12-24,77,3,0,0,0,0,0
4123600,2022-12-25,75,2,0,0,110,110,0
4123600,2022-12-26,75,0,0,0,0,110,0
4123600,2022-12-27,72,3,0,0,0,110,0
4123600,2022-12-28,70,2,0,0,0,110,0
4123600,2022-12-29,70,0,0,0,0,110,0
4123600,2022-12-30,68,2,0,0,0,110,0
4123600,2022-12-31,66,2,0,0,0,110,0
4123600,2023-01-01,66,0,0,0,0,110,0
4123600,2023-01-02,66,0,0,0,0,110,0
4123600,2023-01-03,66,0,0,0,0,110,0
4123600,2023-01-04,66,0,0,0,0,110,0
4123600,2023-01-05,62,4,0,0,0,110,0
4123600,2023-01-06,62,0,0,0,0,110,0
4123600,2023-01-07,58,4,0,0,0,110,0
4123600,2023-01-08,52,6,0,0,0,110,0
4123600,2023-01-09,51,1,0,0,0,110,0
4123600,2023-01-10,49,2,0,0,0,110,0
4123600,2023-01-11,43,6,0,0,0,110,0
4123600,2023-01-12,42,1,0,0,0,110,0
4123600,2023-01-13,40,2,0,0,0,110,0
4123600,2023-01-14,37,3,0,0,0,110,0
4123600,2023-01-15,34,3,0,0,0,110,0
4123600,2023-01-16,31,3,0,0,0,110,0
4123600,2023-01-17,30,1,0,0,0,110,0
4123600,2023-01-18,29,1,0,0,0,110,0
4123600,2023-01-19,26,3,0,0,0,110,0
4123600,2023-01-20,23,3,0,0,0,110,0
4123600,2023-01-21,18,5,0,0,0,110,0
4123600,2023-01-22,17,1,0,0,0,110,0
4123600,2023-01-23,15,2,0,0,0,110,0
4123600,2023-01-24,121,4,0,110,0,0,0
4123600,2023-01-25,119,2,0,0,0,0,0
4123600,2023-01-26,115,4,0,0,0,0,0
4123600,2023-01-27,112,3,0,0,0,0,0
4123600,2023-01-28,111,1,0,0,0,0,0
4123600,2023-01-29,108,3,0,0,0,0,0
4123600,2023-01-30,105,3,0,0,0,0,0
4123600,2023-01-31,105,0,0,0,0,0,0
4123600,2023-02-01,103,2,0,0,0,0,0
4123600,2023-02-02,100,3,0,0,0,0,0
4123600,2023-02-03,99,1,0,0,0,0,0
4123600,2023-02-04,99,0,0,0,0,0,0
4123600,2023-02-05,96,3,0,0,0,0,0
4123600,2023-02-06,92,4,0,0,0,0,0
4123600,2023-02-07,87,5,0,0,0,0,0
4123600,2023-02-08,84,3,0,0,0,0,0
4123600,2023-02-09,82,2,0,0,0,0,0
4123600,2023-02-10,81,1,0,0,0,0,0
4123600,2023-02-11,81,0,0,0,0,0,0
4123600,2023-02-12,76,5,0,0,0,0,0
4123600,2023-02-13,73,3,0,0,107,107,0
4123600,2023-02-14,72,1,0,0,0,107,0
4123600,2023-02-15,69,3,0,0,0,107,0
4123600,2023-02-16,69,0,0,0,0,107,0
4123600,2023-02-17,66,3,0,0,0,107,0
4123600,2023-02-18,63,3,0,0,0,107,0
4123600,2023-02-19,60,3,0,0,0,107,0
4123600,2023-02-20,58,2,0,0,0,107,0
4123600,2023-02-21,53,5,0,0,0,107,0
4123600,2023-02-22,50,3,0,0,0,107,0
4123600,2023-02-23,47,3,0,0,0,107,0
4123600,2023-02-24,46,1,0,0,0,107,0
4123600,2023-02-25,41,5,0,0,0,107,0
4123600,2023-02-26,39,2,0,0,0,107,0
4123600,2023-02-27,38,1,0,0,0,107,0
4123600,2023-02-28,33,5,0,0,0,107,0
4123600,2023-03-01,31,2,0,0,0,107,0
4123600,2023-03-02,30,1,0,0,0,107,0
4123600,2023-03-03,28,2,0,0,0,107,0
4123600,2023-03-04,24,4,0,0,0,107,0
4123600,2023-03-05,20,4,0,0,0,107,0
4123600,2023-03-06,17,3,0,0,0,107,0
4123600,2023-03-07,17,0,0,0,0,107,0
4123600,2023-03-08,13,4,0,0,0,107,0
4123600,2023-03-09,10,3,0,0,0,107,0
4123600,2023-03-10,7,3,0,0,0,107,0
4123600,2023-03-11,2,5,0,0,0,107,0
4123600,2023-03-12,0,5,3,0,0,107,1
4123600,2023-03-13,0,4,4,0,0,107,1
4123600,2023-03-14,0,3,3,0,0,107,1
4123600,2023-03-15,0,2,2,0,0,107,1
4123600,2023-03-16,103,4,0,107,0,0,0
4123600,2023-03-17,98,5,0,0,0,0,0
4123600,2023-03-18,96,2,0,0,0,0,0
4123600,2023-03-19,93,3,0,0,0,0,0
4123600,2023-03-20,89,4,0,0,0,0,0
4123600,2023-03-21,89,0,0,0,0,0,0
4123600,2023-03-22,88,1,0,0,0,0,0
4123600,2023-03-23,86,2,0,0,0,0,0
4123600,2023-03-24,82,4,0,0,122,122,0
4123600,2023-03-25,76,6,0,0,0,122,0
4123600,2023-03-26,74,2,0,0,0,122,0
4123600,2023-03-27,72,2,0,0,0,122,0
4123600,2023-03-28,70,2,0,0,0,122,0
4123600,2023-03-29,65,5,0,0,0,122,0
4123600,2023-03-30,64,1,0,0,0,122,0
4123600,2023-03-31,58,6,0,0,0,122,0
4123600,2023-04-01,55,3,0,0,0,122,0
4123600,2023-04-02,52,3,0,0,0,122,0
4123600,2023-04-03,49,3,0,0,0,122,0
4123600,2023-04-04,44,5,0,0,0,122,0
4123600,2023-04-05,42,2,0,0,0,122,0
4123600,2023-04-06,41,1,0,0,0,122,0
4123600,2023-04-07,39,2,0,0,0,122,0
4123600,2023-04-08,35,4,0,0,0,122,0
4123600,2023-04-09,35,0,0,0,0,122,0
4123600,2023-04-10,31,4,0,0,0,122,0
4123600,2023-04-11,29,2,0,0,0,122,0
4123600,2023-04-12,23,6,0,0,0,122,0
4123600,2023-04-13,20,3,0,0,0,122,0
4123600,2023-04-14,15,5,0,0,0,122,0
4123600,2023-04-15,10,5,0,0,0,122,0
4123600,2023-04-16,7,3,0,0,0,122,0
4123600,2023-04-17,3,4,0,0,0,122,0
4123600,2023-04-18,1,2,0,0,0,122,0
4123600,2023-04-19,0,3,2,0,0,122,1
4123600,2023-04-20,0,4,4,0,0,122,1
4123600,2023-04-21,0,3,3,0,0,122,1
4123600,2023-04-22,0,1,1,0,0,122,1
4123600,2023-04-23,0,1,1,0,0,122,1
4123600,2023-04-24,0,2,2,0,0,122,1
4123600,2023-04-25,117,5,0,122,0,0,0
4123600,2023-04-26,116,1,0,0,0,0,0
4123600,2023-04-27,115,1,0,0,0,0,0
4123600,2023-04-28,115,0,0,0,0,0,0
4123600,2023-04-29,112,3,0,0,0,0,0
4123600,2023-04-30,108,4,0,0,0,0,0
4123600,2023-05-01,103,5,0,0,0,0,0
4123600,2023-05-02,102,1,0,0,0,0,0
4123600,2023-05-03,102,0,0,0,0,0,0
4123600,2023-05-04,99,3,0,0,0,0,0
4123600,2023-05-05,97,2,0,0,0,0,0
4123600,2023-05-06,95,2,0,0,0,0,0
4123600,2023-05-07,92,3,0,0,0,0,0
4123600,2023-05-08,88,4,0,0,131,131,0
4123600,2023-05-09,83,5,0,0,0,131,0
4123600,2023-05-10,80,3,0,0,0,131,0
4123600,2023-05-11,75,5,0,0,0,131,0
4123600,2023-05-12,71,4,0,0,0,131,0
4123600,2023-05-13,68,3,0,0,0,131,0
4123600,2023-05-14,62,6,0,0,0,131,0
4123600,2023-05-15,60,2,0,0,0,131,0
4123600,2023-05-16,57,3,0,0,0,131,0
4123600,2023-05-17,56,1,0,0,0,131,0
4123600,2023-05-18,55,1,0,0,0,131,0
4123600,2023-05-19,53,2,0,0,0,131,0
4123600,2023-05-20,52,1,0,0,0,131,0
4123600,2023-05-21,47,5,0,0,0,131,0
4123600,2023-05-22,46,1,0,0,0,131,0
4123600,2023-05-23,45,1,0,0,0,131,0
4123600,2023-05-24,42,3,0,0,0,131,0
4123600,2023-05-25,42,0,0,0,0,131,0
4123600,2023-05-26,42,0,0,0,0,131,0
4123600,2023-05-27,39,3,0,0,0,131,0
4123600,2023-05-28,33,6,0,0,0,131,0
4123600,2023-05-29,31,2,0,0,0,131,0
4123600,2023-05-30,28,3,0,0,0,131,0
4123600,2023-05-31,24,4,0,0,0,131,0
4123600,2023-06-01,20,4,0,0,0,131,0
4123600,2023-06-02,18,2,0,0,0,131,0
4123600,2023-06-03,14,4,0,0,0,131,0
4123600,2023-06-04,13,1,0,0,0,131,0
4123600,2023-06-05,10,3,0,0,0,131,0
4123600,2023-06-06,8,2,0,0,0,131,0
4123600,2023-06-07,5,3,0,0,0,131,0
4123600,2023-06-08,0,5,0,0,0,131,0
4123600,2023-06-09,0,2,2,0,0,131,1
4123600,2023-06-10,129,2,0,131,0,0,0
4123600,2023-06-11,129,0,0,0,0,0,0
4123600,2023-06-12,126,3,0,0,0,0,0
4123600,2023-06-13,125,1,0,0,0,0,0
4123600,2023-06-14,117,8,0,0,0,0,0
4123600,2023-06-15,117,0,0,0,0,0,0
4123600,2023-06-16,112,5,0,0,0,0,0
4123600,2023-06-17,109,3,0,0,0,0,0
4123600,2023-06-18,105,4,0,0,0,0,0
4123600,2023-06-19,100,5,0,0,0,0,0
4123600,2023-06-20,99,1,0,0,0,0,0
4123600,2023-06-21,97,2,0,0,0,0,0
4123600,2023-06-22,94,3,0,0,0,0,0
4123600,2023-06-23,94,0,0,0,0,0,0
4123600,2023-06-24,86,8,0,0,127,127,0
4123600,2023-06-25,83,3,0,0,0,127,0
4123600,2023-06-26,82,1,0,0,0,127,0
4123600,2023-06-27,80,2,0,0,0,127,0
4123600,2023-06-28,77,3,0,0,0,127,0
4123600,2023-06-29,70,7,0,0,0,127,0
4123600,2023-06-30,68,2,0,0,0,127,0
4123600,2023-07-01,64,4,0,0,0,127,0
4123600,2023-07-02,59,5,0,0,0,127,0
4123600,2023-07-03,56,3,0,0,0,127,0
4123600,2023-07-04,48,8,0,0,0,127,0
4123600,2023-07-05,47,1,0,0,0,127,0
4123600,2023-07-06,43,4,0,0,0,127,0
4123600,2023-07-07,37,6,0,0,0,127,0
4123600,2023-07-08,32,5,0,0,0,127,0
4123600,2023-07-09,26,6,0,0,0,127,0
4123600,2023-07-10,23,3,0,0,0,127,0
4123600,2023-07-11,20,3,0,0,0,127,0
4123600,2023-07-12,13,7,0,0,0,127,0
4123600,2023-07-13,9,4,0,0,0,127,0
4123600,2023-07-14,8,1,0,0,0,127,0
4123600,2023-07-15,4,4,0,0,0,127,0
4123600,2023-07-16,0,4,0,0,0,127,0
4123600,2023-07-17,0,2,2,0,0,127,1
4123600,2023-07-18,0,1,1,0,0,127,1
4123600,2023-07-19,0,1,1,0,0,127,1
4123600,2023-07-20,0,2,2,0,0,127,1
4123600,2023-07-21,0,3,3,0,0,127,1
4123600,2023-07-22,0,5,5,0,0,127,1
4123600,2023-07-23,0,8,8,0,0,127,1
4123600,2023-07-24,0,3,3,0,0,127,1
4123600,2023-07-25,0,0,0,0,0,127,0
4123600,2023-07-26,0,3,3,0,0,127,1
4123600,2023-07-27,0,3,3,0,0,127,1
4123600,2023-07-28,0,1,1,0,0,127,1
4123600,2023-07-29,0,4,4,0,0,127,1
4123600,2023-07-30,0,3,3,0,0,127,1
4123600,2023-07-31,0,4,4,0,0,127,1
4123600,2023-08-01,0,1,1,0,0,127,1
4123600,2023-08-02,0,3,3,0,0,127,1
4123600,2023-08-03,0,2,2,0,0,127,1
4123600,2023-08-04,0,3,3,0,0,127,1
4123600,2023-08-05,0,5,5,0,0,127,1
4123600,2023-08-06,0,1,1,0,0,127,1
4123600,2023-08-07,0,1,1,0,0,127,1
4123600,2023-08-08,0,0,0,0,0,127,0
4123600,2023-08-09,0,0,0,0,0,127,0
4123600,2023-08-10,0,1,1,0,0,127,1
4123600,2023-08-11,0,2,2,0,0,127,1
4123600,2023-08-12,0,1,1,0,0,127,1
4123600,2023-08-13,120,7,0,127,0,0,0
4123600,2023-08-14,119,1,0,0,0,0,0
4123600,2023-08-15,115,4,0,0,0,0,0
4123600,2023-08-16,112,3,0,0,0,0,0
4123600,2023-08-17,111,1,0,0,0,0,0
4123600,2023-08-18,110,1,0,0,0,0,0
4123600,2023-08-19,108,2,0,0,0,0,0
4123600,2023-08-20,105,3,0,0,0,0,0
4123600,2023-08-21,102,3,0,0,0,0,0
4123600,2023-08-22,100,2,0,0,0,0,0
4123600,2023-08-23,98,2,0,0,0,0,0
4123600,2023-08-24,97,1,0,0,0,0,0
4123600,2023-08-25,93,4,0,0,0,0,0
4123600,2023-08-26,89,4,0,0,136,136,0
4123600,2023-08-27,86,3,0,0,0,136,0
4123600,2023-08-28,81,5,0,0,0,136,0
4123600,2023-08-29,77,4,0,0,0,136,0
4123600,2023-08-30,70,7,0,0,0,136,0
4123600,2023-08-31,67,3,0,0,0,136,0
4123600,2023-09-01,61,6,0,0,0,136,0
4123600,2023-09-02,58,3,0,0,0,136,0
4123600,2023-09-03,53,5,0,0,0,136,0
4123600,2023-09-04,47,6,0,0,0,136,0
4123600,2023-09-05,46,1,0,0,0,136,0
4123600,2023-09-06,40,6,0,0,0,136,0
4123600,2023-09-07,38,2,0,0,0,136,0
4123600,2023-09-08,37,1,0,0,0,136,0
4123600,2023-09-09,35,2,0,0,0,136,0
4123600,2023-09-10,29,6,0,0,0,136,0
4123600,2023-09-11,24,5,0,0,0,136,0
4123600,2023-09-12,18,6,0,0,0,136,0
4123600,2023-09-13,15,3,0,0,0,136,0
4123600,2023-09-14,13,2,0,0,0,136,0
4123600,2023-09-15,7,6,0,0,0,136,0
4123600,2023-09-16,2,5,0,0,0,136,0
4123600,2023-09-17,0,5,3,0,0,136,1
4123600,2023-09-18,0,2,2,0,0,136,1
4123600,2023-09-19,0,1,1,0,0,136,1
4123600,2023-09-20,0,5,5,0,0,136,1
4123600,2023-09-21,0,6,6,0,0,136,1
4123600,2023-09-22,0,1,1,0,0,136,1
4123600,2023-09-23,0,3,3,0,0,136,1
4123600,2023-09-24,0,3,3,0,0,136,1
4123600,2023-09-25,0,4,4,0,0,136,1
4123600,2023-09-26,0,5,5,0,0,136,1
4123600,2023-09-27,0,2,2,0,0,136,1
4123600,2023-09-28,0,3,3,0,0,136,1
4123600,2023-09-29,116,4,0,120,0,0,0
4123600,2023-09-30,111,5,0,0,0,0,0
4123600,2023-10-01,110,1,0,0,0,0,0
4123600,2023-10-02,105,5,0,0,0,0,0
4123600,2023-10-03,102,3,0,0,151,151,0
4123600,2023-10-04,99,3,0,0,0,151,0
4123600,2023-10-05,97,2,0,0,0,151,0
4123600,2023-10-06,95,2,0,0,0,151,0
4123600,2023-10-07,90,5,0,0,0,151,0
4123600,2023-10-08,86,4,0,0,0,151,0
4123600,2023-10-09,83,3,0,0,0,151,0
4123600,2023-10-10,78,5,0,0,0,151,0
4123600,2023-10-11,76,2,0,0,0,151,0
4123600,2023-10-12,73,3,0,0,0,151,0
4123600,2023-10-13,71,2,0,0,0,151,0
4123600,2023-10-14,65,6,0,0,0,151,0
4123600,2023-10-15,63,2,0,0,0,151,0
4123600,2023-10-16,60,3,0,0,0,151,0
4123600,2023-10-17,54,6,0,0,0,151,0
4123600,2023-10-18,53,1,0,0,0,151,0
4123600,2023-10-19,51,2,0,0,0,151,0
4123600,2023-10-20,50,1,0,0,0,151,0
4123600,2023-10-21,44,6,0,0,0,151,0
4123600,2023-10-22,42,2,0,0,0,151,0
4123600,2023-10-23,41,1,0,0,0,151,0
4123600,2023-10-24,38,3,0,0,0,151,0
4123600,2023-10-25,36,2,0,0,0,151,0
4123600,2023-10-26,34,2,0,0,0,151,0
4123600,2023-10-27,30,4,0,0,0,151,0
4123600,2023-10-28,23,7,0,0,0,151,0
4123600,2023-10-29,19,4,0,0,0,151,0
4123600,2023-10-30,15,4,0,0,0,151,0
4123600,2023-10-31,15,0,0,0,0,151,0
4123600,2023-11-01,15,0,0,0,0,151,0
4123600,2023-11-02,13,2,0,0,0,151,0
4123600,2023-11-03,10,3,0,0,0,151,0
4123600,2023-11-04,9,1,0,0,0,151,0
4123600,2023-11-05,3,6,0,0,0,151,0
4123600,2023-11-06,152,2,0,151,0,0,0
4123600,2023-11-07,150,2,0,0,0,0,0
4123600,2023-11-08,148,2,0,0,0,0,0
4123600,2023-11-09,146,2,0,0,0,0,0
4123600,2023-11-10,144,2,0,0,0,0,0
4123600,2023-11-11,144,0,0,0,0,0,0
4123600,2023-11-12,138,6,0,0,0,0,0
4123600,2023-11-13,132,6,0,0,0,0,0
4123600,2023-11-14,131,1,0,0,0,0,0
4123600,2023-11-15,131,0,0,0,0,0,0
4123600,2023-11-16,129,2,0,0,0,0,0
4123600,2023-11-17,127,2,0,0,0,0,0
4123600,2023-11-18,127,0,0,0,0,0,0
4123600,2023-11-19,126,1,0,0,0,0,0
4123600,2023-11-20,125,1,0,0,0,0,0
4123600,2023-11-21,123,2,0,0,0,0,0
4123600,2023-11-22,118,5,0,0,0,0,0
4123600,2023-11-23,104,14,0,0,0,0,0
4123600,2023-11-24,93,11,0,0,138,138,0
4123600,2023-11-25,78,15,0,0,0,138,0
4123600,2023-11-26,69,9,0,0,0,138,0
4123600,2023-11-27,67,2,0,0,0,138,0
4123600,2023-11-28,66,1,0,0,0,138,0
4123600,2023-11-29,65,1,0,0,0,138,0
4123600,2023-11-30,63,2,0,0,0,138,0
4123600,2023-12-01,60,3,0,0,0,138,0
4123600,2023-12-02,57,3,0,0,0,138,0
4123600,2023-12-03,56,1,0,0,0,138,0
4123600,2023-12-04,52,4,0,0,0,138,0
4123600,2023-12-05,51,1,0,0,0,138,0
4123600,2023-12-06,51,0,0,0,0,138,0
4123600,2023-12-07,48,3,0,0,0,138,0
4123600,2023-12-08,43,5,0,0,0,138,0
4123600,2023-12-09,38,5,0,0,0,138,0
4123600,2023-12-10,31,7,0,0,0,138,0
4123600,2023-12-11,28,3,0,0,0,138,0
4123600,2023-12-12,22,6,0,0,0,138,0
4123600,2023-12-13,18,4,0,0,0,138,0
4123600,2023-12-14,17,1,0,0,0,138,0
4123600,2023-12-15,10,7,0,0,0,138,0
4123600,2023-12-16,4,6,0,0,0,138,0
4123600,2023-12-17,0,5,1,0,0,138,1
4123600,2023-12-18,0,4,4,0,0,138,1
4123600,2023-12-19,0,5,5,0,0,138,1
4123600,2023-12-20,0,1,1,0,0,138,1
4123600,2023-12-21,0,8,8,0,0,138,1
4123600,2023-12-22,0,6,6,0,0,138,1
4123600,2023-12-23,0,2,2,0,0,138,1
4123600,2023-12-24,0,4,4,0,0,138,1
4123600,2023-12-25,0,2,2,0,0,138,1
4123600,2023-12-26,0,1,1,0,0,138,1
4123600,2023-12-27,0,2,2,0,0,138,1
4123600,2023-12-28,0,1,1,0,0,138,1
4123600,2023-12-29,0,1,1,0,0,138,1
4123600,2023-12-30,136,2,0,138,0,0,0
4123600,2023-12-31,134,2,0,0,0,0,0
4123600,2024-01-01,131,3,0,0,0,0,0
4123600,2024-01-02,126,5,0,0,0,0,0
4123600,2024-01-03,124,2,0,0,0,0,0
4123600,2024-01-04,122,2,0,0,0,0,0
4123600,2024-01-05,116,6,0,0,0,0,0
4123600,2024-01-06,106,10,0,0,167,167,0
4123600,2024-01-07,98,8,0,0,0,167,0
4123600,2024-01-08,95,3,0,0,0,167,0
4123600,2024-01-09,94,1,0,0,0,167,0
4123600,2024-01-10,91,3,0,0,0,167,0
4123600,2024-01-11,90,1,0,0,0,167,0
4123600,2024-01-12,89,1,0,0,0,167,0
4123600,2024-01-13,86,3,0,0,0,167,0
4123600,2024-01-14,82,4,0,0,0,167,0
4123600,2024-01-15,77,5,0,0,0,167,0
4123600,2024-01-16,73,4,0,0,0,167,0
4123600,2024-01-17,72,1,0,0,0,167,0
4123600,2024-01-18,67,5,0,0,0,167,0
4123600,2024-01-19,62,5,0,0,0,167,0
4123600,2024-01-20,61,1,0,0,0,167,0
4123600,2024-01-21,58,3,0,0,0,167,0
4123600,2024-01-22,54,4,0,0,0,167,0
4123600,2024-01-23,49,5,0,0,0,167,0
4123600,2024-01-24,47,2,0,0,0,167,0
4123600,2024-01-25,43,4,0,0,0,167,0
4123600,2024-01-26,39,4,0,0,0,167,0
4123600,2024-01-27,34,5,0,0,0,167,0
4123600,2024-01-28,27,7,0,0,0,167,0
4123600,2024-01-29,24,3,0,0,0,167,0
4123600,2024-01-30,22,2,0,0,0,167,0
4123600,2024-01-31,17,5,0,0,0,167,0
4123600,2024-02-01,12,5,0,0,0,167,0
4123600,2024-02-02,11,1,0,0,0,167,0
4123600,2024-02-03,4,7,0,0,0,167,0
4123600,2024-02-04,0,8,4,0,0,167,1
4123600,2024-02-05,0,2,2,0,0,167,1
4123600,2024-02-06,0,6,6,0,0,167,1
4123600,2024-02-07,0,4,4,0,0,167,1
4123600,2024-02-08,0,4,4,0,0,167,1
4123600,2024-02-09,0,3,3,0,0,167,1
4123600,2024-02-10,0,8,8,0,0,167,1
4123600,2024-02-11,0,5,5,0,0,167,1
4123600,2024-02-12,165,2,0,167,0,0,0
4123600,2024-02-13,163,2,0,0,0,0,0
4123600,2024-02-14,159,4,0,0,0,0,0
4123600,2024-02-15,155,4,0,0,0,0,0
4123600,2024-02-16,152,3,0,0,0,0,0
4123600,2024-02-17,150,2,0,0,0,0,0
4123600,2024-02-18,145,5,0,0,0,0,0
4123600,2024-02-19,143,2,0,0,0,0,0
4123600,2024-02-20,139,4,0,0,0,0,0
4123600,2024-02-21,136,3,0,0,0,0,0
4123600,2024-02-22,134,2,0,0,0,0,0
4123600,2024-02-23,132,2,0,0,0,0,0
4123600,2024-02-24,130,2,0,0,0,0,0
4123600,2024-02-25,127,3,0,0,0,0,0
4123600,2024-02-26,123,4,0,0,0,0,0
4123600,2024-02-27,121,2,0,0,0,0,0
4123600,2024-02-28,119,2,0,0,0,0,0
4123600,2024-02-29,114,5,0,0,171,171,0
5862621,2022-03-01,125,1,0,0,0,0,0
5862621,2022-03-02,122,3,0,0,0,0,0
5862621,2022-03-03,119,3,0,0,0,0,0
5862621,2022-03-04,117,2,0,0,0,0,0
5862621,2022-03-05,114,3,0,0,0,0,0
5862621,2022-03-06,110,4,0,0,0,0,0
5862621,2022-03-07,107,3,0,0,0,0,0
5862621,2022-03-08,106,1,0,0,0,0,0
5862621,2022-03-09,104,2,0,0,0,0,0
5862621,2022-03-10,99,5,0,0,0,0,0
5862621,2022-03-11,95,4,0,0,0,0,0
5862621,2022-03-12,92,3,0,0,0,0,0
5862621,2022-03-13,91,1,0,0,0,0,0
5862621,2022-03-14,91,0,0,0,0,0,0
5862621,2022-03-15,90,1,0,0,0,0,0
5862621,2022-03-16,88,2,0,0,0,0,0
5862621,2022-03-17,85,3,0,0,0,0,0
5862621,2022-03-18,85,0,0,0,0,0,0
5862621,2022-03-19,81,4,0,0,0,0,0
5862621,2022-03-20,79,2,0,0,0,0,0
5862621,2022-03-21,77,2,0,0,0,0,0
5862621,2022-03-22,71,6,0,0,0,0,0
5862621,2022-03-23,69,2,0,0,0,0,0
5862621,2022-03-24,65,4,0,0,0,0,0
5862621,2022-03-25,63,2,0,0,0,0,0
5862621,2022-03-26,57,6,0,0,0,0,0
5862621,2022-03-27,52,5,0,0,0,0,0
5862621,2022-03-28,51,1,0,0,0,0,0
5862621,2022-03-29,49,2,0,0,0,0,0
5862621,2022-03-30,45,4,0,0,0,0,0
5862621,2022-03-31,43,2,0,0,0,0,0
5862621,2022-04-01,41,2,0,0,0,0,0
5862621,2022-04-02,37,4,0,0,0,0,0
5862621,2022-04-03,34,3,0,0,125,125,0
5862621,2022-04-04,32,2,0,0,0,125,0
5862621,2022-04-05,26,6,0,0,0,125,0
5862621,2022-04-06,25,1,0,0,0,125,0
5862621,2022-04-07,22,3,0,0,0,125,0
5862621,2022-04-08,17,5,0,0,0,125,0
5862621,2022-04-09,11,6,0,0,0,125,0
5862621,2022-04-10,6,5,0,0,0,125,0
5862621,2022-04-11,4,2,0,0,0,125,0
5862621,2022-04-12,3,1,0,0,0,125,0
5862621,2022-04-13,0,5,2,0,0,125,1
5862621,2022-04-14,0,1,1,0,0,125,1
5862621,2022-04-15,123,2,0,125,0,0,0
5862621,2022-04-16,121,2,0,0,0,0,0
5862621,2022-04-17,116,5,0,0,0,0,0
5862621,2022-04-18,109,7,0,0,0,0,0
5862621,2022-04-19,106,3,0,0,0,0,0
5862621,2022-04-20,104,2,0,0,0,0,0
5862621,2022-04-21,103,1,0,0,0,0,0
5862621,2022-04-22,100,3,0,0,0,0,0
5862621,2022-04-23,97,3,0,0,0,0,0
5862621,2022-04-24,93,4,0,0,0,0,0
5862621,2022-04-25,91,2,0,0,0,0,0
5862621,2022-04-26,87,4,0,0,0,0,0
5862621,2022-04-27,86,1,0,0,0,0,0
5862621,2022-04-28,85,1,0,0,0,0,0
5862621,2022-04-29,83,2,0,0,0,0,0
5862621,2022-04-30,78,5,0,0,0,0,0
5862621,2022-05-01,75,3,0,0,0,0,0
5862621,2022-05-02,70,5,0,0,0,0,0
5862621,2022-05-03,68,2,0,0,0,0,0
5862621,2022-05-04,61,7,0,0,0,0,0
5862621,2022-05-05,57,4,0,0,0,0,0
5862621,2022-05-06,55,2,0,0,0,0,0
5862621,2022-05-07,52,3,0,0,0,0,0
5862621,2022-05-08,49,3,0,0,0,0,0
5862621,2022-05-09,46,3,0,0,0,0,0
5862621,2022-05-10,44,2,0,0,0,0,0
5862621,2022-05-11,38,6,0,0,143,143,0
5862621,2022-05-12,37,1,0,0,0,143,0
5862621,2022-05-13,33,4,0,0,0,143,0
5862621,2022-05-14,27,6,0,0,0,143,0
5862621,2022-05-15,26,1,0,0,0,143,0
5862621,2022-05-16,22,4,0,0,0,143,0
5862621,2022-05-17,17,5,0,0,0,143,0
5862621,2022-05-18,13,4,0,0,0,143,0
5862621,2022-05-19,12,1,0,0,0,143,0
5862621,2022-05-20,9,3,0,0,0,143,0
5862621,2022-05-21,8,1,0,0,0,143,0
5862621,2022-05-22,6,2,0,0,0,143,0
5862621,2022-05-23,146,3,0,143,0,0,0
5862621,2022-05-24,143,3,0,0,0,0,0
5862621,2022-05-25,141,2,0,0,0,0,0
5862621,2022-05-26,137,4,0,0,0,0,0
5862621,2022-05-27,133,4,0,0,0,0,0
5862621,2022-05-28,130,3,0,0,0,0,0
5862621,2022-05-29,128,2,0,0,0,0,0
5862621,2022-05-30,126,2,0,0,0,0,0
5862621,2022-05-31,124,2,0,0,0,0,0
5862621,2022-06-01,114,10,0,0,0,0,0
5862621,2022-06-02,113,1,0,0,0,0,0
5862621,2022-06-03,110,3,0,0,0,0,0
5862621,2022-06-04,107,3,0,0,0,0,0
5862621,2022-06-05,97,10,0,0,0,0,0
5862621,2022-06-06,96,1,0,0,0,0,0
5862621,2022-06-07,93,3,0,0,0,0,0
5862621,2022-06-08,92,1,0,0,0,0,0
5862621,2022-06-09,89,3,0,0,0,0,0
5862621,2022-06-10,86,3,0,0,0,0,0
5862621,2022-06-11,85,1,0,0,0,0,0
5862621,2022-06-12,82,3,0,0,0,0,0
5862621,2022-06-13,80,2,0,0,0,0,0
5862621,2022-06-14,75,5,0,0,0,0,0
5862621,2022-06-15,69,6,0,0,0,0,0
5862621,2022-06-16,66,3,0,0,0,0,0
5862621,2022-06-17,62,4,0,0,0,0,0
5862621,2022-06-18,59,3,0,0,0,0,0
5862621,2022-06-19,54,5,0,0,0,0,0
5862621,2022-06-20,53,1,0,0,0,0,0
5862621,2022-06-21,48,5,0,0,0,0,0
5862621,2022-06-22,44,4,0,0,0,0,0
5862621,2022-06-23,44,0,0,0,0,0,0
5862621,2022-06-24,44,0,0,0,0,0,0
5862621,2022-06-25,40,4,0,0,150,150,0
5862621,2022-06-26,38,2,0,0,0,150,0
5862621,2022-06-27,35,3,0,0,0,150,0
5862621,2022-06-28,31,4,0,0,0,150,0
5862621,2022-06-29,29,2,0,0,0,150,0
5862621,2022-06-30,27,2,0,0,0,150,0
5862621,2022-07-01,23,4,0,0,0,150,0
5862621,2022-07-02,18,5,0,0,0,150,0
5862621,2022-07-03,14,4,0,0,0,150,0
5862621,2022-07-04,10,4,0,0,0,150,0
5862621,2022-07-05,4,6,0,0,0,150,0
5862621,2022-07-06,0,5,1,0,0,150,1
5862621,2022-07-07,143,7,0,150,0,0,0
5862621,2022-07-08,141,2,0,0,0,0,0
5862621,2022-07-09,136,5,0,0,0,0,0
5862621,2022-07-10,132,4,0,0,0,0,0
5862621,2022-07-11,130,2,0,0,0,0,0
5862621,2022-07-12,129,1,0,0,0,0,0
5862621,2022-07-13,128,1,0,0,0,0,0
5862621,2022-07-14,125,3,0,0,0,0,0
5862621,2022-07-15,117,8,0,0,0,0,0
5862621,2022-07-16,110,7,0,0,0,0,0
5862621,2022-07-17,106,4,0,0,0,0,0
5862621,2022-07-18,104,2,0,0,0,0,0
5862621,2022-07-19,102,2,0,0,0,0,0
5862621,2022-07-20,99,3,0,0,0,0,0
5862621,2022-07-21,97,2,0,0,0,0,0
5862621,2022-07-22,93,4,0,0,0,0,0
5862621,2022-07-23,89,4,0,0,0,0,0
5862621,2022-07-24,87,2,0,0,0,0,0
5862621,2022-07-25,84,3,0,0,0,0,0
5862621,2022-07-26,78,6,0,0,0,0,0
5862621,2022-07-27,75,3,0,0,0,0,0
5862621,2022-07-28,72,3,0,0,0,0,0
5862621,2022-07-29,67,5,0,0,0,0,0
5862621,2022-07-30,66,1,0,0,0,0,0
5862621,2022-07-31,61,5,0,0,0,0,0
5862621,2022-08-01,59,2,0,0,0,0,0
5862621,2022-08-02,57,2,0,0,0,0,0
5862621,2022-08-03,52,5,0,0,0,0,0
5862621,2022-08-04,50,2,0,0,0,0,0
5862621,2022-08-05,48,2,0,0,0,0,0
5862621,2022-08-06,47,1,0,0,0,0,0
5862621,2022-08-07,42,5,0,0,155,155,0
5862621,2022-08-08,41,1,0,0,0,155,0
5862621,2022-08-09,35,6,0,0,0,155,0
5862621,2022-08-10,29,6,0,0,0,155,0
5862621,2022-08-11,26,3,0,0,0,155,0
5862621,2022-08-12,24,2,0,0,0,155,0
5862621,2022-08-13,23,1,0,0,0,155,0
5862621,2022-08-14,16,7,0,0,0,155,0
5862621,2022-08-15,14,2,0,0,0,155,0
5862621,2022-08-16,13,1,0,0,0,155,0
5862621,2022-08-17,11,2,0,0,0,155,0
5862621,2022-08-18,7,4,0,0,0,155,0
5862621,2022-08-19,161,1,0,155,0,0,0
5862621,2022-08-20,157,4,0,0,0,0,0
5862621,2022-08-21,156,1,0,0,0,0,0
5862621,2022-08-22,155,1,0,0,0,0,0
5862621,2022-08-23,151,4,0,0,0,0,0
5862621,2022-08-24,143,8,0,0,0,0,0
5862621,2022-08-25,142,1,0,0,0,0,0
5862621,2022-08-26,138,4,0,0,0,0,0
5862621,2022-08-27,133,5,0,0,0,0,0
5862621,2022-08-28,130,3,0,0,0,0,0
5862621,2022-08-29,125,5,0,0,0,0,0
5862621,2022-08-30,122,3,0,0,0,0,0
5862621,2022-08-31,119,3,0,0,0,0,0
5862621,2022-09-01,113,6,0,0,0,0,0
5862621,2022-09-02,109,4,0,0,0,0,0
5862621,2022-09-03,104,5,0,0,0,0,0
5862621,2022-09-04,99,5,0,0,0,0,0
5862621,2022-09-05,95,4,0,0,0,0,0
5862621,2022-09-06,87,8,0,0,0,0,0
5862621,2022-09-07,77,10,0,0,0,0,0
5862621,2022-09-08,74,3,0,0,0,0,0
5862621,2022-09-09,69,5,0,0,0,0,0
5862621,2022-09-10,64,5,0,0,0,0,0
5862621,2022-09-11,60,4,0,0,0,0,0
5862621,2022-09-12,58,2,0,0,0,0,0
5862621,2022-09-13,56,2,0,0,0,0,0
5862621,2022-09-14,55,1,0,0,0,0,0
5862621,2022-09-15,49,6,0,0,0,0,0
5862621,2022-09-16,47,2,0,0,167,167,0
5862621,2022-09-17,42,5,0,0,0,167,0
5862621,2022-09-18,37,5,0,0,0,167,0
5862621,2022-09-19,35,2,0,0,0,167,0
5862621,2022-09-20,31,4,0,0,0,167,0
5862621,2022-09-21,28,3,0,0,0,167,0
5862621,2022-09-22,25,3,0,0,0,167,0
5862621,2022-09-23,25,0,0,0,0,167,0
5862621,2022-09-24,20,5,0,0,0,167,0
5862621,2022-09-25,17,3,0,0,0,167,0
5862621,2022-09-26,16,1,0,0,0,167,0
5862621,2022-09-27,8,8,0,0,0,167,0
5862621,2022-09-28,170,5,0,167,0,0,0
5862621,2022-09-29,165,5,0,0,0,0,0
5862621,2022-09-30,163,2,0,0,0,0,0
5862621,2022-10-01,156,7,0,0,0,0,0
5862621,2022-10-02,153,3,0,0,0,0,0
5862621,2022-10-03,150,3,0,0,0,0,0
5862621,2022-10-04,148,2,0,0,0,0,0
5862621,2022-10-05,144,4,0,0,0,0,0
5862621,2022-10-06,139,5,0,0,0,0,0
5862621,2022-10-07,138,1,0,0,0,0,0
5862621,2022-10-08,134,4,0,0,0,0,0
5862621,2022-10-09,128,6,0,0,0,0,0
5862621,2022-10-10,124,4,0,0,0,0,0
5862621,2022-10-11,120,4,0,0,0,0,0
5862621,2022-10-12,117,3,0,0,0,0,0
5862621,2022-10-13,114,3,0,0,0,0,0
5862621,2022-10-14,113,1,0,0,0,0,0
5862621,2022-10-15,109,4,0,0,0,0,0
5862621,2022-10-16,106,3,0,0,0,0,0
5862621,2022-10-17,103,3,0,0,0,0,0
5862621,2022-10-18,96,7,0,0,0,0,0
5862621,2022-10-19,96,0,0,0,0,0,0
5862621,2022-10-20,91,5,0,0,0,0,0
5862621,2022-10-21,88,3,0,0,0,0,0
5862621,2022-10-22,82,6,0,0,0,0,0
5862621,2022-10-23,76,6,0,0,0,0,0
5862621,2022-10-24,74,2,0,0,0,0,0
5862621,2022-10-25,72,2,0,0,0,0,0
5862621,2022-10-26,72,0,0,0,0,0,0
5862621,2022-10-27,71,1,0,0,0,0,0
5862621,2022-10-28,63,8,0,0,0,0,0
5862621,2022-10-29,57,6,0,0,0,0,0
5862621,2022-10-30,51,6,0,0,0,0,0
5862621,2022-10-31,50,1,0,0,176,176,0
5862621,2022-11-01,44,6,0,0,0,176,0
5862621,2022-11-02,39,5,0,0,0,176,0
5862621,2022-11-03,37,2,0,0,0,176,0
5862621,2022-11-04,34,3,0,0,0,176,0
5862621,2022-11-05,34,0,0,0,0,176,0
5862621,2022-11-06,28,6,0,0,0,176,0
5862621,2022-11-07,24,4,0,0,0,176,0
5862621,2022-11-08,21,3,0,0,0,176,0
5862621,2022-11-09,18,3,0,0,0,176,0
5862621,2022-11-10,15,3,0,0,0,176,0
5862621,2022-11-11,11,4,0,0,0,176,0
5862621,2022-11-12,10,1,0,0,0,176,0
5862621,2022-11-13,183,3,0,176,0,0,0
5862621,2022-11-14,182,1,0,0,0,0,0
5862621,2022-11-15,181,1,0,0,0,0,0
5862621,2022-11-16,180,1,0,0,0,0,0
5862621,2022-11-17,177,3,0,0,0,0,0
5862621,2022-11-18,173,4,0,0,0,0,0
5862621,2022-11-19,169,4,0,0,0,0,0
5862621,2022-11-20,164,5,0,0,0,0,0
5862621,2022-11-21,164,0,0,0,0,0,0
5862621,2022-11-22,161,3,0,0,0,0,0
5862621,2022-11-23,157,4,0,0,0,0,0
5862621,2022-11-24,145,12,0,0,0,0,0
5862621,2022-11-25,132,13,0,0,0,0,0
5862621,2022-11-26,116,16,0,0,0,0,0
5862621,2022-11-27,104,12,0,0,0,0,0
5862621,2022-11-28,102,2,0,0,0,0,0
5862621,2022-11-29,102,0,0,0,0,0,0
5862621,2022-11-30,102,0,0,0,0,0,0
5862621,2022-12-01,99,3,0,0,0,0,0
5862621,2022-12-02,97,2,0,0,0,0,0
5862621,2022-12-03,94,3,0,0,0,0,0
5862621,2022-12-04,88,6,0,0,0,0,0
5862621,2022-12-05,87,1,0,0,0,0,0
5862621,2022-12-06,84,3,0,0,0,0,0
5862621,2022-12-07,82,2,0,0,0,0,0
5862621,2022-12-08,79,3,0,0,0,0,0
5862621,2022-12-09,79,0,0,0,0,0,0
5862621,2022-12-10,76,3,0,0,0,0,0
5862621,2022-12-11,72,4,0,0,0,0,0
5862621,2022-12-12,68,4,0,0,0,0,0
5862621,2022-12-13,63,5,0,0,0,0,0
5862621,2022-12-14,61,2,0,0,0,0,0
5862621,2022-12-15,58,3,0,0,0,0,0
5862621,2022-12-16,53,5,0,0,0,0,0
5862621,2022-12-17,50,3,0,0,0,0,0
5862621,2022-12-18,43,7,0,0,171,171,0
5862621,2022-12-19,40,3,0,0,0,171,0
5862621,2022-12-20,38,2,0,0,0,171,0
5862621,2022-12-21,37,1,0,0,0,171,0
5862621,2022-12-22,31,6,0,0,0,171,0
5862621,2022-12-23,24,7,0,0,0,171,0
5862621,2022-12-24,18,6,0,0,0,171,0
5862621,2022-12-25,12,6,0,0,0,171,0
5862621,2022-12-26,10,2,0,0,0,171,0
5862621,2022-12-27,8,2,0,0,0,171,0
5862621,2022-12-28,7,1,0,0,0,171,0
5862621,2022-12-29,6,1,0,0,0,171,0
5862621,2022-12-30,131,1,0,126,0,0,0
5862621,2022-12-31,129,2,0,0,0,0,0
5862621,2023-01-01,128,1,0,0,0,0,0
5862621,2023-01-02,127,1,0,0,0,0,0
5862621,2023-01-03,127,0,0,0,0,0,0
5862621,2023-01-04,123,4,0,0,0,0,0
5862621,2023-01-05,122,1,0,0,0,0,0
5862621,2023-01-06,119,3,0,0,0,0,0
5862621,2023-01-07,116,3,0,0,0,0,0
5862621,2023-01-08,110,6,0,0,0,0,0
5862621,2023-01-09,107,3,0,0,0,0,0
5862621,2023-01-10,100,7,0,0,0,0,0
5862621,2023-01-11,100,0,0,0,0,0,0
5862621,2023-01-12,97,3,0,0,0,0,0
5862621,2023-01-13,95,2,0,0,0,0,0
5862621,2023-01-14,92,3,0,0,0,0,0
5862621,2023-01-15,88,4,0,0,0,0,0
5862621,2023-01-16,88,0,0,0,0,0,0
5862621,2023-01-17,85,3,0,0,0,0,0
5862621,2023-01-18,82,3,0,0,0,0,0
5862621,2023-01-19,76,6,0,0,0,0,0
5862621,2023-01-20,75,1,0,0,0,0,0
5862621,2023-01-21,70,5,0,0,0,0,0
5862621,2023-01-22,64,6,0,0,0,0,0
5862621,2023-01-23,62,2,0,0,0,0,0
5862621,2023-01-24,56,6,0,0,0,0,0
5862621,2023-01-25,54,2,0,0,0,0,0
5862621,2023-01-26,49,5,0,0,0,0,0
5862621,2023-01-27,44,5,0,0,0,0,0
5862621,2023-01-28,37,7,0,0,147,147,0
5862621,2023-01-29,29,8,0,0,0,147,0
5862621,2023-01-30,28,1,0,0,0,147,0
5862621,2023-01-31,27,1,0,0,0,147,0
5862621,2023-02-01,26,1,0,0,0,147,0
5862621,2023-02-02,22,4,0,0,0,147,0
5862621,2023-02-03,18,4,0,0,0,147,0
5862621,2023-02-04,13,5,0,0,0,147,0
5862621,2023-02-05,8,5,0,0,0,147,0
5862621,2023-02-06,2,6,0,0,0,147,0
5862621,2023-02-07,1,1,0,0,0,147,0
5862621,2023-02-08,0,5,4,0,0,147,1
5862621,2023-02-09,144,3,0,147,0,0,0
5862621,2023-02-10,136,8,0,0,0,0,0
5862621,2023-02-11,134,2,0,0,0,0,0
5862621,2023-02-12,131,3,0,0,0,0,0
5862621,2023-02-13,124,7,0,0,0,0,0
5862621,2023-02-14,119,5,0,0,0,0,0
5862621,2023-02-15,112,7,0,0,0,0,0
5862621,2023-02-16,110,2,0,0,0,0,0
5862621,2023-02-17,105,5,0,0,0,0,0
5862621,2023-02-18,102,3,0,0,0,0,0
5862621,2023-02-19,97,5,0,0,0,0,0
5862621,2023-02-20,96,1,0,0,0,0,0
5862621,2023-02-21,89,7,0,0,0,0,0
5862621,2023-02-22,87,2,0,0,0,0,0
5862621,2023-02-23,84,3,0,0,0,0,0
5862621,2023-02-24,83,1,0,0,0,0,0
5862621,2023-02-25,80,3,0,0,0,0,0
5862621,2023-02-26,72,8,0,0,0,0,0
5862621,2023-02-27,68,4,0,0,0,0,0
5862621,2023-02-28,62,6,0,0,0,0,0
5862621,2023-03-01,59,3,0,0,0,0,0
5862621,2023-03-02,57,2,0,0,0,0,0
5862621,2023-03-03,52,5,0,0,0,0,0
5862621,2023-03-04,46,6,0,0,179,179,0
5862621,2023-03-05,42,4,0,0,0,179,0
5862621,2023-03-06,41,1,0,0,0,179,0
5862621,2023-03-07,38,3,0,0,0,179,0
5862621,2023-03-08,35,3,0,0,0,179,0
5862621,2023-03-09,32,3,0,0,0,179,0
5862621,2023-03-10,26,6,0,0,0,179,0
5862621,2023-03-11,22,4,0,0,0,179,0
5862621,2023-03-12,18,4,0,0,0,179,0
5862621,2023-03-13,15,3,0,0,0,179,0
5862621,2023-03-14,12,3,0,0,0,179,0
5862621,2023-03-15,7,5,0,0,0,179,0
5862621,2023-03-16,178,8,0,179,0,0,0
5862621,2023-03-17,174,4,0,0,0,0,0
5862621,2023-03-18,167,7,0,0,0,0,0
5862621,2023-03-19,164,3,0,0,0,0,0
5862621,2023-03-20,157,7,0,0,0,0,0
5862621,2023-03-21,155,2,0,0,0,0,0
5862621,2023-03-22,154,1,0,0,0,0,0
5862621,2023-03-23,151,3,0,0,0,0,0
5862621,2023-03-24,143,8,0,0,0,0,0
5862621,2023-03-25,139,4,0,0,0,0,0
5862621,2023-03-26,133,6,0,0,0,0,0
5862621,2023-03-27,131,2,0,0,0,0,0
5862621,2023-03-28,127,4,0,0,0,0,0
5862621,2023-03-29,124,3,0,0,0,0,0
5862621,2023-03-30,121,3,0,0,0,0,0
5862621,2023-03-31,118,3,0,0,0,0,0
5862621,2023-04-01,112,6,0,0,0,0,0
5862621,2023-04-02,107,5,0,0,0,0,0
5862621,2023-04-03,100,7,0,0,0,0,0
5862621,2023-04-04,95,5,0,0,0,0,0
5862621,2023-04-05,92,3,0,0,0,0,0
5862621,2023-04-06,82,10,0,0,0,0,0
5862621,2023-04-07,78,4,0,0,0,0,0
5862621,2023-04-08,70,8,0,0,0,0,0
5862621,2023-04-09,63,7,0,0,0,0,0
5862621,2023-04-10,60,3,0,0,0,0,0
5862621,2023-04-11,56,4,0,0,199,199,0
5862621,2023-04-12,54,2,0,0,0,199,0
5862621,2023-04-13,50,4,0,0,0,199,0
5862621,2023-04-14,47,3,0,0,0,199,0
5862621,2023-04-15,42,5,0,0,0,199,0
5862621,2023-04-16,35,7,0,0,0,199,0
5862621,2023-04-17,31,4,0,0,0,199,0
5862621,2023-04-18,26,5,0,0,0,199,0
5862621,2023-04-19,21,5,0,0,0,199,0
5862621,2023-04-20,18,3,0,0,0,199,0
5862621,2023-04-21,15,3,0,0,0,199,0
5862621,2023-04-22,7,8,0,0,0,199,0
5862621,2023-04-23,201,5,0,199,0,0,0
5862621,2023-04-24,199,2,0,0,0,0,0
5862621,2023-04-25,199,0,0,0,0,0,0
5862621,2023-04-26,193,6,0,0,0,0,0
5862621,2023-04-27,191,2,0,0,0,0,0
5862621,2023-04-28,185,6,0,0,0,0,0
5862621,2023-04-29,181,4,0,0,0,0,0
5862621,2023-04-30,176,5,0,0,0,0,0
5862621,2023-05-01,173,3,0,0,0,0,0
5862621,2023-05-02,169,4,0,0,0,0,0
5862621,2023-05-03,164,5,0,0,0,0,0
5862621,2023-05-04,160,4,0,0,0,0,0
5862621,2023-05-05,158,2,0,0,0,0,0
5862621,2023-05-06,156,2,0,0,0,0,0
5862621,2023-05-07,152,4,0,0,0,0,0
5862621,2023-05-08,149,3,0,0,0,0,0
5862621,2023-05-09,145,4,0,0,0,0,0
5862621,2023-05-10,142,3,0,0,0,0,0
5862621,2023-05-11,136,6,0,0,0,0,0
5862621,2023-05-12,132,4,0,0,0,0,0
5862621,2023-05-13,130,2,0,0,0,0,0
5862621,2023-05-14,125,5,0,0,0,0,0
5862621,2023-05-15,123,2,0,0,0,0,0
5862621,2023-05-16,118,5,0,0,0,0,0
5862621,2023-05-17,116,2,0,0,0,0,0
5862621,2023-05-18,113,3,0,0,0,0,0
5862621,2023-05-19,109,4,0,0,0,0,0
5862621,2023-05-20,104,5,0,0,0,0,0
5862621,2023-05-21,97,7,0,0,0,0,0
5862621,2023-05-22,95,2,0,0,0,0,0
5862621,2023-05-23,93,2,0,0,0,0,0
5862621,2023-05-24,87,6,0,0,0,0,0
5862621,2023-05-25,85,2,0,0,0,0,0
5862621,2023-05-26,77,8,0,0,0,0,0
5862621,2023-05-27,73,4,0,0,0,0,0
5862621,2023-05-28,70,3,0,0,0,0,0
5862621,2023-05-29,68,2,0,0,0,0,0
5862621,2023-05-30,64,4,0,0,0,0,0
5862621,2023-05-31,59,5,0,0,0,0,0
5862621,2023-06-01,53,6,0,0,190,190,0
5862621,2023-06-02,51,2,0,0,0,190,0
5862621,2023-06-03,47,4,0,0,0,190,0
5862621,2023-06-04,42,5,0,0,0,190,0
5862621,2023-06-05,37,5,0,0,0,190,0
5862621,2023-06-06,34,3,0,0,0,190,0
5862621,2023-06-07,31,3,0,0,0,190,0
5862621,2023-06-08,26,5,0,0,0,190,0
5862621,2023-06-09,23,3,0,0,0,190,0
5862621,2023-06-10,17,6,0,0,0,190,0
5862621,2023-06-11,14,3,0,0,0,190,0
5862621,2023-06-12,11,3,0,0,0,190,0
5862621,2023-06-13,195,6,0,190,0,0,0
5862621,2023-06-14,193,2,0,0,0,0,0
5862621,2023-06-15,189,4,0,0,0,0,0
5862621,2023-06-16,186,3,0,0,0,0,0
5862621,2023-06-17,180,6,0,0,0,0,0
5862621,2023-06-18,177,3,0,0,0,0,0
5862621,2023-06-19,174,3,0,0,0,0,0
5862621,2023-06-20,171,3,0,0,0,0,0
5862621,2023-06-21,167,4,0,0,0,0,0
5862621,2023-06-22,161,6,0,0,0,0,0
5862621,2023-06-23,155,6,0,0,0,0,0
5862621,2023-06-24,152,3,0,0,0,0,0
5862621,2023-06-25,148,4,0,0,0,0,0
5862621,2023-06-26,143,5,0,0,0,0,0
5862621,2023-06-27,138,5,0,0,0,0,0
5862621,2023-06-28,136,2,0,0,0,0,0
5862621,2023-06-29,133,3,0,0,0,0,0
5862621,2023-06-30,128,5,0,0,0,0,0
5862621,2023-07-01,121,7,0,0,0,0,0
5862621,2023-07-02,112,9,0,0,0,0,0
5862621,2023-07-03,104,8,0,0,0,0,0
5862621,2023-07-04,97,7,0,0,0,0,0
5862621,2023-07-05,90,7,0,0,0,0,0
5862621,2023-07-06,83,7,0,0,0,0,0
5862621,2023-07-07,81,2,0,0,0,0,0
5862621,2023-07-08,73,8,0,0,0,0,0
5862621,2023-07-09,69,4,0,0,0,0,0
5862621,2023-07-10,64,5,0,0,0,0,0
5862621,2023-07-11,63,1,0,0,0,0,0
5862621,2023-07-12,58,5,0,0,0,0,0
5862621,2023-07-13,57,1,0,0,203,203,0
5862621,2023-07-14,52,5,0,0,0,203,0
5862621,2023-07-15,48,4,0,0,0,203,0
5862621,2023-07-16,45,3,0,0,0,203,0
5862621,2023-07-17,41,4,0,0,0,203,0
5862621,2023-07-18,36,5,0,0,0,203,0
5862621,2023-07-19,33,3,0,0,0,203,0
5862621,2023-07-20,27,6,0,0,0,203,0
5862621,2023-07-21,25,2,0,0,0,203,0
5862621,2023-07-22,21,4,0,0,0,203,0
5862621,2023-07-23,20,1,0,0,0,203,0
5862621,2023-07-24,16,4,0,0,0,203,0
5862621,2023-07-25,201,2,0,187,0,0,0
5862621,2023-07-26,197,4,0,0,0,0,0
5862621,2023-07-27,195,2,0,0,0,0,0
5862621,2023-07-28,193,2,0,0,0,0,0
5862621,2023-07-29,188,5,0,0,0,0,0
5862621,2023-07-30,184,4,0,0,0,0,0
5862621,2023-07-31,181,3,0,0,0,0,0
5862621,2023-08-01,179,2,0,0,0,0,0
5862621,2023-08-02,178,1,0,0,0,0,0
5862621,2023-08-03,172,6,0,0,0,0,0
5862621,2023-08-04,169,3,0,0,0,0,0
5862621,2023-08-05,164,5,0,0,0,0,0
5862621,2023-08-06,159,5,0,0,0,0,0
5862621,2023-08-07,157,2,0,0,0,0,0
5862621,2023-08-08,156,1,0,0,0,0,0
5862621,2023-08-09,151,5,0,0,0,0,0
5862621,2023-08-10,149,2,0,0,0,0,0
5862621,2023-08-11,146,3,0,0,0,0,0
5862621,2023-08-12,137,9,0,0,0,0,0
5862621,2023-08-13,131,6,0,0,0,0,0
5862621,2023-08-14,127,4,0,0,0,0,0
5862621,2023-08-15,125,2,0,0,0,0,0
5862621,2023-08-16,121,4,0,0,0,0,0
5862621,2023-08-17,116,5,0,0,0,0,0
5862621,2023-08-18,114,2,0,0,0,0,0
5862621,2023-08-19,110,4,0,0,0,0,0
5862621,2023-08-20,107,3,0,0,0,0,0
5862621,2023-08-21,106,1,0,0,0,0,0
5862621,2023-08-22,102,4,0,0,0,0,0
5862621,2023-08-23,93,9,0,0,0,0,0
5862621,2023-08-24,86,7,0,0,0,0,0
5862621,2023-08-25,78,8,0,0,0,0,0
5862621,2023-08-26,74,4,0,0,0,0,0
5862621,2023-08-27,66,8,0,0,0,0,0
5862621,2023-08-28,61,5,0,0,0,0,0
5862621,2023-08-29,58,3,0,0,0,0,0
5862621,2023-08-30,53,5,0,0,0,0,0
5862621,2023-08-31,53,0,0,0,0,0,0
5862621,2023-09-01,48,5,0,0,178,178,0
5862621,2023-09-02,41,7,0,0,0,178,0
5862621,2023-09-03,31,10,0,0,0,178,0
5862621,2023-09-04,28,3,0,0,0,178,0
5862621,2023-09-05,24,4,0,0,0,178,0
5862621,2023-09-06,17,7,0,0,0,178,0
5862621,2023-09-07,9,8,0,0,0,178,0
5862621,2023-09-08,2,7,0,0,0,178,0
5862621,2023-09-09,0,5,3,0,0,178,1
5862621,2023-09-10,0,11,11,0,0,178,1
5862621,2023-09-11,0,2,2,0,0,178,1
5862621,2023-09-12,0,3,3,0,0,178,1
5862621,2023-09-13,174,4,0,178,0,0,0
5862621,2023-09-14,171,3,0,0,0,0,0
5862621,2023-09-15,167,4,0,0,0,0,0
5862621,2023-09-16,159,8,0,0,0,0,0
5862621,2023-09-17,155,4,0,0,0,0,0
5862621,2023-09-18,153,2,0,0,0,0,0
5862621,2023-09-19,145,8,0,0,0,0,0
5862621,2023-09-20,140,5,0,0,0,0,0
5862621,2023-09-21,136,4,0,0,0,0,0
5862621,2023-09-22,128,8,0,0,0,0,0
5862621,2023-09-23,118,10,0,0,0,0,0
5862621,2023-09-24,108,10,0,0,0,0,0
5862621,2023-09-25,103,5,0,0,0,0,0
5862621,2023-09-26,97,6,0,0,0,0,0
5862621,2023-09-27,93,4,0,0,0,0,0
5862621,2023-09-28,87,6,0,0,0,0,0
5862621,2023-09-29,84,3,0,0,0,0,0
5862621,2023-09-30,79,5,0,0,0,0,0
5862621,2023-10-01,71,8,0,0,0,0,0
5862621,2023-10-02,66,5,0,0,0,0,0
5862621,2023-10-03,60,6,0,0,235,235,0
5862621,2023-10-04,56,4,0,0,0,235,0
5862621,2023-10-05,54,2,0,0,0,235,0
5862621,2023-10-06,50,4,0,0,0,235,0
5862621,2023-10-07,44,6,0,0,0,235,0
5862621,2023-10-08,39,5,0,0,0,235,0
5862621,2023-10-09,34,5,0,0,0,235,0
5862621,2023-10-10,33,1,0,0,0,235,0
5862621,2023-10-11,27,6,0,0,0,235,0
5862621,2023-10-12,25,2,0,0,0,235,0
5862621,2023-10-13,21,4,0,0,0,235,0
5862621,2023-10-14,13,8,0,0,0,235,0
5862621,2023-10-15,240,8,0,235,0,0,0
5862621,2023-10-16,238,2,0,0,0,0,0
5862621,2023-10-17,235,3,0,0,0,0,0
5862621,2023-10-18,230,5,0,0,0,0,0
5862621,2023-10-19,224,6,0,0,0,0,0
5862621,2023-10-20,221,3,0,0,0,0,0
5862621,2023-10-21,220,1,0,0,0,0,0
5862621,2023-10-22,216,4,0,0,0,0,0
5862621,2023-10-23,210,6,0,0,0,0,0
5862621,2023-10-24,203,7,0,0,0,0,0
5862621,2023-10-25,197,6,0,0,0,0,0
5862621,2023-10-26,194,3,0,0,0,0,0
5862621,2023-10-27,184,10,0,0,0,0,0
5862621,2023-10-28,174,10,0,0,0,0,0
5862621,2023-10-29,168,6,0,0,0,0,0
5862621,2023-10-30,166,2,0,0,0,0,0
5862621,2023-10-31,162,4,0,0,0,0,0
5862621,2023-11-01,158,4,0,0,0,0,0
5862621,2023-11-02,154,4,0,0,0,0,0
5862621,2023-11-03,153,1,0,0,0,0,0
5862621,2023-11-04,147,6,0,0,0,0,0
5862621,2023-11-05,142,5,0,0,0,0,0
5862621,2023-11-06,140,2,0,0,0,0,0
5862621,2023-11-07,136,4,0,0,0,0,0
5862621,2023-11-08,131,5,0,0,0,0,0
5862621,2023-11-09,128,3,0,0,0,0,0
5862621,2023-11-10,124,4,0,0,0,0,0
5862621,2023-11-11,119,5,0,0,0,0,0
5862621,2023-11-12,114,5,0,0,0,0,0
5862621,2023-11-13,110,4,0,0,0,0,0
5862621,2023-11-14,105,5,0,0,0,0,0
5862621,2023-11-15,101,4,0,0,0,0,0
5862621,2023-11-16,99,2,0,0,0,0,0
5862621,2023-11-17,97,2,0,0,0,0,0
5862621,2023-11-18,95,2,0,0,0,0,0
5862621,2023-11-19,92,3,0,0,0,0,0
5862621,2023-11-20,88,4,0,0,0,0,0
5862621,2023-11-21,86,2,0,0,0,0,0
5862621,2023-11-22,80,6,0,0,0,0,0
5862621,2023-11-23,65,15,0,0,0,0,0
5862621,2023-11-24,52,13,0,0,210,210,0
5862621,2023-11-25,38,14,0,0,0,210,0
5862621,2023-11-26,20,18,0,0,0,210,0
5862621,2023-11-27,19,1,0,0,0,210,0
5862621,2023-11-28,18,1,0,0,0,210,0
5862621,2023-11-29,13,5,0,0,0,210,0
5862621,2023-11-30,13,0,0,0,0,210,0
5862621,2023-12-01,12,1,0,0,0,210,0
5862621,2023-12-02,4,8,0,0,0,210,0
5862621,2023-12-03,2,2,0,0,0,210,0
5862621,2023-12-04,2,0,0,0,0,210,0
5862621,2023-12-05,0,2,0,0,0,210,0
5862621,2023-12-06,206,4,0,210,0,0,0
5862621,2023-12-07,204,2,0,0,0,0,0
5862621,2023-12-08,199,5,0,0,0,0,0
5862621,2023-12-09,195,4,0,0,0,0,0
5862621,2023-12-10,193,2,0,0,0,0,0
5862621,2023-12-11,191,2,0,0,0,0,0
5862621,2023-12-12,188,3,0,0,0,0,0
5862621,2023-12-13,188,0,0,0,0,0,0
5862621,2023-12-14,182,6,0,0,0,0,0
5862621,2023-12-15,179,3,0,0,0,0,0
5862621,2023-12-16,169,10,0,0,0,0,0
5862621,2023-12-17,161,8,0,0,0,0,0
5862621,2023-12-18,158,3,0,0,0,0,0
5862621,2023-12-19,153,5,0,0,0,0,0
5862621,2023-12-20,151,2,0,0,0,0,0
5862621,2023-12-21,145,6,0,0,0,0,0
5862621,2023-12-22,141,4,0,0,0,0,0
5862621,2023-12-23,132,9,0,0,0,0,0
5862621,2023-12-24,130,2,0,0,0,0,0
5862621,2023-12-25,125,5,0,0,0,0,0
5862621,2023-12-26,123,2,0,0,0,0,0
5862621,2023-12-27,118,5,0,0,0,0,0
5862621,2023-12-28,115,3,0,0,0,0,0
5862621,2023-12-29,112,3,0,0,0,0,0
5862621,2023-12-30,105,7,0,0,0,0,0
5862621,2023-12-31,101,4,0,0,0,0,0
5862621,2024-01-01,100,1,0,0,0,0,0
5862621,2024-01-02,99,1,0,0,0,0,0
5862621,2024-01-03,98,1,0,0,0,0,0
5862621,2024-01-04,96,2,0,0,0,0,0
5862621,2024-01-05,96,0,0,0,0,0,0
5862621,2024-01-06,90,6,0,0,0,0,0
5862621,2024-01-07,83,7,0,0,0,0,0
5862621,2024-01-08,77,6,0,0,0,0,0
5862621,2024-01-09,72,5,0,0,0,0,0
5862621,2024-01-10,69,3,0,0,0,0,0
5862621,2024-01-11,67,2,0,0,0,0,0
5862621,2024-01-12,63,4,0,0,0,0,0
5862621,2024-01-13,56,7,0,0,200,200,0
5862621,2024-01-14,52,4,0,0,0,200,0
5862621,2024-01-15,48,4,0,0,0,200,0
5862621,2024-01-16,46,2,0,0,0,200,0
5862621,2024-01-17,42,4,0,0,0,200,0
5862621,2024-01-18,40,2,0,0,0,200,0
5862621,2024-01-19,36,4,0,0,0,200,0
5862621,2024-01-20,30,6,0,0,0,200,0
5862621,2024-01-21,23,7,0,0,0,200,0
5862621,2024-01-22,20,3,0,0,0,200,0
5862621,2024-01-23,12,8,0,0,0,200,0
5862621,2024-01-24,9,3,0,0,0,200,0
5862621,2024-01-25,206,3,0,200,0,0,0
5862621,2024-01-26,197,9,0,0,0,0,0
5862621,2024-01-27,193,4,0,0,0,0,0
5862621,2024-01-28,187,6,0,0,0,0,0
5862621,2024-01-29,181,6,0,0,0,0,0
5862621,2024-01-30,175,6,0,0,0,0,0
5862621,2024-01-31,168,7,0,0,0,0,0
5862621,2024-02-01,157,11,0,0,0,0,0
5862621,2024-02-02,151,6,0,0,0,0,0
5862621,2024-02-03,149,2,0,0,0,0,0
5862621,2024-02-04,141,8,0,0,0,0,0
5862621,2024-02-05,136,5,0,0,0,0,0
5862621,2024-02-06,134,2,0,0,0,0,0
5862621,2024-02-07,131,3,0,0,0,0,0
5862621,2024-02-08,126,5,0,0,0,0,0
5862621,2024-02-09,121,5,0,0,0,0,0
5862621,2024-02-10,114,7,0,0,0,0,0
5862621,2024-02-11,107,7,0,0,0,0,0
5862621,2024-02-12,99,8,0,0,0,0,0
5862621,2024-02-13,91,8,0,0,0,0,0
5862621,2024-02-14,85,6,0,0,0,0,0
5862621,2024-02-15,76,9,0,0,0,0,0
5862621,2024-02-16,71,5,0,0,0,0,0
5862621,2024-02-17,60,11,0,0,220,220,0
5862621,2024-02-18,52,8,0,0,0,220,0
5862621,2024-02-19,49,3,0,0,0,220,0
5862621,2024-02-20,46,3,0,0,0,220,0
5862621,2024-02-21,41,5,0,0,0,220,0
5862621,2024-02-22,39,2,0,0,0,220,0
5862621,2024-02-23,33,6,0,0,0,220,0
5862621,2024-02-24,28,5,0,0,0,220,0
5862621,2024-02-25,22,6,0,0,0,220,0
5862621,2024-02-26,20,2,0,0,0,220,0
5862621,2024-02-27,16,4,0,0,0,220,0
5862621,2024-02-28,12,4,0,0,0,220,0
5862621,2024-02-29,9,3,0,0,0,220,0
7201529,2022-03-01,78,1,0,0,0,0,0
7201529,2022-03-02,78,0,0,0,0,0,0
7201529,2022-03-03,76,2,0,0,0,0,0
7201529,2022-03-04,74,2,0,0,0,0,0
7201529,2022-03-05,71,3,0,0,0,0,0
7201529,2022-03-06,69,2,0,0,0,0,0
7201529,2022-03-07,69,0,0,0,0,0,0
7201529,2022-03-08,67,2,0,0,0,0,0
7201529,2022-03-09,65,2,0,0,0,0,0
7201529,2022-03-10,64,1,0,0,0,0,0
7201529,2022-03-11,63,1,0,0,0,0,0
7201529,2022-03-12,63,0,0,0,0,0,0
7201529,2022-03-13,63,0,0,0,0,0,0
7201529,2022-03-14,63,0,0,0,0,0,0
7201529,2022-03-15,63,0,0,0,0,0,0
7201529,2022-03-16,60,3,0,0,0,0,0
7201529,2022-03-17,58,2,0,0,0,0,0
7201529,2022-03-18,54,4,0,0,0,0,0
7201529,2022-03-19,53,1,0,0,0,0,0
7201529,2022-03-20,51,2,0,0,0,0,0
7201529,2022-03-21,48,3,0,0,0,0,0
7201529,2022-03-22,47,1,0,0,0,0,0
7201529,2022-03-23,45,2,0,0,0,0,0
7201529,2022-03-24,43,2,0,0,0,0,0
7201529,2022-03-25,40,3,0,0,0,0,0
7201529,2022-03-26,38,2,0,0,0,0,0
7201529,2022-03-27,35,3,0,0,74,74,0
7201529,2022-03-28,33,2,0,0,0,74,0
7201529,2022-03-29,30,3,0,0,0,74,0
7201529,2022-03-30,25,5,0,0,0,74,0
7201529,2022-03-31,24,1,0,0,0,74,0
7201529,2022-04-01,22,2,0,0,0,74,0
7201529,2022-04-02,18,4,0,0,0,74,0
7201529,2022-04-03,15,3,0,0,0,74,0
7201529,2022-04-04,13,2,0,0,0,74,0
7201529,2022-04-05,12,1,0,0,0,74,0
7201529,2022-04-06,12,0,0,0,0,74,0
7201529,2022-04-07,11,1,0,0,0,74,0
7201529,2022-04-08,5,6,0,0,0,74,0
7201529,2022-04-09,4,1,0,0,0,74,0
7201529,2022-04-10,2,2,0,0,0,74,0
7201529,2022-04-11,0,3,1,0,0,74,1
7201529,2022-04-12,0,3,3,0,0,74,1
7201529,2022-04-13,0,1,1,0,0,74,1
7201529,2022-04-14,0,3,3,0,0,74,1
7201529,2022-04-15,0,1,1,0,0,74,1
7201529,2022-04-16,0,2,2,0,0,74,1
7201529,2022-04-17,71,3,0,74,0,0,0
7201529,2022-04-18,68,3,0,0,0,0,0
7201529,2022-04-19,67,1,0,0,0,0,0
7201529,2022-04-20,64,3,0,0,0,0,0
7201529,2022-04-21,64,0,0,0,0,0,0
7201529,2022-04-22,59,5,0,0,0,0,0
7201529,2022-04-23,57,2,0,0,0,0,0
7201529,2022-04-24,57,0,0,0,0,0,0
7201529,2022-04-25,55,2,0,0,0,0,0
7201529,2022-04-26,53,2,0,0,0,0,0
7201529,2022-04-27,51,2,0,0,0,0,0
7201529,2022-04-28,50,1,0,0,0,0,0
7201529,2022-04-29,50,0,0,0,0,0,0
7201529,2022-04-30,47,3,0,0,0,0,0
7201529,2022-05-01,46,1,0,0,0,0,0
7201529,2022-05-02,44,2,0,0,90,90,0
7201529,2022-05-03,42,2,0,0,0,90,0
7201529,2022-05-04,38,4,0,0,0,90,0
7201529,2022-05-05,37,1,0,0,0,90,0
7201529,2022-05-06,34,3,0,0,0,90,0
7201529,2022-05-07,30,4,0,0,0,90,0
7201529,2022-05-08,28,2,0,0,0,90,0
7201529,2022-05-09,26,2,0,0,0,90,0
7201529,2022-05-10,25,1,0,0,0,90,0
7201529,2022-05-11,23,2,0,0,0,90,0
7201529,2022-05-12,22,1,0,0,0,90,0
7201529,2022-05-13,18,4,0,0,0,90,0
7201529,2022-05-14,11,7,0,0,0,90,0
7201529,2022-05-15,7,4,0,0,0,90,0
7201529,2022-05-16,6,1,0,0,0,90,0
7201529,2022-05-17,2,4,0,0,0,90,0
7201529,2022-05-18,0,4,2,0,0,90,1
7201529,2022-05-19,0,2,2,0,0,90,1
7201529,2022-05-20,0,2,2,0,0,90,1
7201529,2022-05-21,0,4,4,0,0,90,1
7201529,2022-05-22,0,4,4,0,0,90,1
7201529,2022-05-23,0,2,2,0,0,90,1
7201529,2022-05-24,0,2,2,0,0,90,1
7201529,2022-05-25,0,3,3,0,0,90,1
7201529,2022-05-26,0,5,5,0,0,90,1
7201529,2022-05-27,0,1,1,0,0,90,1
7201529,2022-05-28,0,2,2,0,0,90,1
7201529,2022-05-29,0,3,3,0,0,90,1
7201529,2022-05-30,0,0,0,0,0,90,0
7201529,2022-05-31,0,1,1,0,0,90,1
7201529,2022-06-01,88,2,0,90,0,0,0
7201529,2022-06-02,88,0,0,0,0,0,0
7201529,2022-06-03,88,0,0,0,0,0,0
7201529,2022-06-04,83,5,0,0,0,0,0
7201529,2022-06-05,79,4,0,0,0,0,0
7201529,2022-06-06,77,2,0,0,0,0,0
7201529,2022-06-07,74,3,0,0,0,0,0
7201529,2022-06-08,70,4,0,0,0,0,0
7201529,2022-06-09,67,3,0,0,0,0,0
7201529,2022-06-10,66,1,0,0,0,0,0
7201529,2022-06-11,63,3,0,0,0,0,0
7201529,2022-06-12,57,6,0,0,0,0,0
7201529,2022-06-13,56,1,0,0,0,0,0
7201529,2022-06-14,56,0,0,0,0,0,0
7201529,2022-06-15,52,4,0,0,111,111,0
7201529,2022-06-16,50,2,0,0,0,111,0
7201529,2022-06-17,47,3,0,0,0,111,0
7201529,2022-06-18,46,1,0,0,0,111,0
7201529,2022-06-19,43,3,0,0,0,111,0
7201529,2022-06-20,41,2,0,0,0,111,0
7201529,2022-06-21,38,3,0,0,0,111,0
7201529,2022-06-22,36,2,0,0,0,111,0
7201529,2022-06-23,33,3,0,0,0,111,0
7201529,2022-06-24,29,4,0,0,0,111,0
7201529,2022-06-25,29,0,0,0,0,111,0
7201529,2022-06-26,23,6,0,0,0,111,0
7201529,2022-06-27,22,1,0,0,0,111,0
7201529,2022-06-28,20,2,0,0,0,111,0
7201529,2022-06-29,17,3,0,0,0,111,0
7201529,2022-06-30,15,2,0,0,0,111,0
7201529,2022-07-01,13,2,0,0,0,111,0
7201529,2022-07-02,10,3,0,0,0,111,0
7201529,2022-07-03,6,4,0,0,0,111,0
7201529,2022-07-04,1,5,0,0,0,111,0
7201529,2022-07-05,0,1,0,0,0,111,0
7201529,2022-07-06,110,1,0,111,0,0,0
7201529,2022-07-07,109,1,0,0,0,0,0
7201529,2022-07-08,108,1,0,0,0,0,0
7201529,2022-07-09,105,3,0,0,0,0,0
7201529,2022-07-10,103,2,0,0,0,0,0
7201529,2022-07-11,100,3,0,0,0,0,0
7201529,2022-07-12,98,2,0,0,0,0,0
7201529,2022-07-13,93,5,0,0,0,0,0
7201529,2022-07-14,91,2,0,0,0,0,0
7201529,2022-07-15,89,2,0,0,0,0,0
7201529,2022-07-16,84,5,0,0,0,0,0
7201529,2022-07-17,82,2,0,0,0,0,0
7201529,2022-07-18,81,1,0,0,0,0,0
7201529,2022-07-19,81,0,0,0,0,0,0
7201529,2022-07-20,80,1,0,0,0,0,0
7201529,2022-07-21,79,1,0,0,0,0,0
7201529,2022-07-22,79,0,0,0,0,0,0
7201529,2022-07-23,76,3,0,0,0,0,0
7201529,2022-07-24,71,5,0,0,0,0,0
7201529,2022-07-25,69,2,0,0,0,0,0
7201529,2022-07-26,66,3,0,0,0,0,0
7201529,2022-07-27,66,0,0,0,0,0,0
7201529,2022-07-28,64,2,0,0,0,0,0
7201529,2022-07-29,64,0,0,0,0,0,0
7201529,2022-07-30,63,1,0,0,0,0,0
7201529,2022-07-31,61,2,0,0,0,0,0
7201529,2022-08-01,59,2,0,0,0,0,0
7201529,2022-08-02,59,0,0,0,0,0,0
7201529,2022-08-03,59,0,0,0,0,0,0
7201529,2022-08-04,58,1,0,0,0,0,0
7201529,2022-08-05,52,6,0,0,0,0,0
7201529,2022-08-06,51,1,0,0,104,104,0
7201529,2022-08-07,50,1,0,0,0,104,0
7201529,2022-08-08,49,1,0,0,0,104,0
7201529,2022-08-09,49,0,0,0,0,104,0
7201529,2022-08-10,46,3,0,0,0,104,0
7201529,2022-08-11,42,4,0,0,0,104,0
7201529,2022-08-12,41,1,0,0,0,104,0
7201529,2022-08-13,40,1,0,0,0,104,0
7201529,2022-08-14,38,2,0,0,0,104,0
7201529,2022-08-15,35,3,0,0,0,104,0
7201529,2022-08-16,34,1,0,0,0,104,0
7201529,2022-08-17,29,5,0,0,0,104,0
7201529,2022-08-18,26,3,0,0,0,104,0
7201529,2022-08-19,26,0,0,0,0,104,0
7201529,2022-08-20,25,1,0,0,0,104,0
7201529,2022-08-21,21,4,0,0,0,104,0
7201529,2022-08-22,17,4,0,0,0,104,0
7201529,2022-08-23,14,3,0,0,0,104,0
7201529,2022-08-24,11,3,0,0,0,104,0
7201529,2022-08-25,10,1,0,0,0,104,0
7201529,2022-08-26,8,2,0,0,0,104,0
7201529,2022-08-27,109,3,0,104,0,0,0
7201529,2022-08-28,104,5,0,0,0,0,0
7201529,2022-08-29,103,1,0,0,0,0,0
7201529,2022-08-30,102,1,0,0,0,0,0
7201529,2022-08-31,101,1,0,0,0,0,0
7201529,2022-09-01,100,1,0,0,0,0,0
7201529,2022-09-02,98,2,0,0,0,0,0
7201529,2022-09-03,93,5,0,0,0,0,0
7201529,2022-09-04,92,1,0,0,0,0,0
7201529,2022-09-05,87,5,0,0,0,0,0
7201529,2022-09-06,87,0,0,0,0,0,0
7201529,2022-09-07,83,4,0,0,0,0,0
7201529,2022-09-08,79,4,0,0,0,0,0
7201529,2022-09-09,75,4,0,0,0,0,0
7201529,2022-09-10,74,1,0,0,0,0,0
7201529,2022-09-11,73,1,0,0,0,0,0
7201529,2022-09-12,73,0,0,0,0,0,0
7201529,2022-09-13,71,2,0,0,0,0,0
7201529,2022-09-14,69,2,0,0,0,0,0
7201529,2022-09-15,67,2,0,0,0,0,0
7201529,2022-09-16,65,2,0,0,0,0,0
7201529,2022-09-17,64,1,0,0,0,0,0
7201529,2022-09-18,62,2,0,0,0,0,0
7201529,2022-09-19,61,1,0,0,0,0,0
7201529,2022-09-20,58,3,0,0,0,0,0
7201529,2022-09-21,57,1,0,0,0,0,0
7201529,2022-09-22,57,0,0,0,0,0,0
7201529,2022-09-23,56,1,0,0,0,0,0
7201529,2022-09-24,55,1,0,0,0,0,0
7201529,2022-09-25,52,3,0,0,0,0,0
7201529,2022-09-26,50,2,0,0,0,0,0
7201529,2022-09-27,47,3,0,0,0,0,0
7201529,2022-09-28,46,1,0,0,97,97,0
7201529,2022-09-29,42,4,0,0,0,97,0
7201529,2022-09-30,41,1,0,0,0,97,0
7201529,2022-10-01,38,3,0,0,0,97,0
7201529,2022-10-02,35,3,0,0,0,97,0
7201529,2022-10-03,32,3,0,0,0,97,0
7201529,2022-10-04,31,1,0,0,0,97,0
7201529,2022-10-05,29,2,0,0,0,97,0
7201529,2022-10-06,25,4,0,0,0,97,0
7201529,2022-10-07,23,2,0,0,0,97,0
7201529,2022-10-08,20,3,0,0,0,97,0
7201529,2022-10-09,14,6,0,0,0,97,0
7201529,2022-10-10,12,2,0,0,0,97,0
7201529,2022-10-11,12,0,0,0,0,97,0
7201529,2022-10-12,10,2,0,0,0,97,0
7201529,2022-10-13,5,5,0,0,0,97,0
7201529,2022-10-14,1,4,0,0,0,97,0
7201529,2022-10-15,0,4,3,0,0,97,1
7201529,2022-10-16,0,2,2,0,0,97,1
7201529,2022-10-17,0,3,3,0,0,97,1
7201529,2022-10-18,0,0,0,0,0,97,0
7201529,2022-10-19,93,4,0,97,0,0,0
7201529,2022-10-20,90,3,0,0,0,0,0
7201529,2022-10-21,87,3,0,0,0,0,0
7201529,2022-10-22,84,3,0,0,0,0,0
7201529,2022-10-23,81,3,0,0,0,0,0
7201529,2022-10-24,78,3,0,0,0,0,0
7201529,2022-10-25,77,1,0,0,0,0,0
7201529,2022-10-26,73,4,0,0,0,0,0
7201529,2022-10-27,72,1,0,0,0,0,0
7201529,2022-10-28,69,3,0,0,0,0,0
7201529,2022-10-29,68,1,0,0,0,0,0
7201529,2022-10-30,66,2,0,0,0,0,0
7201529,2022-10-31,65,1,0,0,0,0,0
7201529,2022-11-01,63,2,0,0,0,0,0
7201529,2022-11-02,61,2,0,0,0,0,0
7201529,2022-11-03,61,0,0,0,0,0,0
7201529,2022-11-04,57,4,0,0,0,0,0
7201529,2022-11-05,56,1,0,0,0,0,0
7201529,2022-11-06,54,2,0,0,0,0,0
7201529,2022-11-07,51,3,0,0,0,0,0
7201529,2022-11-08,49,2,0,0,106,106,0
7201529,2022-11-09,47,2,0,0,0,106,0
7201529,2022-11-10,46,1,0,0,0,106,0
7201529,2022-11-11,45,1,0,0,0,106,0
7201529,2022-11-12,44,1,0,0,0,106,0
7201529,2022-11-13,42,2,0,0,0,106,0
7201529,2022-11-14,42,0,0,0,0,106,0
7201529,2022-11-15,41,1,0,0,0,106,0
7201529,2022-11-16,38,3,0,0,0,106,0
7201529,2022-11-17,35,3,0,0,0,106,0
7201529,2022-11-18,34,1,0,0,0,106,0
7201529,2022-11-19,33,1,0,0,0,106,0
7201529,2022-11-20,32,1,0,0,0,106,0
7201529,2022-11-21,30,2,0,0,0,106,0
7201529,2022-11-22,28,2,0,0,0,106,0
7201529,2022-11-23,26,2,0,0,0,106,0
7201529,2022-11-24,23,3,0,0,0,106,0
7201529,2022-11-25,15,8,0,0,0,106,0
7201529,2022-11-26,8,7,0,0,0,106,0
7201529,2022-11-27,0,8,0,0,0,106,0
7201529,2022-11-28,0,3,3,0,0,106,1
7201529,2022-11-29,0,5,5,0,0,106,1
7201529,2022-11-30,0,1,1,0,0,106,1
7201529,2022-12-01,0,3,3,0,0,106,1
7201529,2022-12-02,0,2,2,0,0,106,1
7201529,2022-12-03,0,1,1,0,0,106,1
7201529,2022-12-04,0,0,0,0,0,106,0
7201529,2022-12-05,105,1,0,106,0,0,0
7201529,2022-12-06,104,1,0,0,0,0,0
7201529,2022-12-07,104,0,0,0,0,0,0
7201529,2022-12-08,102,2,0,0,0,0,0
7201529,2022-12-09,98,4,0,0,0,0,0
7201529,2022-12-10,94,4,0,0,0,0,0
7201529,2022-12-11,91,3,0,0,0,0,0
7201529,2022-12-12,89,2,0,0,0,0,0
7201529,2022-12-13,86,3,0,0,0,0,0
7201529,2022-12-14,84,2,0,0,0,0,0
7201529,2022-12-15,83,1,0,0,0,0,0
7201529,2022-12-16,77,6,0,0,0,0,0
7201529,2022-12-17,73,4,0,0,0,0,0
7201529,2022-12-18,72,1,0,0,0,0,0
7201529,2022-12-19,68,4,0,0,0,0,0
7201529,2022-12-20,68,0,0,0,0,0,0
7201529,2022-12-21,62,6,0,0,0,0,0
7201529,2022-12-22,59,3,0,0,0,0,0
7201529,2022-12-23,59,0,0,0,0,0,0
7201529,2022-12-24,57,2,0,0,0,0,0
7201529,2022-12-25,55,2,0,0,0,0,0
7201529,2022-12-26,51,4,0,0,110,110,0
7201529,2022-12-27,49,2,0,0,0,110,0
7201529,2022-12-28,48,1,0,0,0,110,0
7201529,2022-12-29,47,1,0,0,0,110,0
7201529,2022-12-30,46,1,0,0,0,110,0
7201529,2022-12-31,45,1,0,0,0,110,0
7201529,2023-01-01,44,1,0,0,0,110,0
7201529,2023-01-02,44,0,0,0,0,110,0
7201529,2023-01-03,43,1,0,0,0,110,0
7201529,2023-01-04,43,0,0,0,0,110,0
7201529,2023-01-05,43,0,0,0,0,110,0
7201529,2023-01-06,43,0,0,0,0,110,0
7201529,2023-01-07,40,3,0,0,0,110,0
7201529,2023-01-08,32,8,0,0,0,110,0
7201529,2023-01-09,31,1,0,0,0,110,0
7201529,2023-01-10,31,0,0,0,0,110,0
7201529,2023-01-11,28,3,0,0,0,110,0
7201529,2023-01-12,25,3,0,0,0,110,0
7201529,2023-01-13,23,2,0,0,0,110,0
7201529,2023-01-14,22,1,0,0,0,110,0
7201529,2023-01-15,21,1,0,0,0,110,0
7201529,2023-01-16,126,5,0,110,0,0,0
7201529,2023-01-17,124,2,0,0,0,0,0
7201529,2023-01-18,123,1,0,0,0,0,0
7201529,2023-01-19,120,3,0,0,0,0,0
7201529,2023-01-20,119,1,0,0,0,0,0
7201529,2023-01-21,115,4,0,0,0,0,0
7201529,2023-01-22,114,1,0,0,0,0,0
7201529,2023-01-23,111,3,0,0,0,0,0
7201529,2023-01-24,107,4,0,0,0,0,0
7201529,2023-01-25,103,4,0,0,0,0,0
7201529,2023-01-26,102,1,0,0,0,0,0
7201529,2023-01-27,100,2,0,0,0,0,0
7201529,2023-01-28,99,1,0,0,0,0,0
7201529,2023-01-29,97,2,0,0,0,0,0
7201529,2023-01-30,95,2,0,0,0,0,0
7201529,2023-01-31,92,3,0,0,0,0,0
7201529,2023-02-01,91,1,0,0,0,0,0
7201529,2023-02-02,88,3,0,0,0,0,0
7201529,2023-02-03,84,4,0,0,0,0,0
7201529,2023-02-04,80,4,0,0,0,0,0
7201529,2023-02-05,76,4,0,0,0,0,0
7201529,2023-02-06,73,3,0,0,0,0,0
7201529,2023-02-07,72,1,0,0,0,0,0
7201529,2023-02-08,69,3,0,0,0,0,0
7201529,2023-02-09,66,3,0,0,0,0,0
7201529,2023-02-10,61,5,0,0,0,0,0
7201529,2023-02-11,59,2,0,0,0,0,0
7201529,2023-02-12,57,2,0,0,0,0,0
7201529,2023-02-13,55,2,0,0,0,0,0
7201529,2023-02-14,52,3,0,0,0,0,0
7201529,2023-02-15,52,0,0,0,0,0,0
7201529,2023-02-16,52,0,0,0,0,0,0
7201529,2023-02-17,49,3,0,0,0,0,0
7201529,2023-02-18,44,5,0,0,100,100,0
7201529,2023-02-19,39,5,0,0,0,100,0
7201529,2023-02-20,38,1,0,0,0,100,0
7201529,2023-02-21,36,2,0,0,0,100,0
7201529,2023-02-22,34,2,0,0,0,100,0
7201529,2023-02-23,34,0,0,0,0,100,0
7201529,2023-02-24,32,2,0,0,0,100,0
7201529,2023-02-25,29,3,0,0,0,100,0
7201529,2023-02-26,25,4,0,0,0,100,0
7201529,2023-02-27,25,0,0,0,0,100,0
7201529,2023-02-28,22,3,0,0,0,100,0
7201529,2023-03-01,21,1,0,0,0,100,0
7201529,2023-03-02,17,4,0,0,0,100,0
7201529,2023-03-03,14,3,0,0,0,100,0
7201529,2023-03-04,11,3,0,0,0,100,0
7201529,2023-03-05,8,3,0,0,0,100,0
7201529,2023-03-06,8,0,0,0,0,100,0
7201529,2023-03-07,7,1,0,0,0,100,0
7201529,2023-03-08,5,2,0,0,0,100,0
7201529,2023-03-09,0,5,0,0,0,100,0
7201529,2023-03-10,0,2,2,0,0,100,1
7201529,2023-03-11,97,3,0,100,0,0,0
7201529,2023-03-12,95,2,0,0,0,0,0
7201529,2023-03-13,93,2,0,0,0,0,0
7201529,2023-03-14,90,3,0,0,0,0,0
7201529,2023-03-15,87,3,0,0,0,0,0
7201529,2023-03-16,83,4,0,0,0,0,0
7201529,2023-03-17,82,1,0,0,0,0,0
7201529,2023-03-18,77,5,0,0,0,0,0
7201529,2023-03-19,72,5,0,0,0,0,0
7201529,2023-03-20,72,0,0,0,0,0,0
7201529,2023-03-21,71,1,0,0,0,0,0
7201529,2023-03-22,68,3,0,0,0,0,0
7201529,2023-03-23,65,3,0,0,0,0,0
7201529,2023-03-24,64,1,0,0,0,0,0
7201529,2023-03-25,64,0,0,0,0,0,0
7201529,2023-03-26,61,3,0,0,0,0,0
7201529,2023-03-27,59,2,0,0,0,0,0
7201529,2023-03-28,57,2,0,0,0,0,0
7201529,2023-03-29,56,1,0,0,0,0,0
7201529,2023-03-30,53,3,0,0,114,114,0
7201529,2023-03-31,49,4,0,0,0,114,0
7201529,2023-04-01,44,5,0,0,0,114,0
7201529,2023-04-02,42,2,0,0,0,114,0
7201529,2023-04-03,36,6,0,0,0,114,0
7201529,2023-04-04,35,1,0,0,0,114,0
7201529,2023-04-05,33,2,0,0,0,114,0
7201529,2023-04-06,31,2,0,0,0,114,0
7201529,2023-04-07,26,5,0,0,0,114,0
7201529,2023-04-08,21,5,0,0,0,114,0
7201529,2023-04-09,15,6,0,0,0,114,0
7201529,2023-04-10,14,1,0,0,0,114,0
7201529,2023-04-11,11,3,0,0,0,114,0
7201529,2023-04-12,10,1,0,0,0,114,0
7201529,2023-04-13,7,3,0,0,0,114,0
7201529,2023-04-14,4,3,0,0,0,114,0
7201529,2023-04-15,3,1,0,0,0,114,0
7201529,2023-04-16,1,2,0,0,0,114,0
7201529,2023-04-17,0,2,1,0,0,114,1
7201529,2023-04-18,0,2,2,0,0,114,1
7201529,2023-04-19,0,4,4,0,0,114,1
7201529,2023-04-20,0,5,5,0,0,114,1
7201529,2023-04-21,111,3,0,114,0,0,0
7201529,2023-04-22,107,4,0,0,0,0,0
7201529,2023-04-23,105,2,0,0,0,0,0
7201529,2023-04-24,101,4,0,0,0,0,0
7201529,2023-04-25,100,1,0,0,0,0,0
7201529,2023-04-26,96,4,0,0,0,0,0
7201529,2023-04-27,94,2,0,0,0,0,0
7201529,2023-04-28,93,1,0,0,0,0,0
7201529,2023-04-29,87,6,0,0,0,0,0
7201529,2023-04-30,86,1,0,0,0,0,0
7201529,2023-05-01,84,2,0,0,0,0,0
7201529,2023-05-02,83,1,0,0,0,0,0
7201529,2023-05-03,79,4,0,0,0,0,0
7201529,2023-05-04,76,3,0,0,0,0,0
7201529,2023-05-05,73,3,0,0,0,0,0
7201529,2023-05-06,70,3,0,0,0,0,0
7201529,2023-05-07,65,5,0,0,0,0,0
7201529,2023-05-08,61,4,0,0,129,129,0
7201529,2023-05-09,58,3,0,0,0,129,0
7201529,2023-05-10,56,2,0,0,0,129,0
7201529,2023-05-11,54,2,0,0,0,129,0
7201529,2023-05-12,50,4,0,0,0,129,0
7201529,2023-05-13,47,3,0,0,0,129,0
7201529,2023-05-14,43,4,0,0,0,129,0
7201529,2023-05-15,43,0,0,0,0,129,0
7201529,2023-05-16,43,0,0,0,0,129,0
7201529,2023-05-17,41,2,0,0,0,129,0
7201529,2023-05-18,38,3,0,0,0,129,0
7201529,2023-05-19,35,3,0,0,0,129,0
7201529,2023-05-20,32,3,0,0,0,129,0
7201529,2023-05-21,26,6,0,0,0,129,0
7201529,2023-05-22,22,4,0,0,0,129,0
7201529,2023-05-23,19,3,0,0,0,129,0
7201529,2023-05-24,18,1,0,0,0,129,0
7201529,2023-05-25,15,3,0,0,0,129,0
7201529,2023-05-26,12,3,0,0,0,129,0
7201529,2023-05-27,6,6,0,0,0,129,0
7201529,2023-05-28,6,0,0,0,0,129,0
7201529,2023-05-29,2,4,0,0,0,129,0
7201529,2023-05-30,127,4,0,129,0,0,0
7201529,2023-05-31,127,0,0,0,0,0,0
7201529,2023-06-01,126,1,0,0,0,0,0
7201529,2023-06-02,125,1,0,0,0,0,0
7201529,2023-06-03,121,4,0,0,0,0,0
7201529,2023-06-04,117,4,0,0,0,0,0
7201529,2023-06-05,116,1,0,0,0,0,0
7201529,2023-06-06,112,4,0,0,0,0,0
7201529,2023-06-07,110,2,0,0,0,0,0
7201529,2023-06-08,106,4,0,0,0,0,0
7201529,2023-06-09,103,3,0,0,0,0,0
7201529,2023-06-10,102,1,0,0,0,0,0
7201529,2023-06-11,100,2,0,0,0,0,0
7201529,2023-06-12,99,1,0,0,0,0,0
7201529,2023-06-13,98,1,0,0,0,0,0
7201529,2023-06-14,95,3,0,0,0,0,0
7201529,2023-06-15,92,3,0,0,0,0,0
7201529,2023-06-16,88,4,0,0,0,0,0
7201529,2023-06-17,85,3,0,0,0,0,0
7201529,2023-06-18,79,6,0,0,0,0,0
7201529,2023-06-19,77,2,0,0,0,0,0
7201529,2023-06-20,73,4,0,0,0,0,0
7201529,2023-06-21,71,2,0,0,0,0,0
7201529,2023-06-22,66,5,0,0,0,0,0
7201529,2023-06-23,60,6,0,0,130,130,0
7201529,2023-06-24,53,7,0,0,0,130,0
7201529,2023-06-25,52,1,0,0,0,130,0
7201529,2023-06-26,51,1,0,0,0,130,0
7201529,2023-06-27,47,4,0,0,0,130,0
7201529,2023-06-28,45,2,0,0,0,130,0
7201529,2023-06-29,44,1,0,0,0,130,0
7201529,2023-06-30,38,6,0,0,0,130,0
7201529,2023-07-01,36,2,0,0,0,130,0
7201529,2023-07-02,32,4,0,0,0,130,0
7201529,2023-07-03,28,4,0,0,0,130,0
7201529,2023-07-04,25,3,0,0,0,130,0
7201529,2023-07-05,23,2,0,0,0,130,0
7201529,2023-07-06,22,1,0,0,0,130,0
7201529,2023-07-07,20,2,0,0,0,130,0
7201529,2023-07-08,18,2,0,0,0,130,0
7201529,2023-07-09,17,1,0,0,0,130,0
7201529,2023-07-10,16,1,0,0,0,130,0
7201529,2023-07-11,14,2,0,0,0,130,0
7201529,2023-07-12,11,3,0,0,0,130,0
7201529,2023-07-13,7,4,0,0,0,130,0
7201529,2023-07-14,7,0,0,0,0,130,0
7201529,2023-07-15,3,4,0,0,0,130,0
7201529,2023-07-16,114,3,0,114,0,0,0
7201529,2023-07-17,111,3,0,0,0,0,0
7201529,2023-07-18,107,4,0,0,0,0,0
7201529,2023-07-19,105,2,0,0,0,0,0
7201529,2023-07-20,103,2,0,0,0,0,0
7201529,2023-07-21,100,3,0,0,0,0,0
7201529,2023-07-22,96,4,0,0,0,0,0
7201529,2023-07-23,92,4,0,0,0,0,0
7201529,2023-07-24,92,0,0,0,0,0,0
7201529,2023-07-25,92,0,0,0,0,0,0
7201529,2023-07-26,91,1,0,0,0,0,0
7201529,2023-07-27,87,4,0,0,0,0,0
7201529,2023-07-28,85,2,0,0,0,0,0
7201529,2023-07-29,77,8,0,0,0,0,0
7201529,2023-07-30,75,2,0,0,0,0,0
7201529,2023-07-31,74,1,0,0,0,0,0
7201529,2023-08-01,70,4,0,0,0,0,0
7201529,2023-08-02,66,4,0,0,0,0,0
7201529,2023-08-03,64,2,0,0,0,0,0
7201529,2023-08-04,62,2,0,0,129,129,0
7201529,2023-08-05,59,3,0,0,0,129,0
7201529,2023-08-06,58,1,0,0,0,129,0
7201529,2023-08-07,55,3,0,0,0,129,0
7201529,2023-08-08,53,2,0,0,0,129,0
7201529,2023-08-09,53,0,0,0,0,129,0
7201529,2023-08-10,51,2,0,0,0,129,0
7201529,2023-08-11,50,1,0,0,0,129,0
7201529,2023-08-12,47,3,0,0,0,129,0
7201529,2023-08-13,45,2,0,0,0,129,0
7201529,2023-08-14,43,2,0,0,0,129,0
7201529,2023-08-15,41,2,0,0,0,129,0
7201529,2023-08-16,40,1,0,0,0,129,0
7201529,2023-08-17,40,0,0,0,0,129,0
7201529,2023-08-18,38,2,0,0,0,129,0
7201529,2023-08-19,35,3,0,0,0,129,0
7201529,2023-08-20,31,4,0,0,0,129,0
7201529,2023-08-21,27,4,0,0,0,129,0
7201529,2023-08-22,25,2,0,0,0,129,0
7201529,2023-08-23,22,3,0,0,0,129,0
7201529,2023-08-24,19,3,0,0,0,129,0
7201529,2023-08-25,18,1,0,0,0,129,0
7201529,2023-08-26,17,1,0,0,0,129,0
7201529,2023-08-27,15,2,0,0,0,129,0
7201529,2023-08-28,14,1,0,0,0,129,0
7201529,2023-08-29,141,2,0,129,0,0,0
7201529,2023-08-30,140,1,0,0,0,0,0
7201529,2023-08-31,138,2,0,0,0,0,0
7201529,2023-09-01,133,5,0,0,0,0,0
7201529,2023-09-02,131,2,0,0,0,0,0
7201529,2023-09-03,129,2,0,0,0,0,0
7201529,2023-09-04,127,2,0,0,0,0,0
7201529,2023-09-05,125,2,0,0,0,0,0
7201529,2023-09-06,122,3,0,0,0,0,0
7201529,2023-09-07,119,3,0,0,0,0,0
7201529,2023-09-08,116,3,0,0,0,0,0
7201529,2023-09-09,110,6,0,0,0,0,0
7201529,2023-09-10,108,2,0,0,0,0,0
7201529,2023-09-11,107,1,0,0,0,0,0
7201529,2023-09-12,105,2,0,0,0,0,0
7201529,2023-09-13,103,2,0,0,0,0,0
7201529,2023-09-14,101,2,0,0,0,0,0
7201529,2023-09-15,98,3,0,0,0,0,0
7201529,2023-09-16,94,4,0,0,0,0,0
7201529,2023-09-17,93,1,0,0,0,0,0
7201529,2023-09-18,92,1,0,0,0,0,0
7201529,2023-09-19,88,4,0,0,0,0,0
7201529,2023-09-20,86,2,0,0,0,0,0
7201529,2023-09-21,85,1,0,0,0,0,0
7201529,2023-09-22,84,1,0,0,0,0,0
7201529,2023-09-23,80,4,0,0,0,0,0
7201529,2023-09-23,80,4,0,0,0,0,0
7201529,2023-09-24,78,2,0,0,0,0,0
7201529,2023-09-25,75,3,0,0,0,0,0
7201529,2023-09-26,72,3,0,0,0,0,0
7201529,2023-09-27,69,3,0,0,0,0,0
7201529,2023-09-28,67,2,0,0,0,0,0
7201529,2023-09-29,65,2,0,0,0,0,0
7201529,2023-09-30,62,3,0,0,0,0,0
7201529,2023-10-01,58,4,0,0,0,0,0
7201529,2023-10-02,55,3,0,0,0,0,0
7201529,2023-10-03,54,1,0,0,0,0,0
7201529,2023-10-04,51,3,0,0,106,106,0
7201529,2023-10-05,49,2,0,0,0,106,0
7201529,2023-10-06,48,1,0,0,0,106,0
7201529,2023-10-07,46,2,0,0,0,106,0
7201529,2023-10-08,42,4,0,0,0,106,0
7201529,2023-10-09,42,0,0,0,0,106,0
7201529,2023-10-10,38,4,0,0,0,106,0
7201529,2023-10-11,33,5,0,0,0,106,0
7201529,2023-10-12,29,4,0,0,0,106,0
7201529,2023-10-13,29,0,0,0,0,106,0
7201529,2023-10-14,25,4,0,0,0,106,0
7201529,2023-10-15,22,3,0,0,0,106,0
7201529,2023-10-16,21,1,0,0,0,106,0
7201529,2023-10-17,20,1,0,0,0,106,0
7201529,2023-10-18,19,1,0,0,0,106,0
7201529,2023-10-19,14,5,0,0,0,106,0
7201529,2023-10-20,12,2,0,0,0,106,0
7201529,2023-10-21,10,2,0,0,0,106,0
7201529,2023-10-22,5,5,0,0,0,106,0
7201529,2023-10-23,2,3,0,0,0,106,0
7201529,2023-10-24,0,5,3,0,0,106,1
7201529,2023-10-25,0,2,2,0,0,106,1
7201529,2023-10-26,0,2,2,0,0,106,1
7201529,2023-10-27,0,3,3,0,0,106,1
7201529,2023-10-28,0,2,2,0,0,106,1
7201529,2023-10-29,0,1,1,0,0,106,1
7201529,2023-10-30,0,4,4,0,0,106,1
7201529,2023-10-31,0,2,2,0,0,106,1
7201529,2023-11-01,106,0,0,106,0,0,0
7201529,2023-11-02,103,3,0,0,0,0,0
7201529,2023-11-03,102,1,0,0,0,0,0
7201529,2023-11-04,99,3,0,0,0,0,0
7201529,2023-11-05,97,2,0,0,0,0,0
7201529,2023-11-06,95,2,0,0,0,0,0
7201529,2023-11-07,93,2,0,0,0,0,0
7201529,2023-11-08,92,1,0,0,0,0,0
7201529,2023-11-09,90,2,0,0,0,0,0
7201529,2023-11-10,87,3,0,0,0,0,0
7201529,2023-11-11,82,5,0,0,0,0,0
7201529,2023-11-12,81,1,0,0,0,0,0
7201529,2023-11-13,80,1,0,0,0,0,0
7201529,2023-11-14,80,0,0,0,0,0,0
7201529,2023-11-15,79,1,0,0,0,0,0
7201529,2023-11-16,78,1,0,0,0,0,0
7201529,2023-11-17,72,6,0,0,0,0,0
7201529,2023-11-18,69,3,0,0,0,0,0
7201529,2023-11-19,65,4,0,0,0,0,0
7201529,2023-11-20,64,1,0,0,0,0,0
7201529,2023-11-21,64,0,0,0,0,0,0
7201529,2023-11-22,63,1,0,0,0,0,0
7201529,2023-11-23,50,13,0,0,109,109,0
7201529,2023-11-24,45,5,0,0,0,109,0
7201529,2023-11-25,33,12,0,0,0,109,0
7201529,2023-11-26,23,10,0,0,0,109,0
7201529,2023-11-27,19,4,0,0,0,109,0
7201529,2023-11-28,15,4,0,0,0,109,0
7201529,2023-11-29,14,1,0,0,0,109,0
7201529,2023-11-30,13,1,0,0,0,109,0
7201529,2023-12-01,11,2,0,0,0,109,0
7201529,2023-12-02,7,4,0,0,0,109,0
7201529,2023-12-03,5,2,0,0,0,109,0
7201529,2023-12-04,2,3,0,0,0,109,0
7201529,2023-12-05,0,2,0,0,0,109,0
7201529,2023-12-06,0,4,4,0,0,109,1
7201529,2023-12-07,0,5,5,0,0,109,1
7201529,2023-12-08,0,3,3,0,0,109,1
7201529,2023-12-09,0,5,5,0,0,109,1
7201529,2023-12-10,0,3,3,0,0,109,1
7201529,2023-12-11,0,5,5,0,0,109,1
7201529,2023-12-12,0,0,0,0,0,109,0
7201529,2023-12-13,0,4,4,0,0,109,1
7201529,2023-12-14,0,2,2,0,0,109,1
7201529,2023-12-15,0,4,4,0,0,109,1
7201529,2023-12-16,0,2,2,0,0,109,1
7201529,2023-12-17,0,4,4,0,0,109,1
7201529,2023-12-18,106,3,0,109,0,0,0
7201529,2023-12-19,98,8,0,0,0,0,0
7201529,2023-12-20,96,2,0,0,0,0,0
7201529,2023-12-21,90,6,0,0,0,0,0
7201529,2023-12-22,88,2,0,0,0,0,0
7201529,2023-12-23,84,4,0,0,0,0,0
7201529,2023-12-24,81,3,0,0,0,0,0
7201529,2023-12-25,77,4,0,0,0,0,0
7201529,2023-12-26,77,0,0,0,0,0,0
7201529,2023-12-27,74,3,0,0,0,0,0
7201529,2023-12-28,72,2,0,0,150,150,0
7201529,2023-12-29,72,0,0,0,0,150,0
7201529,2023-12-30,70,2,0,0,0,150,0
7201529,2023-12-31,68,2,0,0,0,150,0
7201529,2024-01-01,67,1,0,0,0,150,0
7201529,2024-01-02,66,1,0,0,0,150,0
7201529,2024-01-03,65,1,0,0,0,150,0
7201529,2024-01-04,62,3,0,0,0,150,0
7201529,2024-01-05,60,2,0,0,0,150,0
7201529,2024-01-06,58,2,0,0,0,150,0
7201529,2024-01-07,53,5,0,0,0,150,0
7201529,2024-01-08,52,1,0,0,0,150,0
7201529,2024-01-09,50,2,0,0,0,150,0
7201529,2024-01-10,47,3,0,0,0,150,0
7201529,2024-01-11,44,3,0,0,0,150,0
7201529,2024-01-12,40,4,0,0,0,150,0
7201529,2024-01-13,39,1,0,0,0,150,0
7201529,2024-01-14,37,2,0,0,0,150,0
7201529,2024-01-15,31,6,0,0,0,150,0
7201529,2024-01-16,31,0,0,0,0,150,0
7201529,2024-01-17,27,4,0,0,0,150,0
7201529,2024-01-18,24,3,0,0,0,150,0
7201529,2024-01-19,22,2,0,0,0,150,0
7201529,2024-01-20,15,7,0,0,0,150,0
7201529,2024-01-21,10,5,0,0,0,150,0
7201529,2024-01-22,6,4,0,0,0,150,0
7201529,2024-01-23,5,1,0,0,0,150,0
7201529,2024-01-24,3,2,0,0,0,150,0
7201529,2024-01-25,1,2,0,0,0,150,0
7201529,2024-01-26,0,3,2,0,0,150,1
7201529,2024-01-27,0,4,4,0,0,150,1
7201529,2024-01-28,0,1,1,0,0,150,1
7201529,2024-01-29,0,4,4,0,0,150,1
7201529,2024-01-30,0,3,3,0,0,150,1
7201529,2024-01-31,0,2,2,0,0,150,1
7201529,2024-02-01,0,2,2,0,0,150,1
7201529,2024-02-02,0,1,1,0,0,150,1
7201529,2024-02-03,0,5,5,0,0,150,1
7201529,2024-02-04,0,5,5,0,0,150,1
7201529,2024-02-05,0,2,2,0,0,150,1
7201529,2024-02-06,0,4,4,0,0,150,1
7201529,2024-02-07,0,2,2,0,0,150,1
7201529,2024-02-08,0,2,2,0,0,150,1
7201529,2024-02-09,147,3,0,150,0,0,0
7201529,2024-02-10,143,4,0,0,0,0,0
7201529,2024-02-11,133,10,0,0,0,0,0
7201529,2024-02-12,128,5,0,0,0,0,0
7201529,2024-02-13,124,4,0,0,0,0,0
7201529,2024-02-14,123,1,0,0,0,0,0
7201529,2024-02-15,118,5,0,0,0,0,0
7201529,2024-02-16,116,2,0,0,0,0,0
7201529,2024-02-17,114,2,0,0,0,0,0
7201529,2024-02-18,112,2,0,0,0,0,0
7201529,2024-02-19,112,0,0,0,0,0,0
7201529,2024-02-20,109,3,0,0,0,0,0
7201529,2024-02-21,104,5,0,0,0,0,0
7201529,2024-02-22,102,2,0,0,0,0,0
7201529,2024-02-23,102,0,0,0,0,0,0
7201529,2024-02-24,100,2,0,0,0,0,0
7201529,2024-02-25,94,6,0,0,0,0,0
7201529,2024-02-26,94,0,0,0,0,0,0
7201529,2024-02-27,91,3,0,0,0,0,0
7201529,2024-02-28,87,4,0,0,0,0,0
7201529,2024-02-29,81,6,0,0,0,0,0
8488816,2022-03-01,38,1,0,0,0,0,0
8488816,2022-03-02,38,0,0,0,0,0,0
8488816,2022-03-03,38,0,0,0,0,0,0
8488816,2022-03-04,37,1,0,0,0,0,0
8488816,2022-03-05,37,0,0,0,0,0,0
8488816,2022-03-06,37,0,0,0,0,0,0
8488816,2022-03-07,36,1,0,0,0,0,0
8488816,2022-03-08,35,1,0,0,0,0,0
8488816,2022-03-09,35,0,0,0,0,0,0
8488816,2022-03-10,34,1,0,0,0,0,0
8488816,2022-03-11,33,1,0,0,0,0,0
8488816,2022-03-12,33,0,0,0,0,0,0
8488816,2022-03-13,31,2,0,0,0,0,0
8488816,2022-03-14,29,2,0,0,0,0,0
8488816,2022-03-15,28,1,0,0,0,0,0
8488816,2022-03-16,28,0,0,0,0,0,0
8488816,2022-03-17,28,0,0,0,0,0,0
8488816,2022-03-18,28,0,0,0,0,0,0
8488816,2022-03-19,28,0,0,0,0,0,0
8488816,2022-03-20,28,0,0,0,0,0,0
8488816,2022-03-21,26,2,0,0,0,0,0
8488816,2022-03-22,23,3,0,0,0,0,0
8488816,2022-03-23,21,2,0,0,36,36,0
8488816,2022-03-24,21,0,0,0,0,36,0
8488816,2022-03-25,21,0,0,0,0,36,0
8488816,2022-03-26,19,2,0,0,0,36,0
8488816,2022-03-27,18,1,0,0,0,36,0
8488816,2022-03-28,18,0,0,0,0,36,0
8488816,2022-03-29,17,1,0,0,0,36,0
8488816,2022-03-30,16,1,0,0,0,36,0
8488816,2022-03-31,16,0,0,0,0,36,0
8488816,2022-04-01,15,1,0,0,0,36,0
8488816,2022-04-02,14,1,0,0,0,36,0
8488816,2022-04-03,13,1,0,0,0,36,0
8488816,2022-04-04,13,0,0,0,0,36,0
8488816,2022-04-05,12,1,0,0,0,36,0
8488816,2022-04-06,12,0,0,0,0,36,0
8488816,2022-04-07,10,2,0,0,0,36,0
8488816,2022-04-08,9,1,0,0,0,36,0
8488816,2022-04-09,8,1,0,0,0,36,0
8488816,2022-04-10,7,1,0,0,0,36,0
8488816,2022-04-11,4,3,0,0,0,36,0
8488816,2022-04-12,3,1,0,0,0,36,0
8488816,2022-04-13,3,0,0,0,0,36,0
8488816,2022-04-14,2,1,0,0,0,36,0
8488816,2022-04-15,0,2,0,0,0,36,0
8488816,2022-04-16,0,0,0,0,0,36,0
8488816,2022-04-17,0,2,2,0,0,36,1
8488816,2022-04-18,0,0,0,0,0,36,0
8488816,2022-04-19,0,1,1,0,0,36,1
8488816,2022-04-20,0,2,2,0,0,36,1
8488816,2022-04-21,0,2,2,0,0,36,1
8488816,2022-04-22,32,2,0,34,0,0,0
8488816,2022-04-23,32,0,0,0,0,0,0
8488816,2022-04-24,29,3,0,0,43,43,0
8488816,2022-04-25,29,0,0,0,0,43,0
8488816,2022-04-26,27,2,0,0,0,43,0
8488816,2022-04-27,27,0,0,0,0,43,0
8488816,2022-04-28,27,0,0,0,0,43,0
8488816,2022-04-29,26,1,0,0,0,43,0
8488816,2022-04-30,26,0,0,0,0,43,0
8488816,2022-05-01,26,0,0,0,0,43,0
8488816,2022-05-02,25,1,0,0,0,43,0
8488816,2022-05-03,25,0,0,0,0,43,0
8488816,2022-05-04,23,2,0,0,0,43,0
8488816,2022-05-05,21,2,0,0,0,43,0
8488816,2022-05-06,21,0,0,0,0,43,0
8488816,2022-05-07,21,0,0,0,0,43,0
8488816,2022-05-08,18,3,0,0,0,43,0
8488816,2022-05-09,18,0,0,0,0,43,0
8488816,2022-05-10,17,1,0,0,0,43,0
8488816,2022-05-11,16,1,0,0,0,43,0
8488816,2022-05-12,15,1,0,0,0,43,0
8488816,2022-05-13,13,2,0,0,0,43,0
8488816,2022-05-14,13,0,0,0,0,43,0
8488816,2022-05-15,12,1,0,0,0,43,0
8488816,2022-05-16,11,1,0,0,0,43,0
8488816,2022-05-17,11,0,0,0,0,43,0
8488816,2022-05-18,10,1,0,0,0,43,0
8488816,2022-05-19,9,1,0,0,0,43,0
8488816,2022-05-20,9,0,0,0,0,43,0
8488816,2022-05-21,9,0,0,0,0,43,0
8488816,2022-05-22,6,3,0,0,0,43,0
8488816,2022-05-23,4,2,0,0,0,43,0
8488816,2022-05-24,45,2,0,43,0,0,0
8488816,2022-05-25,43,2,0,0,0,0,0
8488816,2022-05-26,43,0,0,0,0,0,0
8488816,2022-05-27,42,1,0,0,0,0,0
8488816,2022-05-28,40,2,0,0,0,0,0
8488816,2022-05-29,39,1,0,0,0,0,0
8488816,2022-05-30,39,0,0,0,0,0,0
8488816,2022-05-31,37,2,0,0,0,0,0
8488816,2022-06-01,36,1,0,0,0,0,0
8488816,2022-06-02,35,1,0,0,52,52,0
8488816,2022-06-03,35,0,0,0,0,52,0
8488816,2022-06-04,34,1,0,0,0,52,0
8488816,2022-06-05,32,2,0,0,0,52,0
8488816,2022-06-06,29,3,0,0,0,52,0
8488816,2022-06-07,28,1,0,0,0,52,0
8488816,2022-06-08,27,1,0,0,0,52,0
8488816,2022-06-09,26,1,0,0,0,52,0
8488816,2022-06-10,25,1,0,0,0,52,0
8488816,2022-06-11,23,2,0,0,0,52,0
8488816,2022-06-12,23,0,0,0,0,52,0
8488816,2022-06-13,22,1,0,0,0,52,0
8488816,2022-06-14,21,1,0,0,0,52,0
8488816,2022-06-15,20,1,0,0,0,52,0
8488816,2022-06-16,19,1,0,0,0,52,0
8488816,2022-06-17,19,0,0,0,0,52,0
8488816,2022-06-18,18,1,0,0,0,52,0
8488816,2022-06-19,18,0,0,0,0,52,0
8488816,2022-06-20,18,0,0,0,0,52,0
8488816,2022-06-21,18,0,0,0,0,52,0
8488816,2022-06-22,16,2,0,0,0,52,0
8488816,2022-06-23,14,2,0,0,0,52,0
8488816,2022-06-24,13,1,0,0,0,52,0
8488816,2022-06-25,10,3,0,0,0,52,0
8488816,2022-06-26,10,0,0,0,0,52,0
8488816,2022-06-27,8,2,0,0,0,52,0
8488816,2022-06-28,6,2,0,0,0,52,0
8488816,2022-06-29,6,0,0,0,0,52,0
8488816,2022-06-30,6,0,0,0,0,52,0
8488816,2022-07-01,5,1,0,0,0,52,0
8488816,2022-07-02,56,1,0,52,0,0,0
8488816,2022-07-03,55,1,0,0,0,0,0
8488816,2022-07-04,52,3,0,0,0,0,0
8488816,2022-07-05,52,0,0,0,0,0,0
8488816,2022-07-06,51,1,0,0,0,0,0
8488816,2022-07-07,50,1,0,0,0,0,0
8488816,2022-07-08,48,2,0,0,0,0,0
8488816,2022-07-09,48,0,0,0,0,0,0
8488816,2022-07-10,47,1,0,0,0,0,0
8488816,2022-07-11,47,0,0,0,0,0,0
8488816,2022-07-12,46,1,0,0,0,0,0
8488816,2022-07-13,45,1,0,0,0,0,0
8488816,2022-07-14,45,0,0,0,0,0,0
8488816,2022-07-15,44,1,0,0,0,0,0
8488816,2022-07-16,41,3,0,0,0,0,0
8488816,2022-07-17,41,0,0,0,0,0,0
8488816,2022-07-18,39,2,0,0,0,0,0
8488816,2022-07-19,38,1,0,0,0,0,0
8488816,2022-07-20,38,0,0,0,0,0,0
8488816,2022-07-21,38,0,0,0,0,0,0
8488816,2022-07-22,36,2,0,0,0,0,0
8488816,2022-07-23,36,0,0,0,0,0,0
8488816,2022-07-24,36,0,0,0,0,0,0
8488816,2022-07-25,35,1,0,0,0,0,0
8488816,2022-07-26,34,1,0,0,48,48,0
8488816,2022-07-27,34,0,0,0,0,48,0
8488816,2022-07-28,33,1,0,0,0,48,0
8488816,2022-07-29,33,0,0,0,0,48,0
8488816,2022-07-30,32,1,0,0,0,48,0
8488816,2022-07-31,32,0,0,0,0,48,0
8488816,2022-08-01,31,1,0,0,0,48,0
8488816,2022-08-02,28,3,0,0,0,48,0
8488816,2022-08-03,27,1,0,0,0,48,0
8488816,2022-08-04,27,0,0,0,0,48,0
8488816,2022-08-05,27,0,0,0,0,48,0
8488816,2022-08-06,25,2,0,0,0,48,0
8488816,2022-08-07,24,1,0,0,0,48,0
8488816,2022-08-08,24,0,0,0,0,48,0
8488816,2022-08-09,24,0,0,0,0,48,0
8488816,2022-08-10,24,0,0,0,0,48,0
8488816,2022-08-11,23,1,0,0,0,48,0
8488816,2022-08-12,22,1,0,0,0,48,0
8488816,2022-08-13,22,0,0,0,0,48,0
8488816,2022-08-14,21,1,0,0,0,48,0
8488816,2022-08-15,20,1,0,0,0,48,0
8488816,2022-08-16,20,0,0,0,0,48,0
8488816,2022-08-17,20,0,0,0,0,48,0
8488816,2022-08-18,19,1,0,0,0,48,0
8488816,2022-08-19,19,0,0,0,0,48,0
8488816,2022-08-20,19,0,0,0,0,48,0
8488816,2022-08-21,18,1,0,0,0,48,0
8488816,2022-08-22,17,1,0,0,0,48,0
8488816,2022-08-23,16,1,0,0,0,48,0
8488816,2022-08-24,15,1,0,0,0,48,0
8488816,2022-08-25,63,0,0,48,0,0,0
8488816,2022-08-26,63,0,0,0,0,0,0
8488816,2022-08-27,61,2,0,0,0,0,0
8488816,2022-08-28,59,2,0,0,0,0,0
8488816,2022-08-29,57,2,0,0,0,0,0
8488816,2022-08-30,56,1,0,0,0,0,0
8488816,2022-08-31,56,0,0,0,0,0,0
8488816,2022-09-01,53,3,0,0,0,0,0
8488816,2022-09-02,47,6,0,0,0,0,0
8488816,2022-09-03,46,1,0,0,0,0,0
8488816,2022-09-04,44,2,0,0,0,0,0
8488816,2022-09-05,43,1,0,0,0,0,0
8488816,2022-09-06,42,1,0,0,0,0,0
8488816,2022-09-07,41,1,0,0,0,0,0
8488816,2022-09-08,40,1,0,0,0,0,0
8488816,2022-09-09,39,1,0,0,0,0,0
8488816,2022-09-10,37,2,0,0,0,0,0
8488816,2022-09-11,35,2,0,0,0,0,0
8488816,2022-09-12,35,0,0,0,0,0,0
8488816,2022-09-13,34,1,0,0,0,0,0
8488816,2022-09-14,34,0,0,0,0,0,0
8488816,2022-09-15,34,0,0,0,0,0,0
8488816,2022-09-16,33,1,0,0,0,0,0
8488816,2022-09-17,32,1,0,0,0,0,0
8488816,2022-09-18,32,0,0,0,0,0,0
8488816,2022-09-19,30,2,0,0,45,45,0
8488816,2022-09-20,30,0,0,0,0,45,0
8488816,2022-09-21,28,2,0,0,0,45,0
8488816,2022-09-22,28,0,0,0,0,45,0
8488816,2022-09-23,28,0,0,0,0,45,0
8488816,2022-09-24,24,4,0,0,0,45,0
8488816,2022-09-25,23,1,0,0,0,45,0
8488816,2022-09-26,21,2,0,0,0,45,0
8488816,2022-09-27,20,1,0,0,0,45,0
8488816,2022-09-28,19,1,0,0,0,45,0
8488816,2022-09-29,18,1,0,0,0,45,0
8488816,2022-09-30,17,1,0,0,0,45,0
8488816,2022-10-01,15,2,0,0,0,45,0
8488816,2022-10-02,15,0,0,0,0,45,0
8488816,2022-10-03,15,0,0,0,0,45,0
8488816,2022-10-04,15,0,0,0,0,45,0
8488816,2022-10-05,15,0,0,0,0,45,0
8488816,2022-10-06,14,1,0,0,0,45,0
8488816,2022-10-07,13,1,0,0,0,45,0
8488816,2022-10-08,12,1,0,0,0,45,0
8488816,2022-10-09,11,1,0,0,0,45,0
8488816,2022-10-10,10,1,0,0,0,45,0
8488816,2022-10-11,10,0,0,0,0,45,0
8488816,2022-10-12,7,3,0,0,0,45,0
8488816,2022-10-13,4,3,0,0,0,45,0
8488816,2022-10-14,4,0,0,0,0,45,0
8488816,2022-10-15,4,0,0,0,0,45,0
8488816,2022-10-16,0,4,0,0,0,45,0
8488816,2022-10-17,0,1,1,0,0,45,1
8488816,2022-10-18,0,0,0,0,0,45,0
8488816,2022-10-19,45,0,0,45,0,0,0
8488816,2022-10-20,43,2,0,0,0,0,0
8488816,2022-10-21,42,1,0,0,0,0,0
8488816,2022-10-22,42,0,0,0,0,0,0
8488816,2022-10-23,41,1,0,0,0,0,0
8488816,2022-10-24,41,0,0,0,0,0,0
8488816,2022-10-25,41,0,0,0,0,0,0
8488816,2022-10-26,39,2,0,0,0,0,0
8488816,2022-10-27,38,1,0,0,0,0,0
8488816,2022-10-28,38,0,0,0,0,0,0
8488816,2022-10-29,34,4,0,0,0,0,0
8488816,2022-10-30,32,2,0,0,50,50,0
8488816,2022-10-31,30,2,0,0,0,50,0
8488816,2022-11-01,29,1,0,0,0,50,0
8488816,2022-11-02,28,1,0,0,0,50,0
8488816,2022-11-03,28,0,0,0,0,50,0
8488816,2022-11-04,27,1,0,0,0,50,0
8488816,2022-11-05,27,0,0,0,0,50,0
8488816,2022-11-06,27,0,0,0,0,50,0
8488816,2022-11-07,26,1,0,0,0,50,0
8488816,2022-11-08,25,1,0,0,0,50,0
8488816,2022-11-09,22,3,0,0,0,50,0
8488816,2022-11-10,20,2,0,0,0,50,0
8488816,2022-11-11,20,0,0,0,0,50,0
8488816,2022-11-12,19,1,0,0,0,50,0
8488816,2022-11-13,19,0,0,0,0,50,0
8488816,2022-11-14,19,0,0,0,0,50,0
8488816,2022-11-15,17,2,0,0,0,50,0
8488816,2022-11-16,16,1,0,0,0,50,0
8488816,2022-11-17,15,1,0,0,0,50,0
8488816,2022-11-18,14,1,0,0,0,50,0
8488816,2022-11-19,9,5,0,0,0,50,0
8488816,2022-11-20,7,2,0,0,0,50,0
8488816,2022-11-21,6,1,0,0,0,50,0
8488816,2022-11-22,5,1,0,0,0,50,0
8488816,2022-11-23,5,0,0,0,0,50,0
8488816,2022-11-24,1,4,0,0,0,50,0
8488816,2022-11-25,0,5,4,0,0,50,1
8488816,2022-11-26,0,3,3,0,0,50,1
8488816,2022-11-27,0,1,1,0,0,50,1
8488816,2022-11-28,0,1,1,0,0,50,1
8488816,2022-11-29,41,0,0,41,60,60,0
8488816,2022-11-30,41,0,0,0,0,60,0
8488816,2022-12-01,40,1,0,0,0,60,0
8488816,2022-12-02,39,1,0,0,0,60,0
8488816,2022-12-03,39,0,0,0,0,60,0
8488816,2022-12-04,38,1,0,0,0,60,0
8488816,2022-12-05,38,0,0,0,0,60,0
8488816,2022-12-06,37,1,0,0,0,60,0
8488816,2022-12-07,36,1,0,0,0,60,0
8488816,2022-12-08,35,1,0,0,0,60,0
8488816,2022-12-09,34,1,0,0,0,60,0
8488816,2022-12-10,33,1,0,0,0,60,0
8488816,2022-12-11,33,0,0,0,0,60,0
8488816,2022-12-12,33,0,0,0,0,60,0
8488816,2022-12-13,33,0,0,0,0,60,0
8488816,2022-12-14,33,0,0,0,0,60,0
8488816,2022-12-15,33,0,0,0,0,60,0
8488816,2022-12-16,33,0,0,0,0,60,0
8488816,2022-12-17,31,2,0,0,0,60,0
8488816,2022-12-18,29,2,0,0,0,60,0
8488816,2022-12-19,28,1,0,0,0,60,0
8488816,2022-12-20,27,1,0,0,0,60,0
8488816,2022-12-21,27,0,0,0,0,60,0
8488816,2022-12-22,25,2,0,0,0,60,0
8488816,2022-12-23,25,0,0,0,0,60,0
8488816,2022-12-24,24,1,0,0,0,60,0
8488816,2022-12-25,22,2,0,0,0,60,0
8488816,2022-12-26,22,0,0,0,0,60,0
8488816,2022-12-27,21,1,0,0,0,60,0
8488816,2022-12-28,21,0,0,0,0,60,0
8488816,2022-12-29,21,0,0,0,0,60,0
8488816,2022-12-30,21,0,0,0,0,60,0
8488816,2022-12-31,21,0,0,0,0,60,0
8488816,2023-01-01,21,0,0,0,0,60,0
8488816,2023-01-02,21,0,0,0,0,60,0
8488816,2023-01-03,20,1,0,0,0,60,0
8488816,2023-01-04,19,1,0,0,0,60,0
8488816,2023-01-05,79,0,0,60,0,0,0
8488816,2023-01-06,76,3,0,0,0,0,0
8488816,2023-01-07,75,1,0,0,0,0,0
8488816,2023-01-08,73,2,0,0,0,0,0
8488816,2023-01-09,69,4,0,0,0,0,0
8488816,2023-01-10,68,1,0,0,0,0,0
8488816,2023-01-11,68,0,0,0,0,0,0
8488816,2023-01-12,67,1,0,0,0,0,0
8488816,2023-01-13,66,1,0,0,0,0,0
8488816,2023-01-14,66,0,0,0,0,0,0
8488816,2023-01-15,63,3,0,0,0,0,0
8488816,2023-01-16,63,0,0,0,0,0,0
8488816,2023-01-17,63,0,0,0,0,0,0
8488816,2023-01-18,63,0,0,0,0,0,0
8488816,2023-01-19,62,1,0,0,0,0,0
8488816,2023-01-20,62,0,0,0,0,0,0
8488816,2023-01-21,62,0,0,0,0,0,0
8488816,2023-01-22,58,4,0,0,0,0,0
8488816,2023-01-23,57,1,0,0,0,0,0
8488816,2023-01-24,56,1,0,0,0,0,0
8488816,2023-01-25,56,0,0,0,0,0,0
8488816,2023-01-26,55,1,0,0,0,0,0
8488816,2023-01-27,55,0,0,0,0,0,0
8488816,2023-01-28,52,3,0,0,0,0,0
8488816,2023-01-29,51,1,0,0,0,0,0
8488816,2023-01-30,49,2,0,0,0,0,0
8488816,2023-01-31,47,2,0,0,0,0,0
8488816,2023-02-01,45,2,0,0,0,0,0
8488816,2023-02-02,43,2,0,0,0,0,0
8488816,2023-02-03,43,0,0,0,0,0,0
8488816,2023-02-04,42,1,0,0,0,0,0
8488816,2023-02-05,41,1,0,0,0,0,0
8488816,2023-02-06,40,1,0,0,0,0,0
8488816,2023-02-07,40,0,0,0,0,0,0
8488816,2023-02-08,40,0,0,0,0,0,0
8488816,2023-02-09,39,1,0,0,0,0,0
8488816,2023-02-10,37,2,0,0,0,0,0
8488816,2023-02-11,34,3,0,0,48,48,0
8488816,2023-02-12,34,0,0,0,0,48,0
8488816,2023-02-13,33,1,0,0,0,48,0
8488816,2023-02-14,33,0,0,0,0,48,0
8488816,2023-02-15,33,0,0,0,0,48,0
8488816,2023-02-16,33,0,0,0,0,48,0
8488816,2023-02-17,33,0,0,0,0,48,0
8488816,2023-02-18,31,2,0,0,0,48,0
8488816,2023-02-19,29,2,0,0,0,48,0
8488816,2023-02-20,28,1,0,0,0,48,0
8488816,2023-02-21,28,0,0,0,0,48,0
8488816,2023-02-22,26,2,0,0,0,48,0
8488816,2023-02-23,24,2,0,0,0,48,0
8488816,2023-02-24,24,0,0,0,0,48,0
8488816,2023-02-25,21,3,0,0,0,48,0
8488816,2023-02-26,20,1,0,0,0,48,0
8488816,2023-02-27,20,0,0,0,0,48,0
8488816,2023-02-28,19,1,0,0,0,48,0
8488816,2023-03-01,19,0,0,0,0,48,0
8488816,2023-03-02,17,2,0,0,0,48,0
8488816,2023-03-03,16,1,0,0,0,48,0
8488816,2023-03-04,15,1,0,0,0,48,0
8488816,2023-03-05,15,0,0,0,0,48,0
8488816,2023-03-06,14,1,0,0,0,48,0
8488816,2023-03-07,14,0,0,0,0,48,0
8488816,2023-03-08,13,1,0,0,0,48,0
8488816,2023-03-09,10,3,0,0,0,48,0
8488816,2023-03-10,9,1,0,0,0,48,0
8488816,2023-03-11,6,3,0,0,0,48,0
8488816,2023-03-12,4,2,0,0,0,48,0
8488816,2023-03-13,3,1,0,0,0,48,0
8488816,2023-03-14,51,0,0,48,0,0,0
8488816,2023-03-15,51,0,0,0,0,0,0
8488816,2023-03-16,51,0,0,0,0,0,0
8488816,2023-03-17,51,0,0,0,0,0,0
8488816,2023-03-18,51,0,0,0,0,0,0
8488816,2023-03-19,48,3,0,0,0,0,0
8488816,2023-03-20,48,0,0,0,0,0,0
8488816,2023-03-21,47,1,0,0,0,0,0
8488816,2023-03-22,47,0,0,0,0,0,0
8488816,2023-03-23,46,1,0,0,0,0,0
8488816,2023-03-24,45,1,0,0,0,0,0
8488816,2023-03-25,43,2,0,0,0,0,0
8488816,2023-03-26,40,3,0,0,0,0,0
8488816,2023-03-27,40,0,0,0,0,0,0
8488816,2023-03-28,40,0,0,0,0,0,0
8488816,2023-03-29,40,0,0,0,0,0,0
8488816,2023-03-30,38,2,0,0,0,0,0
8488816,2023-03-31,37,1,0,0,0,0,0
8488816,2023-04-01,35,2,0,0,0,0,0
8488816,2023-04-02,33,2,0,0,48,48,0
8488816,2023-04-03,32,1,0,0,0,48,0
8488816,2023-04-04,29,3,0,0,0,48,0
8488816,2023-04-05,29,0,0,0,0,48,0
8488816,2023-04-06,28,1,0,0,0,48,0
8488816,2023-04-07,26,2,0,0,0,48,0
8488816,2023-04-08,22,4,0,0,0,48,0
8488816,2023-04-09,20,2,0,0,0,48,0
8488816,2023-04-10,18,2,0,0,0,48,0
8488816,2023-04-11,17,1,0,0,0,48,0
8488816,2023-04-12,15,2,0,0,0,48,0
8488816,2023-04-13,15,0,0,0,0,48,0
8488816,2023-04-14,14,1,0,0,0,48,0
8488816,2023-04-15,11,3,0,0,0,48,0
8488816,2023-04-16,10,1,0,0,0,48,0
8488816,2023-04-17,5,5,0,0,0,48,0
8488816,2023-04-18,3,2,0,0,0,48,0
8488816,2023-04-19,3,0,0,0,0,48,0
8488816,2023-04-20,3,0,0,0,0,48,0
8488816,2023-04-21,2,1,0,0,0,48,0
8488816,2023-04-22,0,2,0,0,0,48,0
8488816,2023-04-23,0,1,1,0,0,48,1
8488816,2023-04-24,0,0,0,0,0,48,0
8488816,2023-04-25,0,1,1,0,0,48,1
8488816,2023-04-26,0,0,0,0,0,48,0
8488816,2023-04-27,0,1,1,0,0,48,1
8488816,2023-04-28,0,3,3,0,0,48,1
8488816,2023-04-29,0,1,1,0,0,48,1
8488816,2023-04-30,0,4,4,0,0,48,1
8488816,2023-05-01,0,0,0,0,0,48,0
8488816,2023-05-02,0,1,1,0,0,48,1
8488816,2023-05-03,48,0,0,48,0,0,0
8488816,2023-05-04,47,1,0,0,0,0,0
8488816,2023-05-05,47,0,0,0,0,0,0
8488816,2023-05-06,46,1,0,0,0,0,0
8488816,2023-05-07,45,1,0,0,0,0,0
8488816,2023-05-08,44,1,0,0,0,0,0
8488816,2023-05-09,44,0,0,0,0,0,0
8488816,2023-05-10,44,0,0,0,0,0,0
8488816,2023-05-11,44,0,0,0,0,0,0
8488816,2023-05-12,44,0,0,0,0,0,0
8488816,2023-05-13,42,2,0,0,0,0,0
8488816,2023-05-14,39,3,0,0,59,59,0
8488816,2023-05-15,37,2,0,0,0,59,0
8488816,2023-05-16,37,0,0,0,0,59,0
8488816,2023-05-17,37,0,0,0,0,59,0
8488816,2023-05-18,34,3,0,0,0,59,0
8488816,2023-05-19,31,3,0,0,0,59,0
8488816,2023-05-20,28,3,0,0,0,59,0
8488816,2023-05-21,27,1,0,0,0,59,0
8488816,2023-05-22,27,0,0,0,0,59,0
8488816,2023-05-23,26,1,0,0,0,59,0
8488816,2023-05-24,26,0,0,0,0,59,0
8488816,2023-05-25,26,0,0,0,0,59,0
8488816,2023-05-26,25,1,0,0,0,59,0
8488816,2023-05-27,24,1,0,0,0,59,0
8488816,2023-05-28,21,3,0,0,0,59,0
8488816,2023-05-29,17,4,0,0,0,59,0
8488816,2023-05-30,14,3,0,0,0,59,0
8488816,2023-05-31,14,0,0,0,0,59,0
8488816,2023-06-01,13,1,0,0,0,59,0
8488816,2023-06-02,13,0,0,0,0,59,0
8488816,2023-06-03,12,1,0,0,0,59,0
8488816,2023-06-04,12,0,0,0,0,59,0
8488816,2023-06-05,12,0,0,0,0,59,0
8488816,2023-06-06,10,2,0,0,0,59,0
8488816,2023-06-07,9,1,0,0,0,59,0
8488816,2023-06-08,9,0,0,0,0,59,0
8488816,2023-06-09,8,1,0,0,0,59,0
8488816,2023-06-10,4,4,0,0,0,59,0
8488816,2023-06-11,2,2,0,0,0,59,0
8488816,2023-06-12,1,1,0,0,0,59,0
8488816,2023-06-13,1,0,0,0,0,59,0
8488816,2023-06-14,56,4,0,59,0,0,0
8488816,2023-06-15,55,1,0,0,0,0,0
8488816,2023-06-16,53,2,0,0,0,0,0
8488816,2023-06-17,49,4,0,0,0,0,0
8488816,2023-06-18,48,1,0,0,0,0,0
8488816,2023-06-19,47,1,0,0,0,0,0
8488816,2023-06-20,46,1,0,0,0,0,0
8488816,2023-06-21,45,1,0,0,0,0,0
8488816,2023-06-22,45,0,0,0,0,0,0
8488816,2023-06-23,45,0,0,0,0,0,0
8488816,2023-06-24,45,0,0,0,0,0,0
8488816,2023-06-25,42,3,0,0,0,0,0
8488816,2023-06-26,41,1,0,0,0,0,0
8488816,2023-06-27,41,0,0,0,0,0,0
8488816,2023-06-28,40,1,0,0,0,0,0
8488816,2023-06-29,40,0,0,0,57,57,0
8488816,2023-06-30,38,2,0,0,0,57,0
8488816,2023-07-01,34,4,0,0,0,57,0
8488816,2023-07-02,33,1,0,0,0,57,0
8488816,2023-07-03,31,2,0,0,0,57,0
8488816,2023-07-04,29,2,0,0,0,57,0
8488816,2023-07-05,27,2,0,0,0,57,0
8488816,2023-07-06,25,2,0,0,0,57,0
8488816,2023-07-07,23,2,0,0,0,57,0
8488816,2023-07-08,19,4,0,0,0,57,0
8488816,2023-07-09,18,1,0,0,0,57,0
8488816,2023-07-10,16,2,0,0,0,57,0
8488816,2023-07-11,15,1,0,0,0,57,0
8488816,2023-07-12,12,3,0,0,0,57,0
8488816,2023-07-13,11,1,0,0,0,57,0
8488816,2023-07-14,10,1,0,0,0,57,0
8488816,2023-07-15,9,1,0,0,0,57,0
8488816,2023-07-16,9,0,0,0,0,57,0
8488816,2023-07-17,9,0,0,0,0,57,0
8488816,2023-07-18,9,0,0,0,0,57,0
8488816,2023-07-19,7,2,0,0,0,57,0
8488816,2023-07-20,6,1,0,0,0,57,0
8488816,2023-07-21,4,2,0,0,0,57,0
8488816,2023-07-22,1,3,0,0,0,57,0
8488816,2023-07-23,0,2,1,0,0,57,1
8488816,2023-07-24,0,0,0,0,0,57,0
8488816,2023-07-25,0,2,2,0,0,57,1
8488816,2023-07-26,0,1,1,0,0,57,1
8488816,2023-07-27,0,0,0,0,0,57,0
8488816,2023-07-28,0,1,1,0,0,57,1
8488816,2023-07-29,0,1,1,0,0,57,1
8488816,2023-07-30,0,3,3,0,0,57,1
8488816,2023-07-31,0,0,0,0,0,57,0
8488816,2023-08-01,0,2,2,0,0,57,1
8488816,2023-08-02,0,2,2,0,0,57,1
8488816,2023-08-03,57,0,0,57,0,0,0
8488816,2023-08-04,56,1,0,0,0,0,0
8488816,2023-08-05,55,1,0,0,0,0,0
8488816,2023-08-06,53,2,0,0,0,0,0
8488816,2023-08-07,51,2,0,0,0,0,0
8488816,2023-08-08,50,1,0,0,0,0,0
8488816,2023-08-09,49,1,0,0,0,0,0
8488816,2023-08-10,49,0,0,0,0,0,0
8488816,2023-08-11,47,2,0,0,0,0,0
8488816,2023-08-12,44,3,0,0,65,65,0
8488816,2023-08-13,44,0,0,0,0,65,0
8488816,2023-08-14,42,2,0,0,0,65,0
8488816,2023-08-15,42,0,0,0,0,65,0
8488816,2023-08-16,41,1,0,0,0,65,0
8488816,2023-08-17,41,0,0,0,0,65,0
8488816,2023-08-18,40,1,0,0,0,65,0
8488816,2023-08-19,39,1,0,0,0,65,0
8488816,2023-08-20,38,1,0,0,0,65,0
8488816,2023-08-21,37,1,0,0,0,65,0
8488816,2023-08-22,37,0,0,0,0,65,0
8488816,2023-08-23,35,2,0,0,0,65,0
8488816,2023-08-24,34,1,0,0,0,65,0
8488816,2023-08-25,33,1,0,0,0,65,0
8488816,2023-08-26,32,1,0,0,0,65,0
8488816,2023-08-27,30,2,0,0,0,65,0
8488816,2023-08-28,30,0,0,0,0,65,0
8488816,2023-08-29,29,1,0,0,0,65,0
8488816,2023-08-30,26,3,0,0,0,65,0
8488816,2023-08-31,22,4,0,0,0,65,0
8488816,2023-09-01,19,3,0,0,0,65,0
8488816,2023-09-02,17,2,0,0,0,65,0
8488816,2023-09-03,17,0,0,0,0,65,0
8488816,2023-09-04,15,2,0,0,0,65,0
8488816,2023-09-05,14,1,0,0,0,65,0
8488816,2023-09-06,10,4,0,0,0,65,0
8488816,2023-09-07,9,1,0,0,0,65,0
8488816,2023-09-08,7,2,0,0,0,65,0
8488816,2023-09-09,4,3,0,0,0,65,0
8488816,2023-09-10,3,1,0,0,0,65,0
8488816,2023-09-11,3,0,0,0,0,65,0
8488816,2023-09-12,0,3,0,0,0,65,0
8488816,2023-09-13,0,2,2,0,0,65,1
8488816,2023-09-14,0,2,2,0,0,65,1
8488816,2023-09-15,0,2,2,0,0,65,1
8488816,2023-09-16,63,2,0,65,0,0,0
8488816,2023-09-17,61,2,0,0,0,0,0
8488816,2023-09-18,59,2,0,0,0,0,0
8488816,2023-09-19,57,2,0,0,0,0,0
8488816,2023-09-20,57,0,0,0,0,0,0
8488816,2023-09-21,57,0,0,0,0,0,0
8488816,2023-09-22,56,1,0,0,0,0,0
8488816,2023-09-23,52,4,0,0,0,0,0
8488816,2023-09-24,52,0,0,0,0,0,0
8488816,2023-09-25,50,2,0,0,0,0,0
8488816,2023-09-26,48,2,0,0,69,69,0
8488816,2023-09-27,48,0,0,0,0,69,0
8488816,2023-09-28,48,0,0,0,0,69,0
8488816,2023-09-29,48,0,0,0,0,69,0
8488816,2023-09-30,48,0,0,0,0,69,0
8488816,2023-10-01,45,3,0,0,0,69,0
8488816,2023-10-02,45,0,0,0,0,69,0
8488816,2023-10-03,44,1,0,0,0,69,0
8488816,2023-10-04,42,2,0,0,0,69,0
8488816,2023-10-05,41,1,0,0,0,69,0
8488816,2023-10-06,40,1,0,0,0,69,0
8488816,2023-10-07,34,6,0,0,0,69,0
8488816,2023-10-08,32,2,0,0,0,69,0
8488816,2023-10-09,28,4,0,0,0,69,0
8488816,2023-10-10,28,0,0,0,0,69,0
8488816,2023-10-11,26,2,0,0,0,69,0
8488816,2023-10-12,25,1,0,0,0,69,0
8488816,2023-10-13,23,2,0,0,0,69,0
8488816,2023-10-14,23,0,0,0,0,69,0
8488816,2023-10-15,23,0,0,0,0,69,0
8488816,2023-10-16,22,1,0,0,0,69,0
8488816,2023-10-17,20,2,0,0,0,69,0
8488816,2023-10-18,19,1,0,0,0,69,0
8488816,2023-10-19,17,2,0,0,0,69,0
8488816,2023-10-20,17,0,0,0,0,69,0
8488816,2023-10-21,16,1,0,0,0,69,0
8488816,2023-10-22,14,2,0,0,0,69,0
8488816,2023-10-23,10,4,0,0,0,69,0
8488816,2023-10-24,9,1,0,0,0,69,0
8488816,2023-10-25,6,3,0,0,0,69,0
8488816,2023-10-26,6,0,0,0,0,69,0
8488816,2023-10-27,5,1,0,0,0,69,0
8488816,2023-10-28,3,2,0,0,0,69,0
8488816,2023-10-29,69,3,0,69,0,0,0
8488816,2023-10-30,69,0,0,0,0,0,0
8488816,2023-10-31,68,1,0,0,0,0,0
8488816,2023-11-01,68,0,0,0,0,0,0
8488816,2023-11-02,67,1,0,0,0,0,0
8488816,2023-11-03,67,0,0,0,0,0,0
8488816,2023-11-04,66,1,0,0,0,0,0
8488816,2023-11-05,65,1,0,0,0,0,0
8488816,2023-11-06,64,1,0,0,0,0,0
8488816,2023-11-07,63,1,0,0,0,0,0
8488816,2023-11-08,62,1,0,0,0,0,0
8488816,2023-11-09,61,1,0,0,0,0,0
8488816,2023-11-10,61,0,0,0,0,0,0
8488816,2023-11-11,60,1,0,0,0,0,0
8488816,2023-11-12,59,1,0,0,0,0,0
8488816,2023-11-13,59,0,0,0,0,0,0
8488816,2023-11-14,58,1,0,0,0,0,0
8488816,2023-11-15,58,0,0,0,0,0,0
8488816,2023-11-16,57,1,0,0,0,0,0
8488816,2023-11-17,57,0,0,0,0,0,0
8488816,2023-11-18,57,0,0,0,0,0,0
8488816,2023-11-19,55,2,0,0,0,0,0
8488816,2023-11-20,52,3,0,0,0,0,0
8488816,2023-11-21,50,2,0,0,0,0,0
8488816,2023-11-22,49,1,0,0,0,0,0
8488816,2023-11-23,48,1,0,0,0,0,0
8488816,2023-11-24,44,4,0,0,0,0,0
8488816,2023-11-25,39,5,0,0,62,62,0
8488816,2023-11-26,29,10,0,0,0,62,0
8488816,2023-11-27,28,1,0,0,0,62,0
8488816,2023-11-28,27,1,0,0,0,62,0
8488816,2023-11-29,26,1,0,0,0,62,0
8488816,2023-11-30,26,0,0,0,0,62,0
8488816,2023-12-01,24,2,0,0,0,62,0
8488816,2023-12-02,23,1,0,0,0,62,0
8488816,2023-12-03,22,1,0,0,0,62,0
8488816,2023-12-04,21,1,0,0,0,62,0
8488816,2023-12-05,19,2,0,0,0,62,0
8488816,2023-12-06,18,1,0,0,0,62,0
8488816,2023-12-07,16,2,0,0,0,62,0
8488816,2023-12-08,16,0,0,0,0,62,0
8488816,2023-12-09,14,2,0,0,0,62,0
8488816,2023-12-10,13,1,0,0,0,62,0
8488816,2023-12-11,13,0,0,0,0,62,0
8488816,2023-12-12,12,1,0,0,0,62,0
8488816,2023-12-13,11,1,0,0,0,62,0
8488816,2023-12-14,11,0,0,0,0,62,0
8488816,2023-12-15,9,2,0,0,0,62,0
8488816,2023-12-16,8,1,0,0,0,62,0
8488816,2023-12-17,7,1,0,0,0,62,0
8488816,2023-12-18,5,2,0,0,0,62,0
8488816,2023-12-19,0,6,1,0,0,62,1
8488816,2023-12-20,0,1,1,0,0,62,1
8488816,2023-12-21,0,3,3,0,0,62,1
8488816,2023-12-22,0,2,2,0,0,62,1
8488816,2023-12-23,0,1,1,0,0,62,1
8488816,2023-12-24,0,0,0,0,0,62,0
8488816,2023-12-25,0,1,1,0,0,62,1
8488816,2023-12-26,0,0,0,0,0,62,0
8488816,2023-12-27,0,0,0,0,0,62,0
8488816,2023-12-28,0,1,1,0,0,62,1
8488816,2023-12-29,0,0,0,0,0,62,0
8488816,2023-12-30,62,0,0,62,0,0,0
8488816,2023-12-31,61,1,0,0,0,0,0
8488816,2024-01-01,61,0,0,0,0,0,0
8488816,2024-01-02,60,1,0,0,0,0,0
8488816,2024-01-03,60,0,0,0,0,0,0
8488816,2024-01-04,58,2,0,0,0,0,0
8488816,2024-01-05,56,2,0,0,0,0,0
8488816,2024-01-06,56,0,0,0,0,0,0
8488816,2024-01-07,56,0,0,0,0,0,0
8488816,2024-01-08,55,1,0,0,0,0,0
8488816,2024-01-09,54,1,0,0,0,0,0
8488816,2024-01-10,54,0,0,0,0,0,0
8488816,2024-01-11,53,1,0,0,0,0,0
8488816,2024-01-12,52,1,0,0,0,0,0
8488816,2024-01-13,50,2,0,0,0,0,0
8488816,2024-01-14,44,6,0,0,67,67,0
8488816,2024-01-15,42,2,0,0,0,67,0
8488816,2024-01-16,40,2,0,0,0,67,0
8488816,2024-01-17,39,1,0,0,0,67,0
8488816,2024-01-18,36,3,0,0,0,67,0
8488816,2024-01-19,35,1,0,0,0,67,0
8488816,2024-01-20,32,3,0,0,0,67,0
8488816,2024-01-21,28,4,0,0,0,67,0
8488816,2024-01-22,26,2,0,0,0,67,0
8488816,2024-01-23,24,2,0,0,0,67,0
8488816,2024-01-24,22,2,0,0,0,67,0
8488816,2024-01-25,22,0,0,0,0,67,0
8488816,2024-01-26,20,2,0,0,0,67,0
8488816,2024-01-27,18,2,0,0,0,67,0
8488816,2024-01-28,16,2,0,0,0,67,0
8488816,2024-01-29,15,1,0,0,0,67,0
8488816,2024-01-30,10,5,0,0,0,67,0
8488816,2024-01-31,10,0,0,0,0,67,0
8488816,2024-02-01,9,1,0,0,0,67,0
8488816,2024-02-02,7,2,0,0,0,67,0
8488816,2024-02-03,6,1,0,0,0,67,0
8488816,2024-02-04,4,2,0,0,0,67,0
8488816,2024-02-05,1,3,0,0,0,67,0
8488816,2024-02-06,1,0,0,0,0,67,0
8488816,2024-02-07,1,0,0,0,0,67,0
8488816,2024-02-08,0,1,0,0,0,67,0
8488816,2024-02-09,0,0,0,0,0,67,0
8488816,2024-02-10,0,1,1,0,0,67,1
8488816,2024-02-11,0,3,3,0,0,67,1
8488816,2024-02-12,0,3,3,0,0,67,1
8488816,2024-02-13,0,1,1,0,0,67,1
8488816,2024-02-14,0,2,2,0,0,67,1
8488816,2024-02-15,0,1,1,0,0,67,1
8488816,2024-02-16,0,1,1,0,0,67,1
8488816,2024-02-17,0,1,1,0,0,67,1
8488816,2024-02-18,0,2,2,0,0,67,1
8488816,2024-02-19,0,2,2,0,0,67,1
8488816,2024-02-20,0,1,1,0,0,67,1
8488816,2024-02-21,0,3,3,0,0,67,1
8488816,2024-02-22,0,2,2,0,0,67,1
8488816,2024-02-23,0,4,4,0,0,67,1
8488816,2024-02-24,0,3,3,0,0,67,1
8488816,2024-02-25,62,5,0,67,0,0,0
8488816,2024-02-26,62,0,0,0,0,0,0
8488816,2024-02-27,58,4,0,0,0,0,0
8488816,2024-02-28,57,1,0,0,83,83,0
8488816,2024-02-29,56,1,0,0,0,83,0
8721483,2022-03-01,58,4,0,0,0,0,0
8721483,2022-03-02,57,1,0,0,0,0,0
8721483,2022-03-03,56,1,0,0,0,0,0
8721483,2022-03-04,55,1,0,0,0,0,0
8721483,2022-03-05,53,2,0,0,0,0,0
8721483,2022-03-06,52,1,0,0,0,0,0
8721483,2022-03-07,51,1,0,0,0,0,0
8721483,2022-03-08,48,3,0,0,0,0,0
8721483,2022-03-09,47,1,0,0,0,0,0
8721483,2022-03-10,46,1,0,0,0,0,0
8721483,2022-03-11,45,1,0,0,0,0,0
8721483,2022-03-12,45,0,0,0,0,0,0
8721483,2022-03-13,45,0,0,0,0,0,0
8721483,2022-03-14,44,1,0,0,0,0,0
8721483,2022-03-15,42,2,0,0,0,0,0
8721483,2022-03-16,42,0,0,0,0,0,0
8721483,2022-03-17,41,1,0,0,0,0,0
8721483,2022-03-18,41,0,0,0,0,0,0
8721483,2022-03-19,40,1,0,0,0,0,0
8721483,2022-03-20,36,4,0,0,0,0,0
8721483,2022-03-21,35,1,0,0,0,0,0
8721483,2022-03-22,34,1,0,0,0,0,0
8721483,2022-03-23,32,2,0,0,0,0,0
8721483,2022-03-24,31,1,0,0,62,62,0
8721483,2022-03-25,31,0,0,0,0,62,0
8721483,2022-03-26,31,0,0,0,0,62,0
8721483,2022-03-27,28,3,0,0,0,62,0
8721483,2022-03-28,27,1,0,0,0,62,0
8721483,2022-03-29,27,0,0,0,0,62,0
8721483,2022-03-30,27,0,0,0,0,62,0
8721483,2022-03-31,25,2,0,0,0,62,0
8721483,2022-04-01,25,0,0,0,0,62,0
8721483,2022-04-02,24,1,0,0,0,62,0
8721483,2022-04-03,20,4,0,0,0,62,0
8721483,2022-04-04,19,1,0,0,0,62,0
8721483,2022-04-05,19,0,0,0,0,62,0
8721483,2022-04-06,17,2,0,0,0,62,0
8721483,2022-04-07,16,1,0,0,0,62,0
8721483,2022-04-08,14,2,0,0,0,62,0
8721483,2022-04-09,12,2,0,0,0,62,0
8721483,2022-04-10,12,0,0,0,0,62,0
8721483,2022-04-11,12,0,0,0,0,62,0
8721483,2022-04-12,9,3,0,0,0,62,0
8721483,2022-04-13,9,0,0,0,0,62,0
8721483,2022-04-14,70,1,0,62,0,0,0
8721483,2022-04-15,70,0,0,0,0,0,0
8721483,2022-04-16,69,1,0,0,0,0,0
8721483,2022-04-17,67,2,0,0,0,0,0
8721483,2022-04-18,65,2,0,0,0,0,0
8721483,2022-04-19,65,0,0,0,0,0,0
8721483,2022-04-20,62,3,0,0,0,0,0
8721483,2022-04-21,61,1,0,0,0,0,0
8721483,2022-04-22,60,1,0,0,0,0,0
8721483,2022-04-23,58,2,0,0,0,0,0
8721483,2022-04-24,58,0,0,0,0,0,0
8721483,2022-04-25,57,1,0,0,0,0,0
8721483,2022-04-26,57,0,0,0,0,0,0
8721483,2022-04-27,55,2,0,0,0,0,0
8721483,2022-04-28,54,1,0,0,0,0,0
8721483,2022-04-29,52,2,0,0,0,0,0
8721483,2022-04-30,49,3,0,0,0,0,0
8721483,2022-05-01,47,2,0,0,0,0,0
8721483,2022-05-02,46,1,0,0,0,0,0
8721483,2022-05-03,45,1,0,0,0,0,0
8721483,2022-05-04,43,2,0,0,0,0,0
8721483,2022-05-05,42,1,0,0,0,0,0
8721483,2022-05-06,42,0,0,0,0,0,0
8721483,2022-05-07,41,1,0,0,0,0,0
8721483,2022-05-08,40,1,0,0,0,0,0
8721483,2022-05-09,40,0,0,0,0,0,0
8721483,2022-05-10,40,0,0,0,0,0,0
8721483,2022-05-11,40,0,0,0,0,0,0
8721483,2022-05-12,40,0,0,0,0,0,0
8721483,2022-05-13,40,0,0,0,0,0,0
8721483,2022-05-14,39,1,0,0,0,0,0
8721483,2022-05-15,37,2,0,0,0,0,0
8721483,2022-05-16,34,3,0,0,0,0,0
8721483,2022-05-17,33,1,0,0,0,0,0
8721483,2022-05-18,32,1,0,0,0,0,0
8721483,2022-05-19,32,0,0,0,0,0,0
8721483,2022-05-20,30,2,0,0,0,0,0
8721483,2022-05-21,29,1,0,0,0,0,0
8721483,2022-05-22,27,2,0,0,55,55,0
8721483,2022-05-23,26,1,0,0,0,55,0
8721483,2022-05-24,26,0,0,0,0,55,0
8721483,2022-05-25,26,0,0,0,0,55,0
8721483,2022-05-26,25,1,0,0,0,55,0
8721483,2022-05-27,22,3,0,0,0,55,0
8721483,2022-05-28,21,1,0,0,0,55,0
8721483,2022-05-29,20,1,0,0,0,55,0
8721483,2022-05-30,19,1,0,0,0,55,0
8721483,2022-05-31,17,2,0,0,0,55,0
8721483,2022-06-01,13,4,0,0,0,55,0
8721483,2022-06-02,13,0,0,0,0,55,0
8721483,2022-06-03,13,0,0,0,0,55,0
8721483,2022-06-04,13,0,0,0,0,55,0
8721483,2022-06-05,12,1,0,0,0,55,0
8721483,2022-06-06,9,3,0,0,0,55,0
8721483,2022-06-07,8,1,0,0,0,55,0
8721483,2022-06-08,7,1,0,0,0,55,0
8721483,2022-06-09,5,2,0,0,0,55,0
8721483,2022-06-10,5,0,0,0,0,55,0
8721483,2022-06-11,5,0,0,0,0,55,0
8721483,2022-06-12,58,2,0,55,0,0,0
8721483,2022-06-13,57,1,0,0,0,0,0
8721483,2022-06-14,57,0,0,0,0,0,0
8721483,2022-06-15,56,1,0,0,0,0,0
8721483,2022-06-16,54,2,0,0,0,0,0
8721483,2022-06-17,53,1,0,0,0,0,0
8721483,2022-06-18,53,0,0,0,0,0,0
8721483,2022-06-19,51,2,0,0,0,0,0
8721483,2022-06-20,48,3,0,0,0,0,0
8721483,2022-06-21,47,1,0,0,0,0,0
8721483,2022-06-22,47,0,0,0,0,0,0
8721483,2022-06-23,47,0,0,0,0,0,0
8721483,2022-06-24,44,3,0,0,0,0,0
8721483,2022-06-25,42,2,0,0,0,0,0
8721483,2022-06-26,42,0,0,0,0,0,0
8721483,2022-06-27,42,0,0,0,0,0,0
8721483,2022-06-28,39,3,0,0,0,0,0
8721483,2022-06-29,36,3,0,0,0,0,0
8721483,2022-06-30,36,0,0,0,0,0,0
8721483,2022-07-01,33,3,0,0,0,0,0
8721483,2022-07-02,33,0,0,0,0,0,0
8721483,2022-07-03,29,4,0,0,0,0,0
8721483,2022-07-04,29,0,0,0,0,0,0
8721483,2022-07-05,27,2,0,0,57,57,0
8721483,2022-07-06,26,1,0,0,0,57,0
8721483,2022-07-07,26,0,0,0,0,57,0
8721483,2022-07-08,26,0,0,0,0,57,0
8721483,2022-07-09,24,2,0,0,0,57,0
8721483,2022-07-10,21,3,0,0,0,57,0
8721483,2022-07-11,21,0,0,0,0,57,0
8721483,2022-07-12,21,0,0,0,0,57,0
8721483,2022-07-13,20,1,0,0,0,57,0
8721483,2022-07-14,17,3,0,0,0,57,0
8721483,2022-07-15,16,1,0,0,0,57,0
8721483,2022-07-16,14,2,0,0,0,57,0
8721483,2022-07-17,12,2,0,0,0,57,0
8721483,2022-07-18,11,1,0,0,0,57,0
8721483,2022-07-19,9,2,0,0,0,57,0
8721483,2022-07-20,9,0,0,0,0,57,0
8721483,2022-07-21,8,1,0,0,0,57,0
8721483,2022-07-22,6,2,0,0,0,57,0
8721483,2022-07-23,6,0,0,0,0,57,0
8721483,2022-07-24,6,0,0,0,0,57,0
8721483,2022-07-25,6,0,0,0,0,57,0
8721483,2022-07-26,63,0,0,57,0,0,0
8721483,2022-07-27,61,2,0,0,0,0,0
8721483,2022-07-28,61,0,0,0,0,0,0
8721483,2022-07-29,60,1,0,0,0,0,0
8721483,2022-07-30,58,2,0,0,0,0,0
8721483,2022-07-31,58,0,0,0,0,0,0
8721483,2022-08-01,58,0,0,0,0,0,0
8721483,2022-08-02,57,1,0,0,0,0,0
8721483,2022-08-03,56,1,0,0,0,0,0
8721483,2022-08-04,56,0,0,0,0,0,0
8721483,2022-08-05,55,1,0,0,0,0,0
8721483,2022-08-06,53,2,0,0,0,0,0
8721483,2022-08-07,52,1,0,0,0,0,0
8721483,2022-08-08,51,1,0,0,0,0,0
8721483,2022-08-09,50,1,0,0,0,0,0
8721483,2022-08-10,48,2,0,0,0,0,0
8721483,2022-08-11,47,1,0,0,0,0,0
8721483,2022-08-12,44,3,0,0,0,0,0
8721483,2022-08-13,43,1,0,0,0,0,0
8721483,2022-08-14,42,1,0,0,0,0,0
8721483,2022-08-15,41,1,0,0,0,0,0
8721483,2022-08-16,41,0,0,0,0,0,0
8721483,2022-08-17,41,0,0,0,0,0,0
8721483,2022-08-18,40,1,0,0,0,0,0
8721483,2022-08-19,37,3,0,0,0,0,0
8721483,2022-08-20,34,3,0,0,0,0,0
8721483,2022-08-21,33,1,0,0,0,0,0
8721483,2022-08-22,32,1,0,0,0,0,0
8721483,2022-08-23,31,1,0,0,0,0,0
8721483,2022-08-24,31,0,0,0,0,0,0
8721483,2022-08-25,30,1,0,0,0,0,0
8721483,2022-08-26,29,1,0,0,0,0,0
8721483,2022-08-27,26,3,0,0,53,53,0
8721483,2022-08-28,25,1,0,0,0,53,0
8721483,2022-08-29,21,4,0,0,0,53,0
8721483,2022-08-30,21,0,0,0,0,53,0
8721483,2022-08-31,19,2,0,0,0,53,0
8721483,2022-09-01,18,1,0,0,0,53,0
8721483,2022-09-02,18,0,0,0,0,53,0
8721483,2022-09-03,18,0,0,0,0,53,0
8721483,2022-09-04,17,1,0,0,0,53,0
8721483,2022-09-05,16,1,0,0,0,53,0
8721483,2022-09-06,13,3,0,0,0,53,0
8721483,2022-09-07,12,1,0,0,0,53,0
8721483,2022-09-08,9,3,0,0,0,53,0
8721483,2022-09-09,8,1,0,0,0,53,0
8721483,2022-09-10,7,1,0,0,0,53,0
8721483,2022-09-11,5,2,0,0,0,53,0
8721483,2022-09-12,3,2,0,0,0,53,0
8721483,2022-09-13,2,1,0,0,0,53,0
8721483,2022-09-14,0,2,0,0,0,53,0
8721483,2022-09-15,0,2,2,0,0,53,1
8721483,2022-09-16,0,3,3,0,0,53,1
8721483,2022-09-17,53,0,0,53,0,0,0
8721483,2022-09-18,52,1,0,0,0,0,0
8721483,2022-09-19,50,2,0,0,0,0,0
8721483,2022-09-20,49,1,0,0,0,0,0
8721483,2022-09-21,45,4,0,0,0,0,0
8721483,2022-09-22,42,3,0,0,0,0,0
8721483,2022-09-23,40,2,0,0,0,0,0
8721483,2022-09-24,36,4,0,0,0,0,0
8721483,2022-09-25,32,4,0,0,68,68,0
8721483,2022-09-26,31,1,0,0,0,68,0
8721483,2022-09-27,31,0,0,0,0,68,0
8721483,2022-09-28,28,3,0,0,0,68,0
8721483,2022-09-29,27,1,0,0,0,68,0
8721483,2022-09-30,26,1,0,0,0,68,0
8721483,2022-10-01,25,1,0,0,0,68,0
8721483,2022-10-02,25,0,0,0,0,68,0
8721483,2022-10-03,24,1,0,0,0,68,0
8721483,2022-10-04,20,4,0,0,0,68,0
8721483,2022-10-05,20,0,0,0,0,68,0
8721483,2022-10-06,19,1,0,0,0,68,0
8721483,2022-10-07,17,2,0,0,0,68,0
8721483,2022-10-08,15,2,0,0,0,68,0
8721483,2022-10-09,13,2,0,0,0,68,0
8721483,2022-10-10,13,0,0,0,0,68,0
8721483,2022-10-11,13,0,0,0,0,68,0
8721483,2022-10-12,10,3,0,0,0,68,0
8721483,2022-10-13,9,1,0,0,0,68,0
8721483,2022-10-14,8,1,0,0,0,68,0
8721483,2022-10-15,5,3,0,0,0,68,0
8721483,2022-10-16,69,4,0,68,0,0,0
8721483,2022-10-17,69,0,0,0,0,0,0
8721483,2022-10-18,69,0,0,0,0,0,0
8721483,2022-10-19,68,1,0,0,0,0,0
8721483,2022-10-20,67,1,0,0,0,0,0
8721483,2022-10-21,65,2,0,0,0,0,0
8721483,2022-10-22,63,2,0,0,0,0,0
8721483,2022-10-23,61,2,0,0,0,0,0
8721483,2022-10-24,60,1,0,0,0,0,0
8721483,2022-10-25,59,1,0,0,0,0,0
8721483,2022-10-26,57,2,0,0,0,0,0
8721483,2022-10-27,54,3,0,0,0,0,0
8721483,2022-10-28,54,0,0,0,0,0,0
8721483,2022-10-29,54,0,0,0,0,0,0
8721483,2022-10-30,53,1,0,0,0,0,0
8721483,2022-10-31,52,1,0,0,0,0,0
8721483,2022-11-01,51,1,0,0,0,0,0
8721483,2022-11-02,50,1,0,0,0,0,0
8721483,2022-11-03,50,0,0,0,0,0,0
8721483,2022-11-04,49,1,0,0,0,0,0
8721483,2022-11-05,49,0,0,0,0,0,0
8721483,2022-11-06,49,0,0,0,0,0,0
8721483,2022-11-07,48,1,0,0,0,0,0
8721483,2022-11-08,45,3,0,0,0,0,0
8721483,2022-11-09,45,0,0,0,0,0,0
8721483,2022-11-10,45,0,0,0,0,0,0
8721483,2022-11-11,44,1,0,0,0,0,0
8721483,2022-11-12,44,0,0,0,0,0,0
8721483,2022-11-13,43,1,0,0,0,0,0
8721483,2022-11-14,42,1,0,0,0,0,0
8721483,2022-11-15,39,3,0,0,0,0,0
8721483,2022-11-16,38,1,0,0,0,0,0
8721483,2022-11-17,36,2,0,0,0,0,0
8721483,2022-11-18,36,0,0,0,0,0,0
8721483,2022-11-19,36,0,0,0,0,0,0
8721483,2022-11-20,35,1,0,0,0,0,0
8721483,2022-11-21,34,1,0,0,0,0,0
8721483,2022-11-22,33,1,0,0,0,0,0
8721483,2022-11-23,33,0,0,0,0,0,0
8721483,2022-11-24,31,2,0,0,0,0,0
8721483,2022-11-25,28,3,0,0,0,0,0
8721483,2022-11-26,22,6,0,0,57,57,0
8721483,2022-11-27,19,3,0,0,0,57,0
8721483,2022-11-28,19,0,0,0,0,57,0
8721483,2022-11-29,19,0,0,0,0,57,0
8721483,2022-11-30,19,0,0,0,0,57,0
8721483,2022-12-01,18,1,0,0,0,57,0
8721483,2022-12-02,18,0,0,0,0,57,0
8721483,2022-12-03,16,2,0,0,0,57,0
8721483,2022-12-04,15,1,0,0,0,57,0
8721483,2022-12-05,14,1,0,0,0,57,0
8721483,2022-12-06,11,3,0,0,0,57,0
8721483,2022-12-07,11,0,0,0,0,57,0
8721483,2022-12-08,11,0,0,0,0,57,0
8721483,2022-12-09,11,0,0,0,0,57,0
8721483,2022-12-10,8,3,0,0,0,57,0
8721483,2022-12-11,6,2,0,0,0,57,0
8721483,2022-12-12,5,1,0,0,0,57,0
8721483,2022-12-13,5,0,0,0,0,57,0
8721483,2022-12-14,4,1,0,0,0,57,0
8721483,2022-12-15,4,0,0,0,0,57,0
8721483,2022-12-16,4,0,0,0,0,57,0
8721483,2022-12-17,60,1,0,57,0,0,0
8721483,2022-12-18,59,1,0,0,0,0,0
8721483,2022-12-19,58,1,0,0,0,0,0
8721483,2022-12-20,57,1,0,0,0,0,0
8721483,2022-12-21,54,3,0,0,0,0,0
8721483,2022-12-22,52,2,0,0,0,0,0
8721483,2022-12-23,52,0,0,0,0,0,0
8721483,2022-12-24,52,0,0,0,0,0,0
8721483,2022-12-25,51,1,0,0,0,0,0
8721483,2022-12-26,50,1,0,0,0,0,0
8721483,2022-12-27,50,0,0,0,0,0,0
8721483,2022-12-28,49,1,0,0,0,0,0
8721483,2022-12-29,48,1,0,0,0,0,0
8721483,2022-12-30,48,0,0,0,0,0,0
8721483,2022-12-31,47,1,0,0,0,0,0
8721483,2023-01-01,47,0,0,0,0,0,0
8721483,2023-01-02,47,0,0,0,0,0,0
8721483,2023-01-03,45,2,0,0,0,0,0
8721483,2023-01-04,44,1,0,0,0,0,0
8721483,2023-01-05,44,0,0,0,0,0,0
8721483,2023-01-06,43,1,0,0,0,0,0
8721483,2023-01-07,40,3,0,0,0,0,0
8721483,2023-01-08,38,2,0,0,0,0,0
8721483,2023-01-09,36,2,0,0,0,0,0
8721483,2023-01-10,35,1,0,0,0,0,0
8721483,2023-01-11,34,1,0,0,0,0,0
8721483,2023-01-12,34,0,0,0,0,0,0
8721483,2023-01-13,30,4,0,0,0,0,0
8721483,2023-01-14,28,2,0,0,0,0,0
8721483,2023-01-15,27,1,0,0,56,56,0
8721483,2023-01-16,24,3,0,0,0,56,0
8721483,2023-01-17,23,1,0,0,0,56,0
8721483,2023-01-18,22,1,0,0,0,56,0
8721483,2023-01-19,21,1,0,0,0,56,0
8721483,2023-01-20,20,1,0,0,0,56,0
8721483,2023-01-21,16,4,0,0,0,56,0
8721483,2023-01-22,14,2,0,0,0,56,0
8721483,2023-01-23,12,2,0,0,0,56,0
8721483,2023-01-24,11,1,0,0,0,56,0
8721483,2023-01-25,10,1,0,0,0,56,0
8721483,2023-01-26,9,1,0,0,0,56,0
8721483,2023-01-27,7,2,0,0,0,56,0
8721483,2023-01-28,3,4,0,0,0,56,0
8721483,2023-01-29,0,4,1,0,0,56,1
8721483,2023-01-30,0,1,1,0,0,56,1
8721483,2023-01-31,0,3,3,0,0,56,1
8721483,2023-02-01,0,2,2,0,0,56,1
8721483,2023-02-02,0,0,0,0,0,56,0
8721483,2023-02-03,0,1,1,0,0,56,1
8721483,2023-02-04,0,2,2,0,0,56,1
8721483,2023-02-05,56,0,0,56,0,0,0
8721483,2023-02-06,56,0,0,0,0,0,0
8721483,2023-02-07,56,0,0,0,0,0,0
8721483,2023-02-08,54,2,0,0,0,0,0
8721483,2023-02-09,54,0,0,0,0,0,0
8721483,2023-02-10,53,1,0,0,0,0,0
8721483,2023-02-11,51,2,0,0,0,0,0
8721483,2023-02-12,51,0,0,0,0,0,0
8721483,2023-02-13,50,1,0,0,0,0,0
8721483,2023-02-14,49,1,0,0,0,0,0
8721483,2023-02-15,49,0,0,0,0,0,0
8721483,2023-02-16,45,4,0,0,0,0,0
8721483,2023-02-17,43,2,0,0,0,0,0
8721483,2023-02-18,43,0,0,0,0,0,0
8721483,2023-02-19,42,1,0,0,0,0,0
8721483,2023-02-20,40,2,0,0,0,0,0
8721483,2023-02-21,38,2,0,0,0,0,0
8721483,2023-02-22,38,0,0,0,0,0,0
8721483,2023-02-23,38,0,0,0,0,0,0
8721483,2023-02-24,38,0,0,0,0,0,0
8721483,2023-02-25,37,1,0,0,0,0,0
8721483,2023-02-26,36,1,0,0,0,0,0
8721483,2023-02-27,35,1,0,0,0,0,0
8721483,2023-02-28,34,1,0,0,0,0,0
8721483,2023-03-01,31,3,0,0,65,65,0
8721483,2023-03-02,27,4,0,0,0,65,0
8721483,2023-03-03,21,6,0,0,0,65,0
8721483,2023-03-04,20,1,0,0,0,65,0
8721483,2023-03-05,19,1,0,0,0,65,0
8721483,2023-03-06,19,0,0,0,0,65,0
8721483,2023-03-07,18,1,0,0,0,65,0
8721483,2023-03-08,17,1,0,0,0,65,0
8721483,2023-03-09,17,0,0,0,0,65,0
8721483,2023-03-10,13,4,0,0,0,65,0
8721483,2023-03-11,13,0,0,0,0,65,0
8721483,2023-03-12,11,2,0,0,0,65,0
8721483,2023-03-13,9,2,0,0,0,65,0
8721483,2023-03-14,8,1,0,0,0,65,0
8721483,2023-03-15,6,2,0,0,0,65,0
8721483,2023-03-16,6,0,0,0,0,65,0
8721483,2023-03-17,5,1,0,0,0,65,0
8721483,2023-03-18,4,1,0,0,0,65,0
8721483,2023-03-19,1,3,0,0,0,65,0
8721483,2023-03-20,0,1,0,0,0,65,0
8721483,2023-03-21,0,0,0,0,0,65,0
8721483,2023-03-22,64,1,0,65,0,0,0
8721483,2023-03-23,62,2,0,0,0,0,0
8721483,2023-03-24,59,3,0,0,0,0,0
8721483,2023-03-25,55,4,0,0,0,0,0
8721483,2023-03-26,51,4,0,0,0,0,0
8721483,2023-03-27,49,2,0,0,0,0,0
8721483,2023-03-28,48,1,0,0,0,0,0
8721483,2023-03-29,47,1,0,0,0,0,0
8721483,2023-03-30,46,1,0,0,0,0,0
8721483,2023-03-31,45,1,0,0,0,0,0
8721483,2023-04-01,41,4,0,0,0,0,0
8721483,2023-04-02,39,2,0,0,0,0,0
8721483,2023-04-03,38,1,0,0,0,0,0
8721483,2023-04-04,37,1,0,0,0,0,0
8721483,2023-04-05,36,1,0,0,0,0,0
8721483,2023-04-06,35,1,0,0,70,70,0
8721483,2023-04-07,32,3,0,0,0,70,0
8721483,2023-04-08,31,1,0,0,0,70,0
8721483,2023-04-09,31,0,0,0,0,70,0
8721483,2023-04-10,28,3,0,0,0,70,0
8721483,2023-04-11,28,0,0,0,0,70,0
8721483,2023-04-12,27,1,0,0,0,70,0
8721483,2023-04-13,27,0,0,0,0,70,0
8721483,2023-04-14,26,1,0,0,0,70,0
8721483,2023-04-15,24,2,0,0,0,70,0
8721483,2023-04-16,23,1,0,0,0,70,0
8721483,2023-04-17,20,3,0,0,0,70,0
8721483,2023-04-18,19,1,0,0,0,70,0
8721483,2023-04-19,19,0,0,0,0,70,0
8721483,2023-04-20,17,2,0,0,0,70,0
8721483,2023-04-21,17,0,0,0,0,70,0
8721483,2023-04-22,15,2,0,0,0,70,0
8721483,2023-04-23,13,2,0,0,0,70,0
8721483,2023-04-24,13,0,0,0,0,70,0
8721483,2023-04-25,11,2,0,0,0,70,0
8721483,2023-04-26,10,1,0,0,0,70,0
8721483,2023-04-27,80,0,0,70,0,0,0
8721483,2023-04-28,75,5,0,0,0,0,0
8721483,2023-04-29,73,2,0,0,0,0,0
8721483,2023-04-30,72,1,0,0,0,0,0
8721483,2023-05-01,72,0,0,0,0,0,0
8721483,2023-05-02,71,1,0,0,0,0,0
8721483,2023-05-03,70,1,0,0,0,0,0
8721483,2023-05-04,70,0,0,0,0,0,0
8721483,2023-05-05,66,4,0,0,0,0,0
8721483,2023-05-06,65,1,0,0,0,0,0
8721483,2023-05-07,62,3,0,0,0,0,0
8721483,2023-05-08,60,2,0,0,0,0,0
8721483,2023-05-09,60,0,0,0,0,0,0
8721483,2023-05-10,58,2,0,0,0,0,0
8721483,2023-05-11,57,1,0,0,0,0,0
8721483,2023-05-12,56,1,0,0,0,0,0
8721483,2023-05-13,56,0,0,0,0,0,0
8721483,2023-05-14,52,4,0,0,0,0,0
8721483,2023-05-15,51,1,0,0,0,0,0
8721483,2023-05-16,48,3,0,0,0,0,0
8721483,2023-05-17,47,1,0,0,0,0,0
8721483,2023-05-18,46,1,0,0,0,0,0
8721483,2023-05-19,44,2,0,0,0,0,0
8721483,2023-05-20,40,4,0,0,0,0,0
8721483,2023-05-21,38,2,0,0,0,0,0
8721483,2023-05-22,35,3,0,0,70,70,0
8721483,2023-05-23,32,3,0,0,0,70,0
8721483,2023-05-24,32,0,0,0,0,70,0
8721483,2023-05-25,31,1,0,0,0,70,0
8721483,2023-05-26,29,2,0,0,0,70,0
8721483,2023-05-27,26,3,0,0,0,70,0
8721483,2023-05-28,23,3,0,0,0,70,0
8721483,2023-05-29,22,1,0,0,0,70,0
8721483,2023-05-30,18,4,0,0,0,70,0
8721483,2023-05-31,14,4,0,0,0,70,0
8721483,2023-06-01,13,1,0,0,0,70,0
8721483,2023-06-02,13,0,0,0,0,70,0
8721483,2023-06-03,9,4,0,0,0,70,0
8721483,2023-06-04,7,2,0,0,0,70,0
8721483,2023-06-05,1,6,0,0,0,70,0
8721483,2023-06-06,0,1,0,0,0,70,0
8721483,2023-06-07,0,1,1,0,0,70,1
8721483,2023-06-08,0,3,3,0,0,70,1
8721483,2023-06-09,0,1,1,0,0,70,1
8721483,2023-06-10,0,1,1,0,0,70,1
8721483,2023-06-11,0,3,3,0,0,70,1
8721483,2023-06-12,68,2,0,70,0,0,0
8721483,2023-06-13,66,2,0,0,0,0,0
8721483,2023-06-14,65,1,0,0,0,0,0
8721483,2023-06-15,61,4,0,0,0,0,0
8721483,2023-06-16,60,1,0,0,0,0,0
8721483,2023-06-17,57,3,0,0,0,0,0
8721483,2023-06-18,56,1,0,0,0,0,0
8721483,2023-06-19,54,2,0,0,0,0,0
8721483,2023-06-20,54,0,0,0,0,0,0
8721483,2023-06-21,54,0,0,0,0,0,0
8721483,2023-06-22,54,0,0,0,0,0,0
8721483,2023-06-23,54,0,0,0,0,0,0
8721483,2023-06-24,52,2,0,0,0,0,0
8721483,2023-06-25,50,2,0,0,0,0,0
8721483,2023-06-26,49,1,0,0,0,0,0
8721483,2023-06-27,49,0,0,0,0,0,0
8721483,2023-06-28,46,3,0,0,0,0,0
8721483,2023-06-29,42,4,0,0,86,86,0
8721483,2023-06-30,37,5,0,0,0,86,0
8721483,2023-07-01,34,3,0,0,0,86,0
8721483,2023-07-02,32,2,0,0,0,86,0
8721483,2023-07-03,29,3,0,0,0,86,0
8721483,2023-07-04,29,0,0,0,0,86,0
8721483,2023-07-05,28,1,0,0,0,86,0
8721483,2023-07-06,28,0,0,0,0,86,0
8721483,2023-07-07,27,1,0,0,0,86,0
8721483,2023-07-08,25,2,0,0,0,86,0
8721483,2023-07-09,22,3,0,0,0,86,0
8721483,2023-07-10,21,1,0,0,0,86,0
8721483,2023-07-11,19,2,0,0,0,86,0
8721483,2023-07-12,18,1,0,0,0,86,0
8721483,2023-07-13,18,0,0,0,0,86,0
8721483,2023-07-14,16,2,0,0,0,86,0
8721483,2023-07-15,14,2,0,0,0,86,0
8721483,2023-07-16,13,1,0,0,0,86,0
8721483,2023-07-17,11,2,0,0,0,86,0
8721483,2023-07-18,11,0,0,0,0,86,0
8721483,2023-07-19,8,3,0,0,0,86,0
8721483,2023-07-20,90,4,0,86,0,0,0
8721483,2023-07-21,89,1,0,0,0,0,0
8721483,2023-07-22,89,0,0,0,0,0,0
8721483,2023-07-23,88,1,0,0,0,0,0
8721483,2023-07-24,86,2,0,0,0,0,0
8721483,2023-07-25,86,0,0,0,0,0,0
8721483,2023-07-26,84,2,0,0,0,0,0
8721483,2023-07-27,83,1,0,0,0,0,0
8721483,2023-07-28,82,1,0,0,0,0,0
8721483,2023-07-29,81,1,0,0,0,0,0
8721483,2023-07-30,78,3,0,0,0,0,0
8721483,2023-07-31,76,2,0,0,0,0,0
8721483,2023-08-01,74,2,0,0,0,0,0
8721483,2023-08-02,71,3,0,0,0,0,0
8721483,2023-08-03,69,2,0,0,0,0,0
8721483,2023-08-04,67,2,0,0,0,0,0
8721483,2023-08-05,66,1,0,0,0,0,0
8721483,2023-08-06,64,2,0,0,0,0,0
8721483,2023-08-07,63,1,0,0,0,0,0
8721483,2023-08-08,62,1,0,0,0,0,0
8721483,2023-08-09,61,1,0,0,0,0,0
8721483,2023-08-10,57,4,0,0,0,0,0
8721483,2023-08-11,56,1,0,0,0,0,0
8721483,2023-08-12,54,2,0,0,0,0,0
8721483,2023-08-13,51,3,0,0,0,0,0
8721483,2023-08-14,49,2,0,0,0,0,0
8721483,2023-08-15,48,1,0,0,0,0,0
8721483,2023-08-16,46,2,0,0,0,0,0
8721483,2023-08-17,43,3,0,0,0,0,0
8721483,2023-08-18,42,1,0,0,0,0,0
8721483,2023-08-19,40,2,0,0,82,82,0
8721483,2023-08-20,37,3,0,0,0,82,0
8721483,2023-08-21,37,0,0,0,0,82,0
8721483,2023-08-22,33,4,0,0,0,82,0
8721483,2023-08-23,32,1,0,0,0,82,0
8721483,2023-08-24,30,2,0,0,0,82,0
8721483,2023-08-25,29,1,0,0,0,82,0
8721483,2023-08-26,26,3,0,0,0,82,0
8721483,2023-08-27,24,2,0,0,0,82,0
8721483,2023-08-28,22,2,0,0,0,82,0
8721483,2023-08-29,20,2,0,0,0,82,0
8721483,2023-08-30,19,1,0,0,0,82,0
8721483,2023-08-31,18,1,0,0,0,82,0
8721483,2023-09-01,15,3,0,0,0,82,0
8721483,2023-09-02,13,2,0,0,0,82,0
8721483,2023-09-03,9,4,0,0,0,82,0
8721483,2023-09-04,7,2,0,0,0,82,0
8721483,2023-09-05,6,1,0,0,0,82,0
8721483,2023-09-06,5,1,0,0,0,82,0
8721483,2023-09-07,1,4,0,0,0,82,0
8721483,2023-09-08,0,2,1,0,0,82,1
8721483,2023-09-09,81,1,0,82,0,0,0
8721483,2023-09-10,78,3,0,0,0,0,0
8721483,2023-09-11,76,2,0,0,0,0,0
8721483,2023-09-12,75,1,0,0,0,0,0
8721483,2023-09-13,74,1,0,0,0,0,0
8721483,2023-09-14,73,1,0,0,0,0,0
8721483,2023-09-15,71,2,0,0,0,0,0
8721483,2023-09-16,68,3,0,0,0,0,0
8721483,2023-09-17,62,6,0,0,0,0,0
8721483,2023-09-18,62,0,0,0,0,0,0
8721483,2023-09-19,59,3,0,0,0,0,0
8721483,2023-09-20,59,0,0,0,0,0,0
8721483,2023-09-21,58,1,0,0,0,0,0
8721483,2023-09-22,55,3,0,0,0,0,0
8721483,2023-09-23,53,2,0,0,0,0,0
8721483,2023-09-24,51,2,0,0,0,0,0
8721483,2023-09-25,50,1,0,0,0,0,0
8721483,2023-09-26,50,0,0,0,0,0,0
8721483,2023-09-27,47,3,0,0,0,0,0
8721483,2023-09-28,44,3,0,0,89,89,0
8721483,2023-09-29,41,3,0,0,0,89,0
8721483,2023-09-30,38,3,0,0,0,89,0
8721483,2023-10-01,37,1,0,0,0,89,0
8721483,2023-10-02,36,1,0,0,0,89,0
8721483,2023-10-03,34,2,0,0,0,89,0
8721483,2023-10-04,31,3,0,0,0,89,0
8721483,2023-10-05,31,0,0,0,0,89,0
8721483,2023-10-06,30,1,0,0,0,89,0
8721483,2023-10-07,30,0,0,0,0,89,0
8721483,2023-10-08,30,0,0,0,0,89,0
8721483,2023-10-09,29,1,0,0,0,89,0
8721483,2023-10-10,28,1,0,0,0,89,0
8721483,2023-10-11,26,2,0,0,0,89,0
8721483,2023-10-12,25,1,0,0,0,89,0
8721483,2023-10-13,22,3,0,0,0,89,0
8721483,2023-10-14,22,0,0,0,0,89,0
8721483,2023-10-15,21,1,0,0,0,89,0
8721483,2023-10-16,20,1,0,0,0,89,0
8721483,2023-10-17,18,2,0,0,0,89,0
8721483,2023-10-18,15,3,0,0,0,89,0
8721483,2023-10-19,103,1,0,89,0,0,0
8721483,2023-10-20,98,5,0,0,0,0,0
8721483,2023-10-21,93,5,0,0,0,0,0
8721483,2023-10-22,92,1,0,0,0,0,0
8721483,2023-10-23,91,1,0,0,0,0,0
8721483,2023-10-24,89,2,0,0,0,0,0
8721483,2023-10-25,87,2,0,0,0,0,0
8721483,2023-10-26,84,3,0,0,0,0,0
8721483,2023-10-27,82,2,0,0,0,0,0
8721483,2023-10-28,81,1,0,0,0,0,0
8721483,2023-10-29,81,0,0,0,0,0,0
8721483,2023-10-30,79,2,0,0,0,0,0
8721483,2023-10-31,77,2,0,0,0,0,0
8721483,2023-11-01,73,4,0,0,0,0,0
8721483,2023-11-02,73,0,0,0,0,0,0
8721483,2023-11-03,71,2,0,0,0,0,0
8721483,2023-11-04,70,1,0,0,0,0,0
8721483,2023-11-05,66,4,0,0,0,0,0
8721483,2023-11-06,65,1,0,0,0,0,0
8721483,2023-11-07,63,2,0,0,0,0,0
8721483,2023-11-08,60,3,0,0,0,0,0
8721483,2023-11-09,58,2,0,0,0,0,0
8721483,2023-11-10,57,1,0,0,0,0,0
8721483,2023-11-11,55,2,0,0,0,0,0
8721483,2023-11-12,55,0,0,0,0,0,0
8721483,2023-11-13,53,2,0,0,0,0,0
8721483,2023-11-14,51,2,0,0,0,0,0
8721483,2023-11-15,51,0,0,0,0,0,0
8721483,2023-11-16,49,2,0,0,0,0,0
8721483,2023-11-17,48,1,0,0,0,0,0
8721483,2023-11-18,47,1,0,0,0,0,0
8721483,2023-11-19,46,1,0,0,0,0,0
8721483,2023-11-20,46,0,0,0,0,0,0
8721483,2023-11-21,45,1,0,0,0,0,0
8721483,2023-11-22,43,2,0,0,0,0,0
8721483,2023-11-23,38,5,0,0,78,78,0
8721483,2023-11-24,32,6,0,0,0,78,0
8721483,2023-11-25,21,11,0,0,0,78,0
8721483,2023-11-26,11,10,0,0,0,78,0
8721483,2023-11-27,9,2,0,0,0,78,0
8721483,2023-11-28,7,2,0,0,0,78,0
8721483,2023-11-29,7,0,0,0,0,78,0
8721483,2023-11-30,7,0,0,0,0,78,0
8721483,2023-12-01,5,2,0,0,0,78,0
8721483,2023-12-02,1,4,0,0,0,78,0
8721483,2023-12-03,0,2,1,0,0,78,1
8721483,2023-12-04,0,1,1,0,0,78,1
8721483,2023-12-05,0,0,0,0,0,78,0
8721483,2023-12-06,0,1,1,0,0,78,1
8721483,2023-12-07,0,4,4,0,0,78,1
8721483,2023-12-08,0,1,1,0,0,78,1
8721483,2023-12-09,0,2,2,0,0,78,1
8721483,2023-12-10,0,0,0,0,0,78,0
8721483,2023-12-11,0,1,1,0,0,78,1
8721483,2023-12-12,0,2,2,0,0,78,1
8721483,2023-12-13,0,4,4,0,0,78,1
8721483,2023-12-14,0,0,0,0,0,78,0
8721483,2023-12-15,0,3,3,0,0,78,1
8721483,2023-12-16,75,3,0,78,0,0,0
8721483,2023-12-17,72,3,0,0,0,0,0
8721483,2023-12-18,69,3,0,0,0,0,0
8721483,2023-12-19,69,0,0,0,0,0,0
8721483,2023-12-20,67,2,0,0,0,0,0
8721483,2023-12-21,66,1,0,0,0,0,0
8721483,2023-12-22,66,0,0,0,0,0,0
8721483,2023-12-23,65,1,0,0,0,0,0
8721483,2023-12-24,62,3,0,0,0,0,0
8721483,2023-12-25,62,0,0,0,0,0,0
8721483,2023-12-26,61,1,0,0,0,0,0
8721483,2023-12-27,61,0,0,0,0,0,0
8721483,2023-12-28,58,3,0,0,0,0,0
8721483,2023-12-29,58,0,0,0,0,0,0
8721483,2023-12-30,58,0,0,0,0,0,0
8721483,2023-12-31,58,0,0,0,0,0,0
8721483,2024-01-01,56,2,0,0,0,0,0
8721483,2024-01-02,55,1,0,0,0,0,0
8721483,2024-01-03,55,0,0,0,0,0,0
8721483,2024-01-04,54,1,0,0,0,0,0
8721483,2024-01-05,54,0,0,0,0,0,0
8721483,2024-01-06,48,6,0,0,0,0,0
8721483,2024-01-07,46,2,0,0,0,0,0
8721483,2024-01-08,45,1,0,0,0,0,0
8721483,2024-01-09,44,1,0,0,89,89,0
8721483,2024-01-10,43,1,0,0,0,89,0
8721483,2024-01-11,42,1,0,0,0,89,0
8721483,2024-01-12,42,0,0,0,0,89,0
8721483,2024-01-13,39,3,0,0,0,89,0
8721483,2024-01-14,36,3,0,0,0,89,0
8721483,2024-01-15,35,1,0,0,0,89,0
8721483,2024-01-16,31,4,0,0,0,89,0
8721483,2024-01-17,30,1,0,0,0,89,0
8721483,2024-01-18,27,3,0,0,0,89,0
8721483,2024-01-19,25,2,0,0,0,89,0
8721483,2024-01-20,24,1,0,0,0,89,0
8721483,2024-01-21,20,4,0,0,0,89,0
8721483,2024-01-22,16,4,0,0,0,89,0
8721483,2024-01-23,16,0,0,0,0,89,0
8721483,2024-01-24,14,2,0,0,0,89,0
8721483,2024-01-25,12,2,0,0,0,89,0
8721483,2024-01-26,11,1,0,0,0,89,0
8721483,2024-01-27,9,2,0,0,0,89,0
8721483,2024-01-28,7,2,0,0,0,89,0
8721483,2024-01-29,6,1,0,0,0,89,0
8721483,2024-01-30,94,1,0,89,0,0,0
8721483,2024-01-31,94,0,0,0,0,0,0
8721483,2024-02-01,91,3,0,0,0,0,0
8721483,2024-02-02,89,2,0,0,0,0,0
8721483,2024-02-03,86,3,0,0,0,0,0
8721483,2024-02-04,85,1,0,0,0,0,0
8721483,2024-02-05,83,2,0,0,0,0,0
8721483,2024-02-06,82,1,0,0,0,0,0
8721483,2024-02-07,81,1,0,0,0,0,0
8721483,2024-02-08,81,0,0,0,0,0,0
8721483,2024-02-09,79,2,0,0,0,0,0
8721483,2024-02-10,74,5,0,0,0,0,0
8721483,2024-02-11,71,3,0,0,0,0,0
8721483,2024-02-12,67,4,0,0,0,0,0
8721483,2024-02-13,64,3,0,0,0,0,0
8721483,2024-02-14,62,2,0,0,0,0,0
8721483,2024-02-15,56,6,0,0,0,0,0
8721483,2024-02-16,55,1,0,0,0,0,0
8721483,2024-02-17,53,2,0,0,0,0,0
8721483,2024-02-18,46,7,0,0,0,0,0
8721483,2024-02-19,42,4,0,0,88,88,0
8721483,2024-02-20,42,0,0,0,0,88,0
8721483,2024-02-21,42,0,0,0,0,88,0
8721483,2024-02-22,40,2,0,0,0,88,0
8721483,2024-02-23,39,1,0,0,0,88,0
8721483,2024-02-24,36,3,0,0,0,88,0
8721483,2024-02-25,34,2,0,0,0,88,0
8721483,2024-02-26,33,1,0,0,0,88,0
8721483,2024-02-27,30,3,0,0,0,88,0
8721483,2024-02-28,28,2,0,0,0,88,0
8721483,2024-02-29,27,1,0,0,0,88,0
9118281,2022-03-01,46,1,0,0,0,0,0
9118281,2022-03-02,45,1,0,0,0,0,0
9118281,2022-03-03,45,0,0,0,0,0,0
9118281,2022-03-04,42,3,0,0,0,0,0
9118281,2022-03-05,42,0,0,0,0,0,0
9118281,2022-03-06,42,0,0,0,0,0,0
9118281,2022-03-07,41,1,0,0,0,0,0
9118281,2022-03-08,41,0,0,0,0,0,0
9118281,2022-03-09,39,2,0,0,0,0,0
9118281,2022-03-10,38,1,0,0,0,0,0
9118281,2022-03-11,38,0,0,0,0,0,0
9118281,2022-03-12,32,6,0,0,0,0,0
9118281,2022-03-13,29,3,0,0,0,0,0
9118281,2022-03-14,27,2,0,0,0,0,0
9118281,2022-03-15,27,0,0,0,0,0,0
9118281,2022-03-16,26,1,0,0,0,0,0
9118281,2022-03-17,25,1,0,0,0,0,0
9118281,2022-03-18,25,0,0,0,0,0,0
9118281,2022-03-19,24,1,0,0,0,0,0
9118281,2022-03-20,23,1,0,0,0,0,0
9118281,2022-03-21,23,0,0,0,0,0,0
9118281,2022-03-22,23,0,0,0,0,0,0
9118281,2022-03-23,23,0,0,0,0,0,0
9118281,2022-03-24,23,0,0,0,0,0,0
9118281,2022-03-25,22,1,0,0,0,0,0
9118281,2022-03-26,22,0,0,0,0,0,0
9118281,2022-03-27,22,0,0,0,0,0,0
9118281,2022-03-28,21,1,0,0,0,0,0
9118281,2022-03-29,20,1,0,0,0,0,0
9118281,2022-03-30,19,1,0,0,0,0,0
9118281,2022-03-31,18,1,0,0,0,0,0
9118281,2022-04-01,18,0,0,0,0,0,0
9118281,2022-04-02,16,2,0,0,0,0,0
9118281,2022-04-03,14,2,0,0,0,0,0
9118281,2022-04-04,14,0,0,0,0,0,0
9118281,2022-04-05,14,0,0,0,0,0,0
9118281,2022-04-06,14,0,0,0,0,0,0
9118281,2022-04-07,14,0,0,0,0,0,0
9118281,2022-04-08,13,1,0,0,0,0,0
9118281,2022-04-09,13,0,0,0,0,0,0
9118281,2022-04-10,12,1,0,0,42,42,0
9118281,2022-04-11,12,0,0,0,0,42,0
9118281,2022-04-12,11,1,0,0,0,42,0
9118281,2022-04-13,9,2,0,0,0,42,0
9118281,2022-04-14,9,0,0,0,0,42,0
9118281,2022-04-15,9,0,0,0,0,42,0
9118281,2022-04-16,9,0,0,0,0,42,0
9118281,2022-04-17,6,3,0,0,0,42,0
9118281,2022-04-18,6,0,0,0,0,42,0
9118281,2022-04-19,4,2,0,0,0,42,0
9118281,2022-04-20,46,0,0,42,0,0,0
9118281,2022-04-21,44,2,0,0,0,0,0
9118281,2022-04-22,43,1,0,0,0,0,0
9118281,2022-04-23,43,0,0,0,0,0,0
9118281,2022-04-24,42,1,0,0,0,0,0
9118281,2022-04-25,41,1,0,0,0,0,0
9118281,2022-04-26,40,1,0,0,0,0,0
9118281,2022-04-27,40,0,0,0,0,0,0
9118281,2022-04-28,40,0,0,0,0,0,0
9118281,2022-04-29,38,2,0,0,0,0,0
9118281,2022-04-30,37,1,0,0,0,0,0
9118281,2022-05-01,36,1,0,0,0,0,0
9118281,2022-05-02,35,1,0,0,0,0,0
9118281,2022-05-03,33,2,0,0,0,0,0
9118281,2022-05-04,32,1,0,0,0,0,0
9118281,2022-05-05,32,0,0,0,0,0,0
9118281,2022-05-06,31,1,0,0,0,0,0
9118281,2022-05-07,31,0,0,0,0,0,0
9118281,2022-05-08,31,0,0,0,0,0,0
9118281,2022-05-09,30,1,0,0,0,0,0
9118281,2022-05-10,29,1,0,0,0,0,0
9118281,2022-05-11,28,1,0,0,0,0,0
9118281,2022-05-12,28,0,0,0,0,0,0
9118281,2022-05-13,28,0,0,0,0,0,0
9118281,2022-05-14,27,1,0,0,0,0,0
9118281,2022-05-15,25,2,0,0,0,0,0
9118281,2022-05-16,20,5,0,0,0,0,0
9118281,2022-05-17,18,2,0,0,0,0,0
9118281,2022-05-18,18,0,0,0,0,0,0
9118281,2022-05-19,15,3,0,0,0,0,0
9118281,2022-05-20,14,1,0,0,0,0,0
9118281,2022-05-21,13,1,0,0,0,0,0
9118281,2022-05-22,12,1,0,0,44,44,0
9118281,2022-05-23,12,0,0,0,0,44,0
9118281,2022-05-24,12,0,0,0,0,44,0
9118281,2022-05-25,10,2,0,0,0,44,0
9118281,2022-05-26,9,1,0,0,0,44,0
9118281,2022-05-27,9,0,0,0,0,44,0
9118281,2022-05-28,8,1,0,0,0,44,0
9118281,2022-05-29,7,1,0,0,0,44,0
9118281,2022-05-30,5,2,0,0,0,44,0
9118281,2022-05-31,5,0,0,0,0,44,0
9118281,2022-06-01,48,1,0,44,0,0,0
9118281,2022-06-02,46,2,0,0,0,0,0
9118281,2022-06-03,46,0,0,0,0,0,0
9118281,2022-06-04,46,0,0,0,0,0,0
9118281,2022-06-05,44,2,0,0,0,0,0
9118281,2022-06-06,42,2,0,0,0,0,0
9118281,2022-06-07,41,1,0,0,0,0,0
9118281,2022-06-08,40,1,0,0,0,0,0
9118281,2022-06-09,40,0,0,0,0,0,0
9118281,2022-06-10,39,1,0,0,0,0,0
9118281,2022-06-11,39,0,0,0,0,0,0
9118281,2022-06-12,39,0,0,0,0,0,0
9118281,2022-06-13,39,0,0,0,0,0,0
9118281,2022-06-14,39,0,0,0,0,0,0
9118281,2022-06-15,39,0,0,0,0,0,0
9118281,2022-06-16,39,0,0,0,0,0,0
9118281,2022-06-17,38,1,0,0,0,0,0
9118281,2022-06-18,38,0,0,0,0,0,0
9118281,2022-06-19,36,2,0,0,0,0,0
9118281,2022-06-20,36,0,0,0,0,0,0
9118281,2022-06-21,33,3,0,0,0,0,0
9118281,2022-06-22,31,2,0,0,0,0,0
9118281,2022-06-23,31,0,0,0,0,0,0
9118281,2022-06-24,31,0,0,0,0,0,0
9118281,2022-06-25,30,1,0,0,0,0,0
9118281,2022-06-26,30,0,0,0,0,0,0
9118281,2022-06-27,28,2,0,0,0,0,0
9118281,2022-06-28,27,1,0,0,0,0,0
9118281,2022-06-29,26,1,0,0,0,0,0
9118281,2022-06-30,24,2,0,0,0,0,0
9118281,2022-07-01,21,3,0,0,0,0,0
9118281,2022-07-02,20,1,0,0,0,0,0
9118281,2022-07-03,19,1,0,0,0,0,0
9118281,2022-07-04,18,1,0,0,0,0,0
9118281,2022-07-05,17,1,0,0,0,0,0
9118281,2022-07-06,17,0,0,0,0,0,0
9118281,2022-07-07,15,2,0,0,0,0,0
9118281,2022-07-08,14,1,0,0,0,0,0
9118281,2022-07-09,13,1,0,0,50,50,0
9118281,2022-07-10,12,1,0,0,0,50,0
9118281,2022-07-11,12,0,0,0,0,50,0
9118281,2022-07-12,11,1,0,0,0,50,0
9118281,2022-07-13,9,2,0,0,0,50,0
9118281,2022-07-14,9,0,0,0,0,50,0
9118281,2022-07-15,8,1,0,0,0,50,0
9118281,2022-07-16,8,0,0,0,0,50,0
9118281,2022-07-17,7,1,0,0,0,50,0
9118281,2022-07-18,7,0,0,0,0,50,0
9118281,2022-07-19,56,1,0,50,0,0,0
9118281,2022-07-20,56,0,0,0,0,0,0
9118281,2022-07-21,55,1,0,0,0,0,0
9118281,2022-07-22,54,1,0,0,0,0,0
9118281,2022-07-23,53,1,0,0,0,0,0
9118281,2022-07-24,52,1,0,0,0,0,0
9118281,2022-07-25,50,2,0,0,0,0,0
9118281,2022-07-26,48,2,0,0,0,0,0
9118281,2022-07-27,47,1,0,0,0,0,0
9118281,2022-07-28,45,2,0,0,0,0,0
9118281,2022-07-29,45,0,0,0,0,0,0
9118281,2022-07-30,45,0,0,0,0,0,0
9118281,2022-07-31,44,1,0,0,0,0,0
9118281,2022-08-01,44,0,0,0,0,0,0
9118281,2022-08-02,43,1,0,0,0,0,0
9118281,2022-08-03,41,2,0,0,0,0,0
9118281,2022-08-04,41,0,0,0,0,0,0
9118281,2022-08-05,40,1,0,0,0,0,0
9118281,2022-08-06,40,0,0,0,0,0,0
9118281,2022-08-07,38,2,0,0,0,0,0
9118281,2022-08-08,37,1,0,0,0,0,0
9118281,2022-08-09,37,0,0,0,0,0,0
9118281,2022-08-10,37,0,0,0,0,0,0
9118281,2022-08-11,37,0,0,0,0,0,0
9118281,2022-08-12,36,1,0,0,0,0,0
9118281,2022-08-13,35,1,0,0,0,0,0
9118281,2022-08-14,34,1,0,0,0,0,0
9118281,2022-08-15,34,0,0,0,0,0,0
9118281,2022-08-16,34,0,0,0,0,0,0
9118281,2022-08-17,33,1,0,0,0,0,0
9118281,2022-08-18,32,1,0,0,0,0,0
9118281,2022-08-19,31,1,0,0,0,0,0
9118281,2022-08-20,31,0,0,0,0,0,0
9118281,2022-08-21,29,2,0,0,0,0,0
9118281,2022-08-22,27,2,0,0,0,0,0
9118281,2022-08-23,27,0,0,0,0,0,0
9118281,2022-08-24,27,0,0,0,0,0,0
9118281,2022-08-25,26,1,0,0,0,0,0
9118281,2022-08-26,26,0,0,0,0,0,0
9118281,2022-08-27,24,2,0,0,0,0,0
9118281,2022-08-28,24,0,0,0,0,0,0
9118281,2022-08-29,24,0,0,0,0,0,0
9118281,2022-08-30,23,1,0,0,0,0,0
9118281,2022-08-31,22,1,0,0,0,0,0
9118281,2022-09-01,21,1,0,0,0,0,0
9118281,2022-09-02,19,2,0,0,0,0,0
9118281,2022-09-03,16,3,0,0,0,0,0
9118281,2022-09-04,13,3,0,0,0,0,0
9118281,2022-09-05,13,0,0,0,0,0,0
9118281,2022-09-06,9,4,0,0,43,43,0
9118281,2022-09-07,9,0,0,0,0,43,0
9118281,2022-09-08,7,2,0,0,0,43,0
9118281,2022-09-09,7,0,0,0,0,43,0
9118281,2022-09-10,5,2,0,0,0,43,0
9118281,2022-09-11,3,2,0,0,0,43,0
9118281,2022-09-12,1,2,0,0,0,43,0
9118281,2022-09-13,0,1,0,0,0,43,0
9118281,2022-09-14,0,0,0,0,0,43,0
9118281,2022-09-15,0,1,1,0,0,43,1
9118281,2022-09-16,40,3,0,43,0,0,0
9118281,2022-09-17,39,1,0,0,0,0,0
9118281,2022-09-18,38,1,0,0,0,0,0
9118281,2022-09-19,36,2,0,0,0,0,0
9118281,2022-09-20,35,1,0,0,0,0,0
9118281,2022-09-21,35,0,0,0,0,0,0
9118281,2022-09-22,35,0,0,0,0,0,0
9118281,2022-09-23,34,1,0,0,0,0,0
9118281,2022-09-24,34,0,0,0,0,0,0
9118281,2022-09-25,33,1,0,0,0,0,0
9118281,2022-09-26,33,0,0,0,0,0,0
9118281,2022-09-27,33,0,0,0,0,0,0
9118281,2022-09-28,32,1,0,0,0,0,0
9118281,2022-09-29,31,1,0,0,0,0,0
9118281,2022-09-30,29,2,0,0,0,0,0
9118281,2022-10-01,28,1,0,0,0,0,0
9118281,2022-10-02,27,1,0,0,0,0,0
9118281,2022-10-03,26,1,0,0,0,0,0
9118281,2022-10-04,25,1,0,0,0,0,0
9118281,2022-10-05,24,1,0,0,0,0,0
9118281,2022-10-06,23,1,0,0,0,0,0
9118281,2022-10-07,21,2,0,0,0,0,0
9118281,2022-10-08,19,2,0,0,0,0,0
9118281,2022-10-09,16,3,0,0,0,0,0
9118281,2022-10-10,16,0,0,0,0,0,0
9118281,2022-10-11,16,0,0,0,0,0,0
9118281,2022-10-12,14,2,0,0,53,53,0
9118281,2022-10-13,12,2,0,0,0,53,0
9118281,2022-10-14,12,0,0,0,0,53,0
9118281,2022-10-15,12,0,0,0,0,53,0
9118281,2022-10-16,11,1,0,0,0,53,0
9118281,2022-10-17,11,0,0,0,0,53,0
9118281,2022-10-18,9,2,0,0,0,53,0
9118281,2022-10-19,9,0,0,0,0,53,0
9118281,2022-10-20,8,1,0,0,0,53,0
9118281,2022-10-21,7,1,0,0,0,53,0
9118281,2022-10-22,58,2,0,53,0,0,0
9118281,2022-10-23,58,0,0,0,0,0,0
9118281,2022-10-24,53,5,0,0,0,0,0
9118281,2022-10-25,52,1,0,0,0,0,0
9118281,2022-10-26,52,0,0,0,0,0,0
9118281,2022-10-27,51,1,0,0,0,0,0
9118281,2022-10-28,50,1,0,0,0,0,0
9118281,2022-10-29,48,2,0,0,0,0,0
9118281,2022-10-30,47,1,0,0,0,0,0
9118281,2022-10-31,46,1,0,0,0,0,0
9118281,2022-11-01,46,0,0,0,0,0,0
9118281,2022-11-02,45,1,0,0,0,0,0
9118281,2022-11-03,44,1,0,0,0,0,0
9118281,2022-11-04,43,1,0,0,0,0,0
9118281,2022-11-05,42,1,0,0,0,0,0
9118281,2022-11-06,42,0,0,0,0,0,0
9118281,2022-11-07,40,2,0,0,0,0,0
9118281,2022-11-08,40,0,0,0,0,0,0
9118281,2022-11-09,40,0,0,0,0,0,0
9118281,2022-11-10,39,1,0,0,0,0,0
9118281,2022-11-11,39,0,0,0,0,0,0
9118281,2022-11-12,38,1,0,0,0,0,0
9118281,2022-11-13,38,0,0,0,0,0,0
9118281,2022-11-14,38,0,0,0,0,0,0
9118281,2022-11-15,38,0,0,0,0,0,0
9118281,2022-11-16,38,0,0,0,0,0,0
9118281,2022-11-17,35,3,0,0,0,0,0
9118281,2022-11-18,35,0,0,0,0,0,0
9118281,2022-11-19,34,1,0,0,0,0,0
9118281,2022-11-20,34,0,0,0,0,0,0
9118281,2022-11-21,33,1,0,0,0,0,0
9118281,2022-11-22,31,2,0,0,0,0,0
9118281,2022-11-23,30,1,0,0,0,0,0
9118281,2022-11-24,29,1,0,0,0,0,0
9118281,2022-11-25,23,6,0,0,0,0,0
9118281,2022-11-26,19,4,0,0,0,0,0
9118281,2022-11-27,17,2,0,0,0,0,0
9118281,2022-11-28,16,1,0,0,0,0,0
9118281,2022-11-29,16,0,0,0,0,0,0
9118281,2022-11-30,15,1,0,0,0,0,0
9118281,2022-12-01,15,0,0,0,0,0,0
9118281,2022-12-02,15,0,0,0,0,0,0
9118281,2022-12-03,12,3,0,0,51,51,0
9118281,2022-12-04,11,1,0,0,0,51,0
9118281,2022-12-05,11,0,0,0,0,51,0
9118281,2022-12-06,10,1,0,0,0,51,0
9118281,2022-12-07,9,1,0,0,0,51,0
9118281,2022-12-08,9,0,0,0,0,51,0
9118281,2022-12-09,6,3,0,0,0,51,0
9118281,2022-12-10,5,1,0,0,0,51,0
9118281,2022-12-11,5,0,0,0,0,51,0
9118281,2022-12-12,4,1,0,0,0,51,0
9118281,2022-12-13,55,0,0,51,0,0,0
9118281,2022-12-14,55,0,0,0,0,0,0
9118281,2022-12-15,54,1,0,0,0,0,0
9118281,2022-12-16,52,2,0,0,0,0,0
9118281,2022-12-17,49,3,0,0,0,0,0
9118281,2022-12-18,45,4,0,0,0,0,0
9118281,2022-12-19,45,0,0,0,0,0,0
9118281,2022-12-20,43,2,0,0,0,0,0
9118281,2022-12-21,42,1,0,0,0,0,0
9118281,2022-12-22,41,1,0,0,0,0,0
9118281,2022-12-23,39,2,0,0,0,0,0
9118281,2022-12-24,36,3,0,0,0,0,0
9118281,2022-12-25,36,0,0,0,0,0,0
9118281,2022-12-26,35,1,0,0,0,0,0
9118281,2022-12-27,35,0,0,0,0,0,0
9118281,2022-12-28,35,0,0,0,0,0,0
9118281,2022-12-29,35,0,0,0,0,0,0
9118281,2022-12-30,35,0,0,0,0,0,0
9118281,2022-12-31,34,1,0,0,0,0,0
9118281,2023-01-01,30,4,0,0,0,0,0
9118281,2023-01-02,30,0,0,0,0,0,0
9118281,2023-01-03,30,0,0,0,0,0,0
9118281,2023-01-04,29,1,0,0,0,0,0
9118281,2023-01-05,28,1,0,0,0,0,0
9118281,2023-01-06,27,1,0,0,0,0,0
9118281,2023-01-07,24,3,0,0,0,0,0
9118281,2023-01-08,20,4,0,0,0,0,0
9118281,2023-01-09,19,1,0,0,0,0,0
9118281,2023-01-10,18,1,0,0,0,0,0
9118281,2023-01-11,18,0,0,0,0,0,0
9118281,2023-01-12,18,0,0,0,0,0,0
9118281,2023-01-13,18,0,0,0,0,0,0
9118281,2023-01-14,15,3,0,0,58,58,0
9118281,2023-01-15,13,2,0,0,0,58,0
9118281,2023-01-16,13,0,0,0,0,58,0
9118281,2023-01-17,13,0,0,0,0,58,0
9118281,2023-01-18,11,2,0,0,0,58,0
9118281,2023-01-19,10,1,0,0,0,58,0
9118281,2023-01-20,8,2,0,0,0,58,0
9118281,2023-01-21,6,2,0,0,0,58,0
9118281,2023-01-22,4,2,0,0,0,58,0
9118281,2023-01-23,2,2,0,0,0,58,0
9118281,2023-01-24,59,1,0,58,0,0,0
9118281,2023-01-25,57,2,0,0,0,0,0
9118281,2023-01-26,53,4,0,0,0,0,0
9118281,2023-01-27,52,1,0,0,0,0,0
9118281,2023-01-28,49,3,0,0,0,0,0
9118281,2023-01-29,48,1,0,0,0,0,0
9118281,2023-01-30,45,3,0,0,0,0,0
9118281,2023-01-31,45,0,0,0,0,0,0
9118281,2023-02-01,45,0,0,0,0,0,0
9118281,2023-02-02,42,3,0,0,0,0,0
9118281,2023-02-03,42,0,0,0,0,0,0
9118281,2023-02-04,42,0,0,0,0,0,0
9118281,2023-02-05,40,2,0,0,0,0,0
9118281,2023-02-06,39,1,0,0,0,0,0
9118281,2023-02-07,39,0,0,0,0,0,0
9118281,2023-02-08,36,3,0,0,0,0,0
9118281,2023-02-09,35,1,0,0,0,0,0
9118281,2023-02-10,35,0,0,0,0,0,0
9118281,2023-02-11,30,5,0,0,0,0,0
9118281,2023-02-12,28,2,0,0,0,0,0
9118281,2023-02-13,28,0,0,0,0,0,0
9118281,2023-02-14,26,2,0,0,0,0,0
9118281,2023-02-15,26,0,0,0,0,0,0
9118281,2023-02-16,24,2,0,0,0,0,0
9118281,2023-02-17,22,2,0,0,0,0,0
9118281,2023-02-18,21,1,0,0,0,0,0
9118281,2023-02-19,18,3,0,0,0,0,0
9118281,2023-02-20,18,0,0,0,0,0,0
9118281,2023-02-21,18,0,0,0,0,0,0
9118281,2023-02-22,16,2,0,0,64,64,0
9118281,2023-02-23,14,2,0,0,0,64,0
9118281,2023-02-24,14,0,0,0,0,64,0
9118281,2023-02-25,14,0,0,0,0,64,0
9118281,2023-02-26,12,2,0,0,0,64,0
9118281,2023-02-27,12,0,0,0,0,64,0
9118281,2023-02-28,10,2,0,0,0,64,0
9118281,2023-03-01,7,3,0,0,0,64,0
9118281,2023-03-02,7,0,0,0,0,64,0
9118281,2023-03-03,5,2,0,0,0,64,0
9118281,2023-03-04,5,0,0,0,0,64,0
9118281,2023-03-05,69,0,0,64,0,0,0
9118281,2023-03-06,69,0,0,0,0,0,0
9118281,2023-03-07,68,1,0,0,0,0,0
9118281,2023-03-08,67,1,0,0,0,0,0
9118281,2023-03-09,67,0,0,0,0,0,0
9118281,2023-03-10,67,0,0,0,0,0,0
9118281,2023-03-11,65,2,0,0,0,0,0
9118281,2023-03-12,62,3,0,0,0,0,0
9118281,2023-03-13,60,2,0,0,0,0,0
9118281,2023-03-14,58,2,0,0,0,0,0
9118281,2023-03-15,58,0,0,0,0,0,0
9118281,2023-03-16,57,1,0,0,0,0,0
9118281,2023-03-17,56,1,0,0,0,0,0
9118281,2023-03-18,55,1,0,0,0,0,0
9118281,2023-03-19,54,1,0,0,0,0,0
9118281,2023-03-20,52,2,0,0,0,0,0
9118281,2023-03-21,52,0,0,0,0,0,0
9118281,2023-03-22,52,0,0,0,0,0,0
9118281,2023-03-23,48,4,0,0,0,0,0
9118281,2023-03-24,48,0,0,0,0,0,0
9118281,2023-03-25,48,0,0,0,0,0,0
9118281,2023-03-26,48,0,0,0,0,0,0
9118281,2023-03-27,47,1,0,0,0,0,0
9118281,2023-03-28,45,2,0,0,0,0,0
9118281,2023-03-29,44,1,0,0,0,0,0
9118281,2023-03-30,44,0,0,0,0,0,0
9118281,2023-03-31,43,1,0,0,0,0,0
9118281,2023-04-01,42,1,0,0,0,0,0
9118281,2023-04-02,38,4,0,0,0,0,0
9118281,2023-04-03,38,0,0,0,0,0,0
9118281,2023-04-04,36,2,0,0,0,0,0
9118281,2023-04-05,34,2,0,0,0,0,0
9118281,2023-04-06,32,2,0,0,0,0,0
9118281,2023-04-07,32,0,0,0,0,0,0
9118281,2023-04-08,29,3,0,0,0,0,0
9118281,2023-04-09,25,4,0,0,0,0,0
9118281,2023-04-10,25,0,0,0,0,0,0
9118281,2023-04-11,25,0,0,0,0,0,0
9118281,2023-04-12,21,4,0,0,0,0,0
9118281,2023-04-13,21,0,0,0,0,0,0
9118281,2023-04-14,20,1,0,0,0,0,0
9118281,2023-04-15,20,0,0,0,0,0,0
9118281,2023-04-16,17,3,0,0,0,0,0
9118281,2023-04-17,15,2,0,0,56,56,0
9118281,2023-04-18,14,1,0,0,0,56,0
9118281,2023-04-19,12,2,0,0,0,56,0
9118281,2023-04-20,11,1,0,0,0,56,0
9118281,2023-04-21,10,1,0,0,0,56,0
9118281,2023-04-22,7,3,0,0,0,56,0
9118281,2023-04-23,5,2,0,0,0,56,0
9118281,2023-04-24,4,1,0,0,0,56,0
9118281,2023-04-25,3,1,0,0,0,56,0
9118281,2023-04-26,2,1,0,0,0,56,0
9118281,2023-04-27,57,1,0,56,0,0,0
9118281,2023-04-28,56,1,0,0,0,0,0
9118281,2023-04-29,53,3,0,0,0,0,0
9118281,2023-04-30,53,0,0,0,0,0,0
9118281,2023-05-01,51,2,0,0,0,0,0
9118281,2023-05-02,49,2,0,0,0,0,0
9118281,2023-05-03,48,1,0,0,0,0,0
9118281,2023-05-04,48,0,0,0,0,0,0
9118281,2023-05-05,48,0,0,0,0,0,0
9118281,2023-05-06,48,0,0,0,0,0,0
9118281,2023-05-07,47,1,0,0,0,0,0
9118281,2023-05-08,45,2,0,0,0,0,0
9118281,2023-05-09,45,0,0,0,0,0,0
9118281,2023-05-10,42,3,0,0,0,0,0
9118281,2023-05-11,41,1,0,0,0,0,0
9118281,2023-05-12,40,1,0,0,0,0,0
9118281,2023-05-13,40,0,0,0,0,0,0
9118281,2023-05-14,39,1,0,0,0,0,0
9118281,2023-05-15,38,1,0,0,0,0,0
9118281,2023-05-16,37,1,0,0,0,0,0
9118281,2023-05-17,36,1,0,0,0,0,0
9118281,2023-05-18,33,3,0,0,0,0,0
9118281,2023-05-19,29,4,0,0,0,0,0
9118281,2023-05-20,27,2,0,0,0,0,0
9118281,2023-05-21,24,3,0,0,0,0,0
9118281,2023-05-22,24,0,0,0,0,0,0
9118281,2023-05-23,24,0,0,0,0,0,0
9118281,2023-05-24,20,4,0,0,0,0,0
9118281,2023-05-25,20,0,0,0,0,0,0
9118281,2023-05-26,19,1,0,0,0,0,0
9118281,2023-05-27,17,2,0,0,68,68,0
9118281,2023-05-28,15,2,0,0,0,68,0
9118281,2023-05-29,15,0,0,0,0,68,0
9118281,2023-05-30,15,0,0,0,0,68,0
9118281,2023-05-31,14,1,0,0,0,68,0
9118281,2023-06-01,13,1,0,0,0,68,0
9118281,2023-06-02,12,1,0,0,0,68,0
9118281,2023-06-03,12,0,0,0,0,68,0
9118281,2023-06-04,10,2,0,0,0,68,0
9118281,2023-06-05,9,1,0,0,0,68,0
9118281,2023-06-06,76,1,0,68,0,0,0
9118281,2023-06-07,73,3,0,0,0,0,0
9118281,2023-06-08,72,1,0,0,0,0,0
9118281,2023-06-09,69,3,0,0,0,0,0
9118281,2023-06-10,68,1,0,0,0,0,0
9118281,2023-06-11,66,2,0,0,0,0,0
9118281,2023-06-12,65,1,0,0,0,0,0
9118281,2023-06-13,65,0,0,0,0,0,0
9118281,2023-06-14,64,1,0,0,0,0,0
9118281,2023-06-15,61,3,0,0,0,0,0
9118281,2023-06-16,61,0,0,0,0,0,0
9118281,2023-06-17,60,1,0,0,0,0,0
9118281,2023-06-18,60,0,0,0,0,0,0
9118281,2023-06-19,59,1,0,0,0,0,0
9118281,2023-06-20,56,3,0,0,0,0,0
9118281,2023-06-21,53,3,0,0,0,0,0
9118281,2023-06-22,51,2,0,0,0,0,0
9118281,2023-06-23,51,0,0,0,0,0,0
9118281,2023-06-24,49,2,0,0,0,0,0
9118281,2023-06-25,48,1,0,0,0,0,0
9118281,2023-06-26,47,1,0,0,0,0,0
9118281,2023-06-27,45,2,0,0,0,0,0
9118281,2023-06-28,44,1,0,0,0,0,0
9118281,2023-06-29,44,0,0,0,0,0,0
9118281,2023-06-30,44,0,0,0,0,0,0
9118281,2023-07-01,40,4,0,0,0,0,0
9118281,2023-07-02,40,0,0,0,0,0,0
9118281,2023-07-03,37,3,0,0,0,0,0
9118281,2023-07-04,37,0,0,0,0,0,0
9118281,2023-07-05,35,2,0,0,0,0,0
9118281,2023-07-06,34,1,0,0,0,0,0
9118281,2023-07-07,32,2,0,0,0,0,0
9118281,2023-07-08,31,1,0,0,0,0,0
9118281,2023-07-09,31,0,0,0,0,0,0
9118281,2023-07-10,31,0,0,0,0,0,0
9118281,2023-07-11,30,1,0,0,0,0,0
9118281,2023-07-12,28,2,0,0,0,0,0
9118281,2023-07-13,27,1,0,0,0,0,0
9118281,2023-07-14,25,2,0,0,0,0,0
9118281,2023-07-15,24,1,0,0,0,0,0
9118281,2023-07-16,24,0,0,0,0,0,0
9118281,2023-07-17,21,3,0,0,0,0,0
9118281,2023-07-18,20,1,0,0,0,0,0
9118281,2023-07-19,18,2,0,0,0,0,0
9118281,2023-07-20,17,1,0,0,0,0,0
9118281,2023-07-21,17,0,0,0,0,0,0
9118281,2023-07-22,14,3,0,0,60,60,0
9118281,2023-07-23,14,0,0,0,0,60,0
9118281,2023-07-24,13,1,0,0,0,60,0
9118281,2023-07-25,12,1,0,0,0,60,0
9118281,2023-07-26,11,1,0,0,0,60,0
9118281,2023-07-27,9,2,0,0,0,60,0
9118281,2023-07-28,8,1,0,0,0,60,0
9118281,2023-07-29,6,2,0,0,0,60,0
9118281,2023-07-30,6,0,0,0,0,60,0
9118281,2023-07-31,4,2,0,0,0,60,0
9118281,2023-08-01,62,2,0,60,0,0,0
9118281,2023-08-02,62,0,0,0,0,0,0
9118281,2023-08-03,60,2,0,0,0,0,0
9118281,2023-08-04,58,2,0,0,0,0,0
9118281,2023-08-05,56,2,0,0,0,0,0
9118281,2023-08-06,53,3,0,0,0,0,0
9118281,2023-08-07,52,1,0,0,0,0,0
9118281,2023-08-08,51,1,0,0,0,0,0
9118281,2023-08-09,50,1,0,0,0,0,0
9118281,2023-08-10,47,3,0,0,0,0,0
9118281,2023-08-11,45,2,0,0,0,0,0
9118281,2023-08-12,43,2,0,0,0,0,0
9118281,2023-08-13,43,0,0,0,0,0,0
9118281,2023-08-14,42,1,0,0,0,0,0
9118281,2023-08-15,41,1,0,0,0,0,0
9118281,2023-08-16,41,0,0,0,0,0,0
9118281,2023-08-17,41,0,0,0,0,0,0
9118281,2023-08-18,40,1,0,0,0,0,0
9118281,2023-08-19,40,0,0,0,0,0,0
9118281,2023-08-20,37,3,0,0,0,0,0
9118281,2023-08-21,35,2,0,0,0,0,0
9118281,2023-08-22,34,1,0,0,0,0,0
9118281,2023-08-23,33,1,0,0,0,0,0
9118281,2023-08-24,31,2,0,0,0,0,0
9118281,2023-08-25,29,2,0,0,0,0,0
9118281,2023-08-26,29,0,0,0,0,0,0
9118281,2023-08-27,28,1,0,0,0,0,0
9118281,2023-08-28,26,2,0,0,0,0,0
9118281,2023-08-29,24,2,0,0,0,0,0
9118281,2023-08-30,23,1,0,0,0,0,0
9118281,2023-08-31,21,2,0,0,0,0,0
9118281,2023-09-01,21,0,0,0,0,0,0
9118281,2023-09-02,20,1,0,0,0,0,0
9118281,2023-09-03,18,2,0,0,0,0,0
9118281,2023-09-04,17,1,0,0,0,0,0
9118281,2023-09-05,17,0,0,0,0,0,0
9118281,2023-09-06,16,1,0,0,62,62,0
9118281,2023-09-07,15,1,0,0,0,62,0
9118281,2023-09-08,15,0,0,0,0,62,0
9118281,2023-09-09,13,2,0,0,0,62,0
9118281,2023-09-10,13,0,0,0,0,62,0
9118281,2023-09-11,12,1,0,0,0,62,0
9118281,2023-09-12,10,2,0,0,0,62,0
9118281,2023-09-13,9,1,0,0,0,62,0
9118281,2023-09-14,5,4,0,0,0,62,0
9118281,2023-09-15,3,2,0,0,0,62,0
9118281,2023-09-16,64,1,0,62,0,0,0
9118281,2023-09-17,61,3,0,0,0,0,0
9118281,2023-09-18,61,0,0,0,0,0,0
9118281,2023-09-19,58,3,0,0,0,0,0
9118281,2023-09-20,57,1,0,0,0,0,0
9118281,2023-09-21,57,0,0,0,0,0,0
9118281,2023-09-22,55,2,0,0,0,0,0
9118281,2023-09-23,53,2,0,0,0,0,0
9118281,2023-09-24,51,2,0,0,0,0,0
9118281,2023-09-25,49,2,0,0,0,0,0
9118281,2023-09-26,46,3,0,0,0,0,0
9118281,2023-09-27,46,0,0,0,0,0,0
9118281,2023-09-28,46,0,0,0,0,0,0
9118281,2023-09-29,45,1,0,0,0,0,0
9118281,2023-09-30,42,3,0,0,0,0,0
9118281,2023-10-01,39,3,0,0,0,0,0
9118281,2023-10-02,37,2,0,0,0,0,0
9118281,2023-10-03,34,3,0,0,0,0,0
9118281,2023-10-04,30,4,0,0,0,0,0
9118281,2023-10-05,29,1,0,0,0,0,0
9118281,2023-10-06,25,4,0,0,0,0,0
9118281,2023-10-07,23,2,0,0,0,0,0
9118281,2023-10-08,22,1,0,0,0,0,0
9118281,2023-10-09,20,2,0,0,0,0,0
9118281,2023-10-10,18,2,0,0,71,71,0
9118281,2023-10-11,17,1,0,0,0,71,0
9118281,2023-10-12,16,1,0,0,0,71,0
9118281,2023-10-13,15,1,0,0,0,71,0
9118281,2023-10-14,13,2,0,0,0,71,0
9118281,2023-10-15,13,0,0,0,0,71,0
9118281,2023-10-16,9,4,0,0,0,71,0
9118281,2023-10-17,7,2,0,0,0,71,0
9118281,2023-10-18,7,0,0,0,0,71,0
9118281,2023-10-19,4,3,0,0,0,71,0
9118281,2023-10-20,75,0,0,71,0,0,0
9118281,2023-10-21,73,2,0,0,0,0,0
9118281,2023-10-22,72,1,0,0,0,0,0
9118281,2023-10-23,72,0,0,0,0,0,0
9118281,2023-10-24,71,1,0,0,0,0,0
9118281,2023-10-25,67,4,0,0,0,0,0
9118281,2023-10-26,66,1,0,0,0,0,0
9118281,2023-10-27,65,1,0,0,0,0,0
9118281,2023-10-28,65,0,0,0,0,0,0
9118281,2023-10-29,61,4,0,0,0,0,0
9118281,2023-10-30,60,1,0,0,0,0,0
9118281,2023-10-31,60,0,0,0,0,0,0
9118281,2023-11-01,60,0,0,0,0,0,0
9118281,2023-11-02,60,0,0,0,0,0,0
9118281,2023-11-03,60,0,0,0,0,0,0
9118281,2023-11-04,59,1,0,0,0,0,0
9118281,2023-11-05,57,2,0,0,0,0,0
9118281,2023-11-06,56,1,0,0,0,0,0
9118281,2023-11-07,52,4,0,0,0,0,0
9118281,2023-11-08,51,1,0,0,0,0,0
9118281,2023-11-09,48,3,0,0,0,0,0
9118281,2023-11-10,47,1,0,0,0,0,0
9118281,2023-11-11,46,1,0,0,0,0,0
9118281,2023-11-12,43,3,0,0,0,0,0
9118281,2023-11-13,42,1,0,0,0,0,0
9118281,2023-11-14,40,2,0,0,0,0,0
9118281,2023-11-15,40,0,0,0,0,0,0
9118281,2023-11-16,37,3,0,0,0,0,0
9118281,2023-11-17,37,0,0,0,0,0,0
9118281,2023-11-18,37,0,0,0,0,0,0
9118281,2023-11-19,36,1,0,0,0,0,0
9118281,2023-11-20,35,1,0,0,0,0,0
9118281,2023-11-21,34,1,0,0,0,0,0
9118281,2023-11-22,34,0,0,0,0,0,0
9118281,2023-11-23,31,3,0,0,0,0,0
9118281,2023-11-24,27,4,0,0,0,0,0
9118281,2023-11-25,23,4,0,0,0,0,0
9118281,2023-11-26,16,7,0,0,76,76,0
9118281,2023-11-27,14,2,0,0,0,76,0
9118281,2023-11-28,12,2,0,0,0,76,0
9118281,2023-11-29,11,1,0,0,0,76,0
9118281,2023-11-30,10,1,0,0,0,76,0
9118281,2023-12-01,8,2,0,0,0,76,0
9118281,2023-12-02,7,1,0,0,0,76,0
9118281,2023-12-03,4,3,0,0,0,76,0
9118281,2023-12-04,2,2,0,0,0,76,0
9118281,2023-12-05,2,0,0,0,0,76,0
9118281,2023-12-06,78,0,0,76,0,0,0
9118281,2023-12-07,76,2,0,0,0,0,0
9118281,2023-12-08,76,0,0,0,0,0,0
9118281,2023-12-09,76,0,0,0,0,0,0
9118281,2023-12-10,76,0,0,0,0,0,0
9118281,2023-12-11,76,0,0,0,0,0,0
9118281,2023-12-12,76,0,0,0,0,0,0
9118281,2023-12-13,73,3,0,0,0,0,0
9118281,2023-12-14,73,0,0,0,0,0,0
9118281,2023-12-15,71,2,0,0,0,0,0
9118281,2023-12-16,67,4,0,0,0,0,0
9118281,2023-12-17,64,3,0,0,0,0,0
9118281,2023-12-18,63,1,0,0,0,0,0
9118281,2023-12-19,62,1,0,0,0,0,0
9118281,2023-12-20,61,1,0,0,0,0,0
9118281,2023-12-21,58,3,0,0,0,0,0
9118281,2023-12-22,57,1,0,0,0,0,0
9118281,2023-12-23,53,4,0,0,0,0,0
9118281,2023-12-24,53,0,0,0,0,0,0
9118281,2023-12-25,52,1,0,0,0,0,0
9118281,2023-12-26,51,1,0,0,0,0,0
9118281,2023-12-27,51,0,0,0,0,0,0
9118281,2023-12-28,51,0,0,0,0,0,0
9118281,2023-12-29,50,1,0,0,0,0,0
9118281,2023-12-30,50,0,0,0,0,0,0
9118281,2023-12-31,50,0,0,0,0,0,0
9118281,2024-01-01,48,2,0,0,0,0,0
9118281,2024-01-02,47,1,0,0,0,0,0
9118281,2024-01-03,45,2,0,0,0,0,0
9118281,2024-01-04,44,1,0,0,0,0,0
9118281,2024-01-05,43,1,0,0,0,0,0
9118281,2024-01-06,40,3,0,0,0,0,0
9118281,2024-01-07,38,2,0,0,0,0,0
9118281,2024-01-08,37,1,0,0,0,0,0
9118281,2024-01-09,35,2,0,0,0,0,0
9118281,2024-01-10,35,0,0,0,0,0,0
9118281,2024-01-11,32,3,0,0,0,0,0
9118281,2024-01-12,32,0,0,0,0,0,0
9118281,2024-01-13,30,2,0,0,0,0,0
9118281,2024-01-14,27,3,0,0,0,0,0
9118281,2024-01-15,25,2,0,0,0,0,0
9118281,2024-01-16,23,2,0,0,0,0,0
9118281,2024-01-17,23,0,0,0,0,0,0
9118281,2024-01-18,21,2,0,0,0,0,0
9118281,2024-01-19,20,1,0,0,0,0,0
9118281,2024-01-20,20,0,0,0,0,0,0
9118281,2024-01-21,18,2,0,0,0,0,0
9118281,2024-01-22,15,3,0,0,63,63,0
9118281,2024-01-23,12,3,0,0,0,63,0
9118281,2024-01-24,10,2,0,0,0,63,0
9118281,2024-01-25,10,0,0,0,0,63,0
9118281,2024-01-26,7,3,0,0,0,63,0
9118281,2024-01-27,3,4,0,0,0,63,0
9118281,2024-01-28,2,1,0,0,0,63,0
9118281,2024-01-29,0,2,0,0,0,63,0
9118281,2024-01-30,0,0,0,0,0,63,0
9118281,2024-01-31,0,1,1,0,0,63,1
9118281,2024-02-01,61,2,0,63,0,0,0
9118281,2024-02-02,60,1,0,0,0,0,0
9118281,2024-02-03,58,2,0,0,0,0,0
9118281,2024-02-04,58,0,0,0,0,0,0
9118281,2024-02-05,57,1,0,0,0,0,0
9118281,2024-02-06,57,0,0,0,0,0,0
9118281,2024-02-07,55,2,0,0,0,0,0
9118281,2024-02-08,53,2,0,0,0,0,0
9118281,2024-02-09,52,1,0,0,0,0,0
9118281,2024-02-10,50,2,0,0,0,0,0
9118281,2024-02-11,47,3,0,0,0,0,0
9118281,2024-02-12,46,1,0,0,0,0,0
9118281,2024-02-13,43,3,0,0,0,0,0
9118281,2024-02-14,42,1,0,0,0,0,0
9118281,2024-02-15,42,0,0,0,0,0,0
9118281,2024-02-16,40,2,0,0,0,0,0
9118281,2024-02-17,38,2,0,0,0,0,0
9118281,2024-02-18,32,6,0,0,0,0,0
9118281,2024-02-19,31,1,0,0,0,0,0
9118281,2024-02-20,30,1,0,0,0,0,0
9118281,2024-02-21,28,2,0,0,0,0,0
9118281,2024-02-22,28,0,0,0,0,0,0
9118281,2024-02-23,27,1,0,0,0,0,0
9118281,2024-02-24,25,2,0,0,0,0,0
9118281,2024-02-25,25,0,0,0,0,0,0
9118281,2024-02-26,23,2,0,0,0,0,0
9118281,2024-02-27,23,0,0,0,0,0,0
9118281,2024-02-28,21,2,0,0,0,0,0
9118281,2024-02-29,20,1,0,0,0,0,0
9315482,2022-03-01,46,0,0,0,0,0,0
9315482,2022-03-02,46,0,0,0,0,0,0
9315482,2022-03-03,46,0,0,0,0,0,0
9315482,2022-03-04,45,1,0,0,0,0,0
9315482,2022-03-05,44,1,0,0,0,0,0
9315482,2022-03-06,44,0,0,0,0,0,0
9315482,2022-03-07,44,0,0,0,0,0,0
9315482,2022-03-08,43,1,0,0,0,0,0
9315482,2022-03-09,36,7,0,0,0,0,0
9315482,2022-03-10,36,0,0,0,0,0,0
9315482,2022-03-11,33,3,0,0,0,0,0
9315482,2022-03-12,33,0,0,0,0,0,0
9315482,2022-03-13,33,0,0,0,0,0,0
9315482,2022-03-14,33,0,0,0,0,0,0
9315482,2022-03-15,31,2,0,0,0,0,0
9315482,2022-03-16,30,1,0,0,48,48,0
9315482,2022-03-17,29,1,0,0,0,48,0
9315482,2022-03-18,28,1,0,0,0,48,0
9315482,2022-03-19,28,0,0,0,0,48,0
9315482,2022-03-20,27,1,0,0,0,48,0
9315482,2022-03-21,26,1,0,0,0,48,0
9315482,2022-03-22,24,2,0,0,0,48,0
9315482,2022-03-23,24,0,0,0,0,48,0
9315482,2022-03-24,24,0,0,0,0,48,0
9315482,2022-03-25,22,2,0,0,0,48,0
9315482,2022-03-26,21,1,0,0,0,48,0
9315482,2022-03-27,21,0,0,0,0,48,0
9315482,2022-03-28,21,0,0,0,0,48,0
9315482,2022-03-29,20,1,0,0,0,48,0
9315482,2022-03-30,20,0,0,0,0,48,0
9315482,2022-03-31,19,1,0,0,0,48,0
9315482,2022-04-01,18,1,0,0,0,48,0
9315482,2022-04-02,16,2,0,0,0,48,0
9315482,2022-04-03,14,2,0,0,0,48,0
9315482,2022-04-04,13,1,0,0,0,48,0
9315482,2022-04-05,13,0,0,0,0,48,0
9315482,2022-04-06,12,1,0,0,0,48,0
9315482,2022-04-07,11,1,0,0,0,48,0
9315482,2022-04-08,10,1,0,0,0,48,0
9315482,2022-04-09,10,0,0,0,0,48,0
9315482,2022-04-10,9,1,0,0,0,48,0
9315482,2022-04-11,7,2,0,0,0,48,0
9315482,2022-04-12,7,0,0,0,0,48,0
9315482,2022-04-13,55,0,0,48,0,0,0
9315482,2022-04-14,54,1,0,0,0,0,0
9315482,2022-04-15,53,1,0,0,0,0,0
9315482,2022-04-16,53,0,0,0,0,0,0
9315482,2022-04-17,50,3,0,0,0,0,0
9315482,2022-04-18,49,1,0,0,0,0,0
9315482,2022-04-19,48,1,0,0,0,0,0
9315482,2022-04-20,47,1,0,0,0,0,0
9315482,2022-04-21,47,0,0,0,0,0,0
9315482,2022-04-22,46,1,0,0,0,0,0
9315482,2022-04-23,44,2,0,0,0,0,0
9315482,2022-04-24,41,3,0,0,0,0,0
9315482,2022-04-25,40,1,0,0,0,0,0
9315482,2022-04-26,39,1,0,0,0,0,0
9315482,2022-04-27,39,0,0,0,0,0,0
9315482,2022-04-28,39,0,0,0,0,0,0
9315482,2022-04-29,39,0,0,0,0,0,0
9315482,2022-04-30,37,2,0,0,0,0,0
9315482,2022-05-01,35,2,0,0,0,0,0
9315482,2022-05-02,33,2,0,0,0,0,0
9315482,2022-05-03,33,0,0,0,51,51,0
9315482,2022-05-04,33,0,0,0,0,51,0
9315482,2022-05-05,30,3,0,0,0,51,0
9315482,2022-05-06,29,1,0,0,0,51,0
9315482,2022-05-07,29,0,0,0,0,51,0
9315482,2022-05-08,28,1,0,0,0,51,0
9315482,2022-05-09,26,2,0,0,0,51,0
9315482,2022-05-10,25,1,0,0,0,51,0
9315482,2022-05-11,25,0,0,0,0,51,0
9315482,2022-05-12,24,1,0,0,0,51,0
9315482,2022-05-13,24,0,0,0,0,51,0
9315482,2022-05-14,23,1,0,0,0,51,0
9315482,2022-05-15,20,3,0,0,0,51,0
9315482,2022-05-16,19,1,0,0,0,51,0
9315482,2022-05-17,19,0,0,0,0,51,0
9315482,2022-05-18,19,0,0,0,0,51,0
9315482,2022-05-19,18,1,0,0,0,51,0
9315482,2022-05-20,17,1,0,0,0,51,0
9315482,2022-05-21,17,0,0,0,0,51,0
9315482,2022-05-22,16,1,0,0,0,51,0
9315482,2022-05-23,16,0,0,0,0,51,0
9315482,2022-05-24,15,1,0,0,0,51,0
9315482,2022-05-25,13,2,0,0,0,51,0
9315482,2022-05-26,12,1,0,0,0,51,0
9315482,2022-05-27,9,3,0,0,0,51,0
9315482,2022-05-28,8,1,0,0,0,51,0
9315482,2022-05-29,8,0,0,0,0,51,0
9315482,2022-05-30,7,1,0,0,0,51,0
9315482,2022-05-31,5,2,0,0,0,51,0
9315482,2022-06-01,56,0,0,51,0,0,0
9315482,2022-06-02,54,2,0,0,0,0,0
9315482,2022-06-03,54,0,0,0,0,0,0
9315482,2022-06-04,52,2,0,0,0,0,0
9315482,2022-06-05,50,2,0,0,0,0,0
9315482,2022-06-06,49,1,0,0,0,0,0
9315482,2022-06-07,48,1,0,0,0,0,0
9315482,2022-06-08,48,0,0,0,0,0,0
9315482,2022-06-09,48,0,0,0,0,0,0
9315482,2022-06-10,48,0,0,0,0,0,0
9315482,2022-06-11,48,0,0,0,0,0,0
9315482,2022-06-12,48,0,0,0,0,0,0
9315482,2022-06-13,48,0,0,0,0,0,0
9315482,2022-06-14,47,1,0,0,0,0,0
9315482,2022-06-15,47,0,0,0,0,0,0
9315482,2022-06-16,46,1,0,0,0,0,0
9315482,2022-06-17,46,0,0,0,0,0,0
9315482,2022-06-18,43,3,0,0,0,0,0
9315482,2022-06-19,43,0,0,0,0,0,0
9315482,2022-06-20,42,1,0,0,0,0,0
9315482,2022-06-21,41,1,0,0,0,0,0
9315482,2022-06-22,41,0,0,0,0,0,0
9315482,2022-06-23,40,1,0,0,0,0,0
9315482,2022-06-24,39,1,0,0,0,0,0
9315482,2022-06-25,39,0,0,0,0,0,0
9315482,2022-06-26,39,0,0,0,0,0,0
9315482,2022-06-27,39,0,0,0,0,0,0
9315482,2022-06-28,37,2,0,0,0,0,0
9315482,2022-06-29,35,2,0,0,0,0,0
9315482,2022-06-30,35,0,0,0,0,0,0
9315482,2022-07-01,34,1,0,0,0,0,0
9315482,2022-07-02,34,0,0,0,0,0,0
9315482,2022-07-03,34,0,0,0,0,0,0
9315482,2022-07-04,33,1,0,0,0,0,0
9315482,2022-07-05,33,0,0,0,0,0,0
9315482,2022-07-06,33,0,0,0,0,0,0
9315482,2022-07-07,33,0,0,0,0,0,0
9315482,2022-07-08,32,1,0,0,0,0,0
9315482,2022-07-09,31,1,0,0,0,0,0
9315482,2022-07-10,30,1,0,0,0,0,0
9315482,2022-07-11,28,2,0,0,0,0,0
9315482,2022-07-12,28,0,0,0,0,0,0
9315482,2022-07-13,28,0,0,0,0,0,0
9315482,2022-07-14,28,0,0,0,0,0,0
9315482,2022-07-15,27,1,0,0,0,0,0
9315482,2022-07-16,25,2,0,0,0,0,0
9315482,2022-07-17,25,0,0,0,38,38,0
9315482,2022-07-18,25,0,0,0,0,38,0
9315482,2022-07-19,23,2,0,0,0,38,0
9315482,2022-07-20,23,0,0,0,0,38,0
9315482,2022-07-21,21,2,0,0,0,38,0
9315482,2022-07-22,20,1,0,0,0,38,0
9315482,2022-07-23,18,2,0,0,0,38,0
9315482,2022-07-24,16,2,0,0,0,38,0
9315482,2022-07-25,15,1,0,0,0,38,0
9315482,2022-07-26,14,1,0,0,0,38,0
9315482,2022-07-27,13,1,0,0,0,38,0
9315482,2022-07-28,11,2,0,0,0,38,0
9315482,2022-07-29,11,0,0,0,0,38,0
9315482,2022-07-30,9,2,0,0,0,38,0
9315482,2022-07-31,7,2,0,0,0,38,0
9315482,2022-08-01,6,1,0,0,0,38,0
9315482,2022-08-02,3,3,0,0,0,38,0
9315482,2022-08-03,3,0,0,0,0,38,0
9315482,2022-08-04,3,0,0,0,0,38,0
9315482,2022-08-05,2,1,0,0,0,38,0
9315482,2022-08-06,1,1,0,0,0,38,0
9315482,2022-08-07,1,0,0,0,0,38,0
9315482,2022-08-08,1,0,0,0,0,38,0
9315482,2022-08-09,1,0,0,0,0,38,0
9315482,2022-08-10,0,1,0,0,0,38,0
9315482,2022-08-11,0,1,1,0,0,38,1
9315482,2022-08-12,0,1,1,0,0,38,1
9315482,2022-08-13,0,1,1,0,0,38,1
9315482,2022-08-14,34,4,0,38,0,0,0
9315482,2022-08-15,33,1,0,0,0,0,0
9315482,2022-08-16,32,1,0,0,0,0,0
9315482,2022-08-17,29,3,0,0,0,0,0
9315482,2022-08-18,28,1,0,0,46,46,0
9315482,2022-08-19,28,0,0,0,0,46,0
9315482,2022-08-20,26,2,0,0,0,46,0
9315482,2022-08-21,25,1,0,0,0,46,0
9315482,2022-08-22,23,2,0,0,0,46,0
9315482,2022-08-23,23,0,0,0,0,46,0
9315482,2022-08-24,23,0,0,0,0,46,0
9315482,2022-08-25,22,1,0,0,0,46,0
9315482,2022-08-26,20,2,0,0,0,46,0
9315482,2022-08-27,20,0,0,0,0,46,0
9315482,2022-08-28,19,1,0,0,0,46,0
9315482,2022-08-29,17,2,0,0,0,46,0
9315482,2022-08-30,16,1,0,0,0,46,0
9315482,2022-08-31,16,0,0,0,0,46,0
9315482,2022-09-01,15,1,0,0,0,46,0
9315482,2022-09-02,15,0,0,0,0,46,0
9315482,2022-09-03,13,2,0,0,0,46,0
9315482,2022-09-04,13,0,0,0,0,46,0
9315482,2022-09-05,10,3,0,0,0,46,0
9315482,2022-09-06,10,0,0,0,0,46,0
9315482,2022-09-07,9,1,0,0,0,46,0
9315482,2022-09-08,9,0,0,0,0,46,0
9315482,2022-09-09,7,2,0,0,0,46,0
9315482,2022-09-10,7,0,0,0,0,46,0
9315482,2022-09-11,7,0,0,0,0,46,0
9315482,2022-09-12,4,3,0,0,0,46,0
9315482,2022-09-13,4,0,0,0,0,46,0
9315482,2022-09-14,3,1,0,0,0,46,0
9315482,2022-09-15,49,0,0,46,0,0,0
9315482,2022-09-16,49,0,0,0,0,0,0
9315482,2022-09-17,46,3,0,0,0,0,0
9315482,2022-09-18,44,2,0,0,0,0,0
9315482,2022-09-19,44,0,0,0,0,0,0
9315482,2022-09-20,44,0,0,0,0,0,0
9315482,2022-09-21,42,2,0,0,0,0,0
9315482,2022-09-22,40,2,0,0,0,0,0
9315482,2022-09-23,39,1,0,0,0,0,0
9315482,2022-09-24,37,2,0,0,0,0,0
9315482,2022-09-25,35,2,0,0,0,0,0
9315482,2022-09-26,35,0,0,0,0,0,0
9315482,2022-09-27,35,0,0,0,0,0,0
9315482,2022-09-28,33,2,0,0,0,0,0
9315482,2022-09-29,33,0,0,0,0,0,0
9315482,2022-09-30,33,0,0,0,0,0,0
9315482,2022-10-01,32,1,0,0,48,48,0
9315482,2022-10-02,31,1,0,0,0,48,0
9315482,2022-10-03,31,0,0,0,0,48,0
9315482,2022-10-04,31,0,0,0,0,48,0
9315482,2022-10-05,28,3,0,0,0,48,0
9315482,2022-10-06,27,1,0,0,0,48,0
9315482,2022-10-07,26,1,0,0,0,48,0
9315482,2022-10-08,25,1,0,0,0,48,0
9315482,2022-10-09,25,0,0,0,0,48,0
9315482,2022-10-10,22,3,0,0,0,48,0
9315482,2022-10-11,22,0,0,0,0,48,0
9315482,2022-10-12,21,1,0,0,0,48,0
9315482,2022-10-13,21,0,0,0,0,48,0
9315482,2022-10-14,18,3,0,0,0,48,0
9315482,2022-10-15,17,1,0,0,0,48,0
9315482,2022-10-16,16,1,0,0,0,48,0
9315482,2022-10-17,15,1,0,0,0,48,0
9315482,2022-10-18,14,1,0,0,0,48,0
9315482,2022-10-19,14,0,0,0,0,48,0
9315482,2022-10-20,14,0,0,0,0,48,0
9315482,2022-10-21,14,0,0,0,0,48,0
9315482,2022-10-22,12,2,0,0,0,48,0
9315482,2022-10-23,11,1,0,0,0,48,0
9315482,2022-10-24,11,0,0,0,0,48,0
9315482,2022-10-25,8,3,0,0,0,48,0
9315482,2022-10-26,7,1,0,0,0,48,0
9315482,2022-10-27,5,2,0,0,0,48,0
9315482,2022-10-28,4,1,0,0,0,48,0
9315482,2022-10-29,51,1,0,48,0,0,0
9315482,2022-10-30,51,0,0,0,0,0,0
9315482,2022-10-31,50,1,0,0,0,0,0
9315482,2022-11-01,49,1,0,0,0,0,0
9315482,2022-11-02,49,0,0,0,0,0,0
9315482,2022-11-03,49,0,0,0,0,0,0
9315482,2022-11-04,49,0,0,0,0,0,0
9315482,2022-11-05,48,1,0,0,0,0,0
9315482,2022-11-06,48,0,0,0,0,0,0
9315482,2022-11-07,48,0,0,0,0,0,0
9315482,2022-11-08,48,0,0,0,0,0,0
9315482,2022-11-09,48,0,0,0,0,0,0
9315482,2022-11-10,44,4,0,0,0,0,0
9315482,2022-11-11,43,1,0,0,0,0,0
9315482,2022-11-12,41,2,0,0,0,0,0
9315482,2022-11-13,38,3,0,0,0,0,0
9315482,2022-11-14,37,1,0,0,0,0,0
9315482,2022-11-15,37,0,0,0,0,0,0
9315482,2022-11-16,37,0,0,0,0,0,0
9315482,2022-11-17,37,0,0,0,0,0,0
9315482,2022-11-18,37,0,0,0,0,0,0
9315482,2022-11-19,34,3,0,0,0,0,0
9315482,2022-11-20,34,0,0,0,0,0,0
9315482,2022-11-21,33,1,0,0,0,0,0
9315482,2022-11-22,33,0,0,0,0,0,0
9315482,2022-11-23,32,1,0,0,0,0,0
9315482,2022-11-24,28,4,0,0,43,43,0
9315482,2022-11-25,26,2,0,0,0,43,0
9315482,2022-11-26,21,5,0,0,0,43,0
9315482,2022-11-27,18,3,0,0,0,43,0
9315482,2022-11-28,18,0,0,0,0,43,0
9315482,2022-11-29,18,0,0,0,0,43,0
9315482,2022-11-30,17,1,0,0,0,43,0
9315482,2022-12-01,17,0,0,0,0,43,0
9315482,2022-12-02,17,0,0,0,0,43,0
9315482,2022-12-03,17,0,0,0,0,43,0
9315482,2022-12-04,16,1,0,0,0,43,0
9315482,2022-12-05,15,1,0,0,0,43,0
9315482,2022-12-06,13,2,0,0,0,43,0
9315482,2022-12-07,13,0,0,0,0,43,0
9315482,2022-12-08,12,1,0,0,0,43,0
9315482,2022-12-09,12,0,0,0,0,43,0
9315482,2022-12-10,10,2,0,0,0,43,0
9315482,2022-12-11,10,0,0,0,0,43,0
9315482,2022-12-12,10,0,0,0,0,43,0
9315482,2022-12-13,10,0,0,0,0,43,0
9315482,2022-12-14,9,1,0,0,0,43,0
9315482,2022-12-15,9,0,0,0,0,43,0
9315482,2022-12-16,8,1,0,0,0,43,0
9315482,2022-12-17,7,1,0,0,0,43,0
9315482,2022-12-18,7,0,0,0,0,43,0
9315482,2022-12-19,6,1,0,0,0,43,0
9315482,2022-12-20,3,3,0,0,0,43,0
9315482,2022-12-21,1,2,0,0,0,43,0
9315482,2022-12-22,43,1,0,43,0,0,0
9315482,2022-12-23,43,0,0,0,0,0,0
9315482,2022-12-24,41,2,0,0,0,0,0
9315482,2022-12-25,40,1,0,0,0,0,0
9315482,2022-12-26,39,1,0,0,0,0,0
9315482,2022-12-27,39,0,0,0,0,0,0
9315482,2022-12-28,38,1,0,0,0,0,0
9315482,2022-12-29,37,1,0,0,0,0,0
9315482,2022-12-30,37,0,0,0,0,0,0
9315482,2022-12-31,37,0,0,0,0,0,0
9315482,2023-01-01,37,0,0,0,0,0,0
9315482,2023-01-02,36,1,0,0,0,0,0
9315482,2023-01-03,34,2,0,0,0,0,0
9315482,2023-01-04,34,0,0,0,0,0,0
9315482,2023-01-05,34,0,0,0,0,0,0
9315482,2023-01-06,34,0,0,0,0,0,0
9315482,2023-01-07,32,2,0,0,0,0,0
9315482,2023-01-08,32,0,0,0,0,0,0
9315482,2023-01-09,30,2,0,0,0,0,0
9315482,2023-01-10,29,1,0,0,0,0,0
9315482,2023-01-11,28,1,0,0,44,44,0
9315482,2023-01-12,27,1,0,0,0,44,0
9315482,2023-01-13,27,0,0,0,0,44,0
9315482,2023-01-14,26,1,0,0,0,44,0
9315482,2023-01-15,24,2,0,0,0,44,0
9315482,2023-01-16,22,2,0,0,0,44,0
9315482,2023-01-17,19,3,0,0,0,44,0
9315482,2023-01-18,19,0,0,0,0,44,0
9315482,2023-01-19,19,0,0,0,0,44,0
9315482,2023-01-20,18,1,0,0,0,44,0
9315482,2023-01-21,16,2,0,0,0,44,0
9315482,2023-01-22,15,1,0,0,0,44,0
9315482,2023-01-23,15,0,0,0,0,44,0
9315482,2023-01-24,13,2,0,0,0,44,0
9315482,2023-01-25,12,1,0,0,0,44,0
9315482,2023-01-26,12,0,0,0,0,44,0
9315482,2023-01-27,11,1,0,0,0,44,0
9315482,2023-01-28,9,2,0,0,0,44,0
9315482,2023-01-29,8,1,0,0,0,44,0
9315482,2023-01-30,5,3,0,0,0,44,0
9315482,2023-01-31,4,1,0,0,0,44,0
9315482,2023-02-01,3,1,0,0,0,44,0
9315482,2023-02-02,2,1,0,0,0,44,0
9315482,2023-02-03,0,2,0,0,0,44,0
9315482,2023-02-04,0,1,1,0,0,44,1
9315482,2023-02-05,0,2,2,0,0,44,1
9315482,2023-02-06,0,0,0,0,0,44,0
9315482,2023-02-07,0,1,1,0,0,44,1
9315482,2023-02-08,43,1,0,44,0,0,0
9315482,2023-02-09,43,0,0,0,0,0,0
9315482,2023-02-10,43,0,0,0,0,0,0
9315482,2023-02-11,41,2,0,0,0,0,0
9315482,2023-02-12,39,2,0,0,0,0,0
9315482,2023-02-13,35,4,0,0,0,0,0
9315482,2023-02-14,35,0,0,0,53,53,0
9315482,2023-02-15,34,1,0,0,0,53,0
9315482,2023-02-16,33,1,0,0,0,53,0
9315482,2023-02-17,32,1,0,0,0,53,0
9315482,2023-02-18,29,3,0,0,0,53,0
9315482,2023-02-19,29,0,0,0,0,53,0
9315482,2023-02-20,29,0,0,0,0,53,0
9315482,2023-02-21,28,1,0,0,0,53,0
9315482,2023-02-22,26,2,0,0,0,53,0
9315482,2023-02-23,25,1,0,0,0,53,0
9315482,2023-02-24,24,1,0,0,0,53,0
9315482,2023-02-25,24,0,0,0,0,53,0
9315482,2023-02-26,23,1,0,0,0,53,0
9315482,2023-02-27,22,1,0,0,0,53,0
9315482,2023-02-28,20,2,0,0,0,53,0
9315482,2023-03-01,19,1,0,0,0,53,0
9315482,2023-03-02,18,1,0,0,0,53,0
9315482,2023-03-03,18,0,0,0,0,53,0
9315482,2023-03-04,17,1,0,0,0,53,0
9315482,2023-03-05,15,2,0,0,0,53,0
9315482,2023-03-06,14,1,0,0,0,53,0
9315482,2023-03-07,12,2,0,0,0,53,0
9315482,2023-03-08,10,2,0,0,0,53,0
9315482,2023-03-09,7,3,0,0,0,53,0
9315482,2023-03-10,6,1,0,0,0,53,0
9315482,2023-03-11,6,0,0,0,0,53,0
9315482,2023-03-12,6,0,0,0,0,53,0
9315482,2023-03-13,5,1,0,0,0,53,0
9315482,2023-03-14,55,3,0,53,0,0,0
9315482,2023-03-15,52,3,0,0,0,0,0
9315482,2023-03-16,52,0,0,0,0,0,0
9315482,2023-03-17,50,2,0,0,0,0,0
9315482,2023-03-18,48,2,0,0,0,0,0
9315482,2023-03-19,46,2,0,0,0,0,0
9315482,2023-03-20,45,1,0,0,0,0,0
9315482,2023-03-21,44,1,0,0,0,0,0
9315482,2023-03-22,43,1,0,0,0,0,0
9315482,2023-03-23,43,0,0,0,0,0,0
9315482,2023-03-24,42,1,0,0,0,0,0
9315482,2023-03-25,39,3,0,0,60,60,0
9315482,2023-03-26,39,0,0,0,0,60,0
9315482,2023-03-27,38,1,0,0,0,60,0
9315482,2023-03-28,35,3,0,0,0,60,0
9315482,2023-03-29,31,4,0,0,0,60,0
9315482,2023-03-30,30,1,0,0,0,60,0
9315482,2023-03-31,29,1,0,0,0,60,0
9315482,2023-04-01,28,1,0,0,0,60,0
9315482,2023-04-02,26,2,0,0,0,60,0
9315482,2023-04-03,25,1,0,0,0,60,0
9315482,2023-04-04,21,4,0,0,0,60,0
9315482,2023-04-05,21,0,0,0,0,60,0
9315482,2023-04-06,20,1,0,0,0,60,0
9315482,2023-04-07,16,4,0,0,0,60,0
9315482,2023-04-08,13,3,0,0,0,60,0
9315482,2023-04-09,11,2,0,0,0,60,0
9315482,2023-04-10,11,0,0,0,0,60,0
9315482,2023-04-11,10,1,0,0,0,60,0
9315482,2023-04-12,9,1,0,0,0,60,0
9315482,2023-04-13,8,1,0,0,0,60,0
9315482,2023-04-14,6,2,0,0,0,60,0
9315482,2023-04-15,4,2,0,0,0,60,0
9315482,2023-04-16,3,1,0,0,0,60,0
9315482,2023-04-17,0,3,0,0,0,60,0
9315482,2023-04-18,0,1,1,0,0,60,1
9315482,2023-04-19,0,2,2,0,0,60,1
9315482,2023-04-20,0,2,2,0,0,60,1
9315482,2023-04-21,0,1,1,0,0,60,1
9315482,2023-04-22,57,3,0,60,0,0,0
9315482,2023-04-23,56,1,0,0,0,0,0
9315482,2023-04-24,55,1,0,0,0,0,0
9315482,2023-04-25,55,0,0,0,0,0,0
9315482,2023-04-26,54,1,0,0,0,0,0
9315482,2023-04-27,54,0,0,0,0,0,0
9315482,2023-04-28,53,1,0,0,0,0,0
9315482,2023-04-29,53,0,0,0,0,0,0
9315482,2023-04-30,51,2,0,0,0,0,0
9315482,2023-05-01,50,1,0,0,0,0,0
9315482,2023-05-02,50,0,0,0,0,0,0
9315482,2023-05-03,49,1,0,0,0,0,0
9315482,2023-05-04,49,0,0,0,0,0,0
9315482,2023-05-05,48,1,0,0,0,0,0
9315482,2023-05-06,46,2,0,0,0,0,0
9315482,2023-05-07,43,3,0,0,67,67,0
9315482,2023-05-08,43,0,0,0,0,67,0
9315482,2023-05-09,42,1,0,0,0,67,0
9315482,2023-05-10,42,0,0,0,0,67,0
9315482,2023-05-11,41,1,0,0,0,67,0
9315482,2023-05-12,41,0,0,0,0,67,0
9315482,2023-05-13,39,2,0,0,0,67,0
9315482,2023-05-14,37,2,0,0,0,67,0
9315482,2023-05-15,36,1,0,0,0,67,0
9315482,2023-05-16,35,1,0,0,0,67,0
9315482,2023-05-17,34,1,0,0,0,67,0
9315482,2023-05-18,34,0,0,0,0,67,0
9315482,2023-05-19,34,0,0,0,0,67,0
9315482,2023-05-20,33,1,0,0,0,67,0
9315482,2023-05-21,32,1,0,0,0,67,0
9315482,2023-05-22,30,2,0,0,0,67,0
9315482,2023-05-23,30,0,0,0,0,67,0
9315482,2023-05-24,28,2,0,0,0,67,0
9315482,2023-05-25,27,1,0,0,0,67,0
9315482,2023-05-26,24,3,0,0,0,67,0
9315482,2023-05-27,23,1,0,0,0,67,0
9315482,2023-05-28,22,1,0,0,0,67,0
9315482,2023-05-29,21,1,0,0,0,67,0
9315482,2023-05-30,20,1,0,0,0,67,0
9315482,2023-05-31,20,0,0,0,0,67,0
9315482,2023-06-01,20,0,0,0,0,67,0
9315482,2023-06-02,19,1,0,0,0,67,0
9315482,2023-06-03,18,1,0,0,0,67,0
9315482,2023-06-04,18,0,0,0,0,67,0
9315482,2023-06-05,16,2,0,0,0,67,0
9315482,2023-06-06,12,4,0,0,0,67,0
9315482,2023-06-07,12,0,0,0,0,67,0
9315482,2023-06-08,11,1,0,0,0,67,0
9315482,2023-06-09,9,2,0,0,0,67,0
9315482,2023-06-10,8,1,0,0,0,67,0
9315482,2023-06-11,72,3,0,67,0,0,0
9315482,2023-06-12,70,2,0,0,0,0,0
9315482,2023-06-13,69,1,0,0,0,0,0
9315482,2023-06-14,69,0,0,0,0,0,0
9315482,2023-06-15,69,0,0,0,0,0,0
9315482,2023-06-16,68,1,0,0,0,0,0
9315482,2023-06-17,67,1,0,0,0,0,0
9315482,2023-06-18,66,1,0,0,0,0,0
9315482,2023-06-19,66,0,0,0,0,0,0
9315482,2023-06-20,65,1,0,0,0,0,0
9315482,2023-06-21,63,2,0,0,0,0,0
9315482,2023-06-22,62,1,0,0,0,0,0
9315482,2023-06-23,62,0,0,0,0,0,0
9315482,2023-06-24,61,1,0,0,0,0,0
9315482,2023-06-25,61,0,0,0,0,0,0
9315482,2023-06-26,60,1,0,0,0,0,0
9315482,2023-06-27,59,1,0,0,0,0,0
9315482,2023-06-28,59,0,0,0,0,0,0
9315482,2023-06-29,59,0,0,0,0,0,0
9315482,2023-06-30,59,0,0,0,0,0,0
9315482,2023-07-01,57,2,0,0,0,0,0
9315482,2023-07-02,56,1,0,0,0,0,0
9315482,2023-07-03,55,1,0,0,0,0,0
9315482,2023-07-04,52,3,0,0,0,0,0
9315482,2023-07-05,49,3,0,0,0,0,0
9315482,2023-07-06,45,4,0,0,0,0,0
9315482,2023-07-07,40,5,0,0,0,0,0
9315482,2023-07-08,35,5,0,0,58,58,0
9315482,2023-07-09,35,0,0,0,0,58,0
9315482,2023-07-10,33,2,0,0,0,58,0
9315482,2023-07-11,31,2,0,0,0,58,0
9315482,2023-07-12,28,3,0,0,0,58,0
9315482,2023-07-13,28,0,0,0,0,58,0
9315482,2023-07-14,26,2,0,0,0,58,0
9315482,2023-07-15,26,0,0,0,0,58,0
9315482,2023-07-16,25,1,0,0,0,58,0
9315482,2023-07-17,24,1,0,0,0,58,0
9315482,2023-07-18,24,0,0,0,0,58,0
9315482,2023-07-19,24,0,0,0,0,58,0
9315482,2023-07-20,24,0,0,0,0,58,0
9315482,2023-07-21,24,0,0,0,0,58,0
9315482,2023-07-22,22,2,0,0,0,58,0
9315482,2023-07-23,21,1,0,0,0,58,0
9315482,2023-07-24,20,1,0,0,0,58,0
9315482,2023-07-25,19,1,0,0,0,58,0
9315482,2023-07-26,17,2,0,0,0,58,0
9315482,2023-07-27,17,0,0,0,0,58,0
9315482,2023-07-28,15,2,0,0,0,58,0
9315482,2023-07-29,12,3,0,0,0,58,0
9315482,2023-07-30,11,1,0,0,0,58,0
9315482,2023-07-31,11,0,0,0,0,58,0
9315482,2023-08-01,11,0,0,0,0,58,0
9315482,2023-08-02,8,3,0,0,0,58,0
9315482,2023-08-03,8,0,0,0,0,58,0
9315482,2023-08-04,7,1,0,0,0,58,0
9315482,2023-08-05,63,2,0,58,0,0,0
9315482,2023-08-06,60,3,0,0,0,0,0
9315482,2023-08-07,58,2,0,0,0,0,0
9315482,2023-08-08,57,1,0,0,0,0,0
9315482,2023-08-09,57,0,0,0,0,0,0
9315482,2023-08-10,57,0,0,0,0,0,0
9315482,2023-08-11,57,0,0,0,0,0,0
9315482,2023-08-12,56,1,0,0,0,0,0
9315482,2023-08-13,54,2,0,0,0,0,0
9315482,2023-08-14,53,1,0,0,0,0,0
9315482,2023-08-15,51,2,0,0,0,0,0
9315482,2023-08-16,51,0,0,0,0,0,0
9315482,2023-08-17,51,0,0,0,0,0,0
9315482,2023-08-18,49,2,0,0,0,0,0
9315482,2023-08-19,48,1,0,0,0,0,0
9315482,2023-08-20,48,0,0,0,0,0,0
9315482,2023-08-21,46,2,0,0,0,0,0
9315482,2023-08-22,46,0,0,0,0,0,0
9315482,2023-08-23,43,3,0,0,0,0,0
9315482,2023-08-24,42,1,0,0,0,0,0
9315482,2023-08-25,39,3,0,0,64,64,0
9315482,2023-08-26,38,1,0,0,0,64,0
9315482,2023-08-27,36,2,0,0,0,64,0
9315482,2023-08-28,35,1,0,0,0,64,0
9315482,2023-08-29,34,1,0,0,0,64,0
9315482,2023-08-30,33,1,0,0,0,64,0
9315482,2023-08-31,31,2,0,0,0,64,0
9315482,2023-09-01,30,1,0,0,0,64,0
9315482,2023-09-02,28,2,0,0,0,64,0
9315482,2023-09-03,28,0,0,0,0,64,0
9315482,2023-09-04,25,3,0,0,0,64,0
9315482,2023-09-05,24,1,0,0,0,64,0
9315482,2023-09-06,21,3,0,0,0,64,0
9315482,2023-09-07,18,3,0,0,0,64,0
9315482,2023-09-08,15,3,0,0,0,64,0
9315482,2023-09-09,12,3,0,0,0,64,0
9315482,2023-09-10,12,0,0,0,0,64,0
9315482,2023-09-11,12,0,0,0,0,64,0
9315482,2023-09-12,11,1,0,0,0,64,0
9315482,2023-09-13,11,0,0,0,0,64,0
9315482,2023-09-14,11,0,0,0,0,64,0
9315482,2023-09-15,10,1,0,0,0,64,0
9315482,2023-09-16,10,0,0,0,0,64,0
9315482,2023-09-17,6,4,0,0,0,64,0
9315482,2023-09-18,4,2,0,0,0,64,0
9315482,2023-09-19,2,2,0,0,0,64,0
9315482,2023-09-20,1,1,0,0,0,64,0
9315482,2023-09-21,0,3,2,0,0,64,1
9315482,2023-09-22,64,0,0,64,0,0,0
9315482,2023-09-23,62,2,0,0,0,0,0
9315482,2023-09-24,62,0,0,0,0,0,0
9315482,2023-09-25,60,2,0,0,0,0,0
9315482,2023-09-26,54,6,0,0,0,0,0
9315482,2023-09-27,54,0,0,0,0,0,0
9315482,2023-09-28,53,1,0,0,0,0,0
9315482,2023-09-29,51,2,0,0,0,0,0
9315482,2023-09-30,51,0,0,0,0,0,0
9315482,2023-10-01,49,2,0,0,0,0,0
9315482,2023-10-02,47,2,0,0,0,0,0
9315482,2023-10-03,45,2,0,0,0,0,0
9315482,2023-10-04,43,2,0,0,66,66,0
9315482,2023-10-05,41,2,0,0,0,66,0
9315482,2023-10-06,40,1,0,0,0,66,0
9315482,2023-10-07,37,3,0,0,0,66,0
9315482,2023-10-08,36,1,0,0,0,66,0
9315482,2023-10-09,34,2,0,0,0,66,0
9315482,2023-10-10,33,1,0,0,0,66,0
9315482,2023-10-11,32,1,0,0,0,66,0
9315482,2023-10-12,29,3,0,0,0,66,0
9315482,2023-10-13,29,0,0,0,0,66,0
9315482,2023-10-14,26,3,0,0,0,66,0
9315482,2023-10-15,26,0,0,0,0,66,0
9315482,2023-10-16,22,4,0,0,0,66,0
9315482,2023-10-17,22,0,0,0,0,66,0
9315482,2023-10-18,22,0,0,0,0,66,0
9315482,2023-10-19,21,1,0,0,0,66,0
9315482,2023-10-20,20,1,0,0,0,66,0
9315482,2023-10-21,17,3,0,0,0,66,0
9315482,2023-10-22,15,2,0,0,0,66,0
9315482,2023-10-23,12,3,0,0,0,66,0
9315482,2023-10-24,10,2,0,0,0,66,0
9315482,2023-10-25,10,0,0,0,0,66,0
9315482,2023-10-26,6,4,0,0,0,66,0
9315482,2023-10-27,4,2,0,0,0,66,0
9315482,2023-10-28,3,1,0,0,0,66,0
9315482,2023-10-29,2,1,0,0,0,66,0
9315482,2023-10-30,1,1,0,0,0,66,0
9315482,2023-10-31,0,1,0,0,0,66,0
9315482,2023-11-01,66,0,0,66,0,0,0
9315482,2023-11-02,65,1,0,0,0,0,0
9315482,2023-11-03,64,1,0,0,0,0,0
9315482,2023-11-04,64,0,0,0,0,0,0
9315482,2023-11-05,64,0,0,0,0,0,0
9315482,2023-11-06,62,2,0,0,0,0,0
9315482,2023-11-07,62,0,0,0,0,0,0
9315482,2023-11-08,61,1,0,0,0,0,0
9315482,2023-11-09,59,2,0,0,0,0,0
9315482,2023-11-10,58,1,0,0,0,0,0
9315482,2023-11-11,57,1,0,0,0,0,0
9315482,2023-11-12,56,1,0,0,0,0,0
9315482,2023-11-13,55,1,0,0,0,0,0
9315482,2023-11-14,53,2,0,0,0,0,0
9315482,2023-11-15,53,0,0,0,0,0,0
9315482,2023-11-16,53,0,0,0,0,0,0
9315482,2023-11-17,51,2,0,0,0,0,0
9315482,2023-11-18,49,2,0,0,0,0,0
9315482,2023-11-19,49,0,0,0,0,0,0
9315482,2023-11-20,49,0,0,0,0,0,0
9315482,2023-11-21,49,0,0,0,0,0,0
9315482,2023-11-22,49,0,0,0,0,0,0
9315482,2023-11-23,49,0,0,0,0,0,0
9315482,2023-11-24,45,4,0,0,0,0,0
9315482,2023-11-25,38,7,0,0,61,61,0
9315482,2023-11-26,31,7,0,0,0,61,0
9315482,2023-11-27,31,0,0,0,0,61,0
9315482,2023-11-28,29,2,0,0,0,61,0
9315482,2023-11-29,28,1,0,0,0,61,0
9315482,2023-11-30,28,0,0,0,0,61,0
9315482,2023-12-01,28,0,0,0,0,61,0
9315482,2023-12-02,27,1,0,0,0,61,0
9315482,2023-12-03,25,2,0,0,0,61,0
9315482,2023-12-04,25,0,0,0,0,61,0
9315482,2023-12-05,25,0,0,0,0,61,0
9315482,2023-12-06,24,1,0,0,0,61,0
9315482,2023-12-07,23,1,0,0,0,61,0
9315482,2023-12-08,23,0,0,0,0,61,0
9315482,2023-12-09,19,4,0,0,0,61,0
9315482,2023-12-10,19,0,0,0,0,61,0
9315482,2023-12-11,18,1,0,0,0,61,0
9315482,2023-12-12,17,1,0,0,0,61,0
9315482,2023-12-13,17,0,0,0,0,61,0
9315482,2023-12-14,17,0,0,0,0,61,0
9315482,2023-12-15,16,1,0,0,0,61,0
9315482,2023-12-16,14,2,0,0,0,61,0
9315482,2023-12-17,11,3,0,0,0,61,0
9315482,2023-12-18,10,1,0,0,0,61,0
9315482,2023-12-19,7,3,0,0,0,61,0
9315482,2023-12-20,6,1,0,0,0,61,0
9315482,2023-12-21,5,1,0,0,0,61,0
9315482,2023-12-22,3,2,0,0,0,61,0
9315482,2023-12-23,62,2,0,61,0,0,0
9315482,2023-12-24,62,0,0,0,0,0,0
9315482,2023-12-25,58,4,0,0,0,0,0
9315482,2023-12-26,58,0,0,0,0,0,0
9315482,2023-12-27,56,2,0,0,0,0,0
9315482,2023-12-28,55,1,0,0,0,0,0
9315482,2023-12-29,55,0,0,0,0,0,0
9315482,2023-12-30,54,1,0,0,0,0,0
9315482,2023-12-31,52,2,0,0,0,0,0
9315482,2024-01-01,51,1,0,0,0,0,0
9315482,2024-01-02,51,0,0,0,0,0,0
9315482,2024-01-03,50,1,0,0,0,0,0
9315482,2024-01-04,50,0,0,0,0,0,0
9315482,2024-01-05,49,1,0,0,0,0,0
9315482,2024-01-06,49,0,0,0,0,0,0
9315482,2024-01-07,48,1,0,0,0,0,0
9315482,2024-01-08,48,0,0,0,0,0,0
9315482,2024-01-09,48,0,0,0,0,0,0
9315482,2024-01-10,44,4,0,0,0,0,0
9315482,2024-01-11,43,1,0,0,0,0,0
9315482,2024-01-12,42,1,0,0,0,0,0
9315482,2024-01-13,39,3,0,0,60,60,0
9315482,2024-01-14,38,1,0,0,0,60,0
9315482,2024-01-15,36,2,0,0,0,60,0
9315482,2024-01-16,32,4,0,0,0,60,0
9315482,2024-01-17,30,2,0,0,0,60,0
9315482,2024-01-18,30,0,0,0,0,60,0
9315482,2024-01-19,29,1,0,0,0,60,0
9315482,2024-01-20,27,2,0,0,0,60,0
9315482,2024-01-21,25,2,0,0,0,60,0
9315482,2024-01-22,25,0,0,0,0,60,0
9315482,2024-01-23,25,0,0,0,0,60,0
9315482,2024-01-24,24,1,0,0,0,60,0
9315482,2024-01-25,23,1,0,0,0,60,0
9315482,2024-01-26,19,4,0,0,0,60,0
9315482,2024-01-27,15,4,0,0,0,60,0
9315482,2024-01-28,15,0,0,0,0,60,0
9315482,2024-01-29,14,1,0,0,0,60,0
9315482,2024-01-30,14,0,0,0,0,60,0
9315482,2024-01-31,14,0,0,0,0,60,0
9315482,2024-02-01,13,1,0,0,0,60,0
9315482,2024-02-02,12,1,0,0,0,60,0
9315482,2024-02-03,12,0,0,0,0,60,0
9315482,2024-02-04,11,1,0,0,0,60,0
9315482,2024-02-05,9,2,0,0,0,60,0
9315482,2024-02-06,8,1,0,0,0,60,0
9315482,2024-02-07,7,1,0,0,0,60,0
9315482,2024-02-08,7,0,0,0,0,60,0
9315482,2024-02-09,4,3,0,0,0,60,0
9315482,2024-02-10,64,0,0,60,0,0,0
9315482,2024-02-11,64,0,0,0,0,0,0
9315482,2024-02-12,62,2,0,0,0,0,0
9315482,2024-02-13,59,3,0,0,0,0,0
9315482,2024-02-14,58,1,0,0,0,0,0
9315482,2024-02-15,58,0,0,0,0,0,0
9315482,2024-02-16,52,6,0,0,0,0,0
9315482,2024-02-17,52,0,0,0,0,0,0
9315482,2024-02-18,52,0,0,0,0,0,0
9315482,2024-02-19,51,1,0,0,0,0,0
9315482,2024-02-20,50,1,0,0,0,0,0
9315482,2024-02-21,49,1,0,0,0,0,0
9315482,2024-02-22,49,0,0,0,0,0,0
9315482,2024-02-23,48,1,0,0,0,0,0
9315482,2024-02-24,46,2,0,0,0,0,0
9315482,2024-02-25,45,1,0,0,0,0,0
9315482,2024-02-26,45,0,0,0,0,0,0
9315482,2024-02-27,45,0,0,0,0,0,0
9315482,2024-02-28,45,0,0,0,0,0,0
9315482,2024-02-29,43,2,0,0,0,0,0
9841830,2022-03-01,302,6,0,0,0,0,0
9841830,2022-03-02,300,2,0,0,0,0,0
9841830,2022-03-03,293,7,0,0,0,0,0
9841830,2022-03-04,287,6,0,0,0,0,0
9841830,2022-03-05,280,7,0,0,0,0,0
9841830,2022-03-06,271,9,0,0,0,0,0
9841830,2022-03-07,267,4,0,0,0,0,0
9841830,2022-03-08,261,6,0,0,0,0,0
9841830,2022-03-09,257,4,0,0,0,0,0
9841830,2022-03-10,254,3,0,0,0,0,0
9841830,2022-03-11,250,4,0,0,0,0,0
9841830,2022-03-12,241,9,0,0,0,0,0
9841830,2022-03-13,234,7,0,0,0,0,0
9841830,2022-03-14,226,8,0,0,0,0,0
9841830,2022-03-15,219,7,0,0,0,0,0
9841830,2022-03-16,211,8,0,0,0,0,0
9841830,2022-03-17,206,5,0,0,0,0,0
9841830,2022-03-18,195,11,0,0,0,0,0
9841830,2022-03-19,189,6,0,0,286,286,0
9841830,2022-03-20,181,8,0,0,0,286,0
9841830,2022-03-21,177,4,0,0,0,286,0
9841830,2022-03-22,169,8,0,0,0,286,0
9841830,2022-03-23,162,7,0,0,0,286,0
9841830,2022-03-24,150,12,0,0,0,286,0
9841830,2022-03-25,141,9,0,0,0,286,0
9841830,2022-03-26,133,8,0,0,0,286,0
9841830,2022-03-27,122,11,0,0,0,286,0
9841830,2022-03-28,120,2,0,0,0,286,0
9841830,2022-03-29,115,5,0,0,0,286,0
9841830,2022-03-30,111,4,0,0,0,286,0
9841830,2022-03-31,105,6,0,0,0,286,0
9841830,2022-04-01,103,2,0,0,0,286,0
9841830,2022-04-02,95,8,0,0,0,286,0
9841830,2022-04-03,91,4,0,0,0,286,0
9841830,2022-04-04,85,6,0,0,0,286,0
9841830,2022-04-05,78,7,0,0,0,286,0
9841830,2022-04-06,75,3,0,0,0,286,0
9841830,2022-04-07,70,5,0,0,0,286,0
9841830,2022-04-08,65,5,0,0,0,286,0
9841830,2022-04-09,59,6,0,0,0,286,0
9841830,2022-04-10,51,8,0,0,0,286,0
9841830,2022-04-11,45,6,0,0,0,286,0
9841830,2022-04-12,41,4,0,0,0,286,0
9841830,2022-04-13,34,7,0,0,0,286,0
9841830,2022-04-14,25,9,0,0,0,286,0
9841830,2022-04-15,21,4,0,0,0,286,0
9841830,2022-04-16,15,6,0,0,0,286,0
9841830,2022-04-17,8,7,0,0,0,286,0
9841830,2022-04-18,1,7,0,0,0,286,0
9841830,2022-04-19,0,10,9,0,0,286,1
9841830,2022-04-20,0,4,4,0,0,286,1
9841830,2022-04-21,0,3,3,0,0,286,1
9841830,2022-04-22,0,11,11,0,0,286,1
9841830,2022-04-23,0,6,6,0,0,286,1
9841830,2022-04-24,0,9,9,0,0,286,1
9841830,2022-04-25,0,6,6,0,0,286,1
9841830,2022-04-26,0,8,8,0,0,286,1
9841830,2022-04-27,0,6,6,0,0,286,1
9841830,2022-04-28,282,4,0,286,0,0,0
9841830,2022-04-29,279,3,0,0,0,0,0
9841830,2022-04-30,273,6,0,0,0,0,0
9841830,2022-05-01,265,8,0,0,0,0,0
9841830,2022-05-02,257,8,0,0,0,0,0
9841830,2022-05-03,254,3,0,0,0,0,0
9841830,2022-05-04,246,8,0,0,0,0,0
9841830,2022-05-05,234,12,0,0,0,0,0
9841830,2022-05-06,230,4,0,0,0,0,0
9841830,2022-05-07,221,9,0,0,0,0,0
9841830,2022-05-08,216,5,0,0,0,0,0
9841830,2022-05-09,209,7,0,0,0,0,0
9841830,2022-05-10,200,9,0,0,297,297,0
9841830,2022-05-11,195,5,0,0,0,297,0
9841830,2022-05-12,189,6,0,0,0,297,0
9841830,2022-05-13,180,9,0,0,0,297,0
9841830,2022-05-14,170,10,0,0,0,297,0
9841830,2022-05-15,160,10,0,0,0,297,0
9841830,2022-05-16,154,6,0,0,0,297,0
9841830,2022-05-17,141,13,0,0,0,297,0
9841830,2022-05-18,135,6,0,0,0,297,0
9841830,2022-05-19,128,7,0,0,0,297,0
9841830,2022-05-20,121,7,0,0,0,297,0
9841830,2022-05-21,108,13,0,0,0,297,0
9841830,2022-05-22,104,4,0,0,0,297,0
9841830,2022-05-23,97,7,0,0,0,297,0
9841830,2022-05-24,92,5,0,0,0,297,0
9841830,2022-05-25,86,6,0,0,0,297,0
9841830,2022-05-26,77,9,0,0,0,297,0
9841830,2022-05-27,70,7,0,0,0,297,0
9841830,2022-05-28,59,11,0,0,0,297,0
9841830,2022-05-29,49,10,0,0,0,297,0
9841830,2022-05-30,41,8,0,0,0,297,0
9841830,2022-05-31,37,4,0,0,0,297,0
9841830,2022-06-01,32,5,0,0,0,297,0
9841830,2022-06-02,29,3,0,0,0,297,0
9841830,2022-06-03,21,8,0,0,0,297,0
9841830,2022-06-04,11,10,0,0,0,297,0
9841830,2022-06-05,4,7,0,0,0,297,0
9841830,2022-06-06,0,4,0,0,0,297,0
9841830,2022-06-07,0,7,7,0,0,297,1
9841830,2022-06-08,0,6,6,0,0,297,1
9841830,2022-06-09,278,2,0,280,0,0,0
9841830,2022-06-10,273,5,0,0,0,0,0
9841830,2022-06-11,268,5,0,0,0,0,0
9841830,2022-06-12,261,7,0,0,0,0,0
9841830,2022-06-13,254,7,0,0,0,0,0
9841830,2022-06-14,244,10,0,0,0,0,0
9841830,2022-06-15,240,4,0,0,0,0,0
9841830,2022-06-16,236,4,0,0,0,0,0
9841830,2022-06-17,233,3,0,0,0,0,0
9841830,2022-06-18,225,8,0,0,0,0,0
9841830,2022-06-19,218,7,0,0,0,0,0
9841830,2022-06-20,207,11,0,0,310,310,0
9841830,2022-06-21,197,10,0,0,0,310,0
9841830,2022-06-22,190,7,0,0,0,310,0
9841830,2022-06-23,187,3,0,0,0,310,0
9841830,2022-06-24,184,3,0,0,0,310,0
9841830,2022-06-25,175,9,0,0,0,310,0
9841830,2022-06-26,168,7,0,0,0,310,0
9841830,2022-06-27,158,10,0,0,0,310,0
9841830,2022-06-28,148,10,0,0,0,310,0
9841830,2022-06-29,139,9,0,0,0,310,0
9841830,2022-06-30,131,8,0,0,0,310,0
9841830,2022-06-30,131,8,0,0,0,310,0
9841830,2022-07-01,127,4,0,0,0,310,0
9841830,2022-07-02,120,7,0,0,0,310,0
9841830,2022-07-03,112,8,0,0,0,310,0
9841830,2022-07-04,106,6,0,0,0,310,0
9841830,2022-07-05,99,7,0,0,0,310,0
9841830,2022-07-06,92,7,0,0,0,310,0
9841830,2022-07-07,90,2,0,0,0,310,0
9841830,2022-07-08,82,8,0,0,0,310,0
9841830,2022-07-09,71,11,0,0,0,310,0
9841830,2022-07-10,59,12,0,0,0,310,0
9841830,2022-07-11,48,11,0,0,0,310,0
9841830,2022-07-12,37,11,0,0,0,310,0
9841830,2022-07-13,32,5,0,0,0,310,0
9841830,2022-07-14,28,4,0,0,0,310,0
9841830,2022-07-15,18,10,0,0,0,310,0
9841830,2022-07-16,6,12,0,0,0,310,0
9841830,2022-07-17,0,9,3,0,0,310,1
9841830,2022-07-18,0,5,5,0,0,310,1
9841830,2022-07-19,0,6,6,0,0,310,1
9841830,2022-07-20,307,3,0,310,0,0,0
9841830,2022-07-21,305,2,0,0,0,0,0
9841830,2022-07-22,296,9,0,0,0,0,0
9841830,2022-07-23,292,4,0,0,0,0,0
9841830,2022-07-24,286,6,0,0,0,0,0
9841830,2022-07-25,280,6,0,0,0,0,0
9841830,2022-07-26,277,3,0,0,0,0,0
9841830,2022-07-27,267,10,0,0,0,0,0
9841830,2022-07-28,260,7,0,0,0,0,0
9841830,2022-07-29,256,4,0,0,0,0,0
9841830,2022-07-30,250,6,0,0,0,0,0
9841830,2022-07-31,242,8,0,0,0,0,0
9841830,2022-08-01,234,8,0,0,0,0,0
9841830,2022-08-02,230,4,0,0,0,0,0
9841830,2022-08-03,227,3,0,0,0,0,0
9841830,2022-08-04,223,4,0,0,0,0,0
9841830,2022-08-05,218,5,0,0,0,0,0
9841830,2022-08-06,207,11,0,0,308,308,0
9841830,2022-08-07,193,14,0,0,0,308,0
9841830,2022-08-08,187,6,0,0,0,308,0
9841830,2022-08-09,177,10,0,0,0,308,0
9841830,2022-08-10,174,3,0,0,0,308,0
9841830,2022-08-11,168,6,0,0,0,308,0
9841830,2022-08-12,164,4,0,0,0,308,0
9841830,2022-08-13,159,5,0,0,0,308,0
9841830,2022-08-14,150,9,0,0,0,308,0
9841830,2022-08-15,149,1,0,0,0,308,0
9841830,2022-08-16,137,12,0,0,0,308,0
9841830,2022-08-17,132,5,0,0,0,308,0
9841830,2022-08-18,131,1,0,0,0,308,0
9841830,2022-08-19,125,6,0,0,0,308,0
9841830,2022-08-20,113,12,0,0,0,308,0
9841830,2022-08-21,106,7,0,0,0,308,0
9841830,2022-08-22,102,4,0,0,0,308,0
9841830,2022-08-23,92,10,0,0,0,308,0
9841830,2022-08-24,90,2,0,0,0,308,0
9841830,2022-08-25,86,4,0,0,0,308,0
9841830,2022-08-26,77,9,0,0,0,308,0
9841830,2022-08-27,69,8,0,0,0,308,0
9841830,2022-08-28,60,9,0,0,0,308,0
9841830,2022-08-29,55,5,0,0,0,308,0
9841830,2022-08-30,49,6,0,0,0,308,0
9841830,2022-08-31,45,4,0,0,0,308,0
9841830,2022-09-01,39,6,0,0,0,308,0
9841830,2022-09-02,33,6,0,0,0,308,0
9841830,2022-09-03,29,4,0,0,0,308,0
9841830,2022-09-04,21,8,0,0,0,308,0
9841830,2022-09-05,14,7,0,0,0,308,0
9841830,2022-09-06,5,9,0,0,0,308,0
9841830,2022-09-07,0,6,1,0,0,308,1
9841830,2022-09-08,0,9,9,0,0,308,1
9841830,2022-09-09,0,8,8,0,0,308,1
9841830,2022-09-10,0,5,5,0,0,308,1
9841830,2022-09-11,0,14,14,0,0,308,1
9841830,2022-09-12,0,4,4,0,0,308,1
9841830,2022-09-13,0,5,5,0,0,308,1
9841830,2022-09-14,0,7,7,0,0,308,1
9841830,2022-09-15,0,5,5,0,0,308,1
9841830,2022-09-16,0,4,4,0,0,308,1
9841830,2022-09-17,0,4,4,0,0,308,1
9841830,2022-09-18,305,3,0,308,0,0,0
9841830,2022-09-19,299,6,0,0,0,0,0
9841830,2022-09-20,293,6,0,0,0,0,0
9841830,2022-09-21,282,11,0,0,0,0,0
9841830,2022-09-22,276,6,0,0,0,0,0
9841830,2022-09-23,259,17,0,0,0,0,0
9841830,2022-09-24,246,13,0,0,0,0,0
9841830,2022-09-25,236,10,0,0,0,0,0
9841830,2022-09-26,229,7,0,0,0,0,0
9841830,2022-09-27,219,10,0,0,0,0,0
9841830,2022-09-28,216,3,0,0,0,0,0
9841830,2022-09-29,208,8,0,0,313,313,0
9841830,2022-09-30,201,7,0,0,0,313,0
9841830,2022-10-01,193,8,0,0,0,313,0
9841830,2022-10-02,182,11,0,0,0,313,0
9841830,2022-10-03,175,7,0,0,0,313,0
9841830,2022-10-04,167,8,0,0,0,313,0
9841830,2022-10-05,164,3,0,0,0,313,0
9841830,2022-10-06,153,11,0,0,0,313,0
9841830,2022-10-07,144,9,0,0,0,313,0
9841830,2022-10-08,140,4,0,0,0,313,0
9841830,2022-10-09,132,8,0,0,0,313,0
9841830,2022-10-10,119,13,0,0,0,313,0
9841830,2022-10-11,108,11,0,0,0,313,0
9841830,2022-10-12,105,3,0,0,0,313,0
9841830,2022-10-13,93,12,0,0,0,313,0
9841830,2022-10-14,83,10,0,0,0,313,0
9841830,2022-10-15,74,9,0,0,0,313,0
9841830,2022-10-16,61,13,0,0,0,313,0
9841830,2022-10-17,54,7,0,0,0,313,0
9841830,2022-10-18,49,5,0,0,0,313,0
9841830,2022-10-19,44,5,0,0,0,313,0
9841830,2022-10-20,41,3,0,0,0,313,0
9841830,2022-10-21,39,2,0,0,0,313,0
9841830,2022-10-22,29,10,0,0,0,313,0
9841830,2022-10-23,25,4,0,0,0,313,0
9841830,2022-10-24,21,4,0,0,0,313,0
9841830,2022-10-25,11,10,0,0,0,313,0
9841830,2022-10-26,8,3,0,0,0,313,0
9841830,2022-10-27,0,9,1,0,0,313,1
9841830,2022-10-28,0,4,4,0,0,313,1
9841830,2022-10-29,0,10,10,0,0,313,1
9841830,2022-10-30,0,7,7,0,0,313,1
9841830,2022-10-31,0,9,9,0,0,313,1
9841830,2022-11-01,0,7,7,0,0,313,1
9841830,2022-11-02,0,5,5,0,0,313,1
9841830,2022-11-03,0,1,1,0,0,313,1
9841830,2022-11-04,0,4,4,0,0,313,1
9841830,2022-11-05,0,5,5,0,0,313,1
9841830,2022-11-06,0,8,8,0,0,313,1
9841830,2022-11-07,280,2,0,282,0,0,0
9841830,2022-11-08,272,8,0,0,0,0,0
9841830,2022-11-09,268,4,0,0,0,0,0
9841830,2022-11-10,262,6,0,0,0,0,0
9841830,2022-11-11,256,6,0,0,0,0,0
9841830,2022-11-12,246,10,0,0,0,0,0
9841830,2022-11-13,237,9,0,0,0,0,0
9841830,2022-11-14,234,3,0,0,0,0,0
9841830,2022-11-15,230,4,0,0,0,0,0
9841830,2022-11-16,227,3,0,0,0,0,0
9841830,2022-11-17,219,8,0,0,323,323,0
9841830,2022-11-18,217,2,0,0,0,323,0
9841830,2022-11-19,210,7,0,0,0,323,0
9841830,2022-11-20,203,7,0,0,0,323,0
9841830,2022-11-21,196,7,0,0,0,323,0
9841830,2022-11-22,191,5,0,0,0,323,0
9841830,2022-11-23,188,3,0,0,0,323,0
9841830,2022-11-24,163,25,0,0,0,323,0
9841830,2022-11-25,131,32,0,0,0,323,0
9841830,2022-11-26,90,41,0,0,0,323,0
9841830,2022-11-27,57,33,0,0,0,323,0
9841830,2022-11-28,54,3,0,0,0,323,0
9841830,2022-11-29,46,8,0,0,0,323,0
9841830,2022-11-30,37,9,0,0,0,323,0
9841830,2022-12-01,32,5,0,0,0,323,0
9841830,2022-12-02,26,6,0,0,0,323,0
9841830,2022-12-03,20,6,0,0,0,323,0
9841830,2022-12-04,17,3,0,0,0,323,0
9841830,2022-12-05,13,4,0,0,0,323,0
9841830,2022-12-06,0,14,1,0,0,323,1
9841830,2022-12-07,0,4,4,0,0,323,1
9841830,2022-12-08,0,7,7,0,0,323,1
9841830,2022-12-09,0,6,6,0,0,323,1
9841830,2022-12-10,0,6,6,0,0,323,1
9841830,2022-12-11,0,9,9,0,0,323,1
9841830,2022-12-12,0,8,8,0,0,323,1
9841830,2022-12-13,0,1,1,0,0,323,1
9841830,2022-12-14,0,4,4,0,0,323,1
9841830,2022-12-15,0,3,3,0,0,323,1
9841830,2022-12-16,0,6,6,0,0,323,1
9841830,2022-12-17,311,12,0,323,0,0,0
9841830,2022-12-18,295,16,0,0,0,0,0
9841830,2022-12-19,284,11,0,0,0,0,0
9841830,2022-12-20,274,10,0,0,0,0,0
9841830,2022-12-21,260,14,0,0,0,0,0
9841830,2022-12-22,251,9,0,0,380,380,0
9841830,2022-12-23,246,5,0,0,0,380,0
9841830,2022-12-24,235,11,0,0,0,380,0
9841830,2022-12-25,231,4,0,0,0,380,0
9841830,2022-12-26,229,2,0,0,0,380,0
9841830,2022-12-27,227,2,0,0,0,380,0
9841830,2022-12-28,224,3,0,0,0,380,0
9841830,2022-12-29,221,3,0,0,0,380,0
9841830,2022-12-30,216,5,0,0,0,380,0
9841830,2022-12-31,215,1,0,0,0,380,0
9841830,2023-01-01,210,5,0,0,0,380,0
9841830,2023-01-02,207,3,0,0,0,380,0
9841830,2023-01-03,199,8,0,0,0,380,0
9841830,2023-01-04,196,3,0,0,0,380,0
9841830,2023-01-05,189,7,0,0,0,380,0
9841830,2023-01-06,188,1,0,0,0,380,0
9841830,2023-01-07,173,15,0,0,0,380,0
9841830,2023-01-08,167,6,0,0,0,380,0
9841830,2023-01-09,162,5,0,0,0,380,0
9841830,2023-01-10,151,11,0,0,0,380,0
9841830,2023-01-11,148,3,0,0,0,380,0
9841830,2023-01-12,144,4,0,0,0,380,0
9841830,2023-01-13,142,2,0,0,0,380,0
9841830,2023-01-14,131,11,0,0,0,380,0
9841830,2023-01-15,117,14,0,0,0,380,0
9841830,2023-01-16,105,12,0,0,0,380,0
9841830,2023-01-17,93,12,0,0,0,380,0
9841830,2023-01-18,85,8,0,0,0,380,0
9841830,2023-01-19,69,16,0,0,0,380,0
9841830,2023-01-20,61,8,0,0,0,380,0
9841830,2023-01-21,54,7,0,0,0,380,0
9841830,2023-01-22,348,3,0,297,0,0,0
9841830,2023-01-23,345,3,0,0,0,0,0
9841830,2023-01-24,340,5,0,0,0,0,0
9841830,2023-01-25,334,6,0,0,0,0,0
9841830,2023-01-26,328,6,0,0,0,0,0
9841830,2023-01-27,325,3,0,0,0,0,0
9841830,2023-01-28,311,14,0,0,0,0,0
9841830,2023-01-29,301,10,0,0,0,0,0
9841830,2023-01-30,297,4,0,0,0,0,0
9841830,2023-01-31,287,10,0,0,0,0,0
9841830,2023-02-01,276,11,0,0,0,0,0
9841830,2023-02-02,270,6,0,0,0,0,0
9841830,2023-02-03,262,8,0,0,0,0,0
9841830,2023-02-04,253,9,0,0,0,0,0
9841830,2023-02-05,242,11,0,0,0,0,0
9841830,2023-02-06,236,6,0,0,0,0,0
9841830,2023-02-07,229,7,0,0,0,0,0
9841830,2023-02-08,219,10,0,0,328,328,0
9841830,2023-02-09,211,8,0,0,0,328,0
9841830,2023-02-10,205,6,0,0,0,328,0
9841830,2023-02-11,199,6,0,0,0,328,0
9841830,2023-02-12,191,8,0,0,0,328,0
9841830,2023-02-13,184,7,0,0,0,328,0
9841830,2023-02-14,175,9,0,0,0,328,0
9841830,2023-02-15,170,5,0,0,0,328,0
9841830,2023-02-16,163,7,0,0,0,328,0
9841830,2023-02-17,155,8,0,0,0,328,0
9841830,2023-02-18,142,13,0,0,0,328,0
9841830,2023-02-19,135,7,0,0,0,328,0
9841830,2023-02-20,127,8,0,0,0,328,0
9841830,2023-02-21,115,12,0,0,0,328,0
9841830,2023-02-22,111,4,0,0,0,328,0
9841830,2023-02-23,106,5,0,0,0,328,0
9841830,2023-02-24,102,4,0,0,0,328,0
9841830,2023-02-25,94,8,0,0,0,328,0
9841830,2023-02-26,82,12,0,0,0,328,0
9841830,2023-02-27,75,7,0,0,0,328,0
9841830,2023-02-28,70,5,0,0,0,328,0
9841830,2023-03-01,62,8,0,0,0,328,0
9841830,2023-03-02,46,16,0,0,0,328,0
9841830,2023-03-03,36,10,0,0,0,328,0
9841830,2023-03-04,18,18,0,0,0,328,0
9841830,2023-03-05,6,12,0,0,0,328,0
9841830,2023-03-06,3,3,0,0,0,328,0
9841830,2023-03-07,0,4,1,0,0,328,1
9841830,2023-03-08,0,6,6,0,0,328,1
9841830,2023-03-09,0,7,7,0,0,328,1
9841830,2023-03-10,324,4,0,328,0,0,0
9841830,2023-03-11,315,9,0,0,0,0,0
9841830,2023-03-12,306,9,0,0,0,0,0
9841830,2023-03-13,298,8,0,0,0,0,0
9841830,2023-03-14,291,7,0,0,0,0,0
9841830,2023-03-15,279,12,0,0,0,0,0
9841830,2023-03-16,269,10,0,0,0,0,0
9841830,2023-03-17,264,5,0,0,0,0,0
9841830,2023-03-18,255,9,0,0,0,0,0
9841830,2023-03-19,235,20,0,0,355,355,0
9841830,2023-03-20,225,10,0,0,0,355,0
9841830,2023-03-21,222,3,0,0,0,355,0
9841830,2023-03-22,211,11,0,0,0,355,0
9841830,2023-03-23,204,7,0,0,0,355,0
9841830,2023-03-24,194,10,0,0,0,355,0
9841830,2023-03-25,184,10,0,0,0,355,0
9841830,2023-03-26,171,13,0,0,0,355,0
9841830,2023-03-27,162,9,0,0,0,355,0
9841830,2023-03-28,155,7,0,0,0,355,0
9841830,2023-03-29,149,6,0,0,0,355,0
9841830,2023-03-30,139,10,0,0,0,355,0
9841830,2023-03-31,132,7,0,0,0,355,0
9841830,2023-04-01,119,13,0,0,0,355,0
9841830,2023-04-02,104,15,0,0,0,355,0
9841830,2023-04-03,95,9,0,0,0,355,0
9841830,2023-04-04,84,11,0,0,0,355,0
9841830,2023-04-05,74,10,0,0,0,355,0
9841830,2023-04-06,64,10,0,0,0,355,0
9841830,2023-04-07,55,9,0,0,0,355,0
9841830,2023-04-08,39,16,0,0,0,355,0
9841830,2023-04-09,22,17,0,0,0,355,0
9841830,2023-04-10,14,8,0,0,0,355,0
9841830,2023-04-11,0,16,2,0,0,355,1
9841830,2023-04-12,0,17,17,0,0,355,1
9841830,2023-04-13,0,10,10,0,0,355,1
9841830,2023-04-14,0,7,7,0,0,355,1
9841830,2023-04-15,0,10,10,0,0,355,1
9841830,2023-04-16,0,7,7,0,0,355,1
9841830,2023-04-17,0,11,11,0,0,355,1
9841830,2023-04-18,0,9,9,0,0,355,1
9841830,2023-04-19,352,3,0,355,0,0,0
9841830,2023-04-20,340,12,0,0,0,0,0
9841830,2023-04-21,332,8,0,0,0,0,0
9841830,2023-04-22,325,7,0,0,0,0,0
9841830,2023-04-23,311,14,0,0,0,0,0
9841830,2023-04-24,300,11,0,0,0,0,0
9841830,2023-04-25,292,8,0,0,441,441,0
9841830,2023-04-26,285,7,0,0,0,441,0
9841830,2023-04-27,278,7,0,0,0,441,0
9841830,2023-04-28,269,9,0,0,0,441,0
9841830,2023-04-29,252,17,0,0,0,441,0
9841830,2023-04-30,246,6,0,0,0,441,0
9841830,2023-05-01,237,9,0,0,0,441,0
9841830,2023-05-02,227,10,0,0,0,441,0
9841830,2023-05-03,214,13,0,0,0,441,0
9841830,2023-05-04,190,24,0,0,0,441,0
9841830,2023-05-05,186,4,0,0,0,441,0
9841830,2023-05-06,177,9,0,0,0,441,0
9841830,2023-05-07,164,13,0,0,0,441,0
9841830,2023-05-08,153,11,0,0,0,441,0
9841830,2023-05-09,141,12,0,0,0,441,0
9841830,2023-05-10,132,9,0,0,0,441,0
9841830,2023-05-11,123,9,0,0,0,441,0
9841830,2023-05-12,113,10,0,0,0,441,0
9841830,2023-05-13,108,5,0,0,0,441,0
9841830,2023-05-14,104,4,0,0,0,441,0
9841830,2023-05-15,100,4,0,0,0,441,0
9841830,2023-05-16,99,1,0,0,0,441,0
9841830,2023-05-17,90,9,0,0,0,441,0
9841830,2023-05-18,77,13,0,0,0,441,0
9841830,2023-05-19,69,8,0,0,0,441,0
9841830,2023-05-20,49,20,0,0,0,441,0
9841830,2023-05-21,41,8,0,0,0,441,0
9841830,2023-05-22,34,7,0,0,0,441,0
9841830,2023-05-23,27,7,0,0,0,441,0
9841830,2023-05-24,23,4,0,0,0,441,0
9841830,2023-05-25,12,11,0,0,0,441,0
9841830,2023-05-26,5,7,0,0,0,441,0
9841830,2023-05-27,0,11,6,0,0,441,1
9841830,2023-05-28,433,8,0,441,0,0,0
9841830,2023-05-29,424,9,0,0,0,0,0
9841830,2023-05-30,410,14,0,0,0,0,0
9841830,2023-05-31,403,7,0,0,0,0,0
9841830,2023-06-01,394,9,0,0,0,0,0
9841830,2023-06-02,387,7,0,0,0,0,0
9841830,2023-06-03,374,13,0,0,0,0,0
9841830,2023-06-04,361,13,0,0,0,0,0
9841830,2023-06-05,353,8,0,0,0,0,0
9841830,2023-06-06,341,12,0,0,0,0,0
9841830,2023-06-07,332,9,0,0,0,0,0
9841830,2023-06-08,327,5,0,0,0,0,0
9841830,2023-06-09,316,11,0,0,0,0,0
9841830,2023-06-10,302,14,0,0,0,0,0
9841830,2023-06-11,291,11,0,0,0,0,0
9841830,2023-06-12,284,7,0,0,430,430,0
9841830,2023-06-13,268,16,0,0,0,430,0
9841830,2023-06-14,260,8,0,0,0,430,0
9841830,2023-06-15,250,10,0,0,0,430,0
9841830,2023-06-16,244,6,0,0,0,430,0
9841830,2023-06-17,232,12,0,0,0,430,0
9841830,2023-06-18,221,11,0,0,0,430,0
9841830,2023-06-19,210,11,0,0,0,430,0
9841830,2023-06-20,198,12,0,0,0,430,0
9841830,2023-06-21,195,3,0,0,0,430,0
9841830,2023-06-22,185,10,0,0,0,430,0
9841830,2023-06-23,179,6,0,0,0,430,0
9841830,2023-06-24,166,13,0,0,0,430,0
9841830,2023-06-25,159,7,0,0,0,430,0
9841830,2023-06-26,150,9,0,0,0,430,0
9841830,2023-06-27,138,12,0,0,0,430,0
9841830,2023-06-28,130,8,0,0,0,430,0
9841830,2023-06-29,118,12,0,0,0,430,0
9841830,2023-06-30,101,17,0,0,0,430,0
9841830,2023-07-01,92,9,0,0,0,430,0
9841830,2023-07-02,78,14,0,0,0,430,0
9841830,2023-07-03,72,6,0,0,0,430,0
9841830,2023-07-04,57,15,0,0,0,430,0
9841830,2023-07-05,47,10,0,0,0,430,0
9841830,2023-07-06,36,11,0,0,0,430,0
9841830,2023-07-07,30,6,0,0,0,430,0
9841830,2023-07-08,19,11,0,0,0,430,0
9841830,2023-07-09,4,15,0,0,0,430,0
9841830,2023-07-10,0,9,5,0,0,430,1
9841830,2023-07-11,0,13,13,0,0,430,1
9841830,2023-07-12,0,9,9,0,0,430,1
9841830,2023-07-13,0,15,15,0,0,430,1
9841830,2023-07-14,0,7,7,0,0,430,1
9841830,2023-07-15,0,11,11,0,0,430,1
9841830,2023-07-16,0,18,18,0,0,430,1
9841830,2023-07-17,0,7,7,0,0,430,1
9841830,2023-07-18,0,14,14,0,0,430,1
9841830,2023-07-19,0,7,7,0,0,430,1
9841830,2023-07-20,0,13,13,0,0,430,1
9841830,2023-07-21,0,9,9,0,0,430,1
9841830,2023-07-22,0,7,7,0,0,430,1
9841830,2023-07-23,0,13,13,0,0,430,1
9841830,2023-07-24,0,11,11,0,0,430,1
9841830,2023-07-25,0,9,9,0,0,430,1
9841830,2023-07-26,420,10,0,430,0,0,0
9841830,2023-07-27,411,9,0,0,0,0,0
9841830,2023-07-28,408,3,0,0,0,0,0
9841830,2023-07-29,396,12,0,0,0,0,0
9841830,2023-07-30,391,5,0,0,0,0,0
9841830,2023-07-31,381,10,0,0,0,0,0
9841830,2023-08-01,370,11,0,0,0,0,0
9841830,2023-08-02,364,6,0,0,0,0,0
9841830,2023-08-03,354,10,0,0,0,0,0
9841830,2023-08-04,348,6,0,0,0,0,0
9841830,2023-08-05,341,7,0,0,0,0,0
9841830,2023-08-06,329,12,0,0,0,0,0
9841830,2023-08-07,323,6,0,0,0,0,0
9841830,2023-08-08,317,6,0,0,0,0,0
9841830,2023-08-09,308,9,0,0,0,0,0
9841830,2023-08-10,298,10,0,0,445,445,0
9841830,2023-08-11,287,11,0,0,0,445,0
9841830,2023-08-12,278,9,0,0,0,445,0
9841830,2023-08-13,265,13,0,0,0,445,0
9841830,2023-08-14,254,11,0,0,0,445,0
9841830,2023-08-15,244,10,0,0,0,445,0
9841830,2023-08-16,234,10,0,0,0,445,0
9841830,2023-08-17,224,10,0,0,0,445,0
9841830,2023-08-18,215,9,0,0,0,445,0
9841830,2023-08-19,204,11,0,0,0,445,0
9841830,2023-08-20,192,12,0,0,0,445,0
9841830,2023-08-21,181,11,0,0,0,445,0
9841830,2023-08-22,176,5,0,0,0,445,0
9841830,2023-08-23,168,8,0,0,0,445,0
9841830,2023-08-24,163,5,0,0,0,445,0
9841830,2023-08-25,152,11,0,0,0,445,0
9841830,2023-08-26,135,17,0,0,0,445,0
9841830,2023-08-27,123,12,0,0,0,445,0
9841830,2023-08-28,113,10,0,0,0,445,0
9841830,2023-08-29,102,11,0,0,0,445,0
9841830,2023-08-30,94,8,0,0,0,445,0
9841830,2023-08-31,83,11,0,0,0,445,0
9841830,2023-09-01,78,5,0,0,0,445,0
9841830,2023-09-02,64,14,0,0,0,445,0
9841830,2023-09-03,44,20,0,0,0,445,0
9841830,2023-09-04,31,13,0,0,0,445,0
9841830,2023-09-05,22,9,0,0,0,445,0
9841830,2023-09-06,9,13,0,0,0,445,0
9841830,2023-09-07,0,10,1,0,0,445,1
9841830,2023-09-08,0,11,11,0,0,445,1
9841830,2023-09-09,0,14,14,0,0,445,1
9841830,2023-09-10,0,13,13,0,0,445,1
9841830,2023-09-11,0,6,6,0,0,445,1
9841830,2023-09-12,0,10,10,0,0,445,1
9841830,2023-09-13,0,13,13,0,0,445,1
9841830,2023-09-14,0,11,11,0,0,445,1
9841830,2023-09-15,0,5,5,0,0,445,1
9841830,2023-09-16,0,10,10,0,0,445,1
9841830,2023-09-17,0,15,15,0,0,445,1
9841830,2023-09-18,0,5,5,0,0,445,1
9841830,2023-09-19,433,12,0,445,0,0,0
9841830,2023-09-20,423,10,0,0,0,0,0
9841830,2023-09-21,415,8,0,0,0,0,0
9841830,2023-09-22,405,10,0,0,0,0,0
9841830,2023-09-23,396,9,0,0,0,0,0
9841830,2023-09-24,386,10,0,0,0,0,0
9841830,2023-09-25,378,8,0,0,0,0,0
9841830,2023-09-26,365,13,0,0,0,0,0
9841830,2023-09-27,349,16,0,0,0,0,0
9841830,2023-09-28,339,10,0,0,0,0,0
9841830,2023-09-29,329,10,0,0,0,0,0
9841830,2023-09-30,310,19,0,0,468,468,0
9841830,2023-10-01,296,14,0,0,0,468,0
9841830,2023-10-02,287,9,0,0,0,468,0
9841830,2023-10-03,278,9,0,0,0,468,0
9841830,2023-10-04,271,7,0,0,0,468,0
9841830,2023-10-05,262,9,0,0,0,468,0
9841830,2023-10-06,249,13,0,0,0,468,0
9841830,2023-10-07,238,11,0,0,0,468,0
9841830,2023-10-08,221,17,0,0,0,468,0
9841830,2023-10-09,212,9,0,0,0,468,0
9841830,2023-10-10,203,9,0,0,0,468,0
9841830,2023-10-11,195,8,0,0,0,468,0
9841830,2023-10-12,189,6,0,0,0,468,0
9841830,2023-10-13,171,18,0,0,0,468,0
9841830,2023-10-14,162,9,0,0,0,468,0
9841830,2023-10-15,151,11,0,0,0,468,0
9841830,2023-10-16,140,11,0,0,0,468,0
9841830,2023-10-17,128,12,0,0,0,468,0
9841830,2023-10-18,120,8,0,0,0,468,0
9841830,2023-10-19,111,9,0,0,0,468,0
9841830,2023-10-20,104,7,0,0,0,468,0
9841830,2023-10-21,95,9,0,0,0,468,0
9841830,2023-10-22,85,10,0,0,0,468,0
9841830,2023-10-23,82,3,0,0,0,468,0
9841830,2023-10-24,72,10,0,0,0,468,0
9841830,2023-10-25,59,13,0,0,0,468,0
9841830,2023-10-26,51,8,0,0,0,468,0
9841830,2023-10-27,41,10,0,0,0,468,0
9841830,2023-10-28,32,9,0,0,0,468,0
9841830,2023-10-29,24,8,0,0,0,468,0
9841830,2023-10-30,16,8,0,0,0,468,0
9841830,2023-10-31,10,6,0,0,0,468,0
9841830,2023-11-01,0,10,0,0,0,468,0
9841830,2023-11-02,0,8,8,0,0,468,1
9841830,2023-11-03,0,3,3,0,0,468,1
9841830,2023-11-04,0,18,18,0,0,468,1
9841830,2023-11-05,0,8,8,0,0,468,1
9841830,2023-11-06,0,8,8,0,0,468,1
9841830,2023-11-07,0,7,7,0,0,468,1
9841830,2023-11-08,459,9,0,468,0,0,0
9841830,2023-11-09,450,9,0,0,0,0,0
9841830,2023-11-10,441,9,0,0,0,0,0
9841830,2023-11-11,428,13,0,0,0,0,0
9841830,2023-11-12,417,11,0,0,0,0,0
9841830,2023-11-13,414,3,0,0,0,0,0
9841830,2023-11-14,409,5,0,0,0,0,0
9841830,2023-11-15,403,6,0,0,0,0,0
9841830,2023-11-16,395,8,0,0,0,0,0
9841830,2023-11-17,384,11,0,0,0,0,0
9841830,2023-11-18,373,11,0,0,0,0,0
9841830,2023-11-19,354,19,0,0,0,0,0
9841830,2023-11-20,350,4,0,0,0,0,0
9841830,2023-11-21,345,5,0,0,0,0,0
9841830,2023-11-22,333,12,0,0,0,0,0
9841830,2023-11-23,301,32,0,0,0,0,0
9841830,2023-11-24,277,24,0,0,452,452,0
9841830,2023-11-25,243,34,0,0,0,452,0
9841830,2023-11-26,198,45,0,0,0,452,0
9841830,2023-11-27,190,8,0,0,0,452,0
9841830,2023-11-28,182,8,0,0,0,452,0
9841830,2023-11-29,175,7,0,0,0,452,0
9841830,2023-11-30,171,4,0,0,0,452,0
9841830,2023-12-01,164,7,0,0,0,452,0
9841830,2023-12-02,156,8,0,0,0,452,0
9841830,2023-12-03,147,9,0,0,0,452,0
9841830,2023-12-04,139,8,0,0,0,452,0
9841830,2023-12-05,132,7,0,0,0,452,0
9841830,2023-12-06,126,6,0,0,0,452,0
9841830,2023-12-07,114,12,0,0,0,452,0
9841830,2023-12-08,108,6,0,0,0,452,0
9841830,2023-12-09,99,9,0,0,0,452,0
9841830,2023-12-10,86,13,0,0,0,452,0
9841830,2023-12-11,81,5,0,0,0,452,0
9841830,2023-12-12,73,8,0,0,0,452,0
9841830,2023-12-13,66,7,0,0,0,452,0
9841830,2023-12-14,54,12,0,0,0,452,0
9841830,2023-12-15,44,10,0,0,0,452,0
9841830,2023-12-16,21,23,0,0,0,452,0
9841830,2023-12-17,6,15,0,0,0,452,0
9841830,2023-12-18,0,11,5,0,0,452,1
9841830,2023-12-19,0,11,11,0,0,452,1
9841830,2023-12-20,0,14,14,0,0,452,1
9841830,2023-12-21,0,19,19,0,0,452,1
9841830,2023-12-22,0,5,5,0,0,452,1
9841830,2023-12-23,0,16,16,0,0,452,1
9841830,2023-12-24,0,11,11,0,0,452,1
9841830,2023-12-25,0,12,12,0,0,452,1
9841830,2023-12-26,0,3,3,0,0,452,1
9841830,2023-12-27,0,2,2,0,0,452,1
9841830,2023-12-28,440,12,0,452,0,0,0
9841830,2023-12-29,435,5,0,0,0,0,0
9841830,2023-12-30,429,6,0,0,0,0,0
9841830,2023-12-31,418,11,0,0,0,0,0
9841830,2024-01-01,414,4,0,0,0,0,0
9841830,2024-01-02,409,5,0,0,0,0,0
9841830,2024-01-03,406,3,0,0,0,0,0
9841830,2024-01-04,395,11,0,0,0,0,0
9841830,2024-01-05,391,4,0,0,0,0,0
9841830,2024-01-06,389,2,0,0,0,0,0
9841830,2024-01-07,378,11,0,0,0,0,0
9841830,2024-01-08,365,13,0,0,0,0,0
9841830,2024-01-09,354,11,0,0,0,0,0
9841830,2024-01-10,341,13,0,0,0,0,0
9841830,2024-01-11,332,9,0,0,495,495,0
9841830,2024-01-12,319,13,0,0,0,495,0
9841830,2024-01-13,302,17,0,0,0,495,0
9841830,2024-01-14,292,10,0,0,0,495,0
9841830,2024-01-15,284,8,0,0,0,495,0
9841830,2024-01-16,280,4,0,0,0,495,0
9841830,2024-01-17,273,7,0,0,0,495,0
9841830,2024-01-18,262,11,0,0,0,495,0
9841830,2024-01-19,248,14,0,0,0,495,0
9841830,2024-01-20,232,16,0,0,0,495,0
9841830,2024-01-21,217,15,0,0,0,495,0
9841830,2024-01-22,205,12,0,0,0,495,0
9841830,2024-01-23,195,10,0,0,0,495,0
9841830,2024-01-24,184,11,0,0,0,495,0
9841830,2024-01-25,164,20,0,0,0,495,0
9841830,2024-01-26,154,10,0,0,0,495,0
9841830,2024-01-27,143,11,0,0,0,495,0
9841830,2024-01-28,134,9,0,0,0,495,0
9841830,2024-01-29,125,9,0,0,0,495,0
9841830,2024-01-30,122,3,0,0,0,495,0
9841830,2024-01-31,109,13,0,0,0,495,0
9841830,2024-02-01,103,6,0,0,0,495,0
9841830,2024-02-02,96,7,0,0,0,495,0
9841830,2024-02-03,81,15,0,0,0,495,0
9841830,2024-02-04,66,15,0,0,0,495,0
9841830,2024-02-05,55,11,0,0,0,495,0
9841830,2024-02-06,42,13,0,0,0,495,0
9841830,2024-02-07,33,9,0,0,0,495,0
9841830,2024-02-08,21,12,0,0,0,495,0
9841830,2024-02-09,12,9,0,0,0,495,0
9841830,2024-02-10,8,4,0,0,0,495,0
9841830,2024-02-11,0,14,6,0,0,495,1
9841830,2024-02-12,0,15,15,0,0,495,1
9841830,2024-02-13,0,11,11,0,0,495,1
9841830,2024-02-14,0,11,11,0,0,495,1
9841830,2024-02-15,0,9,9,0,0,495,1
9841830,2024-02-16,0,13,13,0,0,495,1
9841830,2024-02-17,0,19,19,0,0,495,1
9841830,2024-02-18,0,15,15,0,0,495,1
9841830,2024-02-19,0,10,10,0,0,495,1
9841830,2024-02-20,0,11,11,0,0,495,1
9841830,2024-02-21,0,13,13,0,0,495,1
9841830,2024-02-22,0,16,16,0,0,495,1
9841830,2024-02-23,0,15,15,0,0,495,1
9841830,2024-02-24,0,12,12,0,0,495,1
9841830,2024-02-25,429,13,0,442,0,0,0
9841830,2024-02-26,419,10,0,0,0,0,0
9841830,2024-02-27,412,7,0,0,0,0,0
9841830,2024-02-28,403,9,0,0,0,0,0
9841830,2024-02-29,392,11,0,0,0,0,0
